robot,pair_id,region,stream,draw,gmc_status,gmc_reason,class,group,gmc_wall_s,own_verification,dist_m,len_ratio,lateral_mm,clear3d_mm,vertical_mm,start_clear_mm,goal_clear_mm,start_ladder_mm,goal_ladder_mm,own_body_ep_ladder_mm,kin_both_floors_passed,replay_geometry,swept_excess_mm,pose_excess_mm,buffer0,requery_now,reproduced,requery_wall_s,verdict_only,verdict_only_wall_s,witness_m0021,astar_route_file,cut_min_xy_dist_to_astar_m,probe_files
cylinder,F4S-00002,S,101,6222,UNKNOWN,shared_replay_failed,EXPORT-DOMAIN,export,0.04,CERTIFIED,3.183,1.0777,0.0,1.5,1.512,5.0,5.0,5.0,5.0,,False,map_unknown,10.708,-20.0,,UNKNOWN:shared_replay_failed,True,0.0,,,,gmc/results/aerial3dg/f4/sample/S_pairs.json#F4S-00002,,gmc/results/aerial3dg/f4/diag/S/cylinder/
cylinder,F4S-00004,S,101,9183,UNKNOWN,shared_replay_failed,EXPORT-DOMAIN,export,0.03,CERTIFIED,3.077,1.1033,2.0,1.5,1.512,5.0,5.0,5.0,5.0,,False,map_unknown,54.897,-17.338,,UNKNOWN:shared_replay_failed,True,0.0,,,,gmc/results/aerial3dg/f4/sample/S_pairs.json#F4S-00004,,gmc/results/aerial3dg/f4/diag/S/cylinder/
cylinder,F4S-00006,S,101,10953,UNKNOWN,shared_replay_failed,EXPORT-DOMAIN,export,0.04,CERTIFIED,3.073,1.089,1.0,1.5,1.512,5.0,1.512,5.0,5.0,,False,map_unknown,57.25,-1.938,,UNKNOWN:shared_replay_failed,True,0.0,,,,gmc/results/aerial3dg/f4/sample/S_pairs.json#F4S-00006,,gmc/results/aerial3dg/f4/diag/S/cylinder/
cylinder,F4S-00007,S,101,13149,UNKNOWN,shared_replay_failed,EXPORT-DOMAIN,export,0.01,CERTIFIED,3.334,1.0761,5.0,1.5,1.512,1.557,5.0,5.0,5.0,,False,map_unknown,41.076,-11.538,,UNKNOWN:shared_replay_failed,True,0.0,,,,gmc/results/aerial3dg/f4/sample/S_pairs.json#F4S-00007,,gmc/results/aerial3dg/f4/diag/S/cylinder/
cylinder,F4S-00008,S,101,13548,UNKNOWN,shared_replay_failed,EXPORT-DOMAIN,export,0.19,CERTIFIED,3.297,1.0797,0.0,1.5,1.512,1.512,5.0,5.0,5.0,,False,map_unknown,65.404,-4.138,,UNKNOWN:shared_replay_failed,True,0.2,,,,gmc/results/aerial3dg/f4/sample/S_pairs.json#F4S-00008,,gmc/results/aerial3dg/f4/diag/S/cylinder/
cylinder,F4S-00010,S,101,23711,UNKNOWN,shared_replay_failed,EXPORT-DOMAIN,export,0.01,CERTIFIED,3.376,1.0879,5.0,1.5,1.512,5.0,5.0,5.0,5.0,,False,map_unknown,61.651,-12.638,,UNKNOWN:shared_replay_failed,True,0.0,,,,gmc/results/aerial3dg/f4/sample/S_pairs.json#F4S-00010,,gmc/results/aerial3dg/f4/diag/S/cylinder/
cylinder,F4S-00012,S,101,30685,UNKNOWN,shared_replay_failed,EXPORT-DOMAIN,export,0.03,CERTIFIED,3.331,1.0849,0.5,1.5,1.512,5.0,1.557,5.0,5.0,,False,map_unknown,21.579,-20.0,,UNKNOWN:shared_replay_failed,True,0.0,,,,gmc/results/aerial3dg/f4/sample/S_pairs.json#F4S-00012,,gmc/results/aerial3dg/f4/diag/S/cylinder/
cylinder,F4S-00013,S,101,32297,UNKNOWN,goal_not_certified_free,EP-TOL,tolerance,0.0,,3.113,1.0747,2.0,1.5,1.512,5.0,1.512,5.0,1.5,1.5,,,,,UNKNOWN:shared_replay_failed,UNKNOWN:goal_not_certified_free,True,0.0,,,,gmc/results/aerial3dg/f4/sample/S_pairs.json#F4S-00013,,gmc/results/aerial3dg/f4/diag/S/cylinder/
cylinder,F4S-00015,S,101,33903,UNKNOWN,shared_replay_failed,EXPORT-DOMAIN,export,0.01,CERTIFIED,3.03,1.0796,20.0,1.5,1.512,1.557,5.0,5.0,5.0,,False,map_unknown,30.193,-20.0,,UNKNOWN:shared_replay_failed,True,0.0,,,,gmc/results/aerial3dg/f4/sample/S_pairs.json#F4S-00015,,gmc/results/aerial3dg/f4/diag/S/cylinder/
cylinder,F4S-00016,S,101,37421,UNKNOWN,shared_replay_failed,EXPORT-DOMAIN,export,0.07,CERTIFIED,3.43,1.0845,1.5,1.5,1.512,5.0,1.557,5.0,2.0,,False,map_unknown,32.329,-20.0,,UNKNOWN:shared_replay_failed,True,0.1,,,,gmc/results/aerial3dg/f4/sample/S_pairs.json#F4S-00016,,gmc/results/aerial3dg/f4/diag/S/cylinder/
cylinder,F4S-00019,S,101,43672,UNKNOWN,shared_replay_failed,EXPORT-DOMAIN,export,0.01,CERTIFIED,3.433,1.0862,1.5,1.5,1.512,5.0,5.0,5.0,5.0,,False,map_unknown,13.084,-20.0,,UNKNOWN:shared_replay_failed,True,0.0,,,,gmc/results/aerial3dg/f4/sample/S_pairs.json#F4S-00019,,gmc/results/aerial3dg/f4/diag/S/cylinder/
cylinder,F4S-00024,S,101,55778,UNKNOWN,shared_replay_failed,EXPORT-DOMAIN,export,0.03,CERTIFIED,3.246,1.0802,0.5,1.5,1.512,5.0,1.512,5.0,5.0,,False,map_unknown,12.66,-20.0,,UNKNOWN:shared_replay_failed,True,0.0,,,,gmc/results/aerial3dg/f4/sample/S_pairs.json#F4S-00024,,gmc/results/aerial3dg/f4/diag/S/cylinder/
cylinder,F4S-00025,S,101,56851,UNKNOWN,shared_replay_failed,EXPORT-DOMAIN,export,0.04,CERTIFIED,3.085,1.0842,1.5,1.5,1.512,5.0,1.512,5.0,5.0,,False,map_unknown,13.853,-20.0,,UNKNOWN:shared_replay_failed,True,0.0,,,,gmc/results/aerial3dg/f4/sample/S_pairs.json#F4S-00025,,gmc/results/aerial3dg/f4/diag/S/cylinder/
cylinder,F4S-00027,S,101,63263,UNKNOWN,shared_replay_failed,EXPORT-DOMAIN,export,0.03,CERTIFIED,3.094,1.0852,0.0,1.5,1.512,5.0,5.0,5.0,5.0,,False,map_unknown,26.491,-20.0,,UNKNOWN:shared_replay_failed,True,0.0,,,,gmc/results/aerial3dg/f4/sample/S_pairs.json#F4S-00027,,gmc/results/aerial3dg/f4/diag/S/cylinder/
cylinder,F4S-00028,S,101,63569,UNKNOWN,start_not_certified_free,EP-TOL,tolerance,0.0,,3.014,1.0778,50.0,1.5,1.512,1.512,5.0,1.5,5.0,1.5,,,,,REACHABLE:graph_path_lifted_and_verified,UNKNOWN:start_not_certified_free,True,0.0,,,,gmc/results/aerial3dg/f4/sample/S_pairs.json#F4S-00028,,gmc/results/aerial3dg/f4/diag/S/cylinder/
cylinder,F4S-00029,S,101,64017,UNKNOWN,shared_replay_failed,EXPORT-DOMAIN,export,0.03,CERTIFIED,3.254,1.076,2.0,1.5,1.512,5.0,5.0,5.0,5.0,,False,map_unknown,25.209,-20.0,,UNKNOWN:shared_replay_failed,True,0.0,,,,gmc/results/aerial3dg/f4/sample/S_pairs.json#F4S-00029,,gmc/results/aerial3dg/f4/diag/S/cylinder/
cylinder,F4S-00031,S,101,64895,UNKNOWN,shared_replay_failed,EXPORT-DOMAIN,export,0.01,CERTIFIED,3.012,1.0736,3.0,1.5,1.512,1.512,5.0,3.0,5.0,,False,map_unknown,24.609,-20.0,,UNKNOWN:shared_replay_failed,True,0.0,,,,gmc/results/aerial3dg/f4/sample/S_pairs.json#F4S-00031,,gmc/results/aerial3dg/f4/diag/S/cylinder/
cylinder,F4S-00032,S,101,65880,UNKNOWN,goal_not_certified_free,EP-TOL,tolerance,0.0,,3.176,1.0794,50.0,1.5,1.512,5.0,1.512,5.0,1.5,1.5,,,,,REACHABLE:graph_path_lifted_and_verified,UNKNOWN:goal_not_certified_free,True,0.0,,,,gmc/results/aerial3dg/f4/sample/S_pairs.json#F4S-00032,,gmc/results/aerial3dg/f4/diag/S/cylinder/
cylinder,F4S-00033,S,101,68995,UNKNOWN,goal_not_certified_free,EP-TOL,tolerance,0.0,,3.082,1.0788,10.0,1.5,1.512,5.0,1.512,5.0,1.5,1.5,,,,,REACHABLE:graph_path_lifted_and_verified,UNKNOWN:goal_not_certified_free,True,0.0,,,,gmc/results/aerial3dg/f4/sample/S_pairs.json#F4S-00033,,gmc/results/aerial3dg/f4/diag/S/cylinder/
cylinder,F4S-00035,S,101,70322,UNKNOWN,goal_not_certified_free,EP-TOL,tolerance,0.0,,3.037,1.0791,1.0,1.5,1.512,5.0,1.512,5.0,1.5,1.5,,,,,UNKNOWN:shared_replay_failed,UNKNOWN:goal_not_certified_free,True,0.0,,,,gmc/results/aerial3dg/f4/sample/S_pairs.json#F4S-00035,,gmc/results/aerial3dg/f4/diag/S/cylinder/
cylinder,F4S-00037,S,101,73379,UNKNOWN,shared_replay_failed,EXPORT-DOMAIN,export,0.02,CERTIFIED,3.328,1.0932,1.5,1.5,1.512,5.0,5.0,5.0,5.0,,False,map_unknown,68.758,-2.338,,UNKNOWN:shared_replay_failed,True,0.0,,,,gmc/results/aerial3dg/f4/sample/S_pairs.json#F4S-00037,,gmc/results/aerial3dg/f4/diag/S/cylinder/
cylinder,F4S-00041,S,101,81893,UNKNOWN,shared_replay_failed,EXPORT-DOMAIN,export,0.04,CERTIFIED,3.067,1.0734,2.0,1.5,1.512,5.0,1.512,5.0,2.0,,False,map_unknown,21.554,-20.0,,UNKNOWN:shared_replay_failed,True,0.0,,,,gmc/results/aerial3dg/f4/sample/S_pairs.json#F4S-00041,,gmc/results/aerial3dg/f4/diag/S/cylinder/
cylinder,F4S-00043,S,101,85420,UNKNOWN,shared_replay_failed,EXPORT-DOMAIN,export,0.24,CERTIFIED,3.355,1.1047,0.5,1.5,1.512,5.0,5.0,5.0,5.0,,False,map_unknown,73.162,-1.038,,UNKNOWN:shared_replay_failed,True,0.2,,,,gmc/results/aerial3dg/f4/sample/S_pairs.json#F4S-00043,,gmc/results/aerial3dg/f4/diag/S/cylinder/
cylinder,F4S-00044,S,101,85520,UNKNOWN,shared_replay_failed,EXPORT-DOMAIN,export,0.01,CERTIFIED,3.0,1.0779,0.5,1.5,1.512,1.512,5.0,5.0,5.0,,False,map_unknown,63.394,-4.838,,UNKNOWN:shared_replay_failed,True,0.0,,,,gmc/results/aerial3dg/f4/sample/S_pairs.json#F4S-00044,,gmc/results/aerial3dg/f4/diag/S/cylinder/
cylinder,F4S-00045,S,101,86002,UNKNOWN,start_not_certified_free,EP-TOL,tolerance,0.0,,3.127,1.0722,1.5,1.5,1.512,1.512,5.0,1.5,5.0,1.5,,,,,UNKNOWN:shared_replay_failed,UNKNOWN:start_not_certified_free,True,0.0,,,,gmc/results/aerial3dg/f4/sample/S_pairs.json#F4S-00045,,gmc/results/aerial3dg/f4/diag/S/cylinder/
cylinder,F4S-00047,S,101,87957,UNKNOWN,shared_replay_failed,EXPORT-DOMAIN,export,0.03,CERTIFIED,3.156,1.0985,0.0,1.5,1.512,1.512,5.0,5.0,5.0,,False,map_unknown,38.223,-20.0,,UNKNOWN:shared_replay_failed,True,0.0,,,,gmc/results/aerial3dg/f4/sample/S_pairs.json#F4S-00047,,gmc/results/aerial3dg/f4/diag/S/cylinder/
cylinder,F4S-00050,S,101,91990,UNKNOWN,shared_replay_failed,EXPORT-DOMAIN,export,0.01,CERTIFIED,3.241,1.0828,2.0,1.5,1.512,1.557,5.0,5.0,5.0,,False,map_unknown,66.754,-7.438,,UNKNOWN:shared_replay_failed,True,0.0,,,,gmc/results/aerial3dg/f4/sample/S_pairs.json#F4S-00050,,gmc/results/aerial3dg/f4/diag/S/cylinder/
cylinder,F4S-00052,S,101,98496,UNKNOWN,goal_not_certified_free,EP-TOL,tolerance,0.0,,3.074,1.0958,10.0,1.5,1.512,5.0,1.512,5.0,1.5,1.5,,,,,UNKNOWN:shared_replay_failed,UNKNOWN:goal_not_certified_free,True,0.0,,,,gmc/results/aerial3dg/f4/sample/S_pairs.json#F4S-00052,,gmc/results/aerial3dg/f4/diag/S/cylinder/
cylinder,F4S-00053,S,101,99437,UNKNOWN,shared_replay_failed,EXPORT-DOMAIN,export,0.02,CERTIFIED,3.087,1.0951,3.0,1.5,1.512,5.0,5.0,5.0,5.0,,False,map_unknown,68.262,-5.638,,UNKNOWN:shared_replay_failed,True,0.0,,,,gmc/results/aerial3dg/f4/sample/S_pairs.json#F4S-00053,,gmc/results/aerial3dg/f4/diag/S/cylinder/
cylinder,F4S-00055,S,101,102219,UNKNOWN,shared_replay_failed,EXPORT-DOMAIN,export,0.03,CERTIFIED,3.147,1.1011,2.0,1.5,1.512,5.0,5.0,5.0,5.0,,False,map_unknown,61.805,-13.038,,UNKNOWN:shared_replay_failed,True,0.0,,,,gmc/results/aerial3dg/f4/sample/S_pairs.json#F4S-00055,,gmc/results/aerial3dg/f4/diag/S/cylinder/
cylinder,F4S-00056,S,101,102568,UNKNOWN,goal_not_certified_free,EP-TOL,tolerance,0.0,,3.013,1.0787,10.0,1.5,1.512,5.0,1.512,5.0,1.5,1.5,,,,,REACHABLE:graph_path_lifted_and_verified,UNKNOWN:goal_not_certified_free,True,0.0,,,,gmc/results/aerial3dg/f4/sample/S_pairs.json#F4S-00056,,gmc/results/aerial3dg/f4/diag/S/cylinder/
cylinder,F4S-00058,S,101,103803,UNKNOWN,start_not_certified_free,EP-TOL,tolerance,0.0,,3.16,1.1019,2.0,1.5,1.512,1.512,5.0,1.5,5.0,1.5,,,,,UNKNOWN:shared_replay_failed,UNKNOWN:start_not_certified_free,True,0.0,,,,gmc/results/aerial3dg/f4/sample/S_pairs.json#F4S-00058,,gmc/results/aerial3dg/f4/diag/S/cylinder/
cylinder,F4S-00060,S,101,105451,UNKNOWN,goal_not_certified_free,EP-TOL,tolerance,0.0,,3.067,1.0762,10.0,1.5,1.512,5.0,1.512,5.0,1.5,1.5,,,,,UNKNOWN:shared_replay_failed,UNKNOWN:goal_not_certified_free,True,0.0,,,,gmc/results/aerial3dg/f4/sample/S_pairs.json#F4S-00060,,gmc/results/aerial3dg/f4/diag/S/cylinder/
cylinder,F4S-00061,S,101,106479,UNKNOWN,shared_replay_failed,EXPORT-DOMAIN,export,0.01,CERTIFIED,3.05,1.0906,3.0,1.5,1.512,1.512,5.0,5.0,5.0,,False,map_unknown,57.822,-4.638,,UNKNOWN:shared_replay_failed,True,0.0,,,,gmc/results/aerial3dg/f4/sample/S_pairs.json#F4S-00061,,gmc/results/aerial3dg/f4/diag/S/cylinder/
cylinder,F4S-00063,S,101,110372,UNKNOWN,start_not_certified_free,EP-TOL,tolerance,0.0,,3.031,1.0783,0.0,1.5,1.512,1.512,5.0,1.5,5.0,1.5,,,,,UNKNOWN:shared_replay_failed,UNKNOWN:start_not_certified_free,True,0.0,,,,gmc/results/aerial3dg/f4/sample/S_pairs.json#F4S-00063,,gmc/results/aerial3dg/f4/diag/S/cylinder/
cylinder,F4S-00064,S,101,110762,UNKNOWN,shared_replay_failed,EXPORT-DOMAIN,export,0.02,CERTIFIED,3.296,1.0696,10.0,1.5,1.512,5.0,5.0,5.0,5.0,,False,map_unknown,3.85,-20.0,,UNKNOWN:shared_replay_failed,True,0.0,,,,gmc/results/aerial3dg/f4/sample/S_pairs.json#F4S-00064,,gmc/results/aerial3dg/f4/diag/S/cylinder/
cylinder,F4S-00068,S,101,118238,UNKNOWN,shared_replay_failed,EXPORT-DOMAIN,export,0.2,CERTIFIED,3.521,1.0939,1.5,1.5,1.512,5.0,5.0,5.0,5.0,,False,map_unknown,43.408,-20.0,,UNKNOWN:shared_replay_failed,True,0.2,,,,gmc/results/aerial3dg/f4/sample/S_pairs.json#F4S-00068,,gmc/results/aerial3dg/f4/diag/S/cylinder/
cylinder,F4S-00070,S,101,122053,UNKNOWN,shared_replay_failed,EXPORT-DOMAIN,export,0.03,CERTIFIED,3.344,1.0818,0.0,1.5,1.512,5.0,5.0,5.0,5.0,,False,map_unknown,71.007,-2.738,,UNKNOWN:shared_replay_failed,True,0.0,,,,gmc/results/aerial3dg/f4/sample/S_pairs.json#F4S-00070,,gmc/results/aerial3dg/f4/diag/S/cylinder/
cylinder,F4S-00071,S,101,123586,UNKNOWN,shared_replay_failed,EXPORT-DOMAIN,export,0.01,CERTIFIED,3.439,1.075,20.0,1.5,1.512,5.0,5.0,5.0,5.0,,False,map_unknown,1.327,-20.0,,UNKNOWN:shared_replay_failed,True,0.0,,,,gmc/results/aerial3dg/f4/sample/S_pairs.json#F4S-00071,,gmc/results/aerial3dg/f4/diag/S/cylinder/
cylinder,F4S-00072,S,101,128794,UNKNOWN,shared_replay_failed,EXPORT-DOMAIN,export,0.03,CERTIFIED,3.295,1.1249,0.0,1.5,1.512,5.0,5.0,5.0,5.0,,False,map_unknown,71.932,-0.438,,UNKNOWN:shared_replay_failed,True,0.0,,,,gmc/results/aerial3dg/f4/sample/S_pairs.json#F4S-00072,,gmc/results/aerial3dg/f4/diag/S/cylinder/
cylinder,F4S-00073,S,101,129185,UNKNOWN,goal_not_certified_free,EP-TOL,tolerance,0.0,,3.007,1.0715,20.0,1.5,1.512,5.0,1.512,5.0,1.5,1.5,,,,,REACHABLE:graph_path_lifted_and_verified,UNKNOWN:goal_not_certified_free,True,0.0,,,,gmc/results/aerial3dg/f4/sample/S_pairs.json#F4S-00073,,gmc/results/aerial3dg/f4/diag/S/cylinder/
cylinder,F4S-00074,S,101,134334,UNKNOWN,shared_replay_failed,EXPORT-DOMAIN,export,0.02,CERTIFIED,3.2,1.0846,3.0,1.5,1.512,5.0,5.0,5.0,5.0,,False,map_unknown,52.074,-16.638,,UNKNOWN:shared_replay_failed,True,0.0,,,,gmc/results/aerial3dg/f4/sample/S_pairs.json#F4S-00074,,gmc/results/aerial3dg/f4/diag/S/cylinder/
cylinder,F4S-00075,S,101,134337,UNKNOWN,shared_replay_failed,EXPORT-DOMAIN,export,0.06,CERTIFIED,3.005,1.1173,1.0,1.5,1.512,5.0,1.512,5.0,5.0,,False,map_unknown,64.872,-4.538,,UNKNOWN:shared_replay_failed,True,0.1,,,,gmc/results/aerial3dg/f4/sample/S_pairs.json#F4S-00075,,gmc/results/aerial3dg/f4/diag/S/cylinder/
cylinder,F4S-00076,S,101,137071,UNKNOWN,goal_not_certified_free,EP-TOL,tolerance,0.0,,3.228,1.0929,20.0,1.5,1.512,5.0,1.512,5.0,1.5,1.5,,,,,UNKNOWN:shared_replay_failed,UNKNOWN:goal_not_certified_free,True,0.0,,,,gmc/results/aerial3dg/f4/sample/S_pairs.json#F4S-00076,,gmc/results/aerial3dg/f4/diag/S/cylinder/
cylinder,F4S-00077,S,101,138509,UNKNOWN,shared_replay_failed,EXPORT-DOMAIN,export,0.02,CERTIFIED,3.082,1.0993,0.5,1.5,1.512,5.0,5.0,5.0,5.0,,False,map_unknown,70.6,-4.538,,UNKNOWN:shared_replay_failed,True,0.0,,,,gmc/results/aerial3dg/f4/sample/S_pairs.json#F4S-00077,,gmc/results/aerial3dg/f4/diag/S/cylinder/
cylinder,F4S-00080,S,101,142303,UNKNOWN,shared_replay_failed,EXPORT-DOMAIN,export,0.02,CERTIFIED,3.176,1.0889,1.5,1.5,1.512,5.0,5.0,5.0,5.0,,False,map_unknown,64.763,-6.938,,UNKNOWN:shared_replay_failed,True,0.0,,,,gmc/results/aerial3dg/f4/sample/S_pairs.json#F4S-00080,,gmc/results/aerial3dg/f4/diag/S/cylinder/
cylinder,F4S-00082,S,101,145325,UNKNOWN,shared_replay_failed,EXPORT-DOMAIN,export,0.03,CERTIFIED,3.331,1.0947,0.0,1.5,1.512,5.0,5.0,5.0,5.0,,False,map_unknown,64.945,-8.838,,UNKNOWN:shared_replay_failed,True,0.0,,,,gmc/results/aerial3dg/f4/sample/S_pairs.json#F4S-00082,,gmc/results/aerial3dg/f4/diag/S/cylinder/
cylinder,F4S-00083,S,101,146359,UNKNOWN,shared_replay_failed,EXPORT-DOMAIN,export,0.01,CERTIFIED,3.134,1.0773,2.0,1.5,1.512,1.557,5.0,5.0,5.0,,False,map_unknown,59.772,-11.738,,UNKNOWN:shared_replay_failed,True,0.0,,,,gmc/results/aerial3dg/f4/sample/S_pairs.json#F4S-00083,,gmc/results/aerial3dg/f4/diag/S/cylinder/
cylinder,F4S-00084,S,101,147090,UNKNOWN,goal_not_certified_free,EP-TOL,tolerance,0.03,,3.08,1.0762,3.0,1.5,1.512,5.0,1.512,5.0,1.5,1.5,,,,,UNKNOWN:shared_replay_failed,UNKNOWN:goal_not_certified_free,True,0.0,,,,gmc/results/aerial3dg/f4/sample/S_pairs.json#F4S-00084,,gmc/results/aerial3dg/f4/diag/S/cylinder/
cylinder,F4S-00086,S,101,152331,UNKNOWN,shared_replay_failed,EXPORT-DOMAIN,export,0.03,CERTIFIED,3.177,1.0982,0.0,1.5,1.512,5.0,1.512,5.0,5.0,,False,map_unknown,58.263,-0.738,,UNKNOWN:shared_replay_failed,True,0.0,,,,gmc/results/aerial3dg/f4/sample/S_pairs.json#F4S-00086,,gmc/results/aerial3dg/f4/diag/S/cylinder/
cylinder,F4S-00088,S,101,156081,UNKNOWN,shared_replay_failed,EXPORT-DOMAIN,export,0.06,CERTIFIED,3.154,1.0934,5.0,1.5,1.512,1.557,5.0,5.0,5.0,,False,map_unknown,28.296,-17.138,,UNKNOWN:shared_replay_failed,True,0.1,,,,gmc/results/aerial3dg/f4/sample/S_pairs.json#F4S-00088,,gmc/results/aerial3dg/f4/diag/S/cylinder/
cylinder,F4S-00089,S,101,156892,UNKNOWN,shared_replay_failed,EXPORT-DOMAIN,export,0.02,CERTIFIED,3.237,1.0784,0.5,1.5,1.512,1.512,5.0,5.0,5.0,,False,map_unknown,34.24,-1.238,,UNKNOWN:shared_replay_failed,True,0.0,,,,gmc/results/aerial3dg/f4/sample/S_pairs.json#F4S-00089,,gmc/results/aerial3dg/f4/diag/S/cylinder/
cylinder,F4S-00091,S,101,159645,UNKNOWN,goal_not_certified_free,EP-TOL,tolerance,0.0,,3.122,1.081,1.0,1.5,1.512,5.0,1.512,5.0,1.5,1.5,,,,,UNKNOWN:shared_replay_failed,UNKNOWN:goal_not_certified_free,True,0.0,,,,gmc/results/aerial3dg/f4/sample/S_pairs.json#F4S-00091,,gmc/results/aerial3dg/f4/diag/S/cylinder/
cylinder,F4S-00095,S,101,170054,UNKNOWN,shared_replay_failed,EXPORT-DOMAIN,export,0.03,CERTIFIED,3.183,1.0784,2.0,1.5,1.512,1.512,5.0,5.0,5.0,,False,map_unknown,20.516,-20.0,,UNKNOWN:shared_replay_failed,True,0.0,,,,gmc/results/aerial3dg/f4/sample/S_pairs.json#F4S-00095,,gmc/results/aerial3dg/f4/diag/S/cylinder/
cylinder,F4S-00096,S,101,175220,UNKNOWN,start_not_certified_free,EP-TOL,tolerance,0.0,,3.049,1.0788,3.0,1.5,1.512,1.512,5.0,1.5,5.0,1.5,,,,,REACHABLE:graph_path_lifted_and_verified,UNKNOWN:start_not_certified_free,True,0.0,,,,gmc/results/aerial3dg/f4/sample/S_pairs.json#F4S-00096,,gmc/results/aerial3dg/f4/diag/S/cylinder/
cylinder,F4S-00097,S,101,180207,UNKNOWN,shared_replay_failed,EXPORT-DOMAIN,export,0.02,CERTIFIED,3.582,1.0879,20.0,1.5,1.512,5.0,5.0,5.0,5.0,,False,map_unknown,33.878,-20.0,,UNKNOWN:shared_replay_failed,True,0.0,,,,gmc/results/aerial3dg/f4/sample/S_pairs.json#F4S-00097,,gmc/results/aerial3dg/f4/diag/S/cylinder/
cylinder,F4S-00098,S,101,182797,UNKNOWN,start_not_certified_free,EP-TOL,tolerance,0.0,,3.14,1.0823,50.0,1.5,1.512,1.512,5.0,1.5,5.0,1.5,,,,,REACHABLE:graph_path_lifted_and_verified,UNKNOWN:start_not_certified_free,True,0.0,,,,gmc/results/aerial3dg/f4/sample/S_pairs.json#F4S-00098,,gmc/results/aerial3dg/f4/diag/S/cylinder/
cylinder,F4S-00099,S,101,183851,UNKNOWN,shared_replay_failed,EXPORT-DOMAIN,export,0.02,CERTIFIED,3.266,1.0898,1.0,1.5,1.512,1.557,5.0,5.0,5.0,,False,map_unknown,31.858,-20.0,,UNKNOWN:shared_replay_failed,True,0.0,,,,gmc/results/aerial3dg/f4/sample/S_pairs.json#F4S-00099,,gmc/results/aerial3dg/f4/diag/S/cylinder/
cylinder,F4S-00102,S,101,189925,UNKNOWN,goal_not_certified_free,EP-TOL,tolerance,0.0,,3.014,1.0762,20.0,1.5,1.512,5.0,1.512,5.0,1.5,1.5,,,,,UNKNOWN:shared_replay_failed,UNKNOWN:goal_not_certified_free,True,0.0,,,,gmc/results/aerial3dg/f4/sample/S_pairs.json#F4S-00102,,gmc/results/aerial3dg/f4/diag/S/cylinder/
cylinder,F4S-00103,S,101,197661,UNKNOWN,shared_replay_failed,EXPORT-DOMAIN,export,0.01,CERTIFIED,3.134,1.0783,10.0,1.5,1.512,1.512,5.0,5.0,5.0,,False,map_unknown,13.886,-20.0,,UNKNOWN:shared_replay_failed,True,0.0,,,,gmc/results/aerial3dg/f4/sample/S_pairs.json#F4S-00103,,gmc/results/aerial3dg/f4/diag/S/cylinder/
cylinder,F4S-00104,S,101,200515,UNKNOWN,shared_replay_failed,EXPORT-DOMAIN,export,0.03,CERTIFIED,3.219,1.0887,0.5,1.5,1.512,5.0,2.476,5.0,5.0,,False,map_unknown,54.232,-7.538,,UNKNOWN:shared_replay_failed,True,0.0,,,,gmc/results/aerial3dg/f4/sample/S_pairs.json#F4S-00104,,gmc/results/aerial3dg/f4/diag/S/cylinder/
cylinder,F4S-00105,S,101,202679,UNKNOWN,shared_replay_failed,EXPORT-DOMAIN,export,0.02,CERTIFIED,3.478,1.0891,20.0,1.5,1.512,5.0,5.0,5.0,5.0,,False,map_unknown,42.723,-20.0,,UNKNOWN:shared_replay_failed,True,0.0,,,,gmc/results/aerial3dg/f4/sample/S_pairs.json#F4S-00105,,gmc/results/aerial3dg/f4/diag/S/cylinder/
cylinder,F4S-00112,S,101,209463,UNKNOWN,shared_replay_failed,EXPORT-DOMAIN,export,0.05,CERTIFIED,3.004,1.093,5.0,1.5,1.512,5.0,3.076,5.0,5.0,,False,map_unknown,39.962,-20.0,,UNKNOWN:shared_replay_failed,True,0.0,,,,gmc/results/aerial3dg/f4/sample/S_pairs.json#F4S-00112,,gmc/results/aerial3dg/f4/diag/S/cylinder/
cylinder,F4S-00114,S,101,210626,UNKNOWN,shared_replay_failed,EXPORT-DOMAIN,export,0.02,CERTIFIED,3.426,1.0755,5.0,1.5,1.512,5.0,4.221,5.0,5.0,,False,map_unknown,4.657,-20.0,,UNKNOWN:shared_replay_failed,True,0.0,,,,gmc/results/aerial3dg/f4/sample/S_pairs.json#F4S-00114,,gmc/results/aerial3dg/f4/diag/S/cylinder/
cylinder,F4S-00115,S,101,211122,UNKNOWN,goal_not_certified_free,EP-TOL,tolerance,0.0,,3.082,1.0746,0.0,1.5,1.512,5.0,1.512,5.0,1.5,1.5,,,,,REACHABLE:graph_path_lifted_and_verified,UNKNOWN:goal_not_certified_free,True,0.0,,,,gmc/results/aerial3dg/f4/sample/S_pairs.json#F4S-00115,,gmc/results/aerial3dg/f4/diag/S/cylinder/
cylinder,F4S-00118,S,101,214000,UNKNOWN,shared_replay_failed,EXPORT-DOMAIN,export,0.04,CERTIFIED,3.11,1.0857,0.5,1.5,1.512,5.0,1.557,5.0,5.0,,False,map_unknown,21.035,-20.0,,UNKNOWN:shared_replay_failed,True,0.0,,,,gmc/results/aerial3dg/f4/sample/S_pairs.json#F4S-00118,,gmc/results/aerial3dg/f4/diag/S/cylinder/
cylinder,F4S-00119,S,101,214429,UNKNOWN,shared_replay_failed,EXPORT-DOMAIN,export,0.02,CERTIFIED,3.11,1.0792,0.0,1.5,1.512,5.0,1.512,5.0,5.0,,False,map_unknown,28.986,-20.0,,UNKNOWN:shared_replay_failed,True,0.0,,,,gmc/results/aerial3dg/f4/sample/S_pairs.json#F4S-00119,,gmc/results/aerial3dg/f4/diag/S/cylinder/
cylinder,F4S-00121,S,101,218736,UNKNOWN,shared_replay_failed,EXPORT-DOMAIN,export,0.04,CERTIFIED,3.052,1.0946,2.0,1.5,1.512,5.0,1.557,5.0,5.0,,False,map_unknown,27.16,-15.038,,UNKNOWN:shared_replay_failed,True,0.0,,,,gmc/results/aerial3dg/f4/sample/S_pairs.json#F4S-00121,,gmc/results/aerial3dg/f4/diag/S/cylinder/
cylinder,F4S-00122,S,101,222223,UNKNOWN,shared_replay_failed,EXPORT-DOMAIN,export,0.02,CERTIFIED,3.274,1.09,5.0,1.5,1.512,5.0,1.512,5.0,5.0,,False,map_unknown,63.615,-9.438,,UNKNOWN:shared_replay_failed,True,0.0,,,,gmc/results/aerial3dg/f4/sample/S_pairs.json#F4S-00122,,gmc/results/aerial3dg/f4/diag/S/cylinder/
cylinder,F4S-00123,S,101,222529,UNKNOWN,shared_replay_failed,EXPORT-DOMAIN,export,0.01,CERTIFIED,3.111,1.0958,2.0,1.5,1.512,5.0,5.0,5.0,5.0,,False,map_unknown,52.552,-18.338,,UNKNOWN:shared_replay_failed,True,0.0,,,,gmc/results/aerial3dg/f4/sample/S_pairs.json#F4S-00123,,gmc/results/aerial3dg/f4/diag/S/cylinder/
cylinder,F4S-00124,S,101,222584,UNKNOWN,shared_replay_failed,EXPORT-DOMAIN,export,0.02,CERTIFIED,3.214,1.0765,0.5,1.5,1.512,5.0,1.512,5.0,5.0,,False,map_unknown,49.216,-14.238,,UNKNOWN:shared_replay_failed,True,0.0,,,,gmc/results/aerial3dg/f4/sample/S_pairs.json#F4S-00124,,gmc/results/aerial3dg/f4/diag/S/cylinder/
cylinder,F4S-00126,S,101,225148,UNKNOWN,goal_not_certified_free,EP-TOL,tolerance,0.0,,3.599,1.0737,5.0,1.5,1.512,5.0,1.45,5.0,1.5,1.5,,,,,REACHABLE:graph_path_lifted_and_verified,UNKNOWN:goal_not_certified_free,True,0.0,,,,gmc/results/aerial3dg/f4/sample/S_pairs.json#F4S-00126,,gmc/results/aerial3dg/f4/diag/S/cylinder/
cylinder,F4S-00127,S,101,225230,UNKNOWN,shared_replay_failed,EXPORT-DOMAIN,export,0.01,CERTIFIED,3.531,1.0761,20.0,1.5,1.512,5.0,5.0,5.0,5.0,,False,map_unknown,3.572,-20.0,,UNKNOWN:shared_replay_failed,True,0.0,,,,gmc/results/aerial3dg/f4/sample/S_pairs.json#F4S-00127,,gmc/results/aerial3dg/f4/diag/S/cylinder/
cylinder,F4S-00128,S,101,225241,UNKNOWN,start_not_certified_free,EP-TOL,tolerance,0.0,,3.024,1.0788,1.5,1.5,1.512,1.512,5.0,1.5,5.0,1.5,,,,,UNKNOWN:shared_replay_failed,UNKNOWN:start_not_certified_free,True,0.0,,,,gmc/results/aerial3dg/f4/sample/S_pairs.json#F4S-00128,,gmc/results/aerial3dg/f4/diag/S/cylinder/
cylinder,F4S-00129,S,101,228800,UNKNOWN,start_not_certified_free,EP-TOL,tolerance,0.0,,3.168,1.0694,10.0,1.5,1.512,1.512,5.0,1.5,5.0,1.5,,,,,UNKNOWN:shared_replay_failed,UNKNOWN:start_not_certified_free,True,0.0,,,,gmc/results/aerial3dg/f4/sample/S_pairs.json#F4S-00129,,gmc/results/aerial3dg/f4/diag/S/cylinder/
cylinder,F4S-00131,S,101,232766,UNKNOWN,shared_replay_failed,EXPORT-DOMAIN,export,0.01,CERTIFIED,3.25,1.0913,0.0,1.5,1.512,5.0,4.164,5.0,5.0,,False,map_unknown,27.231,-20.0,,UNKNOWN:shared_replay_failed,True,0.0,,,,gmc/results/aerial3dg/f4/sample/S_pairs.json#F4S-00131,,gmc/results/aerial3dg/f4/diag/S/cylinder/
cylinder,F4S-00135,S,101,236615,UNKNOWN,shared_replay_failed,EXPORT-DOMAIN,export,0.01,CERTIFIED,3.118,1.0909,20.0,1.5,1.512,1.512,5.0,5.0,5.0,,False,map_unknown,22.805,-20.0,,UNKNOWN:shared_replay_failed,True,0.0,,,,gmc/results/aerial3dg/f4/sample/S_pairs.json#F4S-00135,,gmc/results/aerial3dg/f4/diag/S/cylinder/
cylinder,F4S-00137,S,101,238057,UNKNOWN,shared_replay_failed,EXPORT-DOMAIN,export,0.04,CERTIFIED,3.112,1.0806,10.0,1.5,1.512,5.0,1.557,5.0,5.0,,False,map_unknown,0.523,-20.0,,UNKNOWN:shared_replay_failed,True,0.0,,,,gmc/results/aerial3dg/f4/sample/S_pairs.json#F4S-00137,,gmc/results/aerial3dg/f4/diag/S/cylinder/
cylinder,F4S-00139,S,101,240809,UNKNOWN,shared_replay_failed,EXPORT-DOMAIN,export,0.01,CERTIFIED,3.163,1.0814,2.0,1.5,1.512,1.557,5.0,5.0,5.0,,False,map_unknown,40.384,-20.0,,UNKNOWN:shared_replay_failed,True,0.0,,,,gmc/results/aerial3dg/f4/sample/S_pairs.json#F4S-00139,,gmc/results/aerial3dg/f4/diag/S/cylinder/
cylinder,F4S-00140,S,101,246565,UNKNOWN,shared_replay_failed,EXPORT-DOMAIN,export,0.02,CERTIFIED,3.145,1.0931,20.0,1.5,1.512,1.512,5.0,5.0,5.0,,False,map_unknown,33.405,-20.0,,UNKNOWN:shared_replay_failed,True,0.0,,,,gmc/results/aerial3dg/f4/sample/S_pairs.json#F4S-00140,,gmc/results/aerial3dg/f4/diag/S/cylinder/
cylinder,F4S-00141,S,101,249549,UNKNOWN,shared_replay_failed,EXPORT-DOMAIN,export,0.03,CERTIFIED,3.015,1.0756,0.5,1.5,1.512,5.0,1.512,5.0,5.0,,False,map_unknown,29.383,-20.0,,UNKNOWN:shared_replay_failed,True,0.0,,,,gmc/results/aerial3dg/f4/sample/S_pairs.json#F4S-00141,,gmc/results/aerial3dg/f4/diag/S/cylinder/
cylinder,F4S-00142,S,101,251651,UNKNOWN,shared_replay_failed,EXPORT-DOMAIN,export,0.03,CERTIFIED,3.387,1.0706,0.5,1.5,1.512,1.512,5.0,5.0,5.0,,False,map_unknown,39.814,-20.0,,UNKNOWN:shared_replay_failed,True,0.0,,,,gmc/results/aerial3dg/f4/sample/S_pairs.json#F4S-00142,,gmc/results/aerial3dg/f4/diag/S/cylinder/
cylinder,F4S-00143,S,101,252332,UNKNOWN,shared_replay_failed,EXPORT-DOMAIN,export,0.03,CERTIFIED,3.376,1.0816,3.0,1.5,1.512,1.512,5.0,5.0,5.0,,False,map_unknown,18.812,-20.0,,UNKNOWN:shared_replay_failed,True,0.0,,,,gmc/results/aerial3dg/f4/sample/S_pairs.json#F4S-00143,,gmc/results/aerial3dg/f4/diag/S/cylinder/
cylinder,F4S-00144,S,101,252495,UNKNOWN,shared_replay_failed,EXPORT-DOMAIN,export,0.03,CERTIFIED,3.011,1.0652,2.0,1.5,1.512,1.512,5.0,5.0,5.0,,False,map_unknown,14.921,-20.0,,UNKNOWN:shared_replay_failed,True,0.0,,,,gmc/results/aerial3dg/f4/sample/S_pairs.json#F4S-00144,,gmc/results/aerial3dg/f4/diag/S/cylinder/
cylinder,F4S-00145,S,101,256999,UNKNOWN,shared_replay_failed,EXPORT-DOMAIN,export,0.01,CERTIFIED,3.194,1.0875,10.0,1.5,1.512,5.0,5.0,5.0,5.0,,False,map_unknown,49.562,-20.0,,UNKNOWN:shared_replay_failed,True,0.0,,,,gmc/results/aerial3dg/f4/sample/S_pairs.json#F4S-00145,,gmc/results/aerial3dg/f4/diag/S/cylinder/
cylinder,F4S-00146,S,101,257149,UNKNOWN,shared_replay_failed,EXPORT-DOMAIN,export,0.02,CERTIFIED,3.038,1.078,20.0,1.5,1.512,5.0,5.0,5.0,5.0,,False,map_unknown,13.635,-20.0,,UNKNOWN:shared_replay_failed,True,0.0,,,,gmc/results/aerial3dg/f4/sample/S_pairs.json#F4S-00146,,gmc/results/aerial3dg/f4/diag/S/cylinder/
cylinder,F4S-00147,S,101,260472,UNKNOWN,shared_replay_failed,EXPORT-DOMAIN,export,0.01,CERTIFIED,3.376,1.0945,20.0,1.5,1.512,5.0,5.0,5.0,5.0,,False,map_unknown,28.252,-20.0,,UNKNOWN:shared_replay_failed,True,0.0,,,,gmc/results/aerial3dg/f4/sample/S_pairs.json#F4S-00147,,gmc/results/aerial3dg/f4/diag/S/cylinder/
cylinder,F4S-00148,S,101,261582,UNKNOWN,goal_not_certified_free,EP-TOL,tolerance,0.0,,3.098,1.0795,20.0,1.5,1.512,5.0,1.512,5.0,1.5,1.5,,,,,REACHABLE:graph_path_lifted_and_verified,UNKNOWN:goal_not_certified_free,True,0.0,,,,gmc/results/aerial3dg/f4/sample/S_pairs.json#F4S-00148,,gmc/results/aerial3dg/f4/diag/S/cylinder/
cylinder,F4S-00149,S,101,265119,UNKNOWN,shared_replay_failed,EXPORT-DOMAIN,export,0.11,CERTIFIED,3.366,1.1002,0.0,1.5,1.512,5.0,5.0,5.0,5.0,,False,map_unknown,60.966,-7.838,,UNKNOWN:shared_replay_failed,True,0.1,,,,gmc/results/aerial3dg/f4/sample/S_pairs.json#F4S-00149,,gmc/results/aerial3dg/f4/diag/S/cylinder/
cylinder,F4S-00150,S,101,266473,UNKNOWN,shared_replay_failed,EXPORT-DOMAIN,export,0.17,CERTIFIED,3.23,1.0784,3.0,1.5,1.512,5.0,5.0,5.0,5.0,,False,map_unknown,22.498,-20.0,,UNKNOWN:shared_replay_failed,True,0.2,,,,gmc/results/aerial3dg/f4/sample/S_pairs.json#F4S-00150,,gmc/results/aerial3dg/f4/diag/S/cylinder/
cylinder,F4S-00152,S,101,270720,UNKNOWN,start_not_certified_free,EP-TOL,tolerance,0.0,,3.004,1.0717,2.0,1.5,1.512,1.512,5.0,1.5,5.0,1.5,,,,,REACHABLE:graph_path_lifted_and_verified,UNKNOWN:start_not_certified_free,True,0.0,,,,gmc/results/aerial3dg/f4/sample/S_pairs.json#F4S-00152,,gmc/results/aerial3dg/f4/diag/S/cylinder/
cylinder,F4S-00153,S,101,270907,UNKNOWN,start_not_certified_free,EP-TOL,tolerance,0.0,,3.0,1.0735,50.0,1.5,1.512,1.512,5.0,1.5,5.0,1.5,,,,,REACHABLE:graph_path_lifted_and_verified,UNKNOWN:start_not_certified_free,True,0.0,,,,gmc/results/aerial3dg/f4/sample/S_pairs.json#F4S-00153,,gmc/results/aerial3dg/f4/diag/S/cylinder/
cylinder,F4S-00154,S,101,272339,UNKNOWN,shared_replay_failed,EXPORT-DOMAIN,export,0.06,CERTIFIED,3.393,1.0842,1.5,1.5,1.512,5.0,5.0,5.0,5.0,,False,map_unknown,26.381,-20.0,,UNKNOWN:shared_replay_failed,True,0.1,,,,gmc/results/aerial3dg/f4/sample/S_pairs.json#F4S-00154,,gmc/results/aerial3dg/f4/diag/S/cylinder/
cylinder,F4S-00155,S,101,273561,UNKNOWN,shared_replay_failed,EXPORT-DOMAIN,export,0.04,CERTIFIED,3.468,1.1019,0.5,1.5,1.512,5.0,1.557,5.0,5.0,,False,map_unknown,62.504,-3.238,,UNKNOWN:shared_replay_failed,True,0.0,,,,gmc/results/aerial3dg/f4/sample/S_pairs.json#F4S-00155,,gmc/results/aerial3dg/f4/diag/S/cylinder/
cylinder,F4S-00156,S,101,276406,UNKNOWN,goal_not_certified_free,EP-TOL,tolerance,0.0,,3.112,1.0795,20.0,1.5,1.512,5.0,1.512,5.0,1.5,1.5,,,,,REACHABLE:graph_path_lifted_and_verified,UNKNOWN:goal_not_certified_free,True,0.0,,,,gmc/results/aerial3dg/f4/sample/S_pairs.json#F4S-00156,,gmc/results/aerial3dg/f4/diag/S/cylinder/
cylinder,F4S-00161,S,101,281241,UNKNOWN,start_not_certified_free,EP-TOL,tolerance,0.0,,3.04,1.0765,10.0,1.5,1.512,1.512,5.0,1.5,5.0,1.5,,,,,UNKNOWN:shared_replay_failed,UNKNOWN:start_not_certified_free,True,0.0,,,,gmc/results/aerial3dg/f4/sample/S_pairs.json#F4S-00161,,gmc/results/aerial3dg/f4/diag/S/cylinder/
cylinder,F4S-00163,S,101,298421,UNKNOWN,shared_replay_failed,EXPORT-DOMAIN,export,0.01,CERTIFIED,3.603,1.0705,5.0,1.5,1.512,5.0,3.415,5.0,5.0,,False,map_unknown,8.442,-20.0,,UNKNOWN:shared_replay_failed,True,0.0,,,,gmc/results/aerial3dg/f4/sample/S_pairs.json#F4S-00163,,gmc/results/aerial3dg/f4/diag/S/cylinder/
cylinder,F4S-00164,S,101,298655,UNKNOWN,start_not_certified_free,EP-TOL,tolerance,0.0,,3.218,1.0794,10.0,1.5,1.512,1.512,5.0,1.5,5.0,1.5,,,,,REACHABLE:graph_path_lifted_and_verified,UNKNOWN:start_not_certified_free,True,0.0,,,,gmc/results/aerial3dg/f4/sample/S_pairs.json#F4S-00164,,gmc/results/aerial3dg/f4/diag/S/cylinder/
cylinder,F4S-00165,S,101,298721,UNKNOWN,goal_not_certified_free,EP-TOL,tolerance,0.0,,3.05,1.078,1.0,1.5,1.512,5.0,1.512,5.0,1.5,1.5,,,,,UNKNOWN:shared_replay_failed,UNKNOWN:goal_not_certified_free,True,0.0,,,,gmc/results/aerial3dg/f4/sample/S_pairs.json#F4S-00165,,gmc/results/aerial3dg/f4/diag/S/cylinder/
cylinder,F4S-00166,S,101,303890,UNKNOWN,shared_replay_failed,EXPORT-DOMAIN,export,0.01,CERTIFIED,3.001,1.0789,2.0,1.5,1.512,4.368,5.0,5.0,5.0,,False,map_unknown,57.574,-9.738,,UNKNOWN:shared_replay_failed,True,0.0,,,,gmc/results/aerial3dg/f4/sample/S_pairs.json#F4S-00166,,gmc/results/aerial3dg/f4/diag/S/cylinder/
cylinder,F4S-00168,S,101,307745,UNKNOWN,shared_replay_failed,EXPORT-DOMAIN,export,0.02,CERTIFIED,3.298,1.0712,5.0,1.5,1.512,5.0,5.0,5.0,5.0,,False,map_unknown,22.124,-20.0,,UNKNOWN:shared_replay_failed,True,0.0,,,,gmc/results/aerial3dg/f4/sample/S_pairs.json#F4S-00168,,gmc/results/aerial3dg/f4/diag/S/cylinder/
cylinder,F4S-00169,S,101,317083,UNKNOWN,shared_replay_failed,EXPORT-DOMAIN,export,0.57,CERTIFIED,3.285,1.0838,0.0,1.5,1.512,1.472,5.0,2.0,5.0,,False,map_unknown,13.574,-16.238,,UNKNOWN:shared_replay_failed,True,0.6,,,,gmc/results/aerial3dg/f4/sample/S_pairs.json#F4S-00169,,gmc/results/aerial3dg/f4/diag/S/cylinder/
cylinder,F4S-00170,S,101,317382,UNKNOWN,shared_replay_failed,EXPORT-DOMAIN,export,0.08,CERTIFIED,3.466,1.0717,1.0,1.5,1.512,1.512,5.0,5.0,5.0,,False,map_unknown,30.313,-20.0,,UNKNOWN:shared_replay_failed,True,0.1,,,,gmc/results/aerial3dg/f4/sample/S_pairs.json#F4S-00170,,gmc/results/aerial3dg/f4/diag/S/cylinder/
cylinder,F4S-00171,S,101,318163,UNKNOWN,shared_replay_failed,EXPORT-DOMAIN,export,0.01,CERTIFIED,3.368,1.0925,0.5,1.5,1.512,5.0,5.0,5.0,5.0,,False,map_unknown,56.762,-2.438,,UNKNOWN:shared_replay_failed,True,0.0,,,,gmc/results/aerial3dg/f4/sample/S_pairs.json#F4S-00171,,gmc/results/aerial3dg/f4/diag/S/cylinder/
cylinder,F4S-00172,S,101,318720,UNKNOWN,goal_not_certified_free,EP-TOL,tolerance,0.0,,3.057,1.0745,50.0,1.5,1.512,5.0,1.512,5.0,1.5,1.5,,,,,REACHABLE:graph_path_lifted_and_verified,UNKNOWN:goal_not_certified_free,True,0.0,,,,gmc/results/aerial3dg/f4/sample/S_pairs.json#F4S-00172,,gmc/results/aerial3dg/f4/diag/S/cylinder/
cylinder,F4S-00175,S,101,321119,UNKNOWN,shared_replay_failed,EXPORT-DOMAIN,export,0.03,CERTIFIED,3.126,1.0865,1.5,1.5,1.512,5.0,5.0,5.0,5.0,,False,map_unknown,34.351,-20.0,,UNKNOWN:shared_replay_failed,True,0.0,,,,gmc/results/aerial3dg/f4/sample/S_pairs.json#F4S-00175,,gmc/results/aerial3dg/f4/diag/S/cylinder/
cylinder,F4S-00176,S,101,322753,UNKNOWN,shared_replay_failed,EXPORT-DOMAIN,export,0.02,CERTIFIED,3.121,1.0791,5.0,1.5,1.512,1.512,5.0,3.0,5.0,,False,map_unknown,0.484,-20.0,,UNKNOWN:shared_replay_failed,True,0.0,,,,gmc/results/aerial3dg/f4/sample/S_pairs.json#F4S-00176,,gmc/results/aerial3dg/f4/diag/S/cylinder/
cylinder,F4S-00178,S,101,323534,UNKNOWN,shared_replay_failed,EXPORT-DOMAIN,export,0.02,CERTIFIED,3.352,1.0927,0.0,1.5,1.512,5.0,5.0,5.0,5.0,,False,map_unknown,55.821,-12.638,,UNKNOWN:shared_replay_failed,True,0.0,,,,gmc/results/aerial3dg/f4/sample/S_pairs.json#F4S-00178,,gmc/results/aerial3dg/f4/diag/S/cylinder/
cylinder,F4S-00180,S,101,326618,UNKNOWN,shared_replay_failed,EXPORT-DOMAIN,export,0.01,CERTIFIED,3.031,1.0698,5.0,1.5,1.512,1.512,5.0,5.0,5.0,,False,map_unknown,20.771,-20.0,,UNKNOWN:shared_replay_failed,True,0.0,,,,gmc/results/aerial3dg/f4/sample/S_pairs.json#F4S-00180,,gmc/results/aerial3dg/f4/diag/S/cylinder/
cylinder,F4S-00182,S,101,332412,UNKNOWN,shared_replay_failed,EXPORT-DOMAIN,export,0.01,CERTIFIED,3.194,1.0808,1.0,1.5,1.512,5.0,1.512,5.0,5.0,,False,map_unknown,19.229,-20.0,,UNKNOWN:shared_replay_failed,True,0.0,,,,gmc/results/aerial3dg/f4/sample/S_pairs.json#F4S-00182,,gmc/results/aerial3dg/f4/diag/S/cylinder/
cylinder,F4S-00183,S,101,333620,UNKNOWN,goal_not_certified_free,EP-TOL,tolerance,0.0,,3.092,1.0682,1.0,1.5,1.512,2.747,1.512,5.0,1.5,1.5,,,,,UNKNOWN:shared_replay_failed,UNKNOWN:goal_not_certified_free,True,0.0,,,,gmc/results/aerial3dg/f4/sample/S_pairs.json#F4S-00183,,gmc/results/aerial3dg/f4/diag/S/cylinder/
cylinder,F4S-00184,S,101,334744,UNKNOWN,start_not_certified_free,EP-TOL,tolerance,0.0,,3.156,1.0809,1.5,1.5,1.512,1.512,5.0,1.5,5.0,1.5,,,,,UNKNOWN:shared_replay_failed,UNKNOWN:start_not_certified_free,True,0.0,,,,gmc/results/aerial3dg/f4/sample/S_pairs.json#F4S-00184,,gmc/results/aerial3dg/f4/diag/S/cylinder/
cylinder,F4S-00187,S,101,350084,UNKNOWN,shared_replay_failed,EXPORT-DOMAIN,export,0.03,CERTIFIED,3.189,1.0841,2.0,1.5,1.512,1.512,5.0,5.0,5.0,,False,map_unknown,46.955,-20.0,,UNKNOWN:shared_replay_failed,True,0.0,,,,gmc/results/aerial3dg/f4/sample/S_pairs.json#F4S-00187,,gmc/results/aerial3dg/f4/diag/S/cylinder/
cylinder,F4S-00192,S,101,354199,UNKNOWN,shared_replay_failed,EXPORT-DOMAIN,export,0.04,CERTIFIED,3.277,1.0888,0.5,1.5,1.512,5.0,5.0,5.0,5.0,,False,map_unknown,3.056,-20.0,,UNKNOWN:shared_replay_failed,True,0.0,,,,gmc/results/aerial3dg/f4/sample/S_pairs.json#F4S-00192,,gmc/results/aerial3dg/f4/diag/S/cylinder/
cylinder,F4S-00194,S,101,356453,UNKNOWN,shared_replay_failed,EXPORT-DOMAIN,export,0.01,CERTIFIED,3.129,1.0621,0.5,1.5,1.512,5.0,1.512,5.0,5.0,,False,map_unknown,16.869,-20.0,,UNKNOWN:shared_replay_failed,True,0.0,,,,gmc/results/aerial3dg/f4/sample/S_pairs.json#F4S-00194,,gmc/results/aerial3dg/f4/diag/S/cylinder/
cylinder,F4S-00195,S,101,356565,UNKNOWN,goal_not_certified_free,EP-TOL,tolerance,0.0,,3.144,1.0701,20.0,1.5,1.512,5.0,1.512,5.0,1.5,1.5,,,,,REACHABLE:graph_path_lifted_and_verified,UNKNOWN:goal_not_certified_free,True,0.0,,,,gmc/results/aerial3dg/f4/sample/S_pairs.json#F4S-00195,,gmc/results/aerial3dg/f4/diag/S/cylinder/
cylinder,F4S-00196,S,101,359385,UNKNOWN,shared_replay_failed,EXPORT-DOMAIN,export,0.03,CERTIFIED,3.118,1.0747,2.0,1.5,1.512,1.512,5.0,5.0,5.0,,False,map_unknown,31.203,-20.0,,UNKNOWN:shared_replay_failed,True,0.0,,,,gmc/results/aerial3dg/f4/sample/S_pairs.json#F4S-00196,,gmc/results/aerial3dg/f4/diag/S/cylinder/
cylinder,F4S-00197,S,101,359891,UNKNOWN,shared_replay_failed,EXPORT-DOMAIN,export,0.01,CERTIFIED,3.096,1.0792,0.5,1.5,1.512,5.0,5.0,5.0,5.0,,False,map_unknown,29.531,-20.0,,UNKNOWN:shared_replay_failed,True,0.0,,,,gmc/results/aerial3dg/f4/sample/S_pairs.json#F4S-00197,,gmc/results/aerial3dg/f4/diag/S/cylinder/
cylinder,F4S-00198,S,101,360194,UNKNOWN,goal_not_certified_free,EP-TOL,tolerance,0.0,,3.018,1.0806,20.0,1.5,1.512,5.0,1.512,5.0,1.5,1.5,,,,,REACHABLE:graph_path_lifted_and_verified,UNKNOWN:goal_not_certified_free,True,0.0,,,,gmc/results/aerial3dg/f4/sample/S_pairs.json#F4S-00198,,gmc/results/aerial3dg/f4/diag/S/cylinder/
cylinder,F4S-00199,S,101,362055,UNKNOWN,shared_replay_failed,EXPORT-DOMAIN,export,0.01,CERTIFIED,3.237,1.0929,20.0,1.5,1.512,5.0,1.557,5.0,5.0,,False,map_unknown,35.79,-20.0,,UNKNOWN:shared_replay_failed,True,0.0,,,,gmc/results/aerial3dg/f4/sample/S_pairs.json#F4S-00199,,gmc/results/aerial3dg/f4/diag/S/cylinder/
cylinder,F4S-00201,S,101,370554,UNKNOWN,shared_replay_failed,EXPORT-DOMAIN,export,0.18,CERTIFIED,3.283,1.084,1.0,1.5,1.512,5.0,5.0,5.0,5.0,,False,map_unknown,23.566,-10.138,,UNKNOWN:shared_replay_failed,True,0.2,,,,gmc/results/aerial3dg/f4/sample/S_pairs.json#F4S-00201,,gmc/results/aerial3dg/f4/diag/S/cylinder/
cylinder,F4S-00204,S,101,375008,UNKNOWN,shared_replay_failed,EXPORT-DOMAIN,export,0.03,CERTIFIED,3.131,1.0811,0.5,1.5,1.512,5.0,1.512,5.0,5.0,,False,map_unknown,32.606,-20.0,,UNKNOWN:shared_replay_failed,True,0.0,,,,gmc/results/aerial3dg/f4/sample/S_pairs.json#F4S-00204,,gmc/results/aerial3dg/f4/diag/S/cylinder/
cylinder,F4S-00206,S,101,379933,UNKNOWN,shared_replay_failed,EXPORT-DOMAIN,export,0.02,CERTIFIED,3.267,1.0897,0.0,1.5,1.512,1.557,5.0,5.0,5.0,,False,map_unknown,22.582,-20.0,,UNKNOWN:shared_replay_failed,True,0.0,,,,gmc/results/aerial3dg/f4/sample/S_pairs.json#F4S-00206,,gmc/results/aerial3dg/f4/diag/S/cylinder/
cylinder,F4S-00208,S,101,380668,UNKNOWN,start_not_certified_free,EP-TOL,tolerance,0.0,,3.037,1.0804,50.0,1.5,1.512,1.512,5.0,1.5,5.0,1.5,,,,,REACHABLE:graph_path_lifted_and_verified,UNKNOWN:start_not_certified_free,True,0.0,,,,gmc/results/aerial3dg/f4/sample/S_pairs.json#F4S-00208,,gmc/results/aerial3dg/f4/diag/S/cylinder/
cylinder,F4S-00209,S,101,381104,UNKNOWN,shared_replay_failed,EXPORT-DOMAIN,export,0.03,CERTIFIED,3.243,1.0843,1.0,1.5,1.512,5.0,1.557,5.0,5.0,,False,map_unknown,33.135,-17.038,,UNKNOWN:shared_replay_failed,True,0.0,,,,gmc/results/aerial3dg/f4/sample/S_pairs.json#F4S-00209,,gmc/results/aerial3dg/f4/diag/S/cylinder/
cylinder,F4S-00210,S,101,386639,UNKNOWN,start_not_certified_free,EP-TOL,tolerance,0.0,,3.119,1.0731,1.0,1.5,1.512,1.512,5.0,1.5,5.0,1.5,,,,,REACHABLE:graph_path_lifted_and_verified,UNKNOWN:start_not_certified_free,True,0.0,,,,gmc/results/aerial3dg/f4/sample/S_pairs.json#F4S-00210,,gmc/results/aerial3dg/f4/diag/S/cylinder/
cylinder,F4S-00211,S,101,386806,UNKNOWN,goal_not_certified_free,EP-TOL,tolerance,0.0,,3.166,1.0782,0.5,1.5,1.512,5.0,1.512,5.0,1.5,1.5,,,,,UNKNOWN:shared_replay_failed,UNKNOWN:goal_not_certified_free,True,0.0,,,,gmc/results/aerial3dg/f4/sample/S_pairs.json#F4S-00211,,gmc/results/aerial3dg/f4/diag/S/cylinder/
cylinder,F4S-00212,S,101,386923,UNKNOWN,shared_replay_failed,EXPORT-DOMAIN,export,0.05,CERTIFIED,3.383,1.0775,0.5,1.5,1.512,5.0,5.0,5.0,5.0,,False,map_unknown,57.055,-1.238,,UNKNOWN:shared_replay_failed,True,0.0,,,,gmc/results/aerial3dg/f4/sample/S_pairs.json#F4S-00212,,gmc/results/aerial3dg/f4/diag/S/cylinder/
cylinder,F4S-00213,S,101,389507,UNKNOWN,shared_replay_failed,EXPORT-DOMAIN,export,0.02,CERTIFIED,3.3,1.0806,5.0,1.5,1.512,5.0,5.0,5.0,5.0,,False,map_unknown,21.048,-20.0,,UNKNOWN:shared_replay_failed,True,0.0,,,,gmc/results/aerial3dg/f4/sample/S_pairs.json#F4S-00213,,gmc/results/aerial3dg/f4/diag/S/cylinder/
cylinder,F4S-00214,S,101,390693,UNKNOWN,shared_replay_failed,EXPORT-DOMAIN,export,0.02,CERTIFIED,3.513,1.0801,10.0,1.5,1.512,1.54,5.0,5.0,5.0,,False,map_unknown,3.97,-20.0,,UNKNOWN:shared_replay_failed,True,0.0,,,,gmc/results/aerial3dg/f4/sample/S_pairs.json#F4S-00214,,gmc/results/aerial3dg/f4/diag/S/cylinder/
cylinder,F4S-00215,S,101,392137,UNKNOWN,shared_replay_failed,EXPORT-DOMAIN,export,0.02,CERTIFIED,3.252,1.0967,1.0,1.5,1.512,5.0,5.0,5.0,5.0,,False,map_unknown,34.753,-20.0,,UNKNOWN:shared_replay_failed,True,0.0,,,,gmc/results/aerial3dg/f4/sample/S_pairs.json#F4S-00215,,gmc/results/aerial3dg/f4/diag/S/cylinder/
cylinder,F4S-00218,S,101,394936,UNKNOWN,start_not_certified_free,EP-TOL,tolerance,0.0,,3.101,1.0783,5.0,1.5,1.512,1.512,5.0,1.5,5.0,1.5,,,,,REACHABLE:graph_path_lifted_and_verified,UNKNOWN:start_not_certified_free,True,0.0,,,,gmc/results/aerial3dg/f4/sample/S_pairs.json#F4S-00218,,gmc/results/aerial3dg/f4/diag/S/cylinder/
cylinder,F4S-00219,S,101,397632,UNKNOWN,shared_replay_failed,EXPORT-DOMAIN,export,0.06,CERTIFIED,3.194,1.082,0.0,1.5,1.512,5.0,5.0,5.0,5.0,,False,map_unknown,35.027,-18.738,,UNKNOWN:shared_replay_failed,True,0.1,,,,gmc/results/aerial3dg/f4/sample/S_pairs.json#F4S-00219,,gmc/results/aerial3dg/f4/diag/S/cylinder/
cylinder,F4S-00220,S,101,401134,UNKNOWN,shared_replay_failed,EXPORT-DOMAIN,export,0.01,CERTIFIED,3.113,1.0719,10.0,1.5,1.512,1.512,5.0,5.0,5.0,,False,map_unknown,1.012,-20.0,,UNKNOWN:shared_replay_failed,True,0.0,,,,gmc/results/aerial3dg/f4/sample/S_pairs.json#F4S-00220,,gmc/results/aerial3dg/f4/diag/S/cylinder/
cylinder,F4S-00221,S,101,401298,UNKNOWN,start_not_certified_free,EP-TOL,tolerance,0.0,,3.024,1.0754,2.0,1.5,1.512,1.512,5.0,1.5,5.0,1.5,,,,,REACHABLE:graph_path_lifted_and_verified,UNKNOWN:start_not_certified_free,True,0.0,,,,gmc/results/aerial3dg/f4/sample/S_pairs.json#F4S-00221,,gmc/results/aerial3dg/f4/diag/S/cylinder/
cylinder,F4S-00222,S,101,402627,UNKNOWN,shared_replay_failed,EXPORT-DOMAIN,export,0.02,CERTIFIED,3.33,1.0919,10.0,1.5,1.512,5.0,1.512,5.0,5.0,,False,map_unknown,55.654,-16.338,,UNKNOWN:shared_replay_failed,True,0.0,,,,gmc/results/aerial3dg/f4/sample/S_pairs.json#F4S-00222,,gmc/results/aerial3dg/f4/diag/S/cylinder/
cylinder,F4S-00223,S,101,404474,UNKNOWN,shared_replay_failed,EXPORT-DOMAIN,export,0.01,CERTIFIED,3.197,1.084,20.0,1.5,1.512,1.512,5.0,5.0,5.0,,False,map_unknown,41.915,-20.0,,UNKNOWN:shared_replay_failed,True,0.0,,,,gmc/results/aerial3dg/f4/sample/S_pairs.json#F4S-00223,,gmc/results/aerial3dg/f4/diag/S/cylinder/
cylinder,F4S-00225,S,101,409591,UNKNOWN,shared_replay_failed,EXPORT-DOMAIN,export,0.02,CERTIFIED,3.033,1.0845,1.0,1.5,1.512,5.0,5.0,5.0,5.0,,False,map_unknown,29.615,-20.0,,UNKNOWN:shared_replay_failed,True,0.0,,,,gmc/results/aerial3dg/f4/sample/S_pairs.json#F4S-00225,,gmc/results/aerial3dg/f4/diag/S/cylinder/
cylinder,F4S-00226,S,101,411902,UNKNOWN,shared_replay_failed,EXPORT-DOMAIN,export,0.02,CERTIFIED,3.258,1.0736,20.0,1.5,1.512,5.0,1.512,5.0,5.0,,False,map_unknown,2.711,-20.0,,UNKNOWN:shared_replay_failed,True,0.0,,,,gmc/results/aerial3dg/f4/sample/S_pairs.json#F4S-00226,,gmc/results/aerial3dg/f4/diag/S/cylinder/
cylinder,F4S-00227,S,101,412220,UNKNOWN,shared_replay_failed,EXPORT-DOMAIN,export,0.03,CERTIFIED,3.24,1.0693,2.0,1.5,1.512,1.512,5.0,5.0,5.0,,False,map_unknown,0.915,-20.0,,UNKNOWN:shared_replay_failed,True,0.0,,,,gmc/results/aerial3dg/f4/sample/S_pairs.json#F4S-00227,,gmc/results/aerial3dg/f4/diag/S/cylinder/
cylinder,F4S-00228,S,101,414033,UNKNOWN,start_not_certified_free,EP-TOL,tolerance,0.0,,3.035,1.075,20.0,1.5,1.512,1.512,5.0,1.5,5.0,1.5,,,,,UNKNOWN:shared_replay_failed,UNKNOWN:start_not_certified_free,True,0.0,,,,gmc/results/aerial3dg/f4/sample/S_pairs.json#F4S-00228,,gmc/results/aerial3dg/f4/diag/S/cylinder/
cylinder,F4S-00229,S,101,419588,UNKNOWN,shared_replay_failed,EXPORT-DOMAIN,export,0.03,CERTIFIED,3.176,1.0875,2.0,1.5,1.512,5.0,5.0,5.0,5.0,,False,map_unknown,46.481,-20.0,,UNKNOWN:shared_replay_failed,True,0.0,,,,gmc/results/aerial3dg/f4/sample/S_pairs.json#F4S-00229,,gmc/results/aerial3dg/f4/diag/S/cylinder/
cylinder,F4S-00231,S,101,423589,UNKNOWN,shared_replay_failed,EXPORT-DOMAIN,export,0.01,CERTIFIED,3.029,1.0845,5.0,1.5,1.512,1.512,5.0,5.0,5.0,,False,map_unknown,18.565,-20.0,,UNKNOWN:shared_replay_failed,True,0.0,,,,gmc/results/aerial3dg/f4/sample/S_pairs.json#F4S-00231,,gmc/results/aerial3dg/f4/diag/S/cylinder/
cylinder,F4S-00232,S,101,425593,UNKNOWN,shared_replay_failed,EXPORT-DOMAIN,export,0.01,CERTIFIED,3.063,1.07,10.0,1.5,1.512,1.512,5.0,5.0,5.0,,False,map_unknown,12.979,-20.0,,UNKNOWN:shared_replay_failed,True,0.0,,,,gmc/results/aerial3dg/f4/sample/S_pairs.json#F4S-00232,,gmc/results/aerial3dg/f4/diag/S/cylinder/
cylinder,F4S-00234,S,101,429965,UNKNOWN,shared_replay_failed,EXPORT-DOMAIN,export,0.02,CERTIFIED,3.167,1.1031,2.0,1.5,1.512,5.0,5.0,5.0,5.0,,False,map_unknown,55.489,-19.538,,UNKNOWN:shared_replay_failed,True,0.0,,,,gmc/results/aerial3dg/f4/sample/S_pairs.json#F4S-00234,,gmc/results/aerial3dg/f4/diag/S/cylinder/
cylinder,F4S-00235,S,101,430207,UNKNOWN,shared_replay_failed,EXPORT-DOMAIN,export,0.01,CERTIFIED,3.081,1.0945,5.0,1.5,1.512,5.0,5.0,5.0,5.0,,False,map_unknown,61.684,-11.938,,UNKNOWN:shared_replay_failed,True,0.0,,,,gmc/results/aerial3dg/f4/sample/S_pairs.json#F4S-00235,,gmc/results/aerial3dg/f4/diag/S/cylinder/
cylinder,F4S-00237,S,101,431464,UNKNOWN,shared_replay_failed,EXPORT-DOMAIN,export,0.03,CERTIFIED,3.588,1.0755,1.0,1.5,1.512,5.0,5.0,5.0,5.0,,False,map_unknown,43.385,-20.0,,UNKNOWN:shared_replay_failed,True,0.0,,,,gmc/results/aerial3dg/f4/sample/S_pairs.json#F4S-00237,,gmc/results/aerial3dg/f4/diag/S/cylinder/
cylinder,F4S-00238,S,101,432516,UNKNOWN,shared_replay_failed,EXPORT-DOMAIN,export,0.07,CERTIFIED,3.114,1.0782,2.0,1.5,1.512,1.512,5.0,2.0,5.0,,False,map_unknown,23.196,-20.0,,UNKNOWN:shared_replay_failed,True,0.1,,,,gmc/results/aerial3dg/f4/sample/S_pairs.json#F4S-00238,,gmc/results/aerial3dg/f4/diag/S/cylinder/
cylinder,F4S-00240,S,101,433897,UNKNOWN,shared_replay_failed,EXPORT-DOMAIN,export,0.01,CERTIFIED,3.233,1.0903,10.0,1.5,1.512,5.0,5.0,5.0,5.0,,False,map_unknown,50.325,-20.0,,UNKNOWN:shared_replay_failed,True,0.0,,,,gmc/results/aerial3dg/f4/sample/S_pairs.json#F4S-00240,,gmc/results/aerial3dg/f4/diag/S/cylinder/
cylinder,F4S-00241,S,101,434802,UNKNOWN,shared_replay_failed,EXPORT-DOMAIN,export,0.02,CERTIFIED,3.181,1.0893,2.0,1.5,1.512,5.0,1.512,5.0,5.0,,False,map_unknown,44.37,-20.0,,UNKNOWN:shared_replay_failed,True,0.0,,,,gmc/results/aerial3dg/f4/sample/S_pairs.json#F4S-00241,,gmc/results/aerial3dg/f4/diag/S/cylinder/
cylinder,F4S-00242,S,101,435163,UNKNOWN,start_not_certified_free,EP-TOL,tolerance,0.0,,3.083,1.0796,20.0,1.5,1.512,1.512,5.0,1.5,5.0,1.5,,,,,REACHABLE:graph_path_lifted_and_verified,UNKNOWN:start_not_certified_free,True,0.0,,,,gmc/results/aerial3dg/f4/sample/S_pairs.json#F4S-00242,,gmc/results/aerial3dg/f4/diag/S/cylinder/
cylinder,F4S-00243,S,101,440898,UNKNOWN,start_not_certified_free,EP-TOL,tolerance,0.0,,3.105,1.0813,3.0,1.5,1.512,1.512,2.019,1.5,5.0,1.5,,,,,UNKNOWN:shared_replay_failed,UNKNOWN:start_not_certified_free,True,0.0,,,,gmc/results/aerial3dg/f4/sample/S_pairs.json#F4S-00243,,gmc/results/aerial3dg/f4/diag/S/cylinder/
cylinder,F4S-00244,S,101,442598,UNKNOWN,shared_replay_failed,EXPORT-DOMAIN,export,0.04,CERTIFIED,3.211,1.081,3.0,1.5,1.512,1.512,5.0,5.0,5.0,,False,map_unknown,5.945,-20.0,,UNKNOWN:shared_replay_failed,True,0.0,,,,gmc/results/aerial3dg/f4/sample/S_pairs.json#F4S-00244,,gmc/results/aerial3dg/f4/diag/S/cylinder/
cylinder,F4S-00245,S,101,444139,UNKNOWN,shared_replay_failed,EXPORT-DOMAIN,export,0.01,CERTIFIED,3.323,1.0847,2.0,1.5,1.512,5.0,5.0,5.0,5.0,,False,map_unknown,31.182,-20.0,,UNKNOWN:shared_replay_failed,True,0.0,,,,gmc/results/aerial3dg/f4/sample/S_pairs.json#F4S-00245,,gmc/results/aerial3dg/f4/diag/S/cylinder/
cylinder,F4S-00246,S,101,445424,UNKNOWN,goal_not_certified_free,EP-TOL,tolerance,0.0,,3.098,1.0738,20.0,1.5,1.512,5.0,1.512,5.0,1.5,1.5,,,,,REACHABLE:graph_path_lifted_and_verified,UNKNOWN:goal_not_certified_free,True,0.0,,,,gmc/results/aerial3dg/f4/sample/S_pairs.json#F4S-00246,,gmc/results/aerial3dg/f4/diag/S/cylinder/
cylinder,F4S-00247,S,101,445442,UNKNOWN,shared_replay_failed,EXPORT-DOMAIN,export,0.02,CERTIFIED,3.148,1.0813,1.0,1.5,1.512,5.0,5.0,5.0,5.0,,False,map_unknown,31.473,-20.0,,UNKNOWN:shared_replay_failed,True,0.0,,,,gmc/results/aerial3dg/f4/sample/S_pairs.json#F4S-00247,,gmc/results/aerial3dg/f4/diag/S/cylinder/
cylinder,F4S-00249,S,101,447092,UNKNOWN,shared_replay_failed,EXPORT-DOMAIN,export,0.01,CERTIFIED,3.221,1.0744,10.0,1.5,1.512,5.0,5.0,5.0,5.0,,False,map_unknown,16.334,-20.0,,UNKNOWN:shared_replay_failed,True,0.0,,,,gmc/results/aerial3dg/f4/sample/S_pairs.json#F4S-00249,,gmc/results/aerial3dg/f4/diag/S/cylinder/
cylinder,F4S-00250,S,101,447154,UNKNOWN,shared_replay_failed,EXPORT-DOMAIN,export,0.01,CERTIFIED,3.229,1.0619,0.5,1.5,1.512,5.0,5.0,5.0,5.0,,False,map_unknown,17.841,-20.0,,UNKNOWN:shared_replay_failed,True,0.0,,,,gmc/results/aerial3dg/f4/sample/S_pairs.json#F4S-00250,,gmc/results/aerial3dg/f4/diag/S/cylinder/
cylinder,F4S-00254,S,101,460276,UNKNOWN,goal_not_certified_free,EP-TOL,tolerance,0.0,,3.099,1.078,2.0,1.5,1.512,5.0,1.512,5.0,1.5,1.5,,,,,UNKNOWN:shared_replay_failed,UNKNOWN:goal_not_certified_free,True,0.0,,,,gmc/results/aerial3dg/f4/sample/S_pairs.json#F4S-00254,,gmc/results/aerial3dg/f4/diag/S/cylinder/
cylinder,F4S-00255,S,101,463418,UNKNOWN,shared_replay_failed,EXPORT-DOMAIN,export,0.02,CERTIFIED,3.391,1.0769,20.0,1.5,1.512,5.0,1.557,5.0,5.0,,False,map_unknown,13.447,-20.0,,UNKNOWN:shared_replay_failed,True,0.0,,,,gmc/results/aerial3dg/f4/sample/S_pairs.json#F4S-00255,,gmc/results/aerial3dg/f4/diag/S/cylinder/
cylinder,F4S-00256,S,101,465844,UNKNOWN,start_not_certified_free,EP-TOL,tolerance,0.0,,3.054,1.0794,0.5,1.5,1.512,1.512,5.0,1.5,5.0,1.5,,,,,UNKNOWN:shared_replay_failed,UNKNOWN:start_not_certified_free,True,0.0,,,,gmc/results/aerial3dg/f4/sample/S_pairs.json#F4S-00256,,gmc/results/aerial3dg/f4/diag/S/cylinder/
cylinder,F4S-00257,S,101,467876,UNKNOWN,goal_not_certified_free,EP-TOL,tolerance,0.0,,3.036,1.078,50.0,1.5,1.512,5.0,1.512,5.0,1.5,1.5,,,,,REACHABLE:graph_path_lifted_and_verified,UNKNOWN:goal_not_certified_free,True,0.0,,,,gmc/results/aerial3dg/f4/sample/S_pairs.json#F4S-00257,,gmc/results/aerial3dg/f4/diag/S/cylinder/
cylinder,F4S-00258,S,101,467947,UNKNOWN,start_not_certified_free,EP-TOL,tolerance,0.0,,3.161,1.0721,3.0,1.0,1.512,1.512,1.1,1.5,1.0,1.0,,,,,REACHABLE:graph_path_lifted_and_verified,UNKNOWN:start_not_certified_free,True,0.0,,,,gmc/results/aerial3dg/f4/sample/S_pairs.json#F4S-00258,,gmc/results/aerial3dg/f4/diag/S/cylinder/
cylinder,F4S-00260,S,101,469387,UNKNOWN,shared_replay_failed,EXPORT-DOMAIN,export,0.03,CERTIFIED,3.213,1.096,2.0,1.5,1.512,5.0,1.557,5.0,5.0,,False,map_unknown,41.693,-11.338,,UNKNOWN:shared_replay_failed,True,0.0,,,,gmc/results/aerial3dg/f4/sample/S_pairs.json#F4S-00260,,gmc/results/aerial3dg/f4/diag/S/cylinder/
cylinder,F4S-00261,S,101,470238,UNKNOWN,shared_replay_failed,EXPORT-DOMAIN,export,0.01,CERTIFIED,3.231,1.0687,0.5,1.5,1.512,5.0,5.0,5.0,5.0,,False,map_unknown,22.907,-20.0,,UNKNOWN:shared_replay_failed,True,0.0,,,,gmc/results/aerial3dg/f4/sample/S_pairs.json#F4S-00261,,gmc/results/aerial3dg/f4/diag/S/cylinder/
cylinder,F4S-00262,S,101,471018,UNKNOWN,shared_replay_failed,EXPORT-DOMAIN,export,0.03,CERTIFIED,3.096,1.1098,2.0,1.5,1.512,5.0,5.0,5.0,5.0,,False,map_unknown,67.643,-3.338,,UNKNOWN:shared_replay_failed,True,0.0,,,,gmc/results/aerial3dg/f4/sample/S_pairs.json#F4S-00262,,gmc/results/aerial3dg/f4/diag/S/cylinder/
cylinder,F4S-00263,S,101,471297,UNKNOWN,shared_replay_failed,EXPORT-DOMAIN,export,0.06,CERTIFIED,3.315,1.0795,10.0,1.5,1.512,5.0,5.0,5.0,5.0,,False,map_unknown,29.423,-20.0,,UNKNOWN:shared_replay_failed,True,0.1,,,,gmc/results/aerial3dg/f4/sample/S_pairs.json#F4S-00263,,gmc/results/aerial3dg/f4/diag/S/cylinder/
cylinder,F4S-00265,S,101,472381,UNKNOWN,shared_replay_failed,EXPORT-DOMAIN,export,0.02,CERTIFIED,3.204,1.0954,2.0,1.5,1.512,5.0,5.0,5.0,5.0,,False,map_unknown,49.147,-14.538,,UNKNOWN:shared_replay_failed,True,0.0,,,,gmc/results/aerial3dg/f4/sample/S_pairs.json#F4S-00265,,gmc/results/aerial3dg/f4/diag/S/cylinder/
cylinder,F4S-00267,S,101,474771,UNKNOWN,start_not_certified_free,EP-TOL,tolerance,0.0,,3.094,1.0842,2.0,1.5,1.512,1.512,5.0,1.5,5.0,1.5,,,,,UNKNOWN:shared_replay_failed,UNKNOWN:start_not_certified_free,True,0.0,,,,gmc/results/aerial3dg/f4/sample/S_pairs.json#F4S-00267,,gmc/results/aerial3dg/f4/diag/S/cylinder/
cylinder,F4S-00268,S,101,475877,UNKNOWN,start_not_certified_free,EP-TOL,tolerance,0.0,,3.027,1.0772,100.0,1.5,1.512,1.512,5.0,1.5,5.0,1.5,,,,,REACHABLE:graph_path_lifted_and_verified,UNKNOWN:start_not_certified_free,True,0.0,,,,gmc/results/aerial3dg/f4/sample/S_pairs.json#F4S-00268,,gmc/results/aerial3dg/f4/diag/S/cylinder/
cylinder,F4S-00274,S,101,490356,UNKNOWN,shared_replay_failed,EXPORT-DOMAIN,export,0.03,CERTIFIED,3.381,1.0759,1.5,1.5,1.512,5.0,5.0,5.0,5.0,,False,map_unknown,4.29,-20.0,,UNKNOWN:shared_replay_failed,True,0.0,,,,gmc/results/aerial3dg/f4/sample/S_pairs.json#F4S-00274,,gmc/results/aerial3dg/f4/diag/S/cylinder/
cylinder,F4S-00276,S,101,492318,UNKNOWN,shared_replay_failed,EXPORT-DOMAIN,export,0.01,CERTIFIED,3.256,1.0797,20.0,1.5,1.512,1.557,5.0,5.0,5.0,,False,map_unknown,24.563,-20.0,,UNKNOWN:shared_replay_failed,True,0.0,,,,gmc/results/aerial3dg/f4/sample/S_pairs.json#F4S-00276,,gmc/results/aerial3dg/f4/diag/S/cylinder/
cylinder,F4S-00278,S,101,495381,UNKNOWN,start_not_certified_free,EP-TOL,tolerance,0.0,,3.044,1.0841,0.5,1.5,1.512,1.512,5.0,1.5,5.0,1.5,,,,,UNKNOWN:shared_replay_failed,UNKNOWN:start_not_certified_free,True,0.0,,,,gmc/results/aerial3dg/f4/sample/S_pairs.json#F4S-00278,,gmc/results/aerial3dg/f4/diag/S/cylinder/
cylinder,F4S-00279,S,101,501160,UNKNOWN,shared_replay_failed,EXPORT-DOMAIN,export,0.2,CERTIFIED,3.054,1.0796,1.5,1.5,1.512,5.0,1.512,5.0,5.0,,False,map_unknown,28.49,-2.638,,UNKNOWN:shared_replay_failed,True,0.2,,,,gmc/results/aerial3dg/f4/sample/S_pairs.json#F4S-00279,,gmc/results/aerial3dg/f4/diag/S/cylinder/
cylinder,F4S-00283,S,101,508513,UNKNOWN,shared_replay_failed,EXPORT-DOMAIN,export,0.01,CERTIFIED,3.2,1.0873,20.0,1.5,1.512,1.512,5.0,5.0,5.0,,False,map_unknown,28.596,-20.0,,UNKNOWN:shared_replay_failed,True,0.0,,,,gmc/results/aerial3dg/f4/sample/S_pairs.json#F4S-00283,,gmc/results/aerial3dg/f4/diag/S/cylinder/
cylinder,F4S-00284,S,101,511458,UNKNOWN,shared_replay_failed,EXPORT-DOMAIN,export,0.02,CERTIFIED,3.148,1.096,1.5,1.5,1.512,5.0,2.066,5.0,5.0,,False,map_unknown,59.919,-14.238,,UNKNOWN:shared_replay_failed,True,0.0,,,,gmc/results/aerial3dg/f4/sample/S_pairs.json#F4S-00284,,gmc/results/aerial3dg/f4/diag/S/cylinder/
cylinder,F4S-00287,S,101,521443,UNKNOWN,shared_replay_failed,EXPORT-DOMAIN,export,0.01,CERTIFIED,3.284,1.0777,10.0,1.5,1.512,5.0,5.0,5.0,5.0,,False,map_unknown,7.494,-20.0,,UNKNOWN:shared_replay_failed,True,0.0,,,,gmc/results/aerial3dg/f4/sample/S_pairs.json#F4S-00287,,gmc/results/aerial3dg/f4/diag/S/cylinder/
cylinder,F4S-00288,S,101,524575,UNKNOWN,shared_replay_failed,EXPORT-DOMAIN,export,0.01,CERTIFIED,3.47,1.0811,10.0,1.5,1.512,1.557,5.0,5.0,5.0,,False,map_unknown,47.964,-17.238,,UNKNOWN:shared_replay_failed,True,0.0,,,,gmc/results/aerial3dg/f4/sample/S_pairs.json#F4S-00288,,gmc/results/aerial3dg/f4/diag/S/cylinder/
cylinder,F4S-00290,S,101,524894,UNKNOWN,shared_replay_failed,EXPORT-DOMAIN,export,0.01,CERTIFIED,3.243,1.076,10.0,1.5,1.512,1.557,5.0,5.0,5.0,,False,map_unknown,28.346,-20.0,,UNKNOWN:shared_replay_failed,True,0.0,,,,gmc/results/aerial3dg/f4/sample/S_pairs.json#F4S-00290,,gmc/results/aerial3dg/f4/diag/S/cylinder/
cylinder,F4S-00293,S,101,529018,UNKNOWN,start_not_certified_free,EP-TOL,tolerance,0.0,,3.078,1.0765,0.0,1.5,1.512,1.512,5.0,1.5,5.0,1.5,,,,,UNKNOWN:shared_replay_failed,UNKNOWN:start_not_certified_free,True,0.0,,,,gmc/results/aerial3dg/f4/sample/S_pairs.json#F4S-00293,,gmc/results/aerial3dg/f4/diag/S/cylinder/
cylinder,F4S-00297,S,101,541149,UNKNOWN,shared_replay_failed,EXPORT-DOMAIN,export,0.14,CERTIFIED,3.349,1.1056,0.0,1.5,1.512,5.0,5.0,5.0,5.0,,False,map_unknown,55.141,-15.938,,UNKNOWN:shared_replay_failed,True,0.1,,,,gmc/results/aerial3dg/f4/sample/S_pairs.json#F4S-00297,,gmc/results/aerial3dg/f4/diag/S/cylinder/
cylinder,F4S-00298,S,101,541777,UNKNOWN,shared_replay_failed,EXPORT-DOMAIN,export,0.05,CERTIFIED,3.154,1.08,1.5,1.5,1.512,1.512,5.0,5.0,5.0,,False,map_unknown,19.248,-20.0,,UNKNOWN:shared_replay_failed,True,0.1,,,,gmc/results/aerial3dg/f4/sample/S_pairs.json#F4S-00298,,gmc/results/aerial3dg/f4/diag/S/cylinder/
cylinder,F4S-00300,S,101,546742,UNKNOWN,shared_replay_failed,EXPORT-DOMAIN,export,0.04,CERTIFIED,3.312,1.0869,0.0,1.5,1.512,5.0,1.557,5.0,5.0,,False,map_unknown,20.319,-20.0,,UNKNOWN:shared_replay_failed,True,0.0,,,,gmc/results/aerial3dg/f4/sample/S_pairs.json#F4S-00300,,gmc/results/aerial3dg/f4/diag/S/cylinder/
cylinder,F4S-00301,S,101,548124,UNKNOWN,goal_not_certified_free,EP-TOL,tolerance,0.03,,3.095,1.0861,20.0,1.5,1.512,5.0,1.512,5.0,1.5,1.5,,,,,UNKNOWN:shared_replay_failed,UNKNOWN:goal_not_certified_free,True,0.0,,,,gmc/results/aerial3dg/f4/sample/S_pairs.json#F4S-00301,,gmc/results/aerial3dg/f4/diag/S/cylinder/
cylinder,F4S-00302,S,101,549235,UNKNOWN,shared_replay_failed,EXPORT-DOMAIN,export,0.02,CERTIFIED,3.421,1.0844,3.0,1.5,1.512,5.0,5.0,5.0,5.0,,False,map_unknown,31.063,-20.0,,UNKNOWN:shared_replay_failed,True,0.0,,,,gmc/results/aerial3dg/f4/sample/S_pairs.json#F4S-00302,,gmc/results/aerial3dg/f4/diag/S/cylinder/
cylinder,F4S-00303,S,101,550038,UNKNOWN,shared_replay_failed,EXPORT-DOMAIN,export,0.01,CERTIFIED,3.455,1.0806,1.5,1.5,1.512,5.0,5.0,5.0,5.0,,False,map_unknown,21.94,-20.0,,UNKNOWN:shared_replay_failed,True,0.0,,,,gmc/results/aerial3dg/f4/sample/S_pairs.json#F4S-00303,,gmc/results/aerial3dg/f4/diag/S/cylinder/
cylinder,F4S-00304,S,101,551223,UNKNOWN,shared_replay_failed,EXPORT-DOMAIN,export,0.03,CERTIFIED,3.062,1.0678,2.0,1.5,1.512,5.0,5.0,5.0,5.0,,False,map_unknown,6.969,-20.0,,UNKNOWN:shared_replay_failed,True,0.0,,,,gmc/results/aerial3dg/f4/sample/S_pairs.json#F4S-00304,,gmc/results/aerial3dg/f4/diag/S/cylinder/
cylinder,F4S-00305,S,101,551364,UNKNOWN,shared_replay_failed,EXPORT-DOMAIN,export,0.01,CERTIFIED,3.039,1.0836,0.0,1.5,1.512,5.0,1.557,5.0,5.0,,False,map_unknown,29.334,-20.0,,UNKNOWN:shared_replay_failed,True,0.0,,,,gmc/results/aerial3dg/f4/sample/S_pairs.json#F4S-00305,,gmc/results/aerial3dg/f4/diag/S/cylinder/
cylinder,F4S-00306,S,101,553110,UNKNOWN,shared_replay_failed,EXPORT-DOMAIN,export,0.01,CERTIFIED,3.055,1.0797,10.0,1.5,1.512,1.557,5.0,5.0,5.0,,False,map_unknown,32.936,-15.138,,UNKNOWN:shared_replay_failed,True,0.0,,,,gmc/results/aerial3dg/f4/sample/S_pairs.json#F4S-00306,,gmc/results/aerial3dg/f4/diag/S/cylinder/
cylinder,F4S-00307,S,101,559163,UNKNOWN,shared_replay_failed,EXPORT-DOMAIN,export,0.02,CERTIFIED,3.06,1.0765,3.0,1.5,1.512,4.281,1.512,5.0,5.0,,False,map_unknown,22.722,-20.0,,UNKNOWN:shared_replay_failed,True,0.0,,,,gmc/results/aerial3dg/f4/sample/S_pairs.json#F4S-00307,,gmc/results/aerial3dg/f4/diag/S/cylinder/
cylinder,F4S-00309,S,101,560185,UNKNOWN,goal_not_certified_free,EP-TOL,tolerance,0.0,,3.046,1.0771,3.0,1.5,1.512,5.0,1.512,5.0,1.5,1.5,,,,,REACHABLE:graph_path_lifted_and_verified,UNKNOWN:goal_not_certified_free,True,0.0,,,,gmc/results/aerial3dg/f4/sample/S_pairs.json#F4S-00309,,gmc/results/aerial3dg/f4/diag/S/cylinder/
cylinder,F4S-00311,S,101,562524,UNKNOWN,shared_replay_failed,EXPORT-DOMAIN,export,0.12,CERTIFIED,3.164,1.0837,2.0,1.5,1.512,5.0,2.11,5.0,5.0,,False,map_unknown,20.412,-20.0,,UNKNOWN:shared_replay_failed,True,0.1,,,,gmc/results/aerial3dg/f4/sample/S_pairs.json#F4S-00311,,gmc/results/aerial3dg/f4/diag/S/cylinder/
cylinder,F4S-00312,S,101,563824,UNKNOWN,shared_replay_failed,EXPORT-DOMAIN,export,0.03,CERTIFIED,3.422,1.0797,2.0,1.5,1.512,5.0,5.0,5.0,5.0,,False,map_unknown,46.016,-20.0,,UNKNOWN:shared_replay_failed,True,0.0,,,,gmc/results/aerial3dg/f4/sample/S_pairs.json#F4S-00312,,gmc/results/aerial3dg/f4/diag/S/cylinder/
cylinder,F4S-00318,S,101,575155,UNKNOWN,shared_replay_failed,EXPORT-DOMAIN,export,0.01,CERTIFIED,3.447,1.0978,0.5,1.5,1.512,5.0,5.0,5.0,5.0,,False,map_unknown,42.157,-20.0,,UNKNOWN:shared_replay_failed,True,0.0,,,,gmc/results/aerial3dg/f4/sample/S_pairs.json#F4S-00318,,gmc/results/aerial3dg/f4/diag/S/cylinder/
cylinder,F4S-00319,S,101,575633,UNKNOWN,shared_replay_failed,EXPORT-DOMAIN,export,0.01,CERTIFIED,3.445,1.0917,10.0,1.5,1.512,5.0,1.557,5.0,5.0,,False,map_unknown,48.265,-20.0,,UNKNOWN:shared_replay_failed,True,0.0,,,,gmc/results/aerial3dg/f4/sample/S_pairs.json#F4S-00319,,gmc/results/aerial3dg/f4/diag/S/cylinder/
cylinder,F4S-00320,S,101,575691,UNKNOWN,start_not_certified_free,EP-TOL,tolerance,0.0,,3.215,1.0766,1.5,1.5,1.512,1.512,5.0,1.5,5.0,1.5,,,,,REACHABLE:graph_path_lifted_and_verified,UNKNOWN:start_not_certified_free,True,0.0,,,,gmc/results/aerial3dg/f4/sample/S_pairs.json#F4S-00320,,gmc/results/aerial3dg/f4/diag/S/cylinder/
cylinder,F4S-00321,S,101,576455,UNKNOWN,shared_replay_failed,EXPORT-DOMAIN,export,0.02,CERTIFIED,3.286,1.0775,10.0,1.5,1.512,5.0,1.557,5.0,5.0,,False,map_unknown,11.578,-20.0,,UNKNOWN:shared_replay_failed,True,0.0,,,,gmc/results/aerial3dg/f4/sample/S_pairs.json#F4S-00321,,gmc/results/aerial3dg/f4/diag/S/cylinder/
cylinder,F4S-00323,S,101,582483,UNKNOWN,shared_replay_failed,EXPORT-DOMAIN,export,0.13,CERTIFIED,3.442,1.0864,2.0,1.5,1.512,5.0,5.0,5.0,5.0,,False,map_unknown,26.002,-19.538,,UNKNOWN:shared_replay_failed,True,0.1,,,,gmc/results/aerial3dg/f4/sample/S_pairs.json#F4S-00323,,gmc/results/aerial3dg/f4/diag/S/cylinder/
cylinder,F4S-00324,S,101,584578,UNKNOWN,shared_replay_failed,EXPORT-DOMAIN,export,0.03,CERTIFIED,3.319,1.0789,0.5,1.5,1.512,5.0,5.0,5.0,5.0,,False,map_unknown,34.647,-20.0,,UNKNOWN:shared_replay_failed,True,0.0,,,,gmc/results/aerial3dg/f4/sample/S_pairs.json#F4S-00324,,gmc/results/aerial3dg/f4/diag/S/cylinder/
cylinder,F4S-00326,S,101,588258,UNKNOWN,start_not_certified_free,EP-TOL,tolerance,0.0,,3.017,1.0775,5.0,1.5,1.512,1.512,5.0,1.5,5.0,1.5,,,,,UNKNOWN:shared_replay_failed,UNKNOWN:start_not_certified_free,True,0.0,,,,gmc/results/aerial3dg/f4/sample/S_pairs.json#F4S-00326,,gmc/results/aerial3dg/f4/diag/S/cylinder/
cylinder,F4S-00329,S,101,593172,UNKNOWN,shared_replay_failed,EXPORT-DOMAIN,export,0.04,CERTIFIED,3.449,1.0868,3.0,1.5,1.512,5.0,1.557,5.0,5.0,,False,map_unknown,9.276,-20.0,,UNKNOWN:shared_replay_failed,True,0.0,,,,gmc/results/aerial3dg/f4/sample/S_pairs.json#F4S-00329,,gmc/results/aerial3dg/f4/diag/S/cylinder/
cylinder,F4S-00332,S,101,601642,UNKNOWN,goal_not_certified_free,EP-TOL,tolerance,0.0,,3.169,1.0766,20.0,1.5,1.512,5.0,1.512,5.0,1.5,1.5,,,,,REACHABLE:graph_path_lifted_and_verified,UNKNOWN:goal_not_certified_free,True,0.0,,,,gmc/results/aerial3dg/f4/sample/S_pairs.json#F4S-00332,,gmc/results/aerial3dg/f4/diag/S/cylinder/
cylinder,F4S-00334,S,101,602774,UNKNOWN,shared_replay_failed,EXPORT-DOMAIN,export,0.02,CERTIFIED,3.162,1.0768,20.0,1.5,1.512,5.0,1.557,5.0,5.0,,False,map_unknown,4.121,-20.0,,UNKNOWN:shared_replay_failed,True,0.0,,,,gmc/results/aerial3dg/f4/sample/S_pairs.json#F4S-00334,,gmc/results/aerial3dg/f4/diag/S/cylinder/
cylinder,F4S-00335,S,101,605468,UNKNOWN,shared_replay_failed,EXPORT-DOMAIN,export,0.01,CERTIFIED,3.293,1.0938,10.0,1.5,1.512,5.0,5.0,5.0,5.0,,False,map_unknown,53.075,-20.0,,UNKNOWN:shared_replay_failed,True,0.0,,,,gmc/results/aerial3dg/f4/sample/S_pairs.json#F4S-00335,,gmc/results/aerial3dg/f4/diag/S/cylinder/
cylinder,F4S-00336,S,101,605659,UNKNOWN,shared_replay_failed,EXPORT-DOMAIN,export,0.02,CERTIFIED,3.249,1.0797,20.0,1.5,1.512,5.0,1.512,5.0,5.0,,False,map_unknown,11.868,-20.0,,UNKNOWN:shared_replay_failed,True,0.0,,,,gmc/results/aerial3dg/f4/sample/S_pairs.json#F4S-00336,,gmc/results/aerial3dg/f4/diag/S/cylinder/
cylinder,F4S-00337,S,101,608000,UNKNOWN,goal_not_certified_free,EP-TOL,tolerance,0.0,,3.03,1.0786,20.0,1.5,1.512,5.0,1.512,5.0,1.5,1.5,,,,,REACHABLE:graph_path_lifted_and_verified,UNKNOWN:goal_not_certified_free,True,0.0,,,,gmc/results/aerial3dg/f4/sample/S_pairs.json#F4S-00337,,gmc/results/aerial3dg/f4/diag/S/cylinder/
cylinder,F4S-00338,S,101,609582,UNKNOWN,shared_replay_failed,EXPORT-DOMAIN,export,0.03,CERTIFIED,3.272,1.0693,2.0,1.5,1.512,1.512,5.0,5.0,5.0,,False,map_unknown,3.783,-20.0,,UNKNOWN:shared_replay_failed,True,0.0,,,,gmc/results/aerial3dg/f4/sample/S_pairs.json#F4S-00338,,gmc/results/aerial3dg/f4/diag/S/cylinder/
cylinder,F4S-00339,S,101,612928,UNKNOWN,start_not_certified_free,EP-TOL,tolerance,0.0,,3.385,1.0772,5.0,1.5,1.512,1.489,1.512,1.5,5.0,1.5,,,,,REACHABLE:graph_path_lifted_and_verified,UNKNOWN:start_not_certified_free,True,0.0,,,,gmc/results/aerial3dg/f4/sample/S_pairs.json#F4S-00339,,gmc/results/aerial3dg/f4/diag/S/cylinder/
cylinder,F4S-00340,S,101,616120,UNKNOWN,shared_replay_failed,EXPORT-DOMAIN,export,0.04,CERTIFIED,3.394,1.0931,2.0,1.5,1.512,5.0,5.0,5.0,5.0,,False,map_unknown,73.248,-3.438,,UNKNOWN:shared_replay_failed,True,0.0,,,,gmc/results/aerial3dg/f4/sample/S_pairs.json#F4S-00340,,gmc/results/aerial3dg/f4/diag/S/cylinder/
cylinder,F4S-00341,S,101,616476,UNKNOWN,shared_replay_failed,EXPORT-DOMAIN,export,0.03,CERTIFIED,3.269,1.0797,0.5,1.5,1.512,1.512,5.0,5.0,5.0,,False,map_unknown,32.494,-20.0,,UNKNOWN:shared_replay_failed,True,0.0,,,,gmc/results/aerial3dg/f4/sample/S_pairs.json#F4S-00341,,gmc/results/aerial3dg/f4/diag/S/cylinder/
cylinder,F4S-00342,S,101,616538,UNKNOWN,shared_replay_failed,EXPORT-DOMAIN,export,0.02,CERTIFIED,3.14,1.0714,1.5,1.5,1.512,5.0,5.0,5.0,5.0,,False,map_unknown,26.826,-20.0,,UNKNOWN:shared_replay_failed,True,0.0,,,,gmc/results/aerial3dg/f4/sample/S_pairs.json#F4S-00342,,gmc/results/aerial3dg/f4/diag/S/cylinder/
cylinder,F4S-00343,S,101,618681,UNKNOWN,shared_replay_failed,EXPORT-DOMAIN,export,0.02,CERTIFIED,3.079,1.0822,1.5,1.5,1.512,5.0,5.0,5.0,5.0,,False,map_unknown,50.823,-19.038,,UNKNOWN:shared_replay_failed,True,0.0,,,,gmc/results/aerial3dg/f4/sample/S_pairs.json#F4S-00343,,gmc/results/aerial3dg/f4/diag/S/cylinder/
cylinder,F4S-00345,S,101,620607,UNKNOWN,shared_replay_failed,EXPORT-DOMAIN,export,0.02,CERTIFIED,3.144,1.0623,0.5,1.5,1.512,5.0,5.0,5.0,5.0,,False,map_unknown,7.396,-20.0,,UNKNOWN:shared_replay_failed,True,0.0,,,,gmc/results/aerial3dg/f4/sample/S_pairs.json#F4S-00345,,gmc/results/aerial3dg/f4/diag/S/cylinder/
cylinder,F4S-00346,S,101,622638,UNKNOWN,goal_not_certified_free,EP-TOL,tolerance,0.0,,3.073,1.0783,50.0,1.5,1.512,5.0,1.512,5.0,1.5,1.5,,,,,REACHABLE:graph_path_lifted_and_verified,UNKNOWN:goal_not_certified_free,True,0.0,,,,gmc/results/aerial3dg/f4/sample/S_pairs.json#F4S-00346,,gmc/results/aerial3dg/f4/diag/S/cylinder/
cylinder,F4S-00347,S,101,625052,UNKNOWN,goal_not_certified_free,EP-TOL,tolerance,0.0,,3.133,1.0773,20.0,1.5,1.512,5.0,1.512,5.0,1.5,1.5,,,,,REACHABLE:graph_path_lifted_and_verified,UNKNOWN:goal_not_certified_free,True,0.0,,,,gmc/results/aerial3dg/f4/sample/S_pairs.json#F4S-00347,,gmc/results/aerial3dg/f4/diag/S/cylinder/
cylinder,F4S-00348,S,101,625804,UNKNOWN,shared_replay_failed,EXPORT-DOMAIN,export,0.01,CERTIFIED,3.292,1.0774,10.0,1.5,1.512,5.0,1.557,5.0,5.0,,False,map_unknown,18.489,-20.0,,UNKNOWN:shared_replay_failed,True,0.0,,,,gmc/results/aerial3dg/f4/sample/S_pairs.json#F4S-00348,,gmc/results/aerial3dg/f4/diag/S/cylinder/
cylinder,F4S-00349,S,101,626636,UNKNOWN,shared_replay_failed,EXPORT-DOMAIN,export,0.02,CERTIFIED,3.235,1.0907,10.0,1.5,1.512,5.0,1.512,5.0,5.0,,False,map_unknown,47.394,-20.0,,UNKNOWN:shared_replay_failed,True,0.0,,,,gmc/results/aerial3dg/f4/sample/S_pairs.json#F4S-00349,,gmc/results/aerial3dg/f4/diag/S/cylinder/
cylinder,F4S-00350,S,101,627266,UNKNOWN,goal_not_certified_free,EP-TOL,tolerance,0.0,,3.376,1.0772,1.0,1.0,1.512,5.0,1.026,5.0,1.0,1.0,,,,,UNKNOWN:shared_replay_failed,UNKNOWN:goal_not_certified_free,True,0.0,,,,gmc/results/aerial3dg/f4/sample/S_pairs.json#F4S-00350,,gmc/results/aerial3dg/f4/diag/S/cylinder/
cylinder,F4S-00351,S,101,627531,UNKNOWN,goal_not_certified_free,EP-TOL,tolerance,0.0,,3.161,1.0942,0.5,1.5,1.512,5.0,1.512,5.0,1.5,1.5,,,,,UNKNOWN:shared_replay_failed,UNKNOWN:goal_not_certified_free,True,0.0,,,,gmc/results/aerial3dg/f4/sample/S_pairs.json#F4S-00351,,gmc/results/aerial3dg/f4/diag/S/cylinder/
cylinder,F4S-00352,S,101,633275,UNKNOWN,shared_replay_failed,EXPORT-DOMAIN,export,0.01,CERTIFIED,3.024,1.0817,1.0,1.5,1.512,5.0,5.0,5.0,5.0,,False,map_unknown,26.523,-20.0,,UNKNOWN:shared_replay_failed,True,0.0,,,,gmc/results/aerial3dg/f4/sample/S_pairs.json#F4S-00352,,gmc/results/aerial3dg/f4/diag/S/cylinder/
cylinder,F4S-00354,S,101,634917,UNKNOWN,shared_replay_failed,EXPORT-DOMAIN,export,0.01,CERTIFIED,3.092,1.0629,2.0,1.5,1.512,5.0,1.512,5.0,5.0,,False,map_unknown,16.265,-20.0,,UNKNOWN:shared_replay_failed,True,0.0,,,,gmc/results/aerial3dg/f4/sample/S_pairs.json#F4S-00354,,gmc/results/aerial3dg/f4/diag/S/cylinder/
cylinder,F4S-00357,S,101,646073,UNKNOWN,shared_replay_failed,EXPORT-DOMAIN,export,0.02,CERTIFIED,3.101,1.0853,20.0,1.5,1.512,5.0,1.512,5.0,5.0,,False,map_unknown,43.021,-20.0,,UNKNOWN:shared_replay_failed,True,0.0,,,,gmc/results/aerial3dg/f4/sample/S_pairs.json#F4S-00357,,gmc/results/aerial3dg/f4/diag/S/cylinder/
cylinder,F4S-00362,S,101,655251,UNKNOWN,start_not_certified_free,EP-TOL,tolerance,0.0,,3.283,1.0771,10.0,1.0,1.512,1.031,1.512,1.0,5.0,1.0,,,,,REACHABLE:graph_path_lifted_and_verified,UNKNOWN:start_not_certified_free,True,0.0,,,,gmc/results/aerial3dg/f4/sample/S_pairs.json#F4S-00362,,gmc/results/aerial3dg/f4/diag/S/cylinder/
cylinder,F4S-00363,S,101,655338,UNKNOWN,shared_replay_failed,EXPORT-DOMAIN,export,0.16,CERTIFIED,3.339,1.0897,1.0,1.5,1.512,5.0,5.0,5.0,5.0,,False,map_unknown,50.623,-16.538,,UNKNOWN:shared_replay_failed,True,0.2,,,,gmc/results/aerial3dg/f4/sample/S_pairs.json#F4S-00363,,gmc/results/aerial3dg/f4/diag/S/cylinder/
cylinder,F4S-00365,S,101,656114,UNKNOWN,shared_replay_failed,EXPORT-DOMAIN,export,0.02,CERTIFIED,3.469,1.0828,1.5,1.5,1.512,5.0,5.0,5.0,5.0,,False,map_unknown,38.367,-20.0,,UNKNOWN:shared_replay_failed,True,0.0,,,,gmc/results/aerial3dg/f4/sample/S_pairs.json#F4S-00365,,gmc/results/aerial3dg/f4/diag/S/cylinder/
cylinder,F4S-00367,S,101,658482,UNKNOWN,shared_replay_failed,EXPORT-DOMAIN,export,0.03,CERTIFIED,3.372,1.0787,1.0,1.5,1.512,5.0,5.0,5.0,5.0,,False,map_unknown,42.024,-20.0,,UNKNOWN:shared_replay_failed,True,0.0,,,,gmc/results/aerial3dg/f4/sample/S_pairs.json#F4S-00367,,gmc/results/aerial3dg/f4/diag/S/cylinder/
cylinder,F4S-00370,S,101,659561,UNKNOWN,start_not_certified_free,EP-TOL,tolerance,0.0,,3.041,1.0754,20.0,1.5,1.512,1.512,5.0,1.5,5.0,1.5,,,,,REACHABLE:graph_path_lifted_and_verified,UNKNOWN:start_not_certified_free,True,0.0,,,,gmc/results/aerial3dg/f4/sample/S_pairs.json#F4S-00370,,gmc/results/aerial3dg/f4/diag/S/cylinder/
cylinder,F4S-00373,S,101,662668,UNKNOWN,shared_replay_failed,EXPORT-DOMAIN,export,0.03,CERTIFIED,3.345,1.075,2.0,1.5,1.512,5.0,5.0,5.0,5.0,,False,map_unknown,30.953,-20.0,,UNKNOWN:shared_replay_failed,True,0.0,,,,gmc/results/aerial3dg/f4/sample/S_pairs.json#F4S-00373,,gmc/results/aerial3dg/f4/diag/S/cylinder/
cylinder,F4S-00374,S,101,663382,UNKNOWN,shared_replay_failed,EXPORT-DOMAIN,export,0.01,CERTIFIED,3.124,1.085,20.0,1.5,1.512,1.512,5.0,5.0,5.0,,False,map_unknown,26.138,-20.0,,UNKNOWN:shared_replay_failed,True,0.0,,,,gmc/results/aerial3dg/f4/sample/S_pairs.json#F4S-00374,,gmc/results/aerial3dg/f4/diag/S/cylinder/
cylinder,F4S-00375,S,101,663429,UNKNOWN,shared_replay_failed,EXPORT-DOMAIN,export,0.01,CERTIFIED,3.284,1.0766,5.0,1.5,1.512,5.0,3.237,5.0,5.0,,False,map_unknown,18.991,-20.0,,UNKNOWN:shared_replay_failed,True,0.0,,,,gmc/results/aerial3dg/f4/sample/S_pairs.json#F4S-00375,,gmc/results/aerial3dg/f4/diag/S/cylinder/
cylinder,F4S-00376,S,101,664409,UNKNOWN,shared_replay_failed,EXPORT-DOMAIN,export,0.01,CERTIFIED,3.004,1.0727,10.0,1.5,1.512,5.0,5.0,5.0,5.0,,False,map_unknown,14.622,-20.0,,UNKNOWN:shared_replay_failed,True,0.0,,,,gmc/results/aerial3dg/f4/sample/S_pairs.json#F4S-00376,,gmc/results/aerial3dg/f4/diag/S/cylinder/
cylinder,F4S-00379,S,101,668806,UNKNOWN,shared_replay_failed,EXPORT-DOMAIN,export,0.05,CERTIFIED,3.273,1.0975,1.5,1.5,1.512,5.0,1.557,5.0,5.0,,False,map_unknown,46.267,-7.838,,UNKNOWN:shared_replay_failed,True,0.1,,,,gmc/results/aerial3dg/f4/sample/S_pairs.json#F4S-00379,,gmc/results/aerial3dg/f4/diag/S/cylinder/
cylinder,F4S-00380,S,101,668881,UNKNOWN,shared_replay_failed,EXPORT-DOMAIN,export,0.02,CERTIFIED,3.002,1.0741,3.0,1.5,1.512,5.0,1.512,5.0,5.0,,False,map_unknown,28.815,-20.0,,UNKNOWN:shared_replay_failed,True,0.0,,,,gmc/results/aerial3dg/f4/sample/S_pairs.json#F4S-00380,,gmc/results/aerial3dg/f4/diag/S/cylinder/
cylinder,F4S-00383,S,101,672137,UNKNOWN,shared_replay_failed,EXPORT-DOMAIN,export,0.01,CERTIFIED,3.262,1.0955,1.5,1.5,1.512,5.0,5.0,5.0,5.0,,False,map_unknown,54.714,-11.038,,UNKNOWN:shared_replay_failed,True,0.0,,,,gmc/results/aerial3dg/f4/sample/S_pairs.json#F4S-00383,,gmc/results/aerial3dg/f4/diag/S/cylinder/
cylinder,F4S-00384,S,101,678641,UNKNOWN,start_not_certified_free,EP-TOL,tolerance,0.0,,3.019,1.0888,2.0,1.5,1.512,1.512,5.0,1.5,5.0,1.5,,,,,UNKNOWN:shared_replay_failed,UNKNOWN:start_not_certified_free,True,0.0,,,,gmc/results/aerial3dg/f4/sample/S_pairs.json#F4S-00384,,gmc/results/aerial3dg/f4/diag/S/cylinder/
cylinder,F4S-00387,S,101,684416,UNKNOWN,shared_replay_failed,EXPORT-DOMAIN,export,0.07,CERTIFIED,3.53,1.0868,1.5,1.5,1.512,5.0,5.0,5.0,5.0,,False,map_unknown,61.779,-7.738,,UNKNOWN:shared_replay_failed,True,0.1,,,,gmc/results/aerial3dg/f4/sample/S_pairs.json#F4S-00387,,gmc/results/aerial3dg/f4/diag/S/cylinder/
cylinder,F4S-00389,S,101,687097,UNKNOWN,shared_replay_failed,EXPORT-DOMAIN,export,0.01,CERTIFIED,3.175,1.0846,10.0,1.5,1.512,5.0,5.0,5.0,5.0,,False,map_unknown,46.519,-20.0,,UNKNOWN:shared_replay_failed,True,0.0,,,,gmc/results/aerial3dg/f4/sample/S_pairs.json#F4S-00389,,gmc/results/aerial3dg/f4/diag/S/cylinder/
cylinder,F4S-00390,S,101,691980,UNKNOWN,shared_replay_failed,EXPORT-DOMAIN,export,0.17,CERTIFIED,3.317,1.0801,10.0,1.5,1.512,5.0,1.512,5.0,5.0,,False,map_unknown,40.793,-20.0,,UNKNOWN:shared_replay_failed,True,0.2,,,,gmc/results/aerial3dg/f4/sample/S_pairs.json#F4S-00390,,gmc/results/aerial3dg/f4/diag/S/cylinder/
cylinder,F4S-00391,S,101,692858,UNKNOWN,shared_replay_failed,EXPORT-DOMAIN,export,0.04,CERTIFIED,3.121,1.0774,1.0,1.5,1.512,5.0,1.557,5.0,5.0,,False,map_unknown,1.24,-20.0,,UNKNOWN:shared_replay_failed,True,0.0,,,,gmc/results/aerial3dg/f4/sample/S_pairs.json#F4S-00391,,gmc/results/aerial3dg/f4/diag/S/cylinder/
cylinder,F4S-00392,S,101,695163,UNKNOWN,start_not_certified_free,EP-TOL,tolerance,0.0,,3.076,1.1224,2.0,1.5,1.512,1.512,5.0,1.5,5.0,1.5,,,,,UNKNOWN:shared_replay_failed,UNKNOWN:start_not_certified_free,True,0.0,,,,gmc/results/aerial3dg/f4/sample/S_pairs.json#F4S-00392,,gmc/results/aerial3dg/f4/diag/S/cylinder/
cylinder,F4S-00393,S,101,699678,UNKNOWN,goal_not_certified_free,EP-TOL,tolerance,0.0,,3.164,1.0767,50.0,1.5,1.512,5.0,1.512,5.0,1.5,1.5,,,,,REACHABLE:graph_path_lifted_and_verified,UNKNOWN:goal_not_certified_free,True,0.0,,,,gmc/results/aerial3dg/f4/sample/S_pairs.json#F4S-00393,,gmc/results/aerial3dg/f4/diag/S/cylinder/
cylinder,F4S-00394,S,101,703143,UNKNOWN,goal_not_certified_free,EP-TOL,tolerance,0.0,,3.003,1.1003,0.0,1.5,1.512,5.0,1.512,5.0,1.5,1.5,,,,,UNKNOWN:shared_replay_failed,UNKNOWN:goal_not_certified_free,True,0.0,,,,gmc/results/aerial3dg/f4/sample/S_pairs.json#F4S-00394,,gmc/results/aerial3dg/f4/diag/S/cylinder/
cylinder,F4S-00395,S,101,704878,UNKNOWN,shared_replay_failed,EXPORT-DOMAIN,export,0.01,CERTIFIED,3.152,1.0769,0.0,1.5,1.512,1.557,5.0,5.0,5.0,,False,map_unknown,21.174,-20.0,,UNKNOWN:shared_replay_failed,True,0.0,,,,gmc/results/aerial3dg/f4/sample/S_pairs.json#F4S-00395,,gmc/results/aerial3dg/f4/diag/S/cylinder/
cylinder,F4S-00396,S,101,704894,UNKNOWN,shared_replay_failed,EXPORT-DOMAIN,export,0.01,CERTIFIED,3.016,1.0898,2.0,1.5,1.512,5.0,5.0,5.0,5.0,,False,map_unknown,65.553,-9.138,,UNKNOWN:shared_replay_failed,True,0.0,,,,gmc/results/aerial3dg/f4/sample/S_pairs.json#F4S-00396,,gmc/results/aerial3dg/f4/diag/S/cylinder/
cylinder,F4S-00397,S,101,707395,UNKNOWN,shared_replay_failed,EXPORT-DOMAIN,export,0.04,CERTIFIED,3.461,1.0818,5.0,1.5,0.535,1.494,5.0,2.0,5.0,,False,map_unknown,51.883,-11.938,,UNKNOWN:shared_replay_failed,True,0.0,,,,gmc/results/aerial3dg/f4/sample/S_pairs.json#F4S-00397,,gmc/results/aerial3dg/f4/diag/S/cylinder/
cylinder,F4S-00399,S,101,711046,UNKNOWN,shared_replay_failed,EXPORT-DOMAIN,export,0.01,CERTIFIED,3.202,1.0727,3.0,1.5,1.512,5.0,5.0,5.0,5.0,,False,map_unknown,23.141,-20.0,,UNKNOWN:shared_replay_failed,True,0.0,,,,gmc/results/aerial3dg/f4/sample/S_pairs.json#F4S-00399,,gmc/results/aerial3dg/f4/diag/S/cylinder/
cylinder,F4S-00401,S,101,715852,UNKNOWN,shared_replay_failed,EXPORT-DOMAIN,export,0.01,CERTIFIED,3.055,1.0868,2.0,1.5,1.512,5.0,5.0,5.0,5.0,,False,map_unknown,54.733,-13.938,,UNKNOWN:shared_replay_failed,True,0.0,,,,gmc/results/aerial3dg/f4/sample/S_pairs.json#F4S-00401,,gmc/results/aerial3dg/f4/diag/S/cylinder/
cylinder,F4S-00402,S,101,717039,UNKNOWN,start_not_certified_free,EP-TOL,tolerance,0.0,,3.056,1.0806,5.0,1.5,1.512,1.728,1.512,1.5,1.5,1.5,,,,,UNKNOWN:shared_replay_failed,UNKNOWN:start_not_certified_free,True,0.0,,,,gmc/results/aerial3dg/f4/sample/S_pairs.json#F4S-00402,,gmc/results/aerial3dg/f4/diag/S/cylinder/
cylinder,F4S-00403,S,101,720062,UNKNOWN,shared_replay_failed,EXPORT-DOMAIN,export,0.13,CERTIFIED,3.422,1.0941,1.5,1.5,1.512,5.0,5.0,5.0,5.0,,False,map_unknown,33.568,-10.738,,UNKNOWN:shared_replay_failed,True,0.1,,,,gmc/results/aerial3dg/f4/sample/S_pairs.json#F4S-00403,,gmc/results/aerial3dg/f4/diag/S/cylinder/
cylinder,F4S-00405,S,101,721973,UNKNOWN,shared_replay_failed,EXPORT-DOMAIN,export,0.03,CERTIFIED,3.406,1.0796,5.0,1.5,1.512,5.0,1.557,5.0,5.0,,False,map_unknown,14.584,-20.0,,UNKNOWN:shared_replay_failed,True,0.0,,,,gmc/results/aerial3dg/f4/sample/S_pairs.json#F4S-00405,,gmc/results/aerial3dg/f4/diag/S/cylinder/
cylinder,F4S-00406,S,101,722977,UNKNOWN,start_not_certified_free,EP-TOL,tolerance,0.0,,3.015,1.0784,20.0,1.5,1.512,1.512,5.0,1.5,5.0,1.5,,,,,UNKNOWN:shared_replay_failed,UNKNOWN:start_not_certified_free,True,0.0,,,,gmc/results/aerial3dg/f4/sample/S_pairs.json#F4S-00406,,gmc/results/aerial3dg/f4/diag/S/cylinder/
cylinder,F4S-00407,S,101,723186,UNKNOWN,goal_not_certified_free,EP-TOL,tolerance,0.0,,3.024,1.0798,2.0,1.5,1.512,5.0,1.512,5.0,1.5,1.5,,,,,UNKNOWN:shared_replay_failed,UNKNOWN:goal_not_certified_free,True,0.0,,,,gmc/results/aerial3dg/f4/sample/S_pairs.json#F4S-00407,,gmc/results/aerial3dg/f4/diag/S/cylinder/
cylinder,F4S-00408,S,101,724101,UNKNOWN,shared_replay_failed,EXPORT-DOMAIN,export,0.03,CERTIFIED,3.309,1.0787,0.5,1.5,1.512,3.994,1.512,5.0,5.0,,False,map_unknown,11.163,-20.0,,UNKNOWN:shared_replay_failed,True,0.0,,,,gmc/results/aerial3dg/f4/sample/S_pairs.json#F4S-00408,,gmc/results/aerial3dg/f4/diag/S/cylinder/
cylinder,F4S-00409,S,101,727753,UNKNOWN,shared_replay_failed,EXPORT-DOMAIN,export,0.03,CERTIFIED,3.225,1.0666,2.0,1.5,1.512,5.0,5.0,5.0,5.0,,False,map_unknown,7.834,-20.0,,UNKNOWN:shared_replay_failed,True,0.0,,,,gmc/results/aerial3dg/f4/sample/S_pairs.json#F4S-00409,,gmc/results/aerial3dg/f4/diag/S/cylinder/
cylinder,F4S-00410,S,101,730973,UNKNOWN,shared_replay_failed,EXPORT-DOMAIN,export,0.03,CERTIFIED,3.029,1.0976,0.0,1.5,1.512,5.0,5.0,5.0,5.0,,False,map_unknown,28.605,-15.538,,UNKNOWN:shared_replay_failed,True,0.0,,,,gmc/results/aerial3dg/f4/sample/S_pairs.json#F4S-00410,,gmc/results/aerial3dg/f4/diag/S/cylinder/
cylinder,F4S-00411,S,101,733611,UNKNOWN,shared_replay_failed,EXPORT-DOMAIN,export,0.05,CERTIFIED,3.174,1.0778,0.0,1.5,1.512,5.0,1.557,5.0,5.0,,False,map_unknown,0.786,-20.0,,UNKNOWN:shared_replay_failed,True,0.0,,,,gmc/results/aerial3dg/f4/sample/S_pairs.json#F4S-00411,,gmc/results/aerial3dg/f4/diag/S/cylinder/
cylinder,F4S-00412,S,101,738967,UNKNOWN,shared_replay_failed,EXPORT-DOMAIN,export,0.03,CERTIFIED,3.2,1.0745,0.5,1.5,1.512,5.0,5.0,5.0,5.0,,False,map_unknown,47.475,-20.0,,UNKNOWN:shared_replay_failed,True,0.0,,,,gmc/results/aerial3dg/f4/sample/S_pairs.json#F4S-00412,,gmc/results/aerial3dg/f4/diag/S/cylinder/
cylinder,F4S-00413,S,101,740034,UNKNOWN,shared_replay_failed,EXPORT-DOMAIN,export,0.02,CERTIFIED,3.12,1.1018,1.5,1.5,1.512,5.0,5.0,5.0,5.0,,False,map_unknown,63.413,-10.838,,UNKNOWN:shared_replay_failed,True,0.0,,,,gmc/results/aerial3dg/f4/sample/S_pairs.json#F4S-00413,,gmc/results/aerial3dg/f4/diag/S/cylinder/
cylinder,F4S-00415,S,101,745530,UNKNOWN,shared_replay_failed,EXPORT-DOMAIN,export,0.02,CERTIFIED,3.356,1.0781,0.0,1.5,1.512,5.0,5.0,5.0,5.0,,False,map_unknown,21.32,-20.0,,UNKNOWN:shared_replay_failed,True,0.0,,,,gmc/results/aerial3dg/f4/sample/S_pairs.json#F4S-00415,,gmc/results/aerial3dg/f4/diag/S/cylinder/
cylinder,F4S-00417,S,101,748940,UNKNOWN,shared_replay_failed,EXPORT-DOMAIN,export,0.03,CERTIFIED,3.063,1.0948,2.0,1.5,1.512,5.0,5.0,5.0,5.0,,False,map_unknown,66.342,-3.538,,UNKNOWN:shared_replay_failed,True,0.0,,,,gmc/results/aerial3dg/f4/sample/S_pairs.json#F4S-00417,,gmc/results/aerial3dg/f4/diag/S/cylinder/
cylinder,F4S-00418,S,101,751713,UNKNOWN,shared_replay_failed,EXPORT-DOMAIN,export,0.02,CERTIFIED,3.152,1.0779,1.0,1.5,1.512,5.0,5.0,5.0,5.0,,False,map_unknown,10.094,-20.0,,UNKNOWN:shared_replay_failed,True,0.0,,,,gmc/results/aerial3dg/f4/sample/S_pairs.json#F4S-00418,,gmc/results/aerial3dg/f4/diag/S/cylinder/
cylinder,F4S-00421,S,101,761588,UNKNOWN,shared_replay_failed,EXPORT-DOMAIN,export,0.01,CERTIFIED,3.408,1.0928,10.0,1.5,1.512,5.0,1.557,5.0,5.0,,False,map_unknown,47.931,-20.0,,UNKNOWN:shared_replay_failed,True,0.0,,,,gmc/results/aerial3dg/f4/sample/S_pairs.json#F4S-00421,,gmc/results/aerial3dg/f4/diag/S/cylinder/
cylinder,F4S-00422,S,101,763302,UNKNOWN,start_not_certified_free,EP-TOL,tolerance,0.0,,3.063,1.0701,10.0,1.5,1.512,1.512,5.0,1.5,5.0,1.5,,,,,UNKNOWN:shared_replay_failed,UNKNOWN:start_not_certified_free,True,0.0,,,,gmc/results/aerial3dg/f4/sample/S_pairs.json#F4S-00422,,gmc/results/aerial3dg/f4/diag/S/cylinder/
cylinder,F4S-00423,S,101,768258,UNKNOWN,shared_replay_failed,EXPORT-DOMAIN,export,0.03,CERTIFIED,3.096,1.0824,1.5,1.5,1.512,5.0,5.0,5.0,5.0,,False,map_unknown,12.93,-20.0,,UNKNOWN:shared_replay_failed,True,0.0,,,,gmc/results/aerial3dg/f4/sample/S_pairs.json#F4S-00423,,gmc/results/aerial3dg/f4/diag/S/cylinder/
cylinder,F4S-00425,S,101,772805,UNKNOWN,shared_replay_failed,EXPORT-DOMAIN,export,0.03,CERTIFIED,3.249,1.0979,1.5,1.5,1.512,5.0,1.557,5.0,5.0,,False,map_unknown,44.591,-14.838,,UNKNOWN:shared_replay_failed,True,0.0,,,,gmc/results/aerial3dg/f4/sample/S_pairs.json#F4S-00425,,gmc/results/aerial3dg/f4/diag/S/cylinder/
cylinder,F4S-00426,S,101,773885,UNKNOWN,shared_replay_failed,EXPORT-DOMAIN,export,0.04,CERTIFIED,3.425,1.0668,0.0,1.5,1.512,5.0,5.0,5.0,5.0,,False,map_unknown,7.459,-20.0,,UNKNOWN:shared_replay_failed,True,0.0,,,,gmc/results/aerial3dg/f4/sample/S_pairs.json#F4S-00426,,gmc/results/aerial3dg/f4/diag/S/cylinder/
cylinder,F4S-00427,S,101,783022,UNKNOWN,shared_replay_failed,EXPORT-DOMAIN,export,0.06,CERTIFIED,3.4,1.0856,2.0,1.5,1.512,5.0,5.0,5.0,5.0,,False,map_unknown,40.227,-20.0,,UNKNOWN:shared_replay_failed,True,0.1,,,,gmc/results/aerial3dg/f4/sample/S_pairs.json#F4S-00427,,gmc/results/aerial3dg/f4/diag/S/cylinder/
cylinder,F4S-00429,S,101,786295,UNKNOWN,shared_replay_failed,EXPORT-DOMAIN,export,0.03,CERTIFIED,3.144,1.0788,2.0,1.5,1.512,5.0,1.557,5.0,5.0,,False,map_unknown,20.088,-20.0,,UNKNOWN:shared_replay_failed,True,0.0,,,,gmc/results/aerial3dg/f4/sample/S_pairs.json#F4S-00429,,gmc/results/aerial3dg/f4/diag/S/cylinder/
cylinder,F4S-00430,S,101,787238,UNKNOWN,shared_replay_failed,EXPORT-DOMAIN,export,0.04,CERTIFIED,3.362,1.0893,2.0,1.5,1.512,5.0,5.0,5.0,5.0,,False,map_unknown,25.286,-20.0,,UNKNOWN:shared_replay_failed,True,0.0,,,,gmc/results/aerial3dg/f4/sample/S_pairs.json#F4S-00430,,gmc/results/aerial3dg/f4/diag/S/cylinder/
cylinder,F4S-00432,S,101,790143,UNKNOWN,shared_replay_failed,EXPORT-DOMAIN,export,0.15,CERTIFIED,3.262,1.0963,2.0,1.5,1.512,5.0,5.0,5.0,5.0,,False,map_unknown,23.338,-5.938,,UNKNOWN:shared_replay_failed,True,0.2,,,,gmc/results/aerial3dg/f4/sample/S_pairs.json#F4S-00432,,gmc/results/aerial3dg/f4/diag/S/cylinder/
cylinder,F4S-00434,S,101,795037,UNKNOWN,shared_replay_failed,EXPORT-DOMAIN,export,0.02,CERTIFIED,3.133,1.0774,20.0,1.5,1.512,5.0,5.0,5.0,5.0,,False,map_unknown,0.489,-20.0,,UNKNOWN:shared_replay_failed,True,0.0,,,,gmc/results/aerial3dg/f4/sample/S_pairs.json#F4S-00434,,gmc/results/aerial3dg/f4/diag/S/cylinder/
cylinder,F4S-00435,S,101,796803,UNKNOWN,shared_replay_failed,EXPORT-DOMAIN,export,0.02,CERTIFIED,3.328,1.0824,0.0,1.5,1.512,5.0,1.512,5.0,5.0,,False,map_unknown,33.322,-20.0,,UNKNOWN:shared_replay_failed,True,0.0,,,,gmc/results/aerial3dg/f4/sample/S_pairs.json#F4S-00435,,gmc/results/aerial3dg/f4/diag/S/cylinder/
cylinder,F4S-00436,S,101,797165,UNKNOWN,shared_replay_failed,EXPORT-DOMAIN,export,0.02,CERTIFIED,3.385,1.0853,20.0,1.5,1.512,5.0,5.0,5.0,5.0,,False,map_unknown,30.297,-20.0,,UNKNOWN:shared_replay_failed,True,0.0,,,,gmc/results/aerial3dg/f4/sample/S_pairs.json#F4S-00436,,gmc/results/aerial3dg/f4/diag/S/cylinder/
cylinder,F4S-00438,S,101,799495,UNKNOWN,shared_replay_failed,EXPORT-DOMAIN,export,0.01,CERTIFIED,3.077,1.0801,0.5,1.5,1.512,1.557,5.0,5.0,5.0,,False,map_unknown,9.386,-20.0,,UNKNOWN:shared_replay_failed,True,0.0,,,,gmc/results/aerial3dg/f4/sample/S_pairs.json#F4S-00438,,gmc/results/aerial3dg/f4/diag/S/cylinder/
cylinder,F4S-00439,S,101,800745,UNKNOWN,shared_replay_failed,EXPORT-DOMAIN,export,0.08,CERTIFIED,3.558,1.0866,2.0,1.5,1.512,5.0,1.353,5.0,2.0,,False,map_unknown,29.528,-20.0,,UNKNOWN:shared_replay_failed,True,0.1,,,,gmc/results/aerial3dg/f4/sample/S_pairs.json#F4S-00439,,gmc/results/aerial3dg/f4/diag/S/cylinder/
cylinder,F4S-00440,S,101,804974,UNKNOWN,goal_not_certified_free,EP-TOL,tolerance,0.0,,3.032,1.0803,20.0,1.5,1.512,5.0,1.512,5.0,1.5,1.5,,,,,REACHABLE:graph_path_lifted_and_verified,UNKNOWN:goal_not_certified_free,True,0.0,,,,gmc/results/aerial3dg/f4/sample/S_pairs.json#F4S-00440,,gmc/results/aerial3dg/f4/diag/S/cylinder/
cylinder,F4S-00444,S,101,807406,UNKNOWN,shared_replay_failed,EXPORT-DOMAIN,export,0.03,CERTIFIED,3.019,1.0982,2.0,1.5,1.512,5.0,1.512,5.0,5.0,,False,map_unknown,59.639,-10.438,,UNKNOWN:shared_replay_failed,True,0.0,,,,gmc/results/aerial3dg/f4/sample/S_pairs.json#F4S-00444,,gmc/results/aerial3dg/f4/diag/S/cylinder/
cylinder,F4S-00446,S,101,807906,UNKNOWN,shared_replay_failed,EXPORT-DOMAIN,export,0.03,CERTIFIED,3.245,1.0733,0.0,1.5,1.512,5.0,1.512,5.0,5.0,,False,map_unknown,27.664,-20.0,,UNKNOWN:shared_replay_failed,True,0.0,,,,gmc/results/aerial3dg/f4/sample/S_pairs.json#F4S-00446,,gmc/results/aerial3dg/f4/diag/S/cylinder/
cylinder,F4S-00449,S,101,818848,UNKNOWN,shared_replay_failed,EXPORT-DOMAIN,export,0.02,CERTIFIED,3.008,1.08,20.0,1.5,1.512,3.564,1.512,5.0,5.0,,False,map_unknown,3.322,-20.0,,UNKNOWN:shared_replay_failed,True,0.0,,,,gmc/results/aerial3dg/f4/sample/S_pairs.json#F4S-00449,,gmc/results/aerial3dg/f4/diag/S/cylinder/
cylinder,F4S-00450,S,101,821672,UNKNOWN,goal_not_certified_free,EP-TOL,tolerance,0.0,,3.076,1.0753,50.0,1.5,1.512,5.0,1.512,5.0,1.5,1.5,,,,,REACHABLE:graph_path_lifted_and_verified,UNKNOWN:goal_not_certified_free,True,0.0,,,,gmc/results/aerial3dg/f4/sample/S_pairs.json#F4S-00450,,gmc/results/aerial3dg/f4/diag/S/cylinder/
cylinder,F4S-00451,S,101,822053,UNKNOWN,goal_not_certified_free,EP-TOL,tolerance,0.0,,3.034,1.0808,20.0,1.5,1.512,5.0,1.512,5.0,1.5,1.5,,,,,UNKNOWN:shared_replay_failed,UNKNOWN:goal_not_certified_free,True,0.0,,,,gmc/results/aerial3dg/f4/sample/S_pairs.json#F4S-00451,,gmc/results/aerial3dg/f4/diag/S/cylinder/
cylinder,F4S-00454,S,101,825163,UNKNOWN,shared_replay_failed,EXPORT-DOMAIN,export,0.01,CERTIFIED,3.343,1.0904,10.0,1.5,1.512,5.0,5.0,5.0,5.0,,False,map_unknown,59.887,-14.238,,UNKNOWN:shared_replay_failed,True,0.0,,,,gmc/results/aerial3dg/f4/sample/S_pairs.json#F4S-00454,,gmc/results/aerial3dg/f4/diag/S/cylinder/
cylinder,F4S-00455,S,101,826186,UNKNOWN,shared_replay_failed,EXPORT-DOMAIN,export,0.01,CERTIFIED,3.001,1.0932,2.0,1.5,1.512,2.416,5.0,5.0,5.0,,False,map_unknown,40.42,-20.0,,UNKNOWN:shared_replay_failed,True,0.0,,,,gmc/results/aerial3dg/f4/sample/S_pairs.json#F4S-00455,,gmc/results/aerial3dg/f4/diag/S/cylinder/
cylinder,F4S-00456,S,101,826964,UNKNOWN,goal_not_certified_free,EP-TOL,tolerance,0.0,,3.076,1.0941,10.0,1.5,1.512,5.0,1.512,5.0,1.5,1.5,,,,,UNKNOWN:shared_replay_failed,UNKNOWN:goal_not_certified_free,True,0.0,,,,gmc/results/aerial3dg/f4/sample/S_pairs.json#F4S-00456,,gmc/results/aerial3dg/f4/diag/S/cylinder/
cylinder,F4S-00458,S,101,836703,UNKNOWN,shared_replay_failed,EXPORT-DOMAIN,export,0.04,CERTIFIED,3.044,1.0791,0.0,1.5,1.512,5.0,1.512,5.0,5.0,,False,map_unknown,21.972,-20.0,,UNKNOWN:shared_replay_failed,True,0.0,,,,gmc/results/aerial3dg/f4/sample/S_pairs.json#F4S-00458,,gmc/results/aerial3dg/f4/diag/S/cylinder/
cylinder,F4S-00459,S,101,837481,UNKNOWN,goal_not_certified_free,EP-TOL,tolerance,0.0,,3.033,1.079,5.0,1.5,1.512,5.0,1.512,5.0,1.5,1.5,,,,,REACHABLE:graph_path_lifted_and_verified,UNKNOWN:goal_not_certified_free,True,0.0,,,,gmc/results/aerial3dg/f4/sample/S_pairs.json#F4S-00459,,gmc/results/aerial3dg/f4/diag/S/cylinder/
cylinder,F4S-00460,S,101,840877,UNKNOWN,shared_replay_failed,EXPORT-DOMAIN,export,0.06,CERTIFIED,3.16,1.09,0.5,1.5,1.512,1.557,5.0,5.0,5.0,,False,map_unknown,22.56,-20.0,,UNKNOWN:shared_replay_failed,True,0.1,,,,gmc/results/aerial3dg/f4/sample/S_pairs.json#F4S-00460,,gmc/results/aerial3dg/f4/diag/S/cylinder/
cylinder,F4S-00461,S,101,842445,UNKNOWN,shared_replay_failed,EXPORT-DOMAIN,export,0.02,CERTIFIED,3.044,1.0957,5.0,1.5,1.512,5.0,5.0,5.0,5.0,,False,map_unknown,35.522,-20.0,,UNKNOWN:shared_replay_failed,True,0.0,,,,gmc/results/aerial3dg/f4/sample/S_pairs.json#F4S-00461,,gmc/results/aerial3dg/f4/diag/S/cylinder/
cylinder,F4S-00462,S,101,849521,UNKNOWN,start_not_certified_free,EP-TOL,tolerance,0.0,,3.08,1.0746,1.0,1.5,1.512,1.512,5.0,1.5,5.0,1.5,,,,,REACHABLE:graph_path_lifted_and_verified,UNKNOWN:start_not_certified_free,True,0.0,,,,gmc/results/aerial3dg/f4/sample/S_pairs.json#F4S-00462,,gmc/results/aerial3dg/f4/diag/S/cylinder/
cylinder,F4S-00463,S,101,853406,UNKNOWN,shared_replay_failed,EXPORT-DOMAIN,export,0.01,CERTIFIED,3.175,1.0778,5.0,1.5,1.512,1.512,5.0,5.0,5.0,,False,map_unknown,35.543,-8.838,,UNKNOWN:shared_replay_failed,True,0.0,,,,gmc/results/aerial3dg/f4/sample/S_pairs.json#F4S-00463,,gmc/results/aerial3dg/f4/diag/S/cylinder/
cylinder,F4S-00465,S,101,855754,UNKNOWN,shared_replay_failed,EXPORT-DOMAIN,export,0.01,CERTIFIED,3.191,1.0872,5.0,1.5,1.512,1.512,5.0,5.0,5.0,,False,map_unknown,49.974,-10.538,,UNKNOWN:shared_replay_failed,True,0.0,,,,gmc/results/aerial3dg/f4/sample/S_pairs.json#F4S-00465,,gmc/results/aerial3dg/f4/diag/S/cylinder/
cylinder,F4S-00467,S,101,858212,UNKNOWN,shared_replay_failed,EXPORT-DOMAIN,export,0.01,CERTIFIED,3.111,1.0896,20.0,1.5,1.512,5.0,5.0,5.0,5.0,,False,map_unknown,36.606,-20.0,,UNKNOWN:shared_replay_failed,True,0.0,,,,gmc/results/aerial3dg/f4/sample/S_pairs.json#F4S-00467,,gmc/results/aerial3dg/f4/diag/S/cylinder/
cylinder,F4S-00469,S,101,865097,UNKNOWN,goal_not_certified_free,EP-TOL,tolerance,0.0,,3.067,1.0756,5.0,1.5,1.512,5.0,1.512,5.0,1.5,1.5,,,,,UNKNOWN:shared_replay_failed,UNKNOWN:goal_not_certified_free,True,0.0,,,,gmc/results/aerial3dg/f4/sample/S_pairs.json#F4S-00469,,gmc/results/aerial3dg/f4/diag/S/cylinder/
cylinder,F4S-00471,S,101,865576,UNKNOWN,shared_replay_failed,EXPORT-DOMAIN,export,0.01,CERTIFIED,3.375,1.09,10.0,1.5,1.512,5.0,5.0,5.0,5.0,,False,map_unknown,39.224,-20.0,,UNKNOWN:shared_replay_failed,True,0.0,,,,gmc/results/aerial3dg/f4/sample/S_pairs.json#F4S-00471,,gmc/results/aerial3dg/f4/diag/S/cylinder/
cylinder,F4S-00472,S,101,866560,UNKNOWN,shared_replay_failed,EXPORT-DOMAIN,export,0.17,CERTIFIED,3.015,1.0909,2.0,1.5,1.512,5.0,4.809,5.0,5.0,,False,map_unknown,14.358,-20.0,,UNKNOWN:shared_replay_failed,True,0.2,,,,gmc/results/aerial3dg/f4/sample/S_pairs.json#F4S-00472,,gmc/results/aerial3dg/f4/diag/S/cylinder/
cylinder,F4S-00473,S,101,866567,UNKNOWN,shared_replay_failed,EXPORT-DOMAIN,export,0.03,CERTIFIED,3.121,1.0777,0.0,1.5,1.512,1.512,5.0,5.0,5.0,,False,map_unknown,5.491,-20.0,,UNKNOWN:shared_replay_failed,True,0.0,,,,gmc/results/aerial3dg/f4/sample/S_pairs.json#F4S-00473,,gmc/results/aerial3dg/f4/diag/S/cylinder/
cylinder,F4S-00476,S,101,871344,UNKNOWN,shared_replay_failed,EXPORT-DOMAIN,export,0.14,CERTIFIED,3.146,1.0784,5.0,1.5,1.512,5.0,1.512,5.0,5.0,,False,map_unknown,43.777,-14.838,,UNKNOWN:shared_replay_failed,True,0.1,,,,gmc/results/aerial3dg/f4/sample/S_pairs.json#F4S-00476,,gmc/results/aerial3dg/f4/diag/S/cylinder/
cylinder,F4S-00479,S,101,874526,UNKNOWN,shared_replay_failed,EXPORT-DOMAIN,export,0.03,CERTIFIED,3.361,1.0964,0.0,1.5,1.512,5.0,5.0,5.0,5.0,,False,map_unknown,52.907,-20.0,,UNKNOWN:shared_replay_failed,True,0.0,,,,gmc/results/aerial3dg/f4/sample/S_pairs.json#F4S-00479,,gmc/results/aerial3dg/f4/diag/S/cylinder/
cylinder,F4S-00480,S,101,874710,UNKNOWN,shared_replay_failed,EXPORT-DOMAIN,export,0.02,CERTIFIED,3.153,1.079,20.0,1.5,1.512,5.0,1.512,5.0,5.0,,False,map_unknown,19.669,-20.0,,UNKNOWN:shared_replay_failed,True,0.0,,,,gmc/results/aerial3dg/f4/sample/S_pairs.json#F4S-00480,,gmc/results/aerial3dg/f4/diag/S/cylinder/
cylinder,F4S-00481,S,101,874905,UNKNOWN,shared_replay_failed,EXPORT-DOMAIN,export,0.02,CERTIFIED,3.484,1.0868,10.0,1.5,1.512,5.0,5.0,5.0,5.0,,False,map_unknown,36.14,-20.0,,UNKNOWN:shared_replay_failed,True,0.0,,,,gmc/results/aerial3dg/f4/sample/S_pairs.json#F4S-00481,,gmc/results/aerial3dg/f4/diag/S/cylinder/
cylinder,F4S-00482,S,101,875162,UNKNOWN,shared_replay_failed,EXPORT-DOMAIN,export,0.02,CERTIFIED,3.279,1.0685,5.0,1.5,1.512,5.0,1.512,5.0,5.0,,False,map_unknown,14.147,-20.0,,UNKNOWN:shared_replay_failed,True,0.0,,,,gmc/results/aerial3dg/f4/sample/S_pairs.json#F4S-00482,,gmc/results/aerial3dg/f4/diag/S/cylinder/
cylinder,F4S-00484,S,101,878597,UNKNOWN,shared_replay_failed,EXPORT-DOMAIN,export,0.03,CERTIFIED,3.011,1.0772,1.0,1.5,1.512,5.0,5.0,5.0,5.0,,False,map_unknown,22.707,-20.0,,UNKNOWN:shared_replay_failed,True,0.0,,,,gmc/results/aerial3dg/f4/sample/S_pairs.json#F4S-00484,,gmc/results/aerial3dg/f4/diag/S/cylinder/
cylinder,F4S-00485,S,101,883015,UNKNOWN,shared_replay_failed,EXPORT-DOMAIN,export,0.03,CERTIFIED,3.607,1.0773,2.0,1.5,1.512,5.0,5.0,5.0,5.0,,False,map_unknown,43.675,-20.0,,UNKNOWN:shared_replay_failed,True,0.0,,,,gmc/results/aerial3dg/f4/sample/S_pairs.json#F4S-00485,,gmc/results/aerial3dg/f4/diag/S/cylinder/
cylinder,F4S-00486,S,101,884646,UNKNOWN,shared_replay_failed,EXPORT-DOMAIN,export,0.03,CERTIFIED,3.262,1.0812,0.0,1.5,1.512,5.0,1.557,5.0,5.0,,False,map_unknown,52.262,-11.938,,UNKNOWN:shared_replay_failed,True,0.0,,,,gmc/results/aerial3dg/f4/sample/S_pairs.json#F4S-00486,,gmc/results/aerial3dg/f4/diag/S/cylinder/
cylinder,F4S-00487,S,101,885313,UNKNOWN,goal_not_certified_free,EP-TOL,tolerance,0.03,,3.183,1.0696,10.0,1.5,1.512,1.542,1.512,5.0,1.5,1.5,,,,,REACHABLE:graph_path_lifted_and_verified,UNKNOWN:goal_not_certified_free,True,0.0,,,,gmc/results/aerial3dg/f4/sample/S_pairs.json#F4S-00487,,gmc/results/aerial3dg/f4/diag/S/cylinder/
cylinder,F4S-00488,S,101,889539,UNKNOWN,shared_replay_failed,EXPORT-DOMAIN,export,0.02,CERTIFIED,3.26,1.0871,5.0,1.5,1.512,5.0,1.512,5.0,5.0,,False,map_unknown,58.703,-10.638,,UNKNOWN:shared_replay_failed,True,0.0,,,,gmc/results/aerial3dg/f4/sample/S_pairs.json#F4S-00488,,gmc/results/aerial3dg/f4/diag/S/cylinder/
cylinder,F4S-00489,S,101,889571,UNKNOWN,shared_replay_failed,EXPORT-DOMAIN,export,0.02,CERTIFIED,3.23,1.0828,2.0,1.5,1.512,1.512,5.0,5.0,5.0,,False,map_unknown,17.664,-20.0,,UNKNOWN:shared_replay_failed,True,0.0,,,,gmc/results/aerial3dg/f4/sample/S_pairs.json#F4S-00489,,gmc/results/aerial3dg/f4/diag/S/cylinder/
cylinder,F4S-00491,S,101,890075,UNKNOWN,shared_replay_failed,EXPORT-DOMAIN,export,0.01,CERTIFIED,3.304,1.0792,1.0,1.5,1.512,1.557,5.0,5.0,5.0,,False,map_unknown,16.589,-20.0,,UNKNOWN:shared_replay_failed,True,0.0,,,,gmc/results/aerial3dg/f4/sample/S_pairs.json#F4S-00491,,gmc/results/aerial3dg/f4/diag/S/cylinder/
cylinder,F4S-00492,S,101,890323,UNKNOWN,shared_replay_failed,EXPORT-DOMAIN,export,0.06,CERTIFIED,3.253,1.0809,5.0,1.5,1.512,5.0,1.485,5.0,2.0,,False,map_unknown,4.75,-20.0,,UNKNOWN:shared_replay_failed,True,0.1,,,,gmc/results/aerial3dg/f4/sample/S_pairs.json#F4S-00492,,gmc/results/aerial3dg/f4/diag/S/cylinder/
cylinder,F4S-00493,S,101,890962,UNKNOWN,shared_replay_failed,EXPORT-DOMAIN,export,0.13,CERTIFIED,3.437,1.0814,2.0,1.5,1.512,5.0,5.0,5.0,5.0,,False,map_unknown,23.199,-7.638,,UNKNOWN:shared_replay_failed,True,0.1,,,,gmc/results/aerial3dg/f4/sample/S_pairs.json#F4S-00493,,gmc/results/aerial3dg/f4/diag/S/cylinder/
cylinder,F4S-00495,S,101,894783,UNKNOWN,start_not_certified_free,EP-TOL,tolerance,0.0,,3.103,1.0807,20.0,1.5,1.512,1.512,5.0,1.5,5.0,1.5,,,,,REACHABLE:graph_path_lifted_and_verified,UNKNOWN:start_not_certified_free,True,0.0,,,,gmc/results/aerial3dg/f4/sample/S_pairs.json#F4S-00495,,gmc/results/aerial3dg/f4/diag/S/cylinder/
cylinder,F4S-00498,S,101,899111,UNKNOWN,goal_not_certified_free,EP-TOL,tolerance,0.0,,3.144,1.0807,0.0,1.5,1.512,5.0,1.512,5.0,1.5,1.5,,,,,UNKNOWN:shared_replay_failed,UNKNOWN:goal_not_certified_free,True,0.0,,,,gmc/results/aerial3dg/f4/sample/S_pairs.json#F4S-00498,,gmc/results/aerial3dg/f4/diag/S/cylinder/
cylinder,F4S-00499,S,101,901115,UNKNOWN,start_not_certified_free,EP-TOL,tolerance,0.0,,3.049,1.0764,50.0,1.5,1.512,1.512,5.0,1.5,5.0,1.5,,,,,REACHABLE:graph_path_lifted_and_verified,UNKNOWN:start_not_certified_free,True,0.0,,,,gmc/results/aerial3dg/f4/sample/S_pairs.json#F4S-00499,,gmc/results/aerial3dg/f4/diag/S/cylinder/
cylinder,F4S-00501,S,101,907626,UNKNOWN,shared_replay_failed,EXPORT-DOMAIN,export,0.04,CERTIFIED,3.431,1.0962,5.0,1.5,1.512,5.0,1.557,5.0,5.0,,False,map_unknown,45.503,-20.0,,UNKNOWN:shared_replay_failed,True,0.0,,,,gmc/results/aerial3dg/f4/sample/S_pairs.json#F4S-00501,,gmc/results/aerial3dg/f4/diag/S/cylinder/
cylinder,F4S-00504,S,101,913440,UNKNOWN,shared_replay_failed,EXPORT-DOMAIN,export,0.06,CERTIFIED,3.351,1.0776,0.0,1.5,1.512,5.0,1.557,5.0,5.0,,False,map_unknown,20.265,-20.0,,UNKNOWN:shared_replay_failed,True,0.1,,,,gmc/results/aerial3dg/f4/sample/S_pairs.json#F4S-00504,,gmc/results/aerial3dg/f4/diag/S/cylinder/
cylinder,F4S-00505,S,101,913825,UNKNOWN,shared_replay_failed,EXPORT-DOMAIN,export,0.02,CERTIFIED,3.389,1.0703,10.0,1.5,1.512,5.0,1.512,5.0,5.0,,False,map_unknown,11.197,-20.0,,UNKNOWN:shared_replay_failed,True,0.0,,,,gmc/results/aerial3dg/f4/sample/S_pairs.json#F4S-00505,,gmc/results/aerial3dg/f4/diag/S/cylinder/
cylinder,F4S-00506,S,101,920666,UNKNOWN,start_not_certified_free,EP-TOL,tolerance,0.0,,3.01,1.0784,20.0,1.5,1.512,1.512,5.0,1.5,5.0,1.5,,,,,REACHABLE:graph_path_lifted_and_verified,UNKNOWN:start_not_certified_free,True,0.0,,,,gmc/results/aerial3dg/f4/sample/S_pairs.json#F4S-00506,,gmc/results/aerial3dg/f4/diag/S/cylinder/
cylinder,F4S-00508,S,101,922742,UNKNOWN,goal_not_certified_free,EP-TOL,tolerance,0.0,,3.038,1.0971,20.0,1.5,1.512,5.0,1.512,5.0,1.5,1.5,,,,,UNKNOWN:shared_replay_failed,UNKNOWN:goal_not_certified_free,True,0.0,,,,gmc/results/aerial3dg/f4/sample/S_pairs.json#F4S-00508,,gmc/results/aerial3dg/f4/diag/S/cylinder/
cylinder,F4S-00509,S,101,924143,UNKNOWN,shared_replay_failed,EXPORT-DOMAIN,export,0.01,CERTIFIED,3.413,1.076,10.0,1.5,1.512,5.0,5.0,5.0,5.0,,False,map_unknown,8.56,-20.0,,UNKNOWN:shared_replay_failed,True,0.0,,,,gmc/results/aerial3dg/f4/sample/S_pairs.json#F4S-00509,,gmc/results/aerial3dg/f4/diag/S/cylinder/
cylinder,F4S-00513,S,101,928039,UNKNOWN,goal_not_certified_free,EP-TOL,tolerance,0.0,,3.115,1.0806,10.0,1.5,1.512,5.0,1.512,5.0,1.5,1.5,,,,,REACHABLE:graph_path_lifted_and_verified,UNKNOWN:goal_not_certified_free,True,0.0,,,,gmc/results/aerial3dg/f4/sample/S_pairs.json#F4S-00513,,gmc/results/aerial3dg/f4/diag/S/cylinder/
cylinder,F4S-00515,S,101,930834,UNKNOWN,shared_replay_failed,EXPORT-DOMAIN,export,0.02,CERTIFIED,3.31,1.0955,1.5,1.5,1.512,5.0,1.557,5.0,5.0,,False,map_unknown,45.423,-20.0,,UNKNOWN:shared_replay_failed,True,0.0,,,,gmc/results/aerial3dg/f4/sample/S_pairs.json#F4S-00515,,gmc/results/aerial3dg/f4/diag/S/cylinder/
cylinder,F4S-00519,S,101,932642,UNKNOWN,goal_not_certified_free,EP-TOL,tolerance,0.0,,3.018,1.0784,50.0,1.5,1.512,5.0,1.512,5.0,1.5,1.5,,,,,REACHABLE:graph_path_lifted_and_verified,UNKNOWN:goal_not_certified_free,True,0.0,,,,gmc/results/aerial3dg/f4/sample/S_pairs.json#F4S-00519,,gmc/results/aerial3dg/f4/diag/S/cylinder/
cylinder,F4S-00520,S,101,935976,UNKNOWN,shared_replay_failed,EXPORT-DOMAIN,export,0.02,CERTIFIED,3.307,1.0918,20.0,1.5,1.512,5.0,1.512,5.0,5.0,,False,map_unknown,33.768,-20.0,,UNKNOWN:shared_replay_failed,True,0.0,,,,gmc/results/aerial3dg/f4/sample/S_pairs.json#F4S-00520,,gmc/results/aerial3dg/f4/diag/S/cylinder/
cylinder,F4S-00521,S,101,937282,UNKNOWN,shared_replay_failed,EXPORT-DOMAIN,export,0.01,CERTIFIED,3.195,1.0943,10.0,1.5,1.512,5.0,5.0,5.0,5.0,,False,map_unknown,55.074,-20.0,,UNKNOWN:shared_replay_failed,True,0.0,,,,gmc/results/aerial3dg/f4/sample/S_pairs.json#F4S-00521,,gmc/results/aerial3dg/f4/diag/S/cylinder/
cylinder,F4S-00524,S,101,943771,UNKNOWN,shared_replay_failed,EXPORT-DOMAIN,export,0.07,CERTIFIED,3.584,1.0784,2.0,1.5,1.512,5.0,3.068,5.0,3.0,,False,map_unknown,49.938,-20.0,,UNKNOWN:shared_replay_failed,True,0.1,,,,gmc/results/aerial3dg/f4/sample/S_pairs.json#F4S-00524,,gmc/results/aerial3dg/f4/diag/S/cylinder/
cylinder,F4S-00525,S,101,944373,UNKNOWN,shared_replay_failed,EXPORT-DOMAIN,export,0.03,CERTIFIED,3.165,1.1266,2.0,1.5,1.512,5.0,5.0,5.0,5.0,,False,map_unknown,70.576,-5.638,,UNKNOWN:shared_replay_failed,True,0.0,,,,gmc/results/aerial3dg/f4/sample/S_pairs.json#F4S-00525,,gmc/results/aerial3dg/f4/diag/S/cylinder/
cylinder,F4S-00526,S,101,950913,UNKNOWN,shared_replay_failed,EXPORT-DOMAIN,export,0.03,CERTIFIED,3.057,1.0876,0.5,1.5,1.512,5.0,5.0,5.0,5.0,,False,map_unknown,11.474,-20.0,,UNKNOWN:shared_replay_failed,True,0.0,,,,gmc/results/aerial3dg/f4/sample/S_pairs.json#F4S-00526,,gmc/results/aerial3dg/f4/diag/S/cylinder/
cylinder,F4S-00527,S,101,951543,UNKNOWN,goal_not_certified_free,EP-TOL,tolerance,0.03,,3.118,1.0804,2.0,1.5,1.512,5.0,1.512,5.0,1.5,1.5,,,,,UNKNOWN:shared_replay_failed,UNKNOWN:goal_not_certified_free,True,0.0,,,,gmc/results/aerial3dg/f4/sample/S_pairs.json#F4S-00527,,gmc/results/aerial3dg/f4/diag/S/cylinder/
cylinder,F4S-00528,S,101,952013,UNKNOWN,shared_replay_failed,EXPORT-DOMAIN,export,0.13,CERTIFIED,3.253,1.0773,0.0,1.5,1.512,5.0,5.0,5.0,5.0,,False,map_unknown,24.646,-20.0,,UNKNOWN:shared_replay_failed,True,0.1,,,,gmc/results/aerial3dg/f4/sample/S_pairs.json#F4S-00528,,gmc/results/aerial3dg/f4/diag/S/cylinder/
cylinder,F4S-00531,S,101,957061,UNKNOWN,shared_replay_failed,EXPORT-DOMAIN,export,0.02,CERTIFIED,3.04,1.0799,1.0,1.5,1.512,5.0,5.0,5.0,5.0,,False,map_unknown,10.145,-20.0,,UNKNOWN:shared_replay_failed,True,0.0,,,,gmc/results/aerial3dg/f4/sample/S_pairs.json#F4S-00531,,gmc/results/aerial3dg/f4/diag/S/cylinder/
cylinder,F4S-00534,S,101,957824,UNKNOWN,shared_replay_failed,EXPORT-DOMAIN,export,0.03,CERTIFIED,3.085,1.0789,0.0,1.5,1.512,5.0,5.0,5.0,5.0,,False,map_unknown,36.386,-20.0,,UNKNOWN:shared_replay_failed,True,0.0,,,,gmc/results/aerial3dg/f4/sample/S_pairs.json#F4S-00534,,gmc/results/aerial3dg/f4/diag/S/cylinder/
cylinder,F4S-00535,S,101,958564,UNKNOWN,shared_replay_failed,EXPORT-DOMAIN,export,0.02,CERTIFIED,3.24,1.0941,1.0,1.5,1.512,5.0,1.512,5.0,5.0,,False,map_unknown,61.46,-11.738,,UNKNOWN:shared_replay_failed,True,0.0,,,,gmc/results/aerial3dg/f4/sample/S_pairs.json#F4S-00535,,gmc/results/aerial3dg/f4/diag/S/cylinder/
cylinder,F4S-00537,S,101,960209,UNKNOWN,shared_replay_failed,EXPORT-DOMAIN,export,0.04,CERTIFIED,3.055,1.0884,3.0,1.5,1.512,5.0,1.557,5.0,5.0,,False,map_unknown,13.656,-20.0,,UNKNOWN:shared_replay_failed,True,0.0,,,,gmc/results/aerial3dg/f4/sample/S_pairs.json#F4S-00537,,gmc/results/aerial3dg/f4/diag/S/cylinder/
cylinder,F4S-00538,S,101,960379,UNKNOWN,shared_replay_failed,EXPORT-DOMAIN,export,0.05,CERTIFIED,3.228,1.0816,1.0,1.5,1.512,1.557,2.929,5.0,5.0,,False,map_unknown,28.041,-20.0,,UNKNOWN:shared_replay_failed,True,0.1,,,,gmc/results/aerial3dg/f4/sample/S_pairs.json#F4S-00538,,gmc/results/aerial3dg/f4/diag/S/cylinder/
cylinder,F4S-00540,S,101,961178,UNKNOWN,goal_not_certified_free,EP-TOL,tolerance,0.0,,3.023,1.0783,50.0,1.5,1.512,5.0,1.512,5.0,1.5,1.5,,,,,REACHABLE:graph_path_lifted_and_verified,UNKNOWN:goal_not_certified_free,True,0.0,,,,gmc/results/aerial3dg/f4/sample/S_pairs.json#F4S-00540,,gmc/results/aerial3dg/f4/diag/S/cylinder/
cylinder,F4S-00541,S,101,964628,UNKNOWN,shared_replay_failed,EXPORT-DOMAIN,export,0.01,CERTIFIED,3.335,1.066,2.0,1.5,1.512,5.0,5.0,5.0,5.0,,False,map_unknown,19.476,-20.0,,UNKNOWN:shared_replay_failed,True,0.0,,,,gmc/results/aerial3dg/f4/sample/S_pairs.json#F4S-00541,,gmc/results/aerial3dg/f4/diag/S/cylinder/
cylinder,F4S-00543,S,101,966538,UNKNOWN,shared_replay_failed,EXPORT-DOMAIN,export,0.01,CERTIFIED,3.3,1.1149,0.0,1.5,1.512,5.0,5.0,5.0,5.0,,False,map_unknown,71.391,-0.638,,UNKNOWN:shared_replay_failed,True,0.0,,,,gmc/results/aerial3dg/f4/sample/S_pairs.json#F4S-00543,,gmc/results/aerial3dg/f4/diag/S/cylinder/
cylinder,F4S-00546,S,101,968953,UNKNOWN,start_not_certified_free,EP-TOL,tolerance,0.0,,3.077,1.0793,10.0,1.5,1.512,1.512,5.0,1.5,5.0,1.5,,,,,REACHABLE:graph_path_lifted_and_verified,UNKNOWN:start_not_certified_free,True,0.0,,,,gmc/results/aerial3dg/f4/sample/S_pairs.json#F4S-00546,,gmc/results/aerial3dg/f4/diag/S/cylinder/
cylinder,F4S-00547,S,101,969705,UNKNOWN,shared_replay_failed,EXPORT-DOMAIN,export,0.03,CERTIFIED,3.359,1.0681,1.0,1.5,1.512,5.0,5.0,5.0,5.0,,False,map_unknown,24.733,-20.0,,UNKNOWN:shared_replay_failed,True,0.0,,,,gmc/results/aerial3dg/f4/sample/S_pairs.json#F4S-00547,,gmc/results/aerial3dg/f4/diag/S/cylinder/
cylinder,F4S-00552,S,101,978408,UNKNOWN,shared_replay_failed,EXPORT-DOMAIN,export,0.19,CERTIFIED,3.278,1.0954,0.5,1.5,1.512,5.0,5.0,5.0,5.0,,False,map_unknown,47.118,-20.0,,UNKNOWN:shared_replay_failed,True,0.2,,,,gmc/results/aerial3dg/f4/sample/S_pairs.json#F4S-00552,,gmc/results/aerial3dg/f4/diag/S/cylinder/
cylinder,F4S-00553,S,101,979665,UNKNOWN,shared_replay_failed,EXPORT-DOMAIN,export,0.02,CERTIFIED,3.443,1.0794,20.0,1.5,1.512,5.0,3.076,5.0,5.0,,False,map_unknown,15.677,-20.0,,UNKNOWN:shared_replay_failed,True,0.0,,,,gmc/results/aerial3dg/f4/sample/S_pairs.json#F4S-00553,,gmc/results/aerial3dg/f4/diag/S/cylinder/
cylinder,F4S-00557,S,101,983951,UNKNOWN,shared_replay_failed,EXPORT-DOMAIN,export,0.04,CERTIFIED,3.4,1.0791,0.0,1.5,1.512,1.557,5.0,5.0,5.0,,False,map_unknown,4.643,-20.0,,UNKNOWN:shared_replay_failed,True,0.0,,,,gmc/results/aerial3dg/f4/sample/S_pairs.json#F4S-00557,,gmc/results/aerial3dg/f4/diag/S/cylinder/
cylinder,F4S-00558,S,101,984143,UNKNOWN,shared_replay_failed,EXPORT-DOMAIN,export,0.03,CERTIFIED,3.198,1.0998,0.0,1.5,1.512,1.512,5.0,5.0,5.0,,False,map_unknown,61.356,-9.238,,UNKNOWN:shared_replay_failed,True,0.0,,,,gmc/results/aerial3dg/f4/sample/S_pairs.json#F4S-00558,,gmc/results/aerial3dg/f4/diag/S/cylinder/
cylinder,F4S-00559,S,101,985784,UNKNOWN,shared_replay_failed,EXPORT-DOMAIN,export,0.01,CERTIFIED,3.006,1.0785,3.0,1.5,1.512,1.512,5.0,5.0,5.0,,False,map_unknown,31.747,-20.0,,UNKNOWN:shared_replay_failed,True,0.0,,,,gmc/results/aerial3dg/f4/sample/S_pairs.json#F4S-00559,,gmc/results/aerial3dg/f4/diag/S/cylinder/
cylinder,F4S-00560,S,101,986395,UNKNOWN,start_not_certified_free,EP-TOL,tolerance,0.0,,3.138,1.0888,10.0,1.5,1.512,1.512,1.603,1.5,3.0,1.5,,,,,UNKNOWN:shared_replay_failed,UNKNOWN:start_not_certified_free,True,0.0,,,,gmc/results/aerial3dg/f4/sample/S_pairs.json#F4S-00560,,gmc/results/aerial3dg/f4/diag/S/cylinder/
cylinder,F4S-00561,S,101,988057,UNKNOWN,start_not_certified_free,EP-TOL,tolerance,0.0,,3.022,1.0771,50.0,1.5,1.512,1.512,5.0,1.5,5.0,1.5,,,,,REACHABLE:graph_path_lifted_and_verified,UNKNOWN:start_not_certified_free,True,0.0,,,,gmc/results/aerial3dg/f4/sample/S_pairs.json#F4S-00561,,gmc/results/aerial3dg/f4/diag/S/cylinder/
cylinder,F4S-00562,S,101,988585,UNKNOWN,shared_replay_failed,EXPORT-DOMAIN,export,0.01,CERTIFIED,3.008,1.0908,10.0,1.5,1.512,1.512,5.0,5.0,5.0,,False,map_unknown,46.619,-16.838,,UNKNOWN:shared_replay_failed,True,0.0,,,,gmc/results/aerial3dg/f4/sample/S_pairs.json#F4S-00562,,gmc/results/aerial3dg/f4/diag/S/cylinder/
cylinder,F4S-00563,S,101,989454,UNKNOWN,shared_replay_failed,EXPORT-DOMAIN,export,0.02,CERTIFIED,3.116,1.0793,20.0,1.5,1.512,5.0,1.512,5.0,5.0,,False,map_unknown,20.782,-20.0,,UNKNOWN:shared_replay_failed,True,0.0,,,,gmc/results/aerial3dg/f4/sample/S_pairs.json#F4S-00563,,gmc/results/aerial3dg/f4/diag/S/cylinder/
cylinder,F4S-00564,S,101,990484,UNKNOWN,goal_not_certified_free,EP-TOL,tolerance,0.0,,3.07,1.0769,50.0,1.5,1.512,5.0,1.512,5.0,1.5,1.5,,,,,REACHABLE:graph_path_lifted_and_verified,UNKNOWN:goal_not_certified_free,True,0.0,,,,gmc/results/aerial3dg/f4/sample/S_pairs.json#F4S-00564,,gmc/results/aerial3dg/f4/diag/S/cylinder/
cylinder,F4S-00568,S,101,1001270,UNKNOWN,shared_replay_failed,EXPORT-DOMAIN,export,0.02,CERTIFIED,3.245,1.0824,5.0,1.5,1.512,5.0,5.0,5.0,5.0,,False,map_unknown,60.669,-9.038,,UNKNOWN:shared_replay_failed,True,0.0,,,,gmc/results/aerial3dg/f4/sample/S_pairs.json#F4S-00568,,gmc/results/aerial3dg/f4/diag/S/cylinder/
cylinder,F4S-00571,S,101,1011500,UNKNOWN,shared_replay_failed,EXPORT-DOMAIN,export,0.01,CERTIFIED,3.355,1.0812,1.5,1.5,1.512,5.0,5.0,5.0,5.0,,False,map_unknown,41.777,-20.0,,UNKNOWN:shared_replay_failed,True,0.0,,,,gmc/results/aerial3dg/f4/sample/S_pairs.json#F4S-00571,,gmc/results/aerial3dg/f4/diag/S/cylinder/
cylinder,F4S-00573,S,101,1014212,UNKNOWN,goal_not_certified_free,EP-TOL,tolerance,0.0,,3.035,1.0793,5.0,1.5,1.512,5.0,1.512,5.0,1.5,1.5,,,,,UNKNOWN:shared_replay_failed,UNKNOWN:goal_not_certified_free,True,0.0,,,,gmc/results/aerial3dg/f4/sample/S_pairs.json#F4S-00573,,gmc/results/aerial3dg/f4/diag/S/cylinder/
cylinder,F4S-00574,S,101,1017213,UNKNOWN,shared_replay_failed,EXPORT-DOMAIN,export,0.03,CERTIFIED,3.155,1.0688,3.0,1.5,1.512,1.512,5.0,5.0,5.0,,False,map_unknown,26.509,-20.0,,UNKNOWN:shared_replay_failed,True,0.0,,,,gmc/results/aerial3dg/f4/sample/S_pairs.json#F4S-00574,,gmc/results/aerial3dg/f4/diag/S/cylinder/
cylinder,F4S-00575,S,101,1023702,UNKNOWN,goal_not_certified_free,EP-TOL,tolerance,0.0,,3.117,1.08,50.0,1.5,1.512,5.0,1.512,5.0,1.5,1.5,,,,,REACHABLE:graph_path_lifted_and_verified,UNKNOWN:goal_not_certified_free,True,0.0,,,,gmc/results/aerial3dg/f4/sample/S_pairs.json#F4S-00575,,gmc/results/aerial3dg/f4/diag/S/cylinder/
cylinder,F4S-00576,S,101,1024687,UNKNOWN,start_not_certified_free,EP-TOL,tolerance,0.0,,3.101,1.0775,50.0,1.5,1.512,1.512,5.0,1.5,5.0,1.5,,,,,REACHABLE:graph_path_lifted_and_verified,UNKNOWN:start_not_certified_free,True,0.0,,,,gmc/results/aerial3dg/f4/sample/S_pairs.json#F4S-00576,,gmc/results/aerial3dg/f4/diag/S/cylinder/
cylinder,F4S-00577,S,101,1026492,UNKNOWN,shared_replay_failed,EXPORT-DOMAIN,export,0.03,CERTIFIED,3.265,1.0945,0.0,1.5,1.512,5.0,5.0,5.0,5.0,,False,map_unknown,53.372,-15.238,,UNKNOWN:shared_replay_failed,True,0.0,,,,gmc/results/aerial3dg/f4/sample/S_pairs.json#F4S-00577,,gmc/results/aerial3dg/f4/diag/S/cylinder/
cylinder,F4S-00578,S,101,1030955,UNKNOWN,shared_replay_failed,EXPORT-DOMAIN,export,0.03,CERTIFIED,3.101,1.0828,2.0,1.5,1.512,5.0,5.0,5.0,5.0,,False,map_unknown,44.464,-20.0,,UNKNOWN:shared_replay_failed,True,0.0,,,,gmc/results/aerial3dg/f4/sample/S_pairs.json#F4S-00578,,gmc/results/aerial3dg/f4/diag/S/cylinder/
cylinder,F4S-00579,S,101,1031169,UNKNOWN,goal_not_certified_free,EP-TOL,tolerance,0.0,,3.072,1.0944,5.0,1.5,1.512,5.0,1.512,5.0,1.5,1.5,,,,,UNKNOWN:shared_replay_failed,UNKNOWN:goal_not_certified_free,True,0.0,,,,gmc/results/aerial3dg/f4/sample/S_pairs.json#F4S-00579,,gmc/results/aerial3dg/f4/diag/S/cylinder/
cylinder,F4S-00581,S,101,1039507,UNKNOWN,shared_replay_failed,EXPORT-DOMAIN,export,0.06,CERTIFIED,3.207,1.0834,1.0,1.5,1.512,5.0,1.512,5.0,5.0,,False,map_unknown,48.501,-10.238,,UNKNOWN:shared_replay_failed,True,0.1,,,,gmc/results/aerial3dg/f4/sample/S_pairs.json#F4S-00581,,gmc/results/aerial3dg/f4/diag/S/cylinder/
cylinder,F4S-00583,S,101,1041146,UNKNOWN,shared_replay_failed,EXPORT-DOMAIN,export,0.01,CERTIFIED,3.272,1.0779,20.0,1.5,1.512,1.512,5.0,5.0,5.0,,False,map_unknown,0.8,-20.0,,UNKNOWN:shared_replay_failed,True,0.0,,,,gmc/results/aerial3dg/f4/sample/S_pairs.json#F4S-00583,,gmc/results/aerial3dg/f4/diag/S/cylinder/
cylinder,F4S-00584,S,101,1041468,UNKNOWN,shared_replay_failed,EXPORT-DOMAIN,export,0.03,CERTIFIED,3.095,1.0725,0.5,1.5,1.512,1.512,5.0,5.0,5.0,,False,map_unknown,5.434,-20.0,,UNKNOWN:shared_replay_failed,True,0.0,,,,gmc/results/aerial3dg/f4/sample/S_pairs.json#F4S-00584,,gmc/results/aerial3dg/f4/diag/S/cylinder/
cylinder,F4S-00585,S,101,1041717,UNKNOWN,shared_replay_failed,EXPORT-DOMAIN,export,0.02,CERTIFIED,3.033,1.0761,10.0,1.5,1.512,1.557,5.0,5.0,5.0,,False,map_unknown,16.894,-20.0,,UNKNOWN:shared_replay_failed,True,0.0,,,,gmc/results/aerial3dg/f4/sample/S_pairs.json#F4S-00585,,gmc/results/aerial3dg/f4/diag/S/cylinder/
cylinder,F4S-00586,S,101,1044387,UNKNOWN,start_not_certified_free,EP-TOL,tolerance,0.0,,3.036,1.0832,1.0,1.5,1.512,1.512,5.0,1.5,5.0,1.5,,,,,UNKNOWN:shared_replay_failed,UNKNOWN:start_not_certified_free,True,0.0,,,,gmc/results/aerial3dg/f4/sample/S_pairs.json#F4S-00586,,gmc/results/aerial3dg/f4/diag/S/cylinder/
cylinder,F4S-00587,S,101,1046005,UNKNOWN,shared_replay_failed,EXPORT-DOMAIN,export,0.01,CERTIFIED,3.116,1.0925,0.5,1.5,1.512,1.512,5.0,5.0,5.0,,False,map_unknown,67.153,-5.238,,UNKNOWN:shared_replay_failed,True,0.0,,,,gmc/results/aerial3dg/f4/sample/S_pairs.json#F4S-00587,,gmc/results/aerial3dg/f4/diag/S/cylinder/
cylinder,F4S-00588,S,101,1046700,UNKNOWN,goal_not_certified_free,EP-TOL,tolerance,0.03,,3.095,1.0784,0.5,1.5,1.512,2.059,1.512,3.0,1.5,1.5,,,,,UNKNOWN:shared_replay_failed,UNKNOWN:goal_not_certified_free,True,0.0,,,,gmc/results/aerial3dg/f4/sample/S_pairs.json#F4S-00588,,gmc/results/aerial3dg/f4/diag/S/cylinder/
cylinder,F4S-00589,S,101,1050823,UNKNOWN,start_not_certified_free,EP-TOL,tolerance,0.0,,3.209,1.0703,2.0,1.5,1.512,1.512,5.0,1.5,5.0,1.5,,,,,UNKNOWN:shared_replay_failed,UNKNOWN:start_not_certified_free,True,0.0,,,,gmc/results/aerial3dg/f4/sample/S_pairs.json#F4S-00589,,gmc/results/aerial3dg/f4/diag/S/cylinder/
cylinder,F4S-00590,S,101,1052173,UNKNOWN,shared_replay_failed,EXPORT-DOMAIN,export,0.04,CERTIFIED,3.101,1.0833,2.0,1.5,1.512,5.0,5.0,5.0,5.0,,False,map_unknown,18.932,-20.0,,UNKNOWN:shared_replay_failed,True,0.0,,,,gmc/results/aerial3dg/f4/sample/S_pairs.json#F4S-00590,,gmc/results/aerial3dg/f4/diag/S/cylinder/
cylinder,F4S-00591,S,101,1053140,UNKNOWN,shared_replay_failed,EXPORT-DOMAIN,export,0.19,CERTIFIED,3.051,1.0788,10.0,1.5,1.512,5.0,1.512,5.0,5.0,,False,map_unknown,15.254,-16.438,,UNKNOWN:shared_replay_failed,True,0.2,,,,gmc/results/aerial3dg/f4/sample/S_pairs.json#F4S-00591,,gmc/results/aerial3dg/f4/diag/S/cylinder/
cylinder,F4S-00594,S,101,1061911,UNKNOWN,start_not_certified_free,EP-TOL,tolerance,0.0,,3.065,1.076,5.0,1.5,1.512,1.512,5.0,1.5,5.0,1.5,,,,,REACHABLE:graph_path_lifted_and_verified,UNKNOWN:start_not_certified_free,True,0.0,,,,gmc/results/aerial3dg/f4/sample/S_pairs.json#F4S-00594,,gmc/results/aerial3dg/f4/diag/S/cylinder/
cylinder,F4S-00595,S,101,1062754,UNKNOWN,shared_replay_failed,EXPORT-DOMAIN,export,0.03,CERTIFIED,3.38,1.0931,1.5,1.5,1.512,1.557,5.0,5.0,5.0,,False,map_unknown,32.338,-20.0,,UNKNOWN:shared_replay_failed,True,0.0,,,,gmc/results/aerial3dg/f4/sample/S_pairs.json#F4S-00595,,gmc/results/aerial3dg/f4/diag/S/cylinder/
cylinder,F4S-00596,S,101,1063068,UNKNOWN,shared_replay_failed,EXPORT-DOMAIN,export,0.01,CERTIFIED,3.021,1.08,2.0,1.5,1.512,5.0,5.0,5.0,5.0,,False,map_unknown,26.356,-20.0,,UNKNOWN:shared_replay_failed,True,0.0,,,,gmc/results/aerial3dg/f4/sample/S_pairs.json#F4S-00596,,gmc/results/aerial3dg/f4/diag/S/cylinder/
cylinder,F4S-00597,S,101,1063835,UNKNOWN,shared_replay_failed,EXPORT-DOMAIN,export,0.02,CERTIFIED,3.17,1.0946,0.0,1.5,1.512,5.0,5.0,5.0,5.0,,False,map_unknown,57.193,-0.438,,UNKNOWN:shared_replay_failed,True,0.0,,,,gmc/results/aerial3dg/f4/sample/S_pairs.json#F4S-00597,,gmc/results/aerial3dg/f4/diag/S/cylinder/
cylinder,F4S-00598,S,101,1064520,UNKNOWN,shared_replay_failed,EXPORT-DOMAIN,export,0.03,CERTIFIED,3.186,1.1001,0.0,1.5,1.512,5.0,5.0,5.0,5.0,,False,map_unknown,48.767,-20.0,,UNKNOWN:shared_replay_failed,True,0.0,,,,gmc/results/aerial3dg/f4/sample/S_pairs.json#F4S-00598,,gmc/results/aerial3dg/f4/diag/S/cylinder/
cylinder,F4S-00601,S,101,1067790,UNKNOWN,start_not_certified_free,EP-TOL,tolerance,0.0,,3.043,1.0752,2.0,1.5,1.512,1.512,5.0,1.5,5.0,1.5,,,,,REACHABLE:graph_path_lifted_and_verified,UNKNOWN:start_not_certified_free,True,0.0,,,,gmc/results/aerial3dg/f4/sample/S_pairs.json#F4S-00601,,gmc/results/aerial3dg/f4/diag/S/cylinder/
cylinder,F4S-00602,S,101,1068195,UNKNOWN,shared_replay_failed,EXPORT-DOMAIN,export,0.11,CERTIFIED,3.351,1.1089,0.0,1.5,1.512,5.0,5.0,5.0,5.0,,False,map_unknown,37.46,-20.0,,UNKNOWN:shared_replay_failed,True,0.1,,,,gmc/results/aerial3dg/f4/sample/S_pairs.json#F4S-00602,,gmc/results/aerial3dg/f4/diag/S/cylinder/
cylinder,F4S-00603,S,101,1069659,UNKNOWN,shared_replay_failed,EXPORT-DOMAIN,export,0.01,CERTIFIED,3.217,1.0793,10.0,1.5,1.512,5.0,5.0,5.0,5.0,,False,map_unknown,32.656,-14.638,,UNKNOWN:shared_replay_failed,True,0.0,,,,gmc/results/aerial3dg/f4/sample/S_pairs.json#F4S-00603,,gmc/results/aerial3dg/f4/diag/S/cylinder/
cylinder,F4S-00604,S,101,1074159,UNKNOWN,goal_not_certified_free,EP-TOL,tolerance,0.0,,3.157,1.0945,1.0,1.0,1.512,5.0,1.081,5.0,1.0,1.0,,,,,UNKNOWN:shared_replay_failed,UNKNOWN:goal_not_certified_free,True,0.0,,,,gmc/results/aerial3dg/f4/sample/S_pairs.json#F4S-00604,,gmc/results/aerial3dg/f4/diag/S/cylinder/
cylinder,F4S-00607,S,101,1078885,UNKNOWN,shared_replay_failed,EXPORT-DOMAIN,export,0.04,CERTIFIED,3.24,1.0782,10.0,1.5,1.512,5.0,5.0,5.0,5.0,,False,map_unknown,3.346,-20.0,,UNKNOWN:shared_replay_failed,True,0.0,,,,gmc/results/aerial3dg/f4/sample/S_pairs.json#F4S-00607,,gmc/results/aerial3dg/f4/diag/S/cylinder/
cylinder,F4S-00608,S,101,1083493,UNKNOWN,shared_replay_failed,EXPORT-DOMAIN,export,0.01,CERTIFIED,3.296,1.0843,0.5,1.5,1.512,5.0,5.0,5.0,5.0,,False,map_unknown,35.497,-20.0,,UNKNOWN:shared_replay_failed,True,0.0,,,,gmc/results/aerial3dg/f4/sample/S_pairs.json#F4S-00608,,gmc/results/aerial3dg/f4/diag/S/cylinder/
cylinder,F4S-00611,S,101,1084195,UNKNOWN,goal_not_certified_free,EP-TOL,tolerance,0.0,,3.01,1.0721,3.0,1.5,1.512,5.0,1.512,5.0,1.5,1.5,,,,,UNKNOWN:shared_replay_failed,UNKNOWN:goal_not_certified_free,True,0.0,,,,gmc/results/aerial3dg/f4/sample/S_pairs.json#F4S-00611,,gmc/results/aerial3dg/f4/diag/S/cylinder/
cylinder,F4S-00613,S,101,1090329,UNKNOWN,goal_not_certified_free,EP-TOL,tolerance,0.0,,3.187,1.0662,0.0,1.5,1.512,5.0,1.512,5.0,1.5,1.5,,,,,REACHABLE:graph_path_lifted_and_verified,UNKNOWN:goal_not_certified_free,True,0.0,,,,gmc/results/aerial3dg/f4/sample/S_pairs.json#F4S-00613,,gmc/results/aerial3dg/f4/diag/S/cylinder/
cylinder,F4S-00614,S,101,1092775,UNKNOWN,start_not_certified_free,EP-TOL,tolerance,0.0,,3.052,1.0804,10.0,1.5,1.512,1.512,5.0,1.5,5.0,1.5,,,,,REACHABLE:graph_path_lifted_and_verified,UNKNOWN:start_not_certified_free,True,0.0,,,,gmc/results/aerial3dg/f4/sample/S_pairs.json#F4S-00614,,gmc/results/aerial3dg/f4/diag/S/cylinder/
cylinder,F4S-00616,S,101,1094206,UNKNOWN,goal_not_certified_free,EP-TOL,tolerance,0.0,,3.025,1.0827,1.0,1.5,1.512,5.0,1.512,5.0,1.5,1.5,,,,,UNKNOWN:shared_replay_failed,UNKNOWN:goal_not_certified_free,True,0.0,,,,gmc/results/aerial3dg/f4/sample/S_pairs.json#F4S-00616,,gmc/results/aerial3dg/f4/diag/S/cylinder/
cylinder,F4S-00618,S,101,1100729,UNKNOWN,shared_replay_failed,EXPORT-DOMAIN,export,0.01,CERTIFIED,3.203,1.0838,10.0,1.5,1.512,1.512,5.0,5.0,5.0,,False,map_unknown,34.669,-20.0,,UNKNOWN:shared_replay_failed,True,0.0,,,,gmc/results/aerial3dg/f4/sample/S_pairs.json#F4S-00618,,gmc/results/aerial3dg/f4/diag/S/cylinder/
cylinder,F4S-00619,S,101,1101673,UNKNOWN,shared_replay_failed,EXPORT-DOMAIN,export,0.01,CERTIFIED,3.18,1.0763,10.0,1.5,1.512,5.0,5.0,5.0,5.0,,False,map_unknown,5.209,-20.0,,UNKNOWN:shared_replay_failed,True,0.0,,,,gmc/results/aerial3dg/f4/sample/S_pairs.json#F4S-00619,,gmc/results/aerial3dg/f4/diag/S/cylinder/
cylinder,F4S-00620,S,101,1103922,UNKNOWN,goal_not_certified_free,EP-TOL,tolerance,0.0,,3.025,1.0717,3.0,1.5,1.512,5.0,1.512,5.0,1.5,1.5,,,,,UNKNOWN:shared_replay_failed,UNKNOWN:goal_not_certified_free,True,0.0,,,,gmc/results/aerial3dg/f4/sample/S_pairs.json#F4S-00620,,gmc/results/aerial3dg/f4/diag/S/cylinder/
cylinder,F4S-00623,S,101,1106290,UNKNOWN,shared_replay_failed,EXPORT-DOMAIN,export,0.01,CERTIFIED,3.446,1.0781,20.0,1.5,1.512,5.0,5.0,5.0,5.0,,False,map_unknown,17.811,-20.0,,UNKNOWN:shared_replay_failed,True,0.0,,,,gmc/results/aerial3dg/f4/sample/S_pairs.json#F4S-00623,,gmc/results/aerial3dg/f4/diag/S/cylinder/
cylinder,F4S-00624,S,101,1107431,UNKNOWN,shared_replay_failed,EXPORT-DOMAIN,export,0.01,CERTIFIED,3.051,1.0679,10.0,1.5,1.512,1.512,5.0,2.0,5.0,,False,map_unknown,8.603,-20.0,,UNKNOWN:shared_replay_failed,True,0.0,,,,gmc/results/aerial3dg/f4/sample/S_pairs.json#F4S-00624,,gmc/results/aerial3dg/f4/diag/S/cylinder/
cylinder,F4S-00625,S,101,1109028,UNKNOWN,shared_replay_failed,EXPORT-DOMAIN,export,0.14,CERTIFIED,3.183,1.078,5.0,1.5,1.512,5.0,5.0,5.0,5.0,,False,map_unknown,22.759,-11.538,,UNKNOWN:shared_replay_failed,True,0.1,,,,gmc/results/aerial3dg/f4/sample/S_pairs.json#F4S-00625,,gmc/results/aerial3dg/f4/diag/S/cylinder/
cylinder,F4S-00629,S,101,1113518,UNKNOWN,shared_replay_failed,EXPORT-DOMAIN,export,0.02,CERTIFIED,3.243,1.0785,3.0,1.5,1.512,1.557,5.0,5.0,5.0,,False,map_unknown,28.999,-20.0,,UNKNOWN:shared_replay_failed,True,0.0,,,,gmc/results/aerial3dg/f4/sample/S_pairs.json#F4S-00629,,gmc/results/aerial3dg/f4/diag/S/cylinder/
cylinder,F4S-00631,S,101,1117103,UNKNOWN,shared_replay_failed,EXPORT-DOMAIN,export,0.03,CERTIFIED,3.035,1.0797,2.0,1.5,1.512,5.0,1.557,5.0,5.0,,False,map_unknown,37.962,-20.0,,UNKNOWN:shared_replay_failed,True,0.0,,,,gmc/results/aerial3dg/f4/sample/S_pairs.json#F4S-00631,,gmc/results/aerial3dg/f4/diag/S/cylinder/
cylinder,F4S-00632,S,101,1117261,UNKNOWN,start_not_certified_free,EP-TOL,tolerance,0.0,,3.02,1.0777,50.0,1.5,1.512,1.512,5.0,1.5,5.0,1.5,,,,,REACHABLE:graph_path_lifted_and_verified,UNKNOWN:start_not_certified_free,True,0.0,,,,gmc/results/aerial3dg/f4/sample/S_pairs.json#F4S-00632,,gmc/results/aerial3dg/f4/diag/S/cylinder/
cylinder,F4S-00633,S,101,1117704,UNKNOWN,start_not_certified_free,EP-TOL,tolerance,0.0,,3.066,1.0686,1.5,1.5,1.512,1.512,5.0,1.5,5.0,1.5,,,,,REACHABLE:graph_path_lifted_and_verified,UNKNOWN:start_not_certified_free,True,0.0,,,,gmc/results/aerial3dg/f4/sample/S_pairs.json#F4S-00633,,gmc/results/aerial3dg/f4/diag/S/cylinder/
cylinder,F4S-00635,S,101,1118945,UNKNOWN,shared_replay_failed,EXPORT-DOMAIN,export,0.07,CERTIFIED,3.248,1.0818,2.0,1.5,1.512,5.0,1.557,5.0,5.0,,False,map_unknown,33.463,-20.0,,UNKNOWN:shared_replay_failed,True,0.1,,,,gmc/results/aerial3dg/f4/sample/S_pairs.json#F4S-00635,,gmc/results/aerial3dg/f4/diag/S/cylinder/
cylinder,F4S-00636,S,101,1118987,UNKNOWN,start_not_certified_free,EP-TOL,tolerance,0.0,,3.123,1.0826,3.0,1.5,1.512,1.512,5.0,1.5,5.0,1.5,,,,,REACHABLE:graph_path_lifted_and_verified,UNKNOWN:start_not_certified_free,True,0.0,,,,gmc/results/aerial3dg/f4/sample/S_pairs.json#F4S-00636,,gmc/results/aerial3dg/f4/diag/S/cylinder/
cylinder,F4S-00637,S,101,1120219,UNKNOWN,shared_replay_failed,EXPORT-DOMAIN,export,0.02,CERTIFIED,3.367,1.0823,3.0,1.5,1.512,5.0,1.177,5.0,3.0,,False,map_unknown,51.049,-20.0,,UNKNOWN:shared_replay_failed,True,0.0,,,,gmc/results/aerial3dg/f4/sample/S_pairs.json#F4S-00637,,gmc/results/aerial3dg/f4/diag/S/cylinder/
cylinder,F4S-00638,S,101,1121215,UNKNOWN,shared_replay_failed,EXPORT-DOMAIN,export,0.01,CERTIFIED,3.417,1.0745,20.0,1.5,1.512,5.0,5.0,5.0,5.0,,False,map_unknown,0.395,-20.0,,UNKNOWN:shared_replay_failed,True,0.0,,,,gmc/results/aerial3dg/f4/sample/S_pairs.json#F4S-00638,,gmc/results/aerial3dg/f4/diag/S/cylinder/
cylinder,F4S-00640,S,101,1124751,UNKNOWN,shared_replay_failed,EXPORT-DOMAIN,export,0.01,CERTIFIED,3.001,1.0931,10.0,1.5,1.512,5.0,1.557,5.0,5.0,,False,map_unknown,51.307,-20.0,,UNKNOWN:shared_replay_failed,True,0.0,,,,gmc/results/aerial3dg/f4/sample/S_pairs.json#F4S-00640,,gmc/results/aerial3dg/f4/diag/S/cylinder/
cylinder,F4S-00641,S,101,1125382,UNKNOWN,shared_replay_failed,EXPORT-DOMAIN,export,0.01,CERTIFIED,3.007,1.1085,0.0,1.5,1.512,5.0,5.0,5.0,5.0,,False,map_unknown,55.36,-12.438,,UNKNOWN:shared_replay_failed,True,0.0,,,,gmc/results/aerial3dg/f4/sample/S_pairs.json#F4S-00641,,gmc/results/aerial3dg/f4/diag/S/cylinder/
cylinder,F4S-00646,S,101,1130306,UNKNOWN,shared_replay_failed,EXPORT-DOMAIN,export,0.05,CERTIFIED,3.102,1.0894,1.0,1.5,1.512,1.512,5.0,5.0,5.0,,False,map_unknown,16.101,-20.0,,UNKNOWN:shared_replay_failed,True,0.1,,,,gmc/results/aerial3dg/f4/sample/S_pairs.json#F4S-00646,,gmc/results/aerial3dg/f4/diag/S/cylinder/
cylinder,F4S-00647,S,101,1133190,UNKNOWN,shared_replay_failed,EXPORT-DOMAIN,export,0.01,CERTIFIED,3.006,1.0648,3.0,1.5,1.512,5.0,5.0,5.0,5.0,,False,map_unknown,17.922,-20.0,,UNKNOWN:shared_replay_failed,True,0.0,,,,gmc/results/aerial3dg/f4/sample/S_pairs.json#F4S-00647,,gmc/results/aerial3dg/f4/diag/S/cylinder/
cylinder,F4S-00649,S,101,1142785,UNKNOWN,start_not_certified_free,EP-TOL,tolerance,0.0,,3.084,1.0755,50.0,1.5,1.512,1.512,5.0,1.5,5.0,1.5,,,,,REACHABLE:graph_path_lifted_and_verified,UNKNOWN:start_not_certified_free,True,0.0,,,,gmc/results/aerial3dg/f4/sample/S_pairs.json#F4S-00649,,gmc/results/aerial3dg/f4/diag/S/cylinder/
cylinder,F4S-00650,S,101,1142938,UNKNOWN,shared_replay_failed,EXPORT-DOMAIN,export,0.01,CERTIFIED,3.208,1.0802,1.5,1.5,1.512,5.0,1.512,5.0,5.0,,False,map_unknown,45.313,-20.0,,UNKNOWN:shared_replay_failed,True,0.0,,,,gmc/results/aerial3dg/f4/sample/S_pairs.json#F4S-00650,,gmc/results/aerial3dg/f4/diag/S/cylinder/
cylinder,F4S-00651,S,101,1144017,UNKNOWN,start_not_certified_free,EP-TOL,tolerance,0.0,,3.066,1.084,10.0,1.5,1.512,1.512,5.0,1.5,5.0,1.5,,,,,UNKNOWN:shared_replay_failed,UNKNOWN:start_not_certified_free,True,0.0,,,,gmc/results/aerial3dg/f4/sample/S_pairs.json#F4S-00651,,gmc/results/aerial3dg/f4/diag/S/cylinder/
cylinder,F4S-00652,S,101,1145411,UNKNOWN,shared_replay_failed,EXPORT-DOMAIN,export,0.06,CERTIFIED,3.245,1.0897,10.0,1.5,1.512,1.512,1.915,5.0,3.0,,False,map_unknown,9.093,-20.0,,UNKNOWN:shared_replay_failed,True,0.1,,,,gmc/results/aerial3dg/f4/sample/S_pairs.json#F4S-00652,,gmc/results/aerial3dg/f4/diag/S/cylinder/
cylinder,F4S-00653,S,101,1149419,UNKNOWN,start_not_certified_free,EP-TOL,tolerance,0.0,,3.052,1.0805,20.0,1.5,1.512,1.512,5.0,1.5,5.0,1.5,,,,,REACHABLE:graph_path_lifted_and_verified,UNKNOWN:start_not_certified_free,True,0.0,,,,gmc/results/aerial3dg/f4/sample/S_pairs.json#F4S-00653,,gmc/results/aerial3dg/f4/diag/S/cylinder/
cylinder,F4S-00655,S,101,1150089,UNKNOWN,goal_not_certified_free,EP-TOL,tolerance,0.0,,3.025,1.0798,20.0,1.5,1.512,5.0,1.512,5.0,1.5,1.5,,,,,UNKNOWN:shared_replay_failed,UNKNOWN:goal_not_certified_free,True,0.0,,,,gmc/results/aerial3dg/f4/sample/S_pairs.json#F4S-00655,,gmc/results/aerial3dg/f4/diag/S/cylinder/
cylinder,F4S-00656,S,101,1150624,UNKNOWN,goal_not_certified_free,EP-TOL,tolerance,0.0,,3.023,1.0773,50.0,1.5,1.512,5.0,1.512,5.0,1.5,1.5,,,,,REACHABLE:graph_path_lifted_and_verified,UNKNOWN:goal_not_certified_free,True,0.0,,,,gmc/results/aerial3dg/f4/sample/S_pairs.json#F4S-00656,,gmc/results/aerial3dg/f4/diag/S/cylinder/
cylinder,F4S-00657,S,101,1150680,UNKNOWN,shared_replay_failed,EXPORT-DOMAIN,export,0.01,CERTIFIED,3.335,1.0836,0.5,1.5,1.512,5.0,5.0,5.0,5.0,,False,map_unknown,36.819,-20.0,,UNKNOWN:shared_replay_failed,True,0.0,,,,gmc/results/aerial3dg/f4/sample/S_pairs.json#F4S-00657,,gmc/results/aerial3dg/f4/diag/S/cylinder/
cylinder,F4S-00658,S,101,1152034,UNKNOWN,goal_not_certified_free,EP-TOL,tolerance,0.0,,3.146,1.0772,20.0,1.5,1.512,5.0,1.512,5.0,1.5,1.5,,,,,REACHABLE:graph_path_lifted_and_verified,UNKNOWN:goal_not_certified_free,True,0.0,,,,gmc/results/aerial3dg/f4/sample/S_pairs.json#F4S-00658,,gmc/results/aerial3dg/f4/diag/S/cylinder/
cylinder,F4S-00659,S,101,1156110,UNKNOWN,shared_replay_failed,EXPORT-DOMAIN,export,0.02,CERTIFIED,3.419,1.0869,20.0,1.5,1.512,5.0,5.0,5.0,5.0,,False,map_unknown,33.89,-20.0,,UNKNOWN:shared_replay_failed,True,0.0,,,,gmc/results/aerial3dg/f4/sample/S_pairs.json#F4S-00659,,gmc/results/aerial3dg/f4/diag/S/cylinder/
cylinder,F4S-00660,S,101,1156591,UNKNOWN,goal_not_certified_free,EP-TOL,tolerance,0.0,,3.367,1.0765,10.0,1.5,1.512,1.512,1.645,5.0,1.5,1.5,,,,,REACHABLE:graph_path_lifted_and_verified,UNKNOWN:goal_not_certified_free,True,0.0,,,,gmc/results/aerial3dg/f4/sample/S_pairs.json#F4S-00660,,gmc/results/aerial3dg/f4/diag/S/cylinder/
cylinder,F4S-00661,S,101,1156631,UNKNOWN,goal_not_certified_free,EP-TOL,tolerance,0.0,,3.077,1.0757,20.0,1.5,1.512,5.0,1.512,5.0,1.5,1.5,,,,,REACHABLE:graph_path_lifted_and_verified,UNKNOWN:goal_not_certified_free,True,0.0,,,,gmc/results/aerial3dg/f4/sample/S_pairs.json#F4S-00661,,gmc/results/aerial3dg/f4/diag/S/cylinder/
cylinder,F4S-00662,S,101,1156890,UNKNOWN,start_not_certified_free,EP-TOL,tolerance,0.0,,3.013,1.0732,50.0,1.5,1.512,1.512,5.0,1.5,5.0,1.5,,,,,REACHABLE:graph_path_lifted_and_verified,UNKNOWN:start_not_certified_free,True,0.0,,,,gmc/results/aerial3dg/f4/sample/S_pairs.json#F4S-00662,,gmc/results/aerial3dg/f4/diag/S/cylinder/
cylinder,F4S-00664,S,101,1158709,UNKNOWN,shared_replay_failed,EXPORT-DOMAIN,export,0.05,CERTIFIED,3.094,1.079,3.0,1.5,1.512,5.0,5.0,5.0,5.0,,False,map_unknown,19.847,-20.0,,UNKNOWN:shared_replay_failed,True,0.1,,,,gmc/results/aerial3dg/f4/sample/S_pairs.json#F4S-00664,,gmc/results/aerial3dg/f4/diag/S/cylinder/
cylinder,F4S-00665,S,101,1159225,UNKNOWN,shared_replay_failed,EXPORT-DOMAIN,export,0.03,CERTIFIED,3.281,1.0789,20.0,1.5,1.512,5.0,5.0,5.0,5.0,,False,map_unknown,34.193,-20.0,,UNKNOWN:shared_replay_failed,True,0.0,,,,gmc/results/aerial3dg/f4/sample/S_pairs.json#F4S-00665,,gmc/results/aerial3dg/f4/diag/S/cylinder/
cylinder,F4S-00666,S,101,1159708,UNKNOWN,shared_replay_failed,EXPORT-DOMAIN,export,0.01,CERTIFIED,3.255,1.08,20.0,1.5,1.512,1.512,5.0,5.0,5.0,,False,map_unknown,29.584,-20.0,,UNKNOWN:shared_replay_failed,True,0.0,,,,gmc/results/aerial3dg/f4/sample/S_pairs.json#F4S-00666,,gmc/results/aerial3dg/f4/diag/S/cylinder/
cylinder,F4S-00668,S,101,1162564,UNKNOWN,shared_replay_failed,EXPORT-DOMAIN,export,0.05,CERTIFIED,3.274,1.0798,20.0,1.5,1.512,5.0,1.512,5.0,5.0,,False,map_unknown,30.805,-20.0,,UNKNOWN:shared_replay_failed,True,0.1,,,,gmc/results/aerial3dg/f4/sample/S_pairs.json#F4S-00668,,gmc/results/aerial3dg/f4/diag/S/cylinder/
cylinder,F4S-00669,S,101,1167437,UNKNOWN,start_not_certified_free,EP-TOL,tolerance,0.0,,3.458,1.1039,0.5,1.5,1.512,1.165,5.0,1.5,5.0,1.5,,,,,UNKNOWN:shared_replay_failed,UNKNOWN:start_not_certified_free,True,0.0,,,,gmc/results/aerial3dg/f4/sample/S_pairs.json#F4S-00669,,gmc/results/aerial3dg/f4/diag/S/cylinder/
cylinder,F4S-00671,S,101,1171021,UNKNOWN,shared_replay_failed,EXPORT-DOMAIN,export,0.02,CERTIFIED,3.244,1.0761,0.5,1.5,1.512,5.0,1.557,5.0,5.0,,False,map_unknown,3.519,-20.0,,UNKNOWN:shared_replay_failed,True,0.0,,,,gmc/results/aerial3dg/f4/sample/S_pairs.json#F4S-00671,,gmc/results/aerial3dg/f4/diag/S/cylinder/
cylinder,F4S-00672,S,101,1171089,UNKNOWN,shared_replay_failed,EXPORT-DOMAIN,export,0.04,CERTIFIED,3.414,1.0902,1.0,1.5,1.512,3.432,1.557,3.0,5.0,,False,map_unknown,55.246,-1.938,,UNKNOWN:shared_replay_failed,True,0.0,,,,gmc/results/aerial3dg/f4/sample/S_pairs.json#F4S-00672,,gmc/results/aerial3dg/f4/diag/S/cylinder/
cylinder,F4S-00674,S,101,1177376,UNKNOWN,shared_replay_failed,EXPORT-DOMAIN,export,0.04,CERTIFIED,3.125,1.0774,2.0,1.5,1.512,5.0,1.512,5.0,5.0,,False,map_unknown,2.073,-20.0,,UNKNOWN:shared_replay_failed,True,0.0,,,,gmc/results/aerial3dg/f4/sample/S_pairs.json#F4S-00674,,gmc/results/aerial3dg/f4/diag/S/cylinder/
cylinder,F4S-00676,S,101,1179299,UNKNOWN,goal_not_certified_free,EP-TOL,tolerance,0.0,,3.24,1.0777,20.0,1.5,1.512,5.0,1.512,5.0,1.5,1.5,,,,,REACHABLE:graph_path_lifted_and_verified,UNKNOWN:goal_not_certified_free,True,0.0,,,,gmc/results/aerial3dg/f4/sample/S_pairs.json#F4S-00676,,gmc/results/aerial3dg/f4/diag/S/cylinder/
cylinder,F4S-00677,S,101,1179552,UNKNOWN,shared_replay_failed,EXPORT-DOMAIN,export,0.02,CERTIFIED,3.444,1.0935,1.0,1.5,1.512,1.557,5.0,5.0,5.0,,False,map_unknown,58.962,-15.538,,UNKNOWN:shared_replay_failed,True,0.0,,,,gmc/results/aerial3dg/f4/sample/S_pairs.json#F4S-00677,,gmc/results/aerial3dg/f4/diag/S/cylinder/
cylinder,F4S-00678,S,101,1184032,UNKNOWN,shared_replay_failed,EXPORT-DOMAIN,export,0.05,CERTIFIED,3.321,1.0842,1.0,1.5,1.512,5.0,5.0,5.0,5.0,,False,map_unknown,5.603,-20.0,,UNKNOWN:shared_replay_failed,True,0.1,,,,gmc/results/aerial3dg/f4/sample/S_pairs.json#F4S-00678,,gmc/results/aerial3dg/f4/diag/S/cylinder/
cylinder,F4S-00683,S,101,1200717,UNKNOWN,goal_not_certified_free,EP-TOL,tolerance,0.0,,3.06,1.0798,2.0,1.5,1.512,5.0,1.512,5.0,1.5,1.5,,,,,REACHABLE:graph_path_lifted_and_verified,UNKNOWN:goal_not_certified_free,True,0.0,,,,gmc/results/aerial3dg/f4/sample/S_pairs.json#F4S-00683,,gmc/results/aerial3dg/f4/diag/S/cylinder/
cylinder,F4S-00684,S,101,1203862,UNKNOWN,shared_replay_failed,EXPORT-DOMAIN,export,0.01,CERTIFIED,3.065,1.0805,2.0,1.5,1.512,1.557,5.0,5.0,5.0,,False,map_unknown,60.887,-6.638,,UNKNOWN:shared_replay_failed,True,0.0,,,,gmc/results/aerial3dg/f4/sample/S_pairs.json#F4S-00684,,gmc/results/aerial3dg/f4/diag/S/cylinder/
cylinder,F4S-00685,S,101,1206359,UNKNOWN,shared_replay_failed,EXPORT-DOMAIN,export,0.01,CERTIFIED,3.165,1.0844,0.0,1.5,1.512,5.0,5.0,5.0,10.0,,False,map_unknown,53.926,-16.938,,UNKNOWN:shared_replay_failed,True,0.0,,,,gmc/results/aerial3dg/f4/sample/S_pairs.json#F4S-00685,,gmc/results/aerial3dg/f4/diag/S/cylinder/
cylinder,F4S-00686,S,101,1206360,UNKNOWN,goal_not_certified_free,EP-TOL,tolerance,0.0,,3.035,1.0788,20.0,1.5,1.512,5.0,1.512,5.0,1.5,1.5,,,,,REACHABLE:graph_path_lifted_and_verified,UNKNOWN:goal_not_certified_free,True,0.0,,,,gmc/results/aerial3dg/f4/sample/S_pairs.json#F4S-00686,,gmc/results/aerial3dg/f4/diag/S/cylinder/
cylinder,F4S-00688,S,101,1215886,UNKNOWN,shared_replay_failed,EXPORT-DOMAIN,export,0.01,CERTIFIED,3.152,1.0853,1.5,1.5,1.512,5.0,5.0,5.0,5.0,,False,map_unknown,51.963,-20.0,,UNKNOWN:shared_replay_failed,True,0.0,,,,gmc/results/aerial3dg/f4/sample/S_pairs.json#F4S-00688,,gmc/results/aerial3dg/f4/diag/S/cylinder/
cylinder,F4S-00689,S,101,1219415,UNKNOWN,shared_replay_failed,EXPORT-DOMAIN,export,0.03,CERTIFIED,3.121,1.0795,0.0,1.5,1.512,5.0,1.557,5.0,5.0,,False,map_unknown,23.316,-20.0,,UNKNOWN:shared_replay_failed,True,0.0,,,,gmc/results/aerial3dg/f4/sample/S_pairs.json#F4S-00689,,gmc/results/aerial3dg/f4/diag/S/cylinder/
cylinder,F4S-00691,S,101,1222635,UNKNOWN,start_not_certified_free,EP-TOL,tolerance,0.0,,3.489,1.0796,5.0,1.0,1.512,1.125,5.0,1.0,5.0,1.0,,,,,REACHABLE:graph_path_lifted_and_verified,UNKNOWN:start_not_certified_free,True,0.0,,,,gmc/results/aerial3dg/f4/sample/S_pairs.json#F4S-00691,,gmc/results/aerial3dg/f4/diag/S/cylinder/
cylinder,F4S-00693,S,101,1227418,UNKNOWN,shared_replay_failed,EXPORT-DOMAIN,export,0.01,CERTIFIED,3.077,1.0802,2.0,1.5,1.512,1.512,5.0,2.0,5.0,,False,map_unknown,51.228,-7.238,,UNKNOWN:shared_replay_failed,True,0.0,,,,gmc/results/aerial3dg/f4/sample/S_pairs.json#F4S-00693,,gmc/results/aerial3dg/f4/diag/S/cylinder/
cylinder,F4S-00695,S,101,1227811,UNKNOWN,shared_replay_failed,EXPORT-DOMAIN,export,0.02,CERTIFIED,3.18,1.0789,20.0,1.5,1.512,5.0,1.512,5.0,5.0,,False,map_unknown,14.91,-20.0,,UNKNOWN:shared_replay_failed,True,0.0,,,,gmc/results/aerial3dg/f4/sample/S_pairs.json#F4S-00695,,gmc/results/aerial3dg/f4/diag/S/cylinder/
cylinder,F4S-00697,S,101,1228909,UNKNOWN,shared_replay_failed,EXPORT-DOMAIN,export,0.02,CERTIFIED,3.219,1.0776,5.0,1.5,1.512,5.0,5.0,5.0,5.0,,False,map_unknown,10.823,-20.0,,UNKNOWN:shared_replay_failed,True,0.0,,,,gmc/results/aerial3dg/f4/sample/S_pairs.json#F4S-00697,,gmc/results/aerial3dg/f4/diag/S/cylinder/
cylinder,F4S-00698,S,101,1230211,UNKNOWN,shared_replay_failed,EXPORT-DOMAIN,export,0.03,CERTIFIED,3.062,1.0764,5.0,1.5,1.512,5.0,1.512,5.0,5.0,,False,map_unknown,22.007,-20.0,,UNKNOWN:shared_replay_failed,True,0.0,,,,gmc/results/aerial3dg/f4/sample/S_pairs.json#F4S-00698,,gmc/results/aerial3dg/f4/diag/S/cylinder/
cylinder,F4S-00699,S,101,1231049,UNKNOWN,goal_not_certified_free,EP-TOL,tolerance,0.0,,3.005,1.0722,2.0,1.5,1.512,5.0,1.512,5.0,1.5,1.5,,,,,REACHABLE:graph_path_lifted_and_verified,UNKNOWN:goal_not_certified_free,True,0.0,,,,gmc/results/aerial3dg/f4/sample/S_pairs.json#F4S-00699,,gmc/results/aerial3dg/f4/diag/S/cylinder/
cylinder,F4S-00700,S,101,1239397,UNKNOWN,start_not_certified_free,EP-TOL,tolerance,0.0,,3.561,1.0722,1.5,1.5,1.512,1.094,5.0,1.5,5.0,1.5,,,,,REACHABLE:graph_path_lifted_and_verified,UNKNOWN:start_not_certified_free,True,0.0,,,,gmc/results/aerial3dg/f4/sample/S_pairs.json#F4S-00700,,gmc/results/aerial3dg/f4/diag/S/cylinder/
cylinder,F4S-00701,S,101,1242514,UNKNOWN,goal_not_certified_free,EP-TOL,tolerance,0.03,,3.196,1.0798,10.0,1.5,1.512,4.299,1.512,5.0,1.5,1.5,,,,,UNKNOWN:shared_replay_failed,UNKNOWN:goal_not_certified_free,True,0.0,,,,gmc/results/aerial3dg/f4/sample/S_pairs.json#F4S-00701,,gmc/results/aerial3dg/f4/diag/S/cylinder/
cylinder,F4S-00703,S,101,1244472,UNKNOWN,shared_replay_failed,EXPORT-DOMAIN,export,0.01,CERTIFIED,3.591,1.0822,0.5,1.5,1.512,5.0,5.0,5.0,5.0,,False,map_unknown,48.564,-20.0,,UNKNOWN:shared_replay_failed,True,0.0,,,,gmc/results/aerial3dg/f4/sample/S_pairs.json#F4S-00703,,gmc/results/aerial3dg/f4/diag/S/cylinder/
cylinder,F4S-00704,S,101,1244995,UNKNOWN,start_not_certified_free,EP-TOL,tolerance,0.0,,3.008,1.0788,20.0,1.5,1.512,1.512,5.0,1.5,5.0,1.5,,,,,REACHABLE:graph_path_lifted_and_verified,UNKNOWN:start_not_certified_free,True,0.0,,,,gmc/results/aerial3dg/f4/sample/S_pairs.json#F4S-00704,,gmc/results/aerial3dg/f4/diag/S/cylinder/
cylinder,F4S-00705,S,101,1246439,UNKNOWN,shared_replay_failed,EXPORT-DOMAIN,export,0.01,CERTIFIED,3.087,1.0904,20.0,1.5,1.512,5.0,5.0,5.0,5.0,,False,map_unknown,32.034,-20.0,,UNKNOWN:shared_replay_failed,True,0.0,,,,gmc/results/aerial3dg/f4/sample/S_pairs.json#F4S-00705,,gmc/results/aerial3dg/f4/diag/S/cylinder/
cylinder,F4S-00707,S,101,1250263,UNKNOWN,shared_replay_failed,EXPORT-DOMAIN,export,0.01,CERTIFIED,3.436,1.0757,0.0,1.5,1.512,5.0,5.0,5.0,5.0,,False,map_unknown,29.188,-20.0,,UNKNOWN:shared_replay_failed,True,0.0,,,,gmc/results/aerial3dg/f4/sample/S_pairs.json#F4S-00707,,gmc/results/aerial3dg/f4/diag/S/cylinder/
cylinder,F4S-00708,S,101,1251959,UNKNOWN,goal_not_certified_free,EP-TOL,tolerance,0.0,,3.162,1.0695,20.0,1.5,1.512,5.0,1.512,5.0,1.5,1.5,,,,,REACHABLE:graph_path_lifted_and_verified,UNKNOWN:goal_not_certified_free,True,0.0,,,,gmc/results/aerial3dg/f4/sample/S_pairs.json#F4S-00708,,gmc/results/aerial3dg/f4/diag/S/cylinder/
cylinder,F4S-00711,S,101,1252851,UNKNOWN,shared_replay_failed,EXPORT-DOMAIN,export,0.03,CERTIFIED,3.134,1.0799,1.0,1.5,1.512,5.0,5.0,5.0,5.0,,False,map_unknown,14.89,-20.0,,UNKNOWN:shared_replay_failed,True,0.0,,,,gmc/results/aerial3dg/f4/sample/S_pairs.json#F4S-00711,,gmc/results/aerial3dg/f4/diag/S/cylinder/
cylinder,F4S-00715,S,101,1254903,UNKNOWN,shared_replay_failed,EXPORT-DOMAIN,export,0.01,CERTIFIED,3.385,1.0804,1.0,1.5,1.512,5.0,5.0,5.0,5.0,,False,map_unknown,48.84,-20.0,,UNKNOWN:shared_replay_failed,True,0.0,,,,gmc/results/aerial3dg/f4/sample/S_pairs.json#F4S-00715,,gmc/results/aerial3dg/f4/diag/S/cylinder/
cylinder,F4S-00716,S,101,1259529,UNKNOWN,shared_replay_failed,EXPORT-DOMAIN,export,0.02,CERTIFIED,3.355,1.0799,20.0,1.5,1.512,5.0,5.0,5.0,5.0,,False,map_unknown,32.633,-20.0,,UNKNOWN:shared_replay_failed,True,0.0,,,,gmc/results/aerial3dg/f4/sample/S_pairs.json#F4S-00716,,gmc/results/aerial3dg/f4/diag/S/cylinder/
cylinder,F4S-00717,S,101,1260049,UNKNOWN,shared_replay_failed,EXPORT-DOMAIN,export,0.04,CERTIFIED,3.177,1.0861,2.0,1.5,1.512,3.615,1.512,5.0,2.0,,False,map_unknown,38.206,-20.0,,UNKNOWN:shared_replay_failed,True,0.0,,,,gmc/results/aerial3dg/f4/sample/S_pairs.json#F4S-00717,,gmc/results/aerial3dg/f4/diag/S/cylinder/
cylinder,F4S-00718,S,101,1260291,UNKNOWN,goal_not_certified_free,EP-TOL,tolerance,0.0,,3.093,1.0689,10.0,1.5,1.512,5.0,1.512,5.0,1.5,1.5,,,,,REACHABLE:graph_path_lifted_and_verified,UNKNOWN:goal_not_certified_free,True,0.0,,,,gmc/results/aerial3dg/f4/sample/S_pairs.json#F4S-00718,,gmc/results/aerial3dg/f4/diag/S/cylinder/
cylinder,F4S-00719,S,101,1260911,UNKNOWN,shared_replay_failed,EXPORT-DOMAIN,export,0.03,CERTIFIED,3.225,1.1156,1.5,1.5,1.512,5.0,5.0,5.0,5.0,,False,map_unknown,63.077,-3.538,,UNKNOWN:shared_replay_failed,True,0.0,,,,gmc/results/aerial3dg/f4/sample/S_pairs.json#F4S-00719,,gmc/results/aerial3dg/f4/diag/S/cylinder/
cylinder,F4S-00720,S,101,1261670,UNKNOWN,shared_replay_failed,EXPORT-DOMAIN,export,0.02,CERTIFIED,3.36,1.0644,0.5,1.5,1.512,5.0,1.512,5.0,5.0,,False,map_unknown,28.347,-20.0,,UNKNOWN:shared_replay_failed,True,0.0,,,,gmc/results/aerial3dg/f4/sample/S_pairs.json#F4S-00720,,gmc/results/aerial3dg/f4/diag/S/cylinder/
cylinder,F4S-00723,S,101,1274474,UNKNOWN,shared_replay_failed,EXPORT-DOMAIN,export,0.01,CERTIFIED,3.084,1.0943,10.0,1.5,1.512,5.0,5.0,5.0,5.0,,False,map_unknown,56.725,-15.938,,UNKNOWN:shared_replay_failed,True,0.0,,,,gmc/results/aerial3dg/f4/sample/S_pairs.json#F4S-00723,,gmc/results/aerial3dg/f4/diag/S/cylinder/
cylinder,F4S-00725,S,101,1275573,UNKNOWN,shared_replay_failed,EXPORT-DOMAIN,export,0.02,CERTIFIED,3.347,1.0777,2.0,1.5,1.512,5.0,5.0,5.0,5.0,,False,map_unknown,4.004,-20.0,,UNKNOWN:shared_replay_failed,True,0.0,,,,gmc/results/aerial3dg/f4/sample/S_pairs.json#F4S-00725,,gmc/results/aerial3dg/f4/diag/S/cylinder/
cylinder,F4S-00726,S,101,1276161,UNKNOWN,shared_replay_failed,EXPORT-DOMAIN,export,0.01,CERTIFIED,3.121,1.0712,5.0,1.5,1.512,5.0,5.0,5.0,5.0,,False,map_unknown,19.019,-20.0,,UNKNOWN:shared_replay_failed,True,0.0,,,,gmc/results/aerial3dg/f4/sample/S_pairs.json#F4S-00726,,gmc/results/aerial3dg/f4/diag/S/cylinder/
cylinder,F4S-00728,S,101,1277740,UNKNOWN,start_not_certified_free,EP-TOL,tolerance,0.0,,3.112,1.0771,1.5,1.5,1.512,1.512,5.0,1.5,5.0,1.5,,,,,REACHABLE:graph_path_lifted_and_verified,UNKNOWN:start_not_certified_free,True,0.0,,,,gmc/results/aerial3dg/f4/sample/S_pairs.json#F4S-00728,,gmc/results/aerial3dg/f4/diag/S/cylinder/
cylinder,F4S-00729,S,101,1278097,UNKNOWN,shared_replay_failed,EXPORT-DOMAIN,export,0.13,CERTIFIED,3.403,1.0805,0.0,1.5,1.512,5.0,5.0,5.0,5.0,,False,map_unknown,23.652,-20.0,,UNKNOWN:shared_replay_failed,True,0.1,,,,gmc/results/aerial3dg/f4/sample/S_pairs.json#F4S-00729,,gmc/results/aerial3dg/f4/diag/S/cylinder/
cylinder,F4S-00730,S,101,1279764,UNKNOWN,shared_replay_failed,EXPORT-DOMAIN,export,0.03,CERTIFIED,3.056,1.07,1.5,1.5,1.512,5.0,5.0,5.0,5.0,,False,map_unknown,1.119,-20.0,,UNKNOWN:shared_replay_failed,True,0.0,,,,gmc/results/aerial3dg/f4/sample/S_pairs.json#F4S-00730,,gmc/results/aerial3dg/f4/diag/S/cylinder/
cylinder,F4S-00732,S,101,1283885,UNKNOWN,shared_replay_failed,EXPORT-DOMAIN,export,0.04,CERTIFIED,3.214,1.0778,0.0,1.5,1.512,5.0,5.0,5.0,5.0,,False,map_unknown,22.2,-20.0,,UNKNOWN:shared_replay_failed,True,0.0,,,,gmc/results/aerial3dg/f4/sample/S_pairs.json#F4S-00732,,gmc/results/aerial3dg/f4/diag/S/cylinder/
cylinder,F4S-00733,S,101,1284385,UNKNOWN,shared_replay_failed,EXPORT-DOMAIN,export,0.03,CERTIFIED,3.132,1.074,1.0,1.5,1.512,5.0,5.0,5.0,5.0,,False,map_unknown,13.387,-20.0,,UNKNOWN:shared_replay_failed,True,0.0,,,,gmc/results/aerial3dg/f4/sample/S_pairs.json#F4S-00733,,gmc/results/aerial3dg/f4/diag/S/cylinder/
cylinder,F4S-00735,S,101,1286803,UNKNOWN,shared_replay_failed,EXPORT-DOMAIN,export,0.02,CERTIFIED,3.232,1.073,10.0,1.5,1.512,5.0,5.0,5.0,5.0,,False,map_unknown,7.836,-20.0,,UNKNOWN:shared_replay_failed,True,0.0,,,,gmc/results/aerial3dg/f4/sample/S_pairs.json#F4S-00735,,gmc/results/aerial3dg/f4/diag/S/cylinder/
cylinder,F4S-00736,S,101,1286805,UNKNOWN,shared_replay_failed,EXPORT-DOMAIN,export,0.01,CERTIFIED,3.41,1.0875,10.0,1.5,1.512,5.0,5.0,5.0,5.0,,False,map_unknown,45.968,-20.0,,UNKNOWN:shared_replay_failed,True,0.0,,,,gmc/results/aerial3dg/f4/sample/S_pairs.json#F4S-00736,,gmc/results/aerial3dg/f4/diag/S/cylinder/
cylinder,F4S-00737,S,101,1290769,UNKNOWN,shared_replay_failed,EXPORT-DOMAIN,export,0.02,CERTIFIED,3.443,1.0898,10.0,1.5,1.512,5.0,3.695,5.0,5.0,,False,map_unknown,33.896,-20.0,,UNKNOWN:shared_replay_failed,True,0.0,,,,gmc/results/aerial3dg/f4/sample/S_pairs.json#F4S-00737,,gmc/results/aerial3dg/f4/diag/S/cylinder/
cylinder,F4S-00739,S,101,1296767,UNKNOWN,shared_replay_failed,EXPORT-DOMAIN,export,0.01,CERTIFIED,3.394,1.0934,2.0,1.5,1.512,5.0,5.0,5.0,5.0,,False,map_unknown,57.325,-19.438,,UNKNOWN:shared_replay_failed,True,0.0,,,,gmc/results/aerial3dg/f4/sample/S_pairs.json#F4S-00739,,gmc/results/aerial3dg/f4/diag/S/cylinder/
cylinder,F4S-00742,S,101,1298506,UNKNOWN,shared_replay_failed,EXPORT-DOMAIN,export,0.01,CERTIFIED,3.278,1.0768,5.0,1.5,1.512,5.0,5.0,5.0,5.0,,False,map_unknown,21.745,-20.0,,UNKNOWN:shared_replay_failed,True,0.0,,,,gmc/results/aerial3dg/f4/sample/S_pairs.json#F4S-00742,,gmc/results/aerial3dg/f4/diag/S/cylinder/
cylinder,F4S-00743,S,101,1300707,UNKNOWN,shared_replay_failed,EXPORT-DOMAIN,export,0.01,CERTIFIED,3.137,1.0888,20.0,1.5,1.512,5.0,5.0,5.0,5.0,,False,map_unknown,33.964,-20.0,,UNKNOWN:shared_replay_failed,True,0.0,,,,gmc/results/aerial3dg/f4/sample/S_pairs.json#F4S-00743,,gmc/results/aerial3dg/f4/diag/S/cylinder/
cylinder,F4S-00744,S,101,1303612,UNKNOWN,shared_replay_failed,EXPORT-DOMAIN,export,0.04,CERTIFIED,3.508,1.084,0.0,1.5,1.512,1.557,5.0,5.0,5.0,,False,map_unknown,48.066,-20.0,,UNKNOWN:shared_replay_failed,True,0.0,,,,gmc/results/aerial3dg/f4/sample/S_pairs.json#F4S-00744,,gmc/results/aerial3dg/f4/diag/S/cylinder/
cylinder,F4S-00747,S,101,1311427,UNKNOWN,start_not_certified_free,EP-TOL,tolerance,0.0,,3.065,1.0639,0.0,1.5,1.512,1.512,5.0,1.5,5.0,1.5,,,,,UNKNOWN:shared_replay_failed,UNKNOWN:start_not_certified_free,True,0.0,,,,gmc/results/aerial3dg/f4/sample/S_pairs.json#F4S-00747,,gmc/results/aerial3dg/f4/diag/S/cylinder/
cylinder,F4S-00748,S,101,1312506,UNKNOWN,shared_replay_failed,EXPORT-DOMAIN,export,0.02,CERTIFIED,3.052,1.0867,20.0,1.5,1.512,5.0,5.0,5.0,5.0,,False,map_unknown,35.203,-20.0,,UNKNOWN:shared_replay_failed,True,0.0,,,,gmc/results/aerial3dg/f4/sample/S_pairs.json#F4S-00748,,gmc/results/aerial3dg/f4/diag/S/cylinder/
cylinder,F4S-00749,S,101,1322259,UNKNOWN,goal_not_certified_free,EP-TOL,tolerance,0.0,,3.118,1.0789,20.0,1.5,1.512,5.0,1.512,5.0,1.5,1.5,,,,,REACHABLE:graph_path_lifted_and_verified,UNKNOWN:goal_not_certified_free,True,0.0,,,,gmc/results/aerial3dg/f4/sample/S_pairs.json#F4S-00749,,gmc/results/aerial3dg/f4/diag/S/cylinder/
cylinder,F4S-00750,S,101,1324797,UNKNOWN,goal_not_certified_free,EP-TOL,tolerance,0.0,,3.014,1.0756,2.0,1.5,1.512,1.168,1.512,5.0,1.5,1.5,,,,,REACHABLE:graph_path_lifted_and_verified,UNKNOWN:goal_not_certified_free,True,0.0,,,,gmc/results/aerial3dg/f4/sample/S_pairs.json#F4S-00750,,gmc/results/aerial3dg/f4/diag/S/cylinder/
cylinder,F4S-00751,S,101,1324993,UNKNOWN,shared_replay_failed,EXPORT-DOMAIN,export,0.07,CERTIFIED,3.354,1.087,2.0,1.5,1.512,1.512,4.49,5.0,5.0,,False,map_unknown,32.216,-20.0,,UNKNOWN:shared_replay_failed,True,0.1,,,,gmc/results/aerial3dg/f4/sample/S_pairs.json#F4S-00751,,gmc/results/aerial3dg/f4/diag/S/cylinder/
cylinder,F4S-00752,S,101,1333251,UNKNOWN,shared_replay_failed,EXPORT-DOMAIN,export,0.05,CERTIFIED,3.443,1.1024,1.0,1.5,0.535,5.0,1.557,5.0,3.0,,False,map_unknown,57.527,-11.038,,UNKNOWN:shared_replay_failed,True,0.1,,,,gmc/results/aerial3dg/f4/sample/S_pairs.json#F4S-00752,,gmc/results/aerial3dg/f4/diag/S/cylinder/
cylinder,F4S-00753,S,101,1334296,UNKNOWN,shared_replay_failed,EXPORT-DOMAIN,export,0.13,CERTIFIED,3.302,1.0944,1.5,1.5,1.512,5.0,5.0,5.0,5.0,,False,map_unknown,45.658,-20.0,,UNKNOWN:shared_replay_failed,True,0.1,,,,gmc/results/aerial3dg/f4/sample/S_pairs.json#F4S-00753,,gmc/results/aerial3dg/f4/diag/S/cylinder/
cylinder,F4S-00754,S,101,1337259,UNKNOWN,goal_not_certified_free,EP-TOL,tolerance,0.0,,3.043,1.0681,5.0,1.5,1.512,5.0,1.512,5.0,1.5,1.5,,,,,UNKNOWN:shared_replay_failed,UNKNOWN:goal_not_certified_free,True,0.0,,,,gmc/results/aerial3dg/f4/sample/S_pairs.json#F4S-00754,,gmc/results/aerial3dg/f4/diag/S/cylinder/
cylinder,F4S-00757,S,101,1341913,UNKNOWN,shared_replay_failed,EXPORT-DOMAIN,export,0.01,CERTIFIED,3.015,1.0765,10.0,1.5,1.512,1.557,5.0,5.0,5.0,,False,map_unknown,34.015,-20.0,,UNKNOWN:shared_replay_failed,True,0.0,,,,gmc/results/aerial3dg/f4/sample/S_pairs.json#F4S-00757,,gmc/results/aerial3dg/f4/diag/S/cylinder/
cylinder,F4S-00759,S,101,1347822,UNKNOWN,goal_not_certified_free,EP-TOL,tolerance,0.0,,3.049,1.0761,0.0,1.5,1.512,5.0,1.512,5.0,1.5,1.5,,,,,UNKNOWN:shared_replay_failed,UNKNOWN:goal_not_certified_free,True,0.0,,,,gmc/results/aerial3dg/f4/sample/S_pairs.json#F4S-00759,,gmc/results/aerial3dg/f4/diag/S/cylinder/
cylinder,F4S-00760,S,101,1349490,UNKNOWN,shared_replay_failed,EXPORT-DOMAIN,export,0.03,CERTIFIED,3.319,1.0714,0.5,1.5,1.512,1.512,5.0,5.0,5.0,,False,map_unknown,33.074,-20.0,,UNKNOWN:shared_replay_failed,True,0.0,,,,gmc/results/aerial3dg/f4/sample/S_pairs.json#F4S-00760,,gmc/results/aerial3dg/f4/diag/S/cylinder/
cylinder,F4S-00761,S,101,1353172,UNKNOWN,goal_not_certified_free,EP-TOL,tolerance,0.03,,3.247,1.0788,5.0,1.5,1.512,5.0,1.512,5.0,1.5,1.5,,,,,UNKNOWN:shared_replay_failed,UNKNOWN:goal_not_certified_free,True,0.0,,,,gmc/results/aerial3dg/f4/sample/S_pairs.json#F4S-00761,,gmc/results/aerial3dg/f4/diag/S/cylinder/
cylinder,F4S-00762,S,101,1354181,UNKNOWN,shared_replay_failed,EXPORT-DOMAIN,export,0.13,CERTIFIED,3.427,1.0786,10.0,1.5,1.512,5.0,1.637,5.0,5.0,,False,map_unknown,21.488,-20.0,,UNKNOWN:shared_replay_failed,True,0.1,,,,gmc/results/aerial3dg/f4/sample/S_pairs.json#F4S-00762,,gmc/results/aerial3dg/f4/diag/S/cylinder/
cylinder,F4S-00763,S,101,1355374,UNKNOWN,shared_replay_failed,EXPORT-DOMAIN,export,0.02,CERTIFIED,3.185,1.1027,1.5,1.5,1.512,5.0,1.557,5.0,5.0,,False,map_unknown,46.093,-20.0,,UNKNOWN:shared_replay_failed,True,0.0,,,,gmc/results/aerial3dg/f4/sample/S_pairs.json#F4S-00763,,gmc/results/aerial3dg/f4/diag/S/cylinder/
cylinder,F4S-00765,S,101,1357789,UNKNOWN,shared_replay_failed,EXPORT-DOMAIN,export,0.03,CERTIFIED,3.219,1.0822,1.0,1.5,1.512,1.542,5.0,5.0,5.0,,False,map_unknown,54.324,-14.138,,UNKNOWN:shared_replay_failed,True,0.0,,,,gmc/results/aerial3dg/f4/sample/S_pairs.json#F4S-00765,,gmc/results/aerial3dg/f4/diag/S/cylinder/
cylinder,F4S-00767,S,101,1364557,UNKNOWN,shared_replay_failed,EXPORT-DOMAIN,export,0.01,CERTIFIED,3.181,1.0808,3.0,1.5,1.512,1.512,5.0,5.0,5.0,,False,map_unknown,20.065,-20.0,,UNKNOWN:shared_replay_failed,True,0.0,,,,gmc/results/aerial3dg/f4/sample/S_pairs.json#F4S-00767,,gmc/results/aerial3dg/f4/diag/S/cylinder/
cylinder,F4S-00768,S,101,1366802,UNKNOWN,shared_replay_failed,EXPORT-DOMAIN,export,0.01,CERTIFIED,3.005,1.0789,1.0,1.5,1.512,5.0,1.512,5.0,5.0,,False,map_unknown,57.684,-11.738,,UNKNOWN:shared_replay_failed,True,0.0,,,,gmc/results/aerial3dg/f4/sample/S_pairs.json#F4S-00768,,gmc/results/aerial3dg/f4/diag/S/cylinder/
cylinder,F4S-00770,S,101,1377229,UNKNOWN,shared_replay_failed,EXPORT-DOMAIN,export,0.24,CERTIFIED,3.122,1.1119,1.0,1.5,1.512,1.543,5.0,5.0,5.0,,False,map_unknown,49.056,-11.238,,UNKNOWN:shared_replay_failed,True,0.3,,,,gmc/results/aerial3dg/f4/sample/S_pairs.json#F4S-00770,,gmc/results/aerial3dg/f4/diag/S/cylinder/
cylinder,F4S-00771,S,101,1378102,UNKNOWN,start_not_certified_free,EP-TOL,tolerance,0.0,,3.017,1.0776,1.0,1.5,1.512,1.512,5.0,1.5,5.0,1.5,,,,,REACHABLE:graph_path_lifted_and_verified,UNKNOWN:start_not_certified_free,True,0.0,,,,gmc/results/aerial3dg/f4/sample/S_pairs.json#F4S-00771,,gmc/results/aerial3dg/f4/diag/S/cylinder/
cylinder,F4S-00773,S,101,1382839,UNKNOWN,shared_replay_failed,EXPORT-DOMAIN,export,0.02,CERTIFIED,3.254,1.0818,5.0,1.5,1.512,5.0,5.0,5.0,5.0,,False,map_unknown,32.55,-20.0,,UNKNOWN:shared_replay_failed,True,0.0,,,,gmc/results/aerial3dg/f4/sample/S_pairs.json#F4S-00773,,gmc/results/aerial3dg/f4/diag/S/cylinder/
cylinder,F4S-00774,S,101,1384602,UNKNOWN,shared_replay_failed,EXPORT-DOMAIN,export,0.01,CERTIFIED,3.059,1.0639,2.0,1.5,1.512,2.141,5.0,5.0,5.0,,False,map_unknown,5.409,-20.0,,UNKNOWN:shared_replay_failed,True,0.0,,,,gmc/results/aerial3dg/f4/sample/S_pairs.json#F4S-00774,,gmc/results/aerial3dg/f4/diag/S/cylinder/
cylinder,F4S-00775,S,101,1387362,UNKNOWN,shared_replay_failed,EXPORT-DOMAIN,export,0.03,CERTIFIED,3.187,1.0846,2.0,1.5,1.512,5.0,1.512,5.0,5.0,,False,map_unknown,53.163,-6.738,,UNKNOWN:shared_replay_failed,True,0.0,,,,gmc/results/aerial3dg/f4/sample/S_pairs.json#F4S-00775,,gmc/results/aerial3dg/f4/diag/S/cylinder/
cylinder,F4S-00776,S,101,1388751,UNKNOWN,shared_replay_failed,EXPORT-DOMAIN,export,0.03,CERTIFIED,3.393,1.099,0.5,1.5,1.512,5.0,5.0,5.0,5.0,,False,map_unknown,69.433,-3.238,,UNKNOWN:shared_replay_failed,True,0.0,,,,gmc/results/aerial3dg/f4/sample/S_pairs.json#F4S-00776,,gmc/results/aerial3dg/f4/diag/S/cylinder/
cylinder,F4S-00777,S,101,1389700,UNKNOWN,shared_replay_failed,EXPORT-DOMAIN,export,0.03,CERTIFIED,3.074,1.0909,2.0,1.5,1.512,5.0,1.512,5.0,5.0,,False,map_unknown,45.62,-19.438,,UNKNOWN:shared_replay_failed,True,0.0,,,,gmc/results/aerial3dg/f4/sample/S_pairs.json#F4S-00777,,gmc/results/aerial3dg/f4/diag/S/cylinder/
cylinder,F4S-00778,S,101,1390222,UNKNOWN,shared_replay_failed,EXPORT-DOMAIN,export,0.02,CERTIFIED,3.358,1.0777,0.0,1.5,1.512,5.0,5.0,5.0,5.0,,False,map_unknown,18.022,-20.0,,UNKNOWN:shared_replay_failed,True,0.0,,,,gmc/results/aerial3dg/f4/sample/S_pairs.json#F4S-00778,,gmc/results/aerial3dg/f4/diag/S/cylinder/
cylinder,F4S-00779,S,101,1390225,UNKNOWN,shared_replay_failed,EXPORT-DOMAIN,export,0.01,CERTIFIED,3.343,1.0833,5.0,1.5,1.512,5.0,5.0,5.0,5.0,,False,map_unknown,38.19,-16.038,,UNKNOWN:shared_replay_failed,True,0.0,,,,gmc/results/aerial3dg/f4/sample/S_pairs.json#F4S-00779,,gmc/results/aerial3dg/f4/diag/S/cylinder/
cylinder,F4S-00781,S,101,1391573,UNKNOWN,start_not_certified_free,EP-TOL,tolerance,0.0,,3.158,1.0766,5.0,1.5,1.512,1.512,5.0,1.5,5.0,1.5,,,,,REACHABLE:graph_path_lifted_and_verified,UNKNOWN:start_not_certified_free,True,0.0,,,,gmc/results/aerial3dg/f4/sample/S_pairs.json#F4S-00781,,gmc/results/aerial3dg/f4/diag/S/cylinder/
cylinder,F4S-00782,S,101,1395873,UNKNOWN,shared_replay_failed,EXPORT-DOMAIN,export,0.01,CERTIFIED,3.239,1.1072,2.0,1.5,1.512,5.0,5.0,5.0,5.0,,False,map_unknown,62.904,-6.038,,UNKNOWN:shared_replay_failed,True,0.0,,,,gmc/results/aerial3dg/f4/sample/S_pairs.json#F4S-00782,,gmc/results/aerial3dg/f4/diag/S/cylinder/
cylinder,F4S-00783,S,101,1398953,UNKNOWN,shared_replay_failed,EXPORT-DOMAIN,export,0.01,CERTIFIED,3.28,1.0813,1.0,1.5,1.512,5.0,5.0,5.0,5.0,,False,map_unknown,55.305,-15.638,,UNKNOWN:shared_replay_failed,True,0.0,,,,gmc/results/aerial3dg/f4/sample/S_pairs.json#F4S-00783,,gmc/results/aerial3dg/f4/diag/S/cylinder/
cylinder,F4S-00786,S,101,1407290,UNKNOWN,shared_replay_failed,EXPORT-DOMAIN,export,0.04,CERTIFIED,3.139,1.0854,2.0,1.5,1.512,5.0,2.718,5.0,5.0,,False,map_unknown,28.75,-8.238,,UNKNOWN:shared_replay_failed,True,0.0,,,,gmc/results/aerial3dg/f4/sample/S_pairs.json#F4S-00786,,gmc/results/aerial3dg/f4/diag/S/cylinder/
cylinder,F4S-00787,S,101,1412651,UNKNOWN,shared_replay_failed,EXPORT-DOMAIN,export,0.12,CERTIFIED,3.036,1.1001,2.0,1.5,1.512,1.512,4.168,5.0,5.0,,False,map_unknown,38.04,-20.0,,UNKNOWN:shared_replay_failed,True,0.1,,,,gmc/results/aerial3dg/f4/sample/S_pairs.json#F4S-00787,,gmc/results/aerial3dg/f4/diag/S/cylinder/
cylinder,F4S-00790,S,101,1418700,UNKNOWN,shared_replay_failed,EXPORT-KIN,export,0.05,CERTIFIED,3.481,1.0724,0.5,1.5,1.512,2.117,2.122,2.0,5.0,,True,all_closed_edges_verified,-20.0,-20.0,,UNKNOWN:shared_replay_failed,True,0.1,,,,gmc/results/aerial3dg/f4/sample/S_pairs.json#F4S-00790,,gmc/results/aerial3dg/f4/diag/S/cylinder/
cylinder,F4S-00791,S,101,1421919,UNKNOWN,goal_not_certified_free,EP-TOL,tolerance,0.0,,3.218,1.0722,10.0,1.5,1.512,3.387,1.512,5.0,1.5,1.5,,,,,REACHABLE:graph_path_lifted_and_verified,UNKNOWN:goal_not_certified_free,True,0.0,,,,gmc/results/aerial3dg/f4/sample/S_pairs.json#F4S-00791,,gmc/results/aerial3dg/f4/diag/S/cylinder/
cylinder,F4S-00796,S,101,1431527,UNKNOWN,start_not_certified_free,EP-TOL,tolerance,0.0,,3.214,1.0743,20.0,1.5,1.512,1.512,5.0,1.5,5.0,1.5,,,,,REACHABLE:graph_path_lifted_and_verified,UNKNOWN:start_not_certified_free,True,0.0,,,,gmc/results/aerial3dg/f4/sample/S_pairs.json#F4S-00796,,gmc/results/aerial3dg/f4/diag/S/cylinder/
cylinder,F4S-00798,S,101,1441816,UNKNOWN,goal_not_certified_free,EP-TOL,tolerance,0.0,,3.018,1.0758,10.0,1.5,1.512,5.0,1.512,5.0,1.5,1.5,,,,,UNKNOWN:shared_replay_failed,UNKNOWN:goal_not_certified_free,True,0.0,,,,gmc/results/aerial3dg/f4/sample/S_pairs.json#F4S-00798,,gmc/results/aerial3dg/f4/diag/S/cylinder/
cylinder,F4S-00800,S,101,1456280,UNKNOWN,shared_replay_failed,EXPORT-DOMAIN,export,0.04,CERTIFIED,3.009,1.0794,0.0,1.5,1.512,5.0,5.0,5.0,5.0,,False,map_unknown,7.444,-20.0,,UNKNOWN:shared_replay_failed,True,0.0,,,,gmc/results/aerial3dg/f4/sample/S_pairs.json#F4S-00800,,gmc/results/aerial3dg/f4/diag/S/cylinder/
cylinder,F4S-00804,S,101,1459179,UNKNOWN,goal_not_certified_free,EP-TOL,tolerance,0.0,,3.117,1.0944,1.5,1.5,1.512,5.0,1.512,5.0,1.5,1.5,,,,,UNKNOWN:shared_replay_failed,UNKNOWN:goal_not_certified_free,True,0.0,,,,gmc/results/aerial3dg/f4/sample/S_pairs.json#F4S-00804,,gmc/results/aerial3dg/f4/diag/S/cylinder/
cylinder,F4S-00806,S,101,1461188,UNKNOWN,shared_replay_failed,EXPORT-DOMAIN,export,0.02,CERTIFIED,3.216,1.1143,0.5,1.5,1.512,5.0,5.0,5.0,5.0,,False,map_unknown,67.821,-1.238,,UNKNOWN:shared_replay_failed,True,0.0,,,,gmc/results/aerial3dg/f4/sample/S_pairs.json#F4S-00806,,gmc/results/aerial3dg/f4/diag/S/cylinder/
cylinder,F4S-00807,S,101,1461649,UNKNOWN,shared_replay_failed,EXPORT-DOMAIN,export,0.01,CERTIFIED,3.084,1.0864,10.0,1.5,1.512,5.0,5.0,5.0,5.0,,False,map_unknown,55.511,-16.138,,UNKNOWN:shared_replay_failed,True,0.0,,,,gmc/results/aerial3dg/f4/sample/S_pairs.json#F4S-00807,,gmc/results/aerial3dg/f4/diag/S/cylinder/
cylinder,F4S-00808,S,101,1464371,UNKNOWN,shared_replay_failed,EXPORT-DOMAIN,export,0.02,CERTIFIED,3.485,1.0791,0.0,1.5,1.512,5.0,5.0,5.0,5.0,,False,map_unknown,58.601,-9.238,,UNKNOWN:shared_replay_failed,True,0.0,,,,gmc/results/aerial3dg/f4/sample/S_pairs.json#F4S-00808,,gmc/results/aerial3dg/f4/diag/S/cylinder/
cylinder,F4S-00811,S,101,1466906,UNKNOWN,shared_replay_failed,EXPORT-DOMAIN,export,0.02,CERTIFIED,3.031,1.0762,5.0,1.5,1.512,1.512,5.0,5.0,5.0,,False,map_unknown,26.524,-20.0,,UNKNOWN:shared_replay_failed,True,0.0,,,,gmc/results/aerial3dg/f4/sample/S_pairs.json#F4S-00811,,gmc/results/aerial3dg/f4/diag/S/cylinder/
cylinder,F4S-00812,S,101,1466975,UNKNOWN,shared_replay_failed,EXPORT-DOMAIN,export,0.03,CERTIFIED,3.104,1.0745,0.0,1.5,1.512,5.0,5.0,5.0,5.0,,False,map_unknown,7.472,-20.0,,UNKNOWN:shared_replay_failed,True,0.0,,,,gmc/results/aerial3dg/f4/sample/S_pairs.json#F4S-00812,,gmc/results/aerial3dg/f4/diag/S/cylinder/
cylinder,F4S-00816,S,101,1482647,UNKNOWN,shared_replay_failed,EXPORT-DOMAIN,export,0.01,CERTIFIED,3.312,1.0793,20.0,1.5,1.512,1.557,5.0,5.0,5.0,,False,map_unknown,7.27,-20.0,,UNKNOWN:shared_replay_failed,True,0.0,,,,gmc/results/aerial3dg/f4/sample/S_pairs.json#F4S-00816,,gmc/results/aerial3dg/f4/diag/S/cylinder/
cylinder,F4S-00817,S,101,1484108,UNKNOWN,shared_replay_failed,EXPORT-DOMAIN,export,0.01,CERTIFIED,3.119,1.0957,2.0,1.5,1.512,2.439,5.0,5.0,5.0,,False,map_unknown,38.978,-20.0,,UNKNOWN:shared_replay_failed,True,0.0,,,,gmc/results/aerial3dg/f4/sample/S_pairs.json#F4S-00817,,gmc/results/aerial3dg/f4/diag/S/cylinder/
cylinder,F4S-00818,S,101,1484248,UNKNOWN,start_not_certified_free,EP-TOL,tolerance,0.0,,3.074,1.0783,20.0,1.5,1.512,1.512,5.0,1.5,5.0,1.5,,,,,REACHABLE:graph_path_lifted_and_verified,UNKNOWN:start_not_certified_free,True,0.0,,,,gmc/results/aerial3dg/f4/sample/S_pairs.json#F4S-00818,,gmc/results/aerial3dg/f4/diag/S/cylinder/
cylinder,F4S-00819,S,101,1486616,UNKNOWN,shared_replay_failed,EXPORT-DOMAIN,export,0.01,CERTIFIED,3.145,1.078,0.5,1.5,1.512,5.0,5.0,5.0,5.0,,False,map_unknown,31.423,-20.0,,UNKNOWN:shared_replay_failed,True,0.0,,,,gmc/results/aerial3dg/f4/sample/S_pairs.json#F4S-00819,,gmc/results/aerial3dg/f4/diag/S/cylinder/
cylinder,F4S-00820,S,101,1489188,UNKNOWN,shared_replay_failed,EXPORT-DOMAIN,export,0.02,CERTIFIED,3.221,1.093,5.0,1.5,1.512,5.0,5.0,5.0,5.0,,False,map_unknown,55.005,-10.038,,UNKNOWN:shared_replay_failed,True,0.0,,,,gmc/results/aerial3dg/f4/sample/S_pairs.json#F4S-00820,,gmc/results/aerial3dg/f4/diag/S/cylinder/
cylinder,F4S-00821,S,101,1489548,UNKNOWN,start_not_certified_free,EP-TOL,tolerance,0.0,,3.027,1.0806,3.0,1.5,1.512,1.512,5.0,1.5,5.0,1.5,,,,,UNKNOWN:shared_replay_failed,UNKNOWN:start_not_certified_free,True,0.0,,,,gmc/results/aerial3dg/f4/sample/S_pairs.json#F4S-00821,,gmc/results/aerial3dg/f4/diag/S/cylinder/
cylinder,F4S-00822,S,101,1490191,UNKNOWN,start_not_certified_free,EP-TOL,tolerance,0.0,,3.284,1.0793,10.0,1.5,1.512,1.352,1.512,1.5,5.0,1.5,,,,,REACHABLE:graph_path_lifted_and_verified,UNKNOWN:start_not_certified_free,True,0.0,,,,gmc/results/aerial3dg/f4/sample/S_pairs.json#F4S-00822,,gmc/results/aerial3dg/f4/diag/S/cylinder/
cylinder,F4S-00823,S,101,1493095,UNKNOWN,shared_replay_failed,EXPORT-DOMAIN,export,0.02,CERTIFIED,3.157,1.0807,20.0,1.5,1.512,5.0,1.512,5.0,5.0,,False,map_unknown,14.856,-20.0,,UNKNOWN:shared_replay_failed,True,0.0,,,,gmc/results/aerial3dg/f4/sample/S_pairs.json#F4S-00823,,gmc/results/aerial3dg/f4/diag/S/cylinder/
cylinder,F4S-00825,S,101,1500436,UNKNOWN,shared_replay_failed,EXPORT-DOMAIN,export,0.02,CERTIFIED,3.404,1.0812,5.0,1.5,1.512,1.557,5.0,5.0,5.0,,False,map_unknown,23.832,-11.338,,UNKNOWN:shared_replay_failed,True,0.0,,,,gmc/results/aerial3dg/f4/sample/S_pairs.json#F4S-00825,,gmc/results/aerial3dg/f4/diag/S/cylinder/
cylinder,F4S-00827,S,101,1505348,UNKNOWN,shared_replay_failed,EXPORT-DOMAIN,export,0.03,CERTIFIED,3.201,1.0732,0.0,1.5,1.512,5.0,5.0,5.0,5.0,,False,map_unknown,6.915,-20.0,,UNKNOWN:shared_replay_failed,True,0.0,,,,gmc/results/aerial3dg/f4/sample/S_pairs.json#F4S-00827,,gmc/results/aerial3dg/f4/diag/S/cylinder/
cylinder,F4S-00828,S,101,1507861,UNKNOWN,shared_replay_failed,EXPORT-DOMAIN,export,0.02,CERTIFIED,3.219,1.079,20.0,1.5,1.512,5.0,5.0,5.0,5.0,,False,map_unknown,4.595,-20.0,,UNKNOWN:shared_replay_failed,True,0.0,,,,gmc/results/aerial3dg/f4/sample/S_pairs.json#F4S-00828,,gmc/results/aerial3dg/f4/diag/S/cylinder/
cylinder,F4S-00829,S,101,1510340,UNKNOWN,shared_replay_failed,EXPORT-DOMAIN,export,0.04,CERTIFIED,3.076,1.085,0.5,1.5,1.512,5.0,5.0,5.0,5.0,,False,map_unknown,1.519,-20.0,,UNKNOWN:shared_replay_failed,True,0.0,,,,gmc/results/aerial3dg/f4/sample/S_pairs.json#F4S-00829,,gmc/results/aerial3dg/f4/diag/S/cylinder/
cylinder,F4S-00831,S,101,1511314,UNKNOWN,shared_replay_failed,EXPORT-DOMAIN,export,0.03,CERTIFIED,3.173,1.0834,0.0,1.5,1.512,5.0,1.557,5.0,5.0,,False,map_unknown,22.083,-20.0,,UNKNOWN:shared_replay_failed,True,0.0,,,,gmc/results/aerial3dg/f4/sample/S_pairs.json#F4S-00831,,gmc/results/aerial3dg/f4/diag/S/cylinder/
cylinder,F4S-00833,S,101,1512867,UNKNOWN,start_not_certified_free,EP-TOL,tolerance,0.0,,3.201,1.079,20.0,1.5,1.512,1.512,5.0,1.5,5.0,1.5,,,,,REACHABLE:graph_path_lifted_and_verified,UNKNOWN:start_not_certified_free,True,0.0,,,,gmc/results/aerial3dg/f4/sample/S_pairs.json#F4S-00833,,gmc/results/aerial3dg/f4/diag/S/cylinder/
cylinder,F4S-00834,S,101,1513456,UNKNOWN,shared_replay_failed,EXPORT-DOMAIN,export,0.01,CERTIFIED,3.315,1.0917,20.0,1.5,1.512,5.0,5.0,5.0,5.0,,False,map_unknown,42.208,-20.0,,UNKNOWN:shared_replay_failed,True,0.0,,,,gmc/results/aerial3dg/f4/sample/S_pairs.json#F4S-00834,,gmc/results/aerial3dg/f4/diag/S/cylinder/
cylinder,F4S-00835,S,101,1514667,UNKNOWN,shared_replay_failed,EXPORT-DOMAIN,export,0.01,CERTIFIED,3.091,1.0798,2.0,1.5,1.512,5.0,5.0,5.0,5.0,,False,map_unknown,7.075,-20.0,,UNKNOWN:shared_replay_failed,True,0.0,,,,gmc/results/aerial3dg/f4/sample/S_pairs.json#F4S-00835,,gmc/results/aerial3dg/f4/diag/S/cylinder/
cylinder,F4S-00836,S,101,1514860,UNKNOWN,start_not_certified_free,EP-TOL,tolerance,0.0,,3.076,1.0693,20.0,1.5,1.512,1.512,5.0,1.5,5.0,1.5,,,,,REACHABLE:graph_path_lifted_and_verified,UNKNOWN:start_not_certified_free,True,0.0,,,,gmc/results/aerial3dg/f4/sample/S_pairs.json#F4S-00836,,gmc/results/aerial3dg/f4/diag/S/cylinder/
cylinder,F4S-00837,S,101,1515578,UNKNOWN,shared_replay_failed,EXPORT-DOMAIN,export,0.03,CERTIFIED,3.172,1.0669,2.0,1.5,1.512,5.0,5.0,5.0,5.0,,False,map_unknown,12.818,-20.0,,UNKNOWN:shared_replay_failed,True,0.0,,,,gmc/results/aerial3dg/f4/sample/S_pairs.json#F4S-00837,,gmc/results/aerial3dg/f4/diag/S/cylinder/
cylinder,F4S-00838,S,101,1516619,UNKNOWN,shared_replay_failed,EXPORT-DOMAIN,export,0.03,CERTIFIED,3.0,1.0757,2.0,1.5,1.512,1.512,5.0,5.0,5.0,,False,map_unknown,27.463,-20.0,,UNKNOWN:shared_replay_failed,True,0.0,,,,gmc/results/aerial3dg/f4/sample/S_pairs.json#F4S-00838,,gmc/results/aerial3dg/f4/diag/S/cylinder/
cylinder,F4S-00839,S,101,1516767,UNKNOWN,start_not_certified_free,EP-TOL,tolerance,0.0,,3.036,1.078,0.0,1.5,1.512,1.512,5.0,1.5,5.0,1.5,,,,,REACHABLE:graph_path_lifted_and_verified,UNKNOWN:start_not_certified_free,True,0.0,,,,gmc/results/aerial3dg/f4/sample/S_pairs.json#F4S-00839,,gmc/results/aerial3dg/f4/diag/S/cylinder/
cylinder,F4S-00841,S,101,1520294,UNKNOWN,shared_replay_failed,EXPORT-DOMAIN,export,0.03,CERTIFIED,3.09,1.0831,0.5,1.5,1.512,1.512,5.0,5.0,5.0,,False,map_unknown,18.471,-20.0,,UNKNOWN:shared_replay_failed,True,0.0,,,,gmc/results/aerial3dg/f4/sample/S_pairs.json#F4S-00841,,gmc/results/aerial3dg/f4/diag/S/cylinder/
cylinder,F4S-00842,S,101,1520781,UNKNOWN,start_not_certified_free,EP-TOL,tolerance,0.0,,3.003,1.0714,10.0,1.5,1.512,1.512,5.0,1.5,5.0,1.5,,,,,REACHABLE:graph_path_lifted_and_verified,UNKNOWN:start_not_certified_free,True,0.0,,,,gmc/results/aerial3dg/f4/sample/S_pairs.json#F4S-00842,,gmc/results/aerial3dg/f4/diag/S/cylinder/
cylinder,F4S-00845,S,101,1528934,UNKNOWN,goal_not_certified_free,EP-TOL,tolerance,0.0,,3.057,1.0772,1.5,1.5,1.512,5.0,1.512,5.0,1.5,1.5,,,,,REACHABLE:graph_path_lifted_and_verified,UNKNOWN:goal_not_certified_free,True,0.0,,,,gmc/results/aerial3dg/f4/sample/S_pairs.json#F4S-00845,,gmc/results/aerial3dg/f4/diag/S/cylinder/
cylinder,F4S-00847,S,101,1532573,UNKNOWN,shared_replay_failed,EXPORT-DOMAIN,export,0.04,CERTIFIED,3.096,1.0863,2.0,1.5,1.512,5.0,1.512,5.0,5.0,,False,map_unknown,33.945,-20.0,,UNKNOWN:shared_replay_failed,True,0.0,,,,gmc/results/aerial3dg/f4/sample/S_pairs.json#F4S-00847,,gmc/results/aerial3dg/f4/diag/S/cylinder/
cylinder,F4S-00850,S,101,1535886,UNKNOWN,goal_not_certified_free,EP-TOL,tolerance,0.0,,3.049,1.1018,0.0,1.0,1.512,5.0,1.009,5.0,1.0,1.0,,,,,UNKNOWN:shared_replay_failed,UNKNOWN:goal_not_certified_free,True,0.0,,,,gmc/results/aerial3dg/f4/sample/S_pairs.json#F4S-00850,,gmc/results/aerial3dg/f4/diag/S/cylinder/
cylinder,F4S-00851,S,101,1536785,UNKNOWN,start_not_certified_free,EP-TOL,tolerance,0.0,,3.188,1.0781,20.0,1.5,1.512,1.512,5.0,1.5,5.0,1.5,,,,,REACHABLE:graph_path_lifted_and_verified,UNKNOWN:start_not_certified_free,True,0.0,,,,gmc/results/aerial3dg/f4/sample/S_pairs.json#F4S-00851,,gmc/results/aerial3dg/f4/diag/S/cylinder/
cylinder,F4S-00852,S,101,1536905,UNKNOWN,start_not_certified_free,EP-TOL,tolerance,0.0,,3.058,1.0701,5.0,1.5,1.512,1.512,5.0,1.5,5.0,1.5,,,,,REACHABLE:graph_path_lifted_and_verified,UNKNOWN:start_not_certified_free,True,0.0,,,,gmc/results/aerial3dg/f4/sample/S_pairs.json#F4S-00852,,gmc/results/aerial3dg/f4/diag/S/cylinder/
cylinder,F4S-00853,S,101,1537184,UNKNOWN,shared_replay_failed,EXPORT-DOMAIN,export,0.01,CERTIFIED,3.101,1.0775,5.0,1.5,1.512,1.557,5.0,5.0,5.0,,False,map_unknown,53.586,-9.538,,UNKNOWN:shared_replay_failed,True,0.0,,,,gmc/results/aerial3dg/f4/sample/S_pairs.json#F4S-00853,,gmc/results/aerial3dg/f4/diag/S/cylinder/
cylinder,F4S-00855,S,101,1542000,UNKNOWN,shared_replay_failed,EXPORT-DOMAIN,export,0.01,CERTIFIED,3.424,1.0784,1.5,1.5,1.512,5.0,5.0,5.0,5.0,,False,map_unknown,43.696,-20.0,,UNKNOWN:shared_replay_failed,True,0.0,,,,gmc/results/aerial3dg/f4/sample/S_pairs.json#F4S-00855,,gmc/results/aerial3dg/f4/diag/S/cylinder/
cylinder,F4S-00859,S,101,1546549,UNKNOWN,shared_replay_failed,EXPORT-DOMAIN,export,0.04,CERTIFIED,3.032,1.0785,3.0,1.5,1.512,5.0,5.0,5.0,5.0,,False,map_unknown,3.345,-20.0,,UNKNOWN:shared_replay_failed,True,0.0,,,,gmc/results/aerial3dg/f4/sample/S_pairs.json#F4S-00859,,gmc/results/aerial3dg/f4/diag/S/cylinder/
cylinder,F4S-00860,S,101,1546733,UNKNOWN,goal_not_certified_free,EP-TOL,tolerance,0.0,,3.024,1.0751,10.0,1.5,1.512,5.0,1.512,5.0,1.5,1.5,,,,,UNKNOWN:shared_replay_failed,UNKNOWN:goal_not_certified_free,True,0.0,,,,gmc/results/aerial3dg/f4/sample/S_pairs.json#F4S-00860,,gmc/results/aerial3dg/f4/diag/S/cylinder/
cylinder,F4S-00861,S,101,1547257,UNKNOWN,goal_not_certified_free,EP-TOL,tolerance,0.0,,3.083,1.0745,20.0,1.5,1.512,5.0,1.512,5.0,1.5,1.5,,,,,REACHABLE:graph_path_lifted_and_verified,UNKNOWN:goal_not_certified_free,True,0.0,,,,gmc/results/aerial3dg/f4/sample/S_pairs.json#F4S-00861,,gmc/results/aerial3dg/f4/diag/S/cylinder/
cylinder,F4S-00863,S,101,1551163,UNKNOWN,shared_replay_failed,EXPORT-DOMAIN,export,0.05,CERTIFIED,3.265,1.0899,0.0,1.5,1.512,1.512,5.0,5.0,5.0,,False,map_unknown,27.097,-20.0,,UNKNOWN:shared_replay_failed,True,0.1,,,,gmc/results/aerial3dg/f4/sample/S_pairs.json#F4S-00863,,gmc/results/aerial3dg/f4/diag/S/cylinder/
cylinder,F4S-00864,S,101,1553220,UNKNOWN,shared_replay_failed,EXPORT-DOMAIN,export,0.01,CERTIFIED,3.29,1.1122,2.0,1.5,1.512,1.512,5.0,5.0,5.0,,False,map_unknown,54.963,-13.638,,UNKNOWN:shared_replay_failed,True,0.0,,,,gmc/results/aerial3dg/f4/sample/S_pairs.json#F4S-00864,,gmc/results/aerial3dg/f4/diag/S/cylinder/
cylinder,F4S-00865,S,101,1555105,UNKNOWN,shared_replay_failed,EXPORT-DOMAIN,export,0.04,CERTIFIED,3.411,1.0835,0.0,1.5,1.512,1.867,1.557,5.0,5.0,,False,map_unknown,4.204,-20.0,,UNKNOWN:shared_replay_failed,True,0.0,,,,gmc/results/aerial3dg/f4/sample/S_pairs.json#F4S-00865,,gmc/results/aerial3dg/f4/diag/S/cylinder/
cylinder,F4S-00866,S,101,1557950,UNKNOWN,shared_replay_failed,EXPORT-DOMAIN,export,0.03,CERTIFIED,3.078,1.0766,10.0,1.5,1.512,5.0,1.557,5.0,5.0,,False,map_unknown,22.991,-20.0,,UNKNOWN:shared_replay_failed,True,0.0,,,,gmc/results/aerial3dg/f4/sample/S_pairs.json#F4S-00866,,gmc/results/aerial3dg/f4/diag/S/cylinder/
cylinder,F4S-00867,S,101,1560109,UNKNOWN,start_not_certified_free,EP-TOL,tolerance,0.0,,3.153,1.0805,20.0,1.5,1.512,1.512,5.0,1.5,5.0,1.5,,,,,UNKNOWN:shared_replay_failed,UNKNOWN:start_not_certified_free,True,0.0,,,,gmc/results/aerial3dg/f4/sample/S_pairs.json#F4S-00867,,gmc/results/aerial3dg/f4/diag/S/cylinder/
cylinder,F4S-00868,S,101,1563543,UNKNOWN,goal_not_certified_free,EP-TOL,tolerance,0.0,,3.126,1.0787,10.0,1.5,1.512,5.0,1.512,5.0,1.5,1.5,,,,,UNKNOWN:shared_replay_failed,UNKNOWN:goal_not_certified_free,True,0.0,,,,gmc/results/aerial3dg/f4/sample/S_pairs.json#F4S-00868,,gmc/results/aerial3dg/f4/diag/S/cylinder/
cylinder,F4S-00869,S,101,1563904,UNKNOWN,shared_replay_failed,EXPORT-DOMAIN,export,0.03,CERTIFIED,3.133,1.0781,0.0,1.5,1.512,5.0,5.0,5.0,5.0,,False,map_unknown,37.101,-20.0,,UNKNOWN:shared_replay_failed,True,0.0,,,,gmc/results/aerial3dg/f4/sample/S_pairs.json#F4S-00869,,gmc/results/aerial3dg/f4/diag/S/cylinder/
cylinder,F4S-00870,S,101,1564461,UNKNOWN,shared_replay_failed,EXPORT-DOMAIN,export,0.02,CERTIFIED,3.169,1.0858,0.0,1.5,1.512,5.0,5.0,5.0,5.0,,False,map_unknown,37.207,-20.0,,UNKNOWN:shared_replay_failed,True,0.0,,,,gmc/results/aerial3dg/f4/sample/S_pairs.json#F4S-00870,,gmc/results/aerial3dg/f4/diag/S/cylinder/
cylinder,F4S-00873,S,101,1568622,UNKNOWN,goal_not_certified_free,EP-TOL,tolerance,0.0,,3.07,1.1251,0.5,1.5,1.512,5.0,1.512,5.0,1.5,1.5,,,,,UNKNOWN:shared_replay_failed,UNKNOWN:goal_not_certified_free,True,0.0,,,,gmc/results/aerial3dg/f4/sample/S_pairs.json#F4S-00873,,gmc/results/aerial3dg/f4/diag/S/cylinder/
cylinder,F4S-00876,S,101,1573447,UNKNOWN,goal_not_certified_free,EP-TOL,tolerance,0.0,,3.001,1.065,0.5,1.5,1.512,5.0,1.512,5.0,1.5,1.5,,,,,UNKNOWN:shared_replay_failed,UNKNOWN:goal_not_certified_free,True,0.0,,,,gmc/results/aerial3dg/f4/sample/S_pairs.json#F4S-00876,,gmc/results/aerial3dg/f4/diag/S/cylinder/
cylinder,F4S-00878,S,101,1575389,UNKNOWN,shared_replay_failed,EXPORT-DOMAIN,export,0.01,CERTIFIED,3.205,1.084,10.0,1.5,1.512,5.0,5.0,5.0,5.0,,False,map_unknown,55.563,-13.938,,UNKNOWN:shared_replay_failed,True,0.0,,,,gmc/results/aerial3dg/f4/sample/S_pairs.json#F4S-00878,,gmc/results/aerial3dg/f4/diag/S/cylinder/
cylinder,F4S-00879,S,101,1576816,UNKNOWN,shared_replay_failed,EXPORT-DOMAIN,export,0.02,CERTIFIED,3.063,1.0899,2.0,1.5,1.512,3.685,1.512,5.0,5.0,,False,map_unknown,66.193,-3.638,,UNKNOWN:shared_replay_failed,True,0.0,,,,gmc/results/aerial3dg/f4/sample/S_pairs.json#F4S-00879,,gmc/results/aerial3dg/f4/diag/S/cylinder/
cylinder,F4S-00881,S,101,1578901,UNKNOWN,shared_replay_failed,EXPORT-DOMAIN,export,0.16,CERTIFIED,3.268,1.0829,0.5,1.5,1.512,5.0,5.0,5.0,5.0,,False,map_unknown,21.551,-20.0,,UNKNOWN:shared_replay_failed,True,0.2,,,,gmc/results/aerial3dg/f4/sample/S_pairs.json#F4S-00881,,gmc/results/aerial3dg/f4/diag/S/cylinder/
cylinder,F4S-00882,S,101,1579186,UNKNOWN,shared_replay_failed,EXPORT-DOMAIN,export,0.21,CERTIFIED,3.091,1.0943,0.0,1.5,1.512,1.512,3.755,5.0,5.0,,False,map_unknown,22.541,-20.0,,UNKNOWN:shared_replay_failed,True,0.2,,,,gmc/results/aerial3dg/f4/sample/S_pairs.json#F4S-00882,,gmc/results/aerial3dg/f4/diag/S/cylinder/
cylinder,F4S-00884,S,101,1582546,UNKNOWN,shared_replay_failed,EXPORT-DOMAIN,export,0.02,CERTIFIED,3.066,1.079,1.5,1.5,1.512,5.0,1.512,5.0,5.0,,False,map_unknown,11.105,-20.0,,UNKNOWN:shared_replay_failed,True,0.0,,,,gmc/results/aerial3dg/f4/sample/S_pairs.json#F4S-00884,,gmc/results/aerial3dg/f4/diag/S/cylinder/
cylinder,F4S-00885,S,101,1588266,UNKNOWN,shared_replay_failed,EXPORT-DOMAIN,export,0.18,CERTIFIED,3.59,1.1001,2.0,1.5,1.512,5.0,2.938,5.0,5.0,,False,map_unknown,65.559,-6.938,,UNKNOWN:shared_replay_failed,True,0.2,,,,gmc/results/aerial3dg/f4/sample/S_pairs.json#F4S-00885,,gmc/results/aerial3dg/f4/diag/S/cylinder/
cylinder,F4S-00886,S,101,1590708,UNKNOWN,shared_replay_failed,EXPORT-DOMAIN,export,0.21,CERTIFIED,3.139,1.0776,5.0,1.5,1.512,5.0,1.557,5.0,5.0,,False,map_unknown,12.348,-9.638,,UNKNOWN:shared_replay_failed,True,0.2,,,,gmc/results/aerial3dg/f4/sample/S_pairs.json#F4S-00886,,gmc/results/aerial3dg/f4/diag/S/cylinder/
cylinder,F4S-00889,S,101,1595926,UNKNOWN,shared_replay_failed,EXPORT-DOMAIN,export,0.03,CERTIFIED,3.292,1.089,2.0,1.5,1.512,5.0,5.0,5.0,5.0,,False,map_unknown,65.1,-5.238,,UNKNOWN:shared_replay_failed,True,0.0,,,,gmc/results/aerial3dg/f4/sample/S_pairs.json#F4S-00889,,gmc/results/aerial3dg/f4/diag/S/cylinder/
cylinder,F4S-00892,S,101,1599930,UNKNOWN,start_not_certified_free,EP-TOL,tolerance,0.0,,3.019,1.0717,3.0,1.5,1.512,1.512,5.0,1.5,5.0,1.5,,,,,UNKNOWN:shared_replay_failed,UNKNOWN:start_not_certified_free,True,0.0,,,,gmc/results/aerial3dg/f4/sample/S_pairs.json#F4S-00892,,gmc/results/aerial3dg/f4/diag/S/cylinder/
cylinder,F4S-00893,S,101,1605643,UNKNOWN,shared_replay_failed,EXPORT-DOMAIN,export,0.03,CERTIFIED,3.224,1.1125,0.5,1.5,1.512,1.512,5.0,5.0,5.0,,False,map_unknown,59.175,-9.138,,UNKNOWN:shared_replay_failed,True,0.0,,,,gmc/results/aerial3dg/f4/sample/S_pairs.json#F4S-00893,,gmc/results/aerial3dg/f4/diag/S/cylinder/
cylinder,F4S-00894,S,101,1605843,UNKNOWN,goal_not_certified_free,EP-TOL,tolerance,0.0,,3.03,1.0929,5.0,1.5,1.512,5.0,1.512,5.0,1.5,1.5,,,,,UNKNOWN:shared_replay_failed,UNKNOWN:goal_not_certified_free,True,0.0,,,,gmc/results/aerial3dg/f4/sample/S_pairs.json#F4S-00894,,gmc/results/aerial3dg/f4/diag/S/cylinder/
cylinder,F4S-00895,S,101,1607687,UNKNOWN,shared_replay_failed,EXPORT-DOMAIN,export,0.02,CERTIFIED,3.524,1.0856,10.0,1.5,1.512,5.0,2.936,5.0,5.0,,False,map_unknown,24.03,-20.0,,UNKNOWN:shared_replay_failed,True,0.0,,,,gmc/results/aerial3dg/f4/sample/S_pairs.json#F4S-00895,,gmc/results/aerial3dg/f4/diag/S/cylinder/
cylinder,F4S-00896,S,101,1607770,UNKNOWN,shared_replay_failed,EXPORT-DOMAIN,export,0.01,CERTIFIED,3.395,1.0801,10.0,1.5,1.512,1.557,5.0,5.0,5.0,,False,map_unknown,19.268,-20.0,,UNKNOWN:shared_replay_failed,True,0.0,,,,gmc/results/aerial3dg/f4/sample/S_pairs.json#F4S-00896,,gmc/results/aerial3dg/f4/diag/S/cylinder/
cylinder,F4S-00899,S,101,1612198,UNKNOWN,start_not_certified_free,EP-TOL,tolerance,0.0,,3.085,1.0842,10.0,1.5,1.512,1.512,5.0,1.5,5.0,1.5,,,,,UNKNOWN:shared_replay_failed,UNKNOWN:start_not_certified_free,True,0.0,,,,gmc/results/aerial3dg/f4/sample/S_pairs.json#F4S-00899,,gmc/results/aerial3dg/f4/diag/S/cylinder/
cylinder,F4S-00904,S,101,1624020,UNKNOWN,shared_replay_failed,EXPORT-DOMAIN,export,0.02,CERTIFIED,3.011,1.0947,1.0,1.5,1.512,5.0,3.691,5.0,5.0,,False,map_unknown,67.678,-1.638,,UNKNOWN:shared_replay_failed,True,0.0,,,,gmc/results/aerial3dg/f4/sample/S_pairs.json#F4S-00904,,gmc/results/aerial3dg/f4/diag/S/cylinder/
cylinder,F4S-00905,S,101,1626500,UNKNOWN,shared_replay_failed,EXPORT-DOMAIN,export,0.01,CERTIFIED,3.035,1.0708,5.0,1.5,1.512,5.0,5.0,5.0,5.0,,False,map_unknown,20.582,-20.0,,UNKNOWN:shared_replay_failed,True,0.0,,,,gmc/results/aerial3dg/f4/sample/S_pairs.json#F4S-00905,,gmc/results/aerial3dg/f4/diag/S/cylinder/
cylinder,F4S-00907,S,101,1627791,UNKNOWN,goal_not_certified_free,EP-TOL,tolerance,0.03,,3.24,1.0783,10.0,1.5,1.512,2.674,1.512,3.0,1.5,1.5,,,,,UNKNOWN:shared_replay_failed,UNKNOWN:goal_not_certified_free,True,0.0,,,,gmc/results/aerial3dg/f4/sample/S_pairs.json#F4S-00907,,gmc/results/aerial3dg/f4/diag/S/cylinder/
cylinder,F4S-00909,S,101,1630760,UNKNOWN,shared_replay_failed,EXPORT-DOMAIN,export,0.01,CERTIFIED,3.043,1.0931,2.0,1.5,1.512,5.0,5.0,5.0,5.0,,False,map_unknown,54.949,-13.038,,UNKNOWN:shared_replay_failed,True,0.0,,,,gmc/results/aerial3dg/f4/sample/S_pairs.json#F4S-00909,,gmc/results/aerial3dg/f4/diag/S/cylinder/
cylinder,F4S-00911,S,101,1632783,UNKNOWN,shared_replay_failed,EXPORT-DOMAIN,export,0.03,CERTIFIED,3.143,1.0687,1.0,1.5,1.512,5.0,5.0,5.0,5.0,,False,map_unknown,27.853,-20.0,,UNKNOWN:shared_replay_failed,True,0.0,,,,gmc/results/aerial3dg/f4/sample/S_pairs.json#F4S-00911,,gmc/results/aerial3dg/f4/diag/S/cylinder/
cylinder,F4S-00912,S,101,1633368,UNKNOWN,start_not_certified_free,EP-TOL,tolerance,0.0,,3.084,1.0753,2.0,1.5,1.512,1.512,5.0,1.5,5.0,1.5,,,,,UNKNOWN:shared_replay_failed,UNKNOWN:start_not_certified_free,True,0.0,,,,gmc/results/aerial3dg/f4/sample/S_pairs.json#F4S-00912,,gmc/results/aerial3dg/f4/diag/S/cylinder/
cylinder,F4S-00914,S,101,1635778,UNKNOWN,shared_replay_failed,EXPORT-DOMAIN,export,0.01,CERTIFIED,3.138,1.1012,0.5,1.5,1.512,5.0,5.0,5.0,5.0,,False,map_unknown,63.83,-8.838,,UNKNOWN:shared_replay_failed,True,0.0,,,,gmc/results/aerial3dg/f4/sample/S_pairs.json#F4S-00914,,gmc/results/aerial3dg/f4/diag/S/cylinder/
cylinder,F4S-00916,S,101,1641485,UNKNOWN,shared_replay_failed,EXPORT-DOMAIN,export,0.07,CERTIFIED,3.017,1.0916,1.5,1.5,1.512,1.512,5.0,5.0,5.0,,False,map_unknown,23.036,-20.0,,UNKNOWN:shared_replay_failed,True,0.1,,,,gmc/results/aerial3dg/f4/sample/S_pairs.json#F4S-00916,,gmc/results/aerial3dg/f4/diag/S/cylinder/
cylinder,F4S-00917,S,101,1642399,UNKNOWN,start_not_certified_free,EP-TOL,tolerance,0.0,,3.22,1.0898,1.5,1.5,1.512,1.512,5.0,1.5,5.0,1.5,,,,,UNKNOWN:shared_replay_failed,UNKNOWN:start_not_certified_free,True,0.0,,,,gmc/results/aerial3dg/f4/sample/S_pairs.json#F4S-00917,,gmc/results/aerial3dg/f4/diag/S/cylinder/
cylinder,F4S-00921,S,101,1644820,UNKNOWN,start_not_certified_free,EP-TOL,tolerance,0.0,,3.005,1.0757,1.0,1.0,1.512,1.512,5.0,1.5,5.0,1.5,,,,,UNKNOWN:shared_replay_failed,UNKNOWN:start_not_certified_free,True,0.0,,,,gmc/results/aerial3dg/f4/sample/S_pairs.json#F4S-00921,,gmc/results/aerial3dg/f4/diag/S/cylinder/
cylinder,F4S-00922,S,101,1647288,UNKNOWN,start_not_certified_free,EP-TOL,tolerance,0.0,,3.135,1.0793,20.0,1.5,1.512,1.512,5.0,1.5,5.0,1.5,,,,,REACHABLE:graph_path_lifted_and_verified,UNKNOWN:start_not_certified_free,True,0.0,,,,gmc/results/aerial3dg/f4/sample/S_pairs.json#F4S-00922,,gmc/results/aerial3dg/f4/diag/S/cylinder/
cylinder,F4S-00923,S,101,1647523,UNKNOWN,start_not_certified_free,EP-TOL,tolerance,0.0,,3.011,1.0886,0.0,1.5,1.512,1.512,1.67,1.5,5.0,1.5,,,,,UNKNOWN:shared_replay_failed,UNKNOWN:start_not_certified_free,True,0.0,,,,gmc/results/aerial3dg/f4/sample/S_pairs.json#F4S-00923,,gmc/results/aerial3dg/f4/diag/S/cylinder/
cylinder,F4S-00924,S,101,1652147,UNKNOWN,shared_replay_failed,EXPORT-DOMAIN,export,0.1,CERTIFIED,3.345,1.0779,0.5,1.5,1.512,5.0,1.512,5.0,5.0,,False,map_unknown,34.478,-20.0,,UNKNOWN:shared_replay_failed,True,0.1,,,,gmc/results/aerial3dg/f4/sample/S_pairs.json#F4S-00924,,gmc/results/aerial3dg/f4/diag/S/cylinder/
cylinder,F4S-00925,S,101,1652416,UNKNOWN,shared_replay_failed,EXPORT-DOMAIN,export,0.01,CERTIFIED,3.237,1.0778,20.0,1.5,1.512,1.557,5.0,5.0,5.0,,False,map_unknown,35.312,-20.0,,UNKNOWN:shared_replay_failed,True,0.0,,,,gmc/results/aerial3dg/f4/sample/S_pairs.json#F4S-00925,,gmc/results/aerial3dg/f4/diag/S/cylinder/
cylinder,F4S-00926,S,101,1654335,UNKNOWN,shared_replay_failed,EXPORT-DOMAIN,export,0.01,CERTIFIED,3.125,1.102,0.5,1.5,1.512,5.0,5.0,5.0,5.0,,False,map_unknown,64.27,-0.738,,UNKNOWN:shared_replay_failed,True,0.0,,,,gmc/results/aerial3dg/f4/sample/S_pairs.json#F4S-00926,,gmc/results/aerial3dg/f4/diag/S/cylinder/
cylinder,F4S-00927,S,101,1655698,UNKNOWN,shared_replay_failed,EXPORT-DOMAIN,export,0.01,CERTIFIED,3.377,1.0901,1.5,1.5,1.512,5.0,5.0,5.0,5.0,,False,map_unknown,72.504,-2.538,,UNKNOWN:shared_replay_failed,True,0.0,,,,gmc/results/aerial3dg/f4/sample/S_pairs.json#F4S-00927,,gmc/results/aerial3dg/f4/diag/S/cylinder/
cylinder,F4S-00928,S,101,1656575,UNKNOWN,shared_replay_failed,EXPORT-DOMAIN,export,0.19,CERTIFIED,3.239,1.0818,0.5,1.5,1.512,5.0,5.0,5.0,5.0,,False,map_unknown,30.325,-13.838,,UNKNOWN:shared_replay_failed,True,0.2,,,,gmc/results/aerial3dg/f4/sample/S_pairs.json#F4S-00928,,gmc/results/aerial3dg/f4/diag/S/cylinder/
cylinder,F4S-00929,S,101,1657638,UNKNOWN,shared_replay_failed,EXPORT-DOMAIN,export,0.01,CERTIFIED,3.357,1.0718,10.0,1.5,1.512,5.0,5.0,5.0,5.0,,False,map_unknown,7.947,-20.0,,UNKNOWN:shared_replay_failed,True,0.0,,,,gmc/results/aerial3dg/f4/sample/S_pairs.json#F4S-00929,,gmc/results/aerial3dg/f4/diag/S/cylinder/
cylinder,F4S-00932,S,101,1660273,UNKNOWN,shared_replay_failed,EXPORT-DOMAIN,export,0.04,CERTIFIED,3.062,1.0757,10.0,1.5,1.512,5.0,1.512,5.0,5.0,,False,map_unknown,39.115,-14.138,,UNKNOWN:shared_replay_failed,True,0.0,,,,gmc/results/aerial3dg/f4/sample/S_pairs.json#F4S-00932,,gmc/results/aerial3dg/f4/diag/S/cylinder/
cylinder,F4S-00936,S,101,1664232,UNKNOWN,goal_not_certified_free,EP-TOL,tolerance,0.0,,3.113,1.0802,10.0,1.5,1.512,5.0,1.512,5.0,1.5,1.5,,,,,REACHABLE:graph_path_lifted_and_verified,UNKNOWN:goal_not_certified_free,True,0.0,,,,gmc/results/aerial3dg/f4/sample/S_pairs.json#F4S-00936,,gmc/results/aerial3dg/f4/diag/S/cylinder/
cylinder,F4S-00938,S,101,1666004,UNKNOWN,shared_replay_failed,EXPORT-DOMAIN,export,0.04,CERTIFIED,3.595,1.0884,10.0,1.5,1.512,5.0,1.259,5.0,5.0,,False,map_unknown,48.728,-20.0,,UNKNOWN:shared_replay_failed,True,0.0,,,,gmc/results/aerial3dg/f4/sample/S_pairs.json#F4S-00938,,gmc/results/aerial3dg/f4/diag/S/cylinder/
cylinder,F4S-00940,S,101,1668106,UNKNOWN,shared_replay_failed,EXPORT-DOMAIN,export,0.03,CERTIFIED,3.296,1.0889,2.0,1.5,1.512,5.0,1.512,5.0,5.0,,False,map_unknown,45.288,-7.238,,UNKNOWN:shared_replay_failed,True,0.0,,,,gmc/results/aerial3dg/f4/sample/S_pairs.json#F4S-00940,,gmc/results/aerial3dg/f4/diag/S/cylinder/
cylinder,F4S-00941,S,101,1670376,UNKNOWN,shared_replay_failed,EXPORT-DOMAIN,export,0.01,CERTIFIED,3.322,1.074,3.0,1.5,1.512,5.0,5.0,5.0,5.0,,False,map_unknown,26.345,-20.0,,UNKNOWN:shared_replay_failed,True,0.0,,,,gmc/results/aerial3dg/f4/sample/S_pairs.json#F4S-00941,,gmc/results/aerial3dg/f4/diag/S/cylinder/
cylinder,F4S-00945,S,101,1686117,UNKNOWN,start_not_certified_free,EP-TOL,tolerance,0.0,,3.057,1.0725,10.0,1.5,1.512,1.512,5.0,1.5,5.0,1.5,,,,,UNKNOWN:shared_replay_failed,UNKNOWN:start_not_certified_free,True,0.0,,,,gmc/results/aerial3dg/f4/sample/S_pairs.json#F4S-00945,,gmc/results/aerial3dg/f4/diag/S/cylinder/
cylinder,F4S-00946,S,101,1687084,UNKNOWN,shared_replay_failed,EXPORT-DOMAIN,export,0.01,CERTIFIED,3.132,1.0644,1.0,1.5,1.512,1.512,5.0,5.0,5.0,,False,map_unknown,18.828,-20.0,,UNKNOWN:shared_replay_failed,True,0.0,,,,gmc/results/aerial3dg/f4/sample/S_pairs.json#F4S-00946,,gmc/results/aerial3dg/f4/diag/S/cylinder/
cylinder,F4S-00948,S,101,1691275,UNKNOWN,goal_not_certified_free,EP-TOL,tolerance,0.0,,3.148,1.0716,20.0,1.5,1.512,5.0,1.512,5.0,1.5,1.5,,,,,REACHABLE:graph_path_lifted_and_verified,UNKNOWN:goal_not_certified_free,True,0.0,,,,gmc/results/aerial3dg/f4/sample/S_pairs.json#F4S-00948,,gmc/results/aerial3dg/f4/diag/S/cylinder/
cylinder,F4S-00949,S,101,1691324,UNKNOWN,shared_replay_failed,EXPORT-DOMAIN,export,0.17,CERTIFIED,3.397,1.1013,2.0,1.5,1.512,5.0,5.0,5.0,5.0,,False,map_unknown,52.988,-18.538,,UNKNOWN:shared_replay_failed,True,0.2,,,,gmc/results/aerial3dg/f4/sample/S_pairs.json#F4S-00949,,gmc/results/aerial3dg/f4/diag/S/cylinder/
cylinder,F4S-00951,S,101,1694572,UNKNOWN,shared_replay_failed,EXPORT-DOMAIN,export,0.03,CERTIFIED,3.035,1.0764,0.0,1.5,1.512,5.0,5.0,5.0,5.0,,False,map_unknown,2.761,-20.0,,UNKNOWN:shared_replay_failed,True,0.0,,,,gmc/results/aerial3dg/f4/sample/S_pairs.json#F4S-00951,,gmc/results/aerial3dg/f4/diag/S/cylinder/
cylinder,F4S-00952,S,101,1698592,UNKNOWN,shared_replay_failed,EXPORT-DOMAIN,export,0.04,CERTIFIED,3.367,1.0708,2.0,1.5,1.512,5.0,5.0,5.0,5.0,,False,map_unknown,11.068,-20.0,,UNKNOWN:shared_replay_failed,True,0.0,,,,gmc/results/aerial3dg/f4/sample/S_pairs.json#F4S-00952,,gmc/results/aerial3dg/f4/diag/S/cylinder/
cylinder,F4S-00953,S,101,1700130,UNKNOWN,goal_not_certified_free,EP-TOL,tolerance,0.0,,3.136,1.0913,1.0,1.5,1.512,5.0,1.512,5.0,1.5,1.5,,,,,UNKNOWN:shared_replay_failed,UNKNOWN:goal_not_certified_free,True,0.0,,,,gmc/results/aerial3dg/f4/sample/S_pairs.json#F4S-00953,,gmc/results/aerial3dg/f4/diag/S/cylinder/
cylinder,F4S-00955,S,101,1707121,UNKNOWN,start_not_certified_free,EP-TOL,tolerance,0.0,,3.19,1.0777,20.0,1.5,1.512,1.512,4.365,1.5,5.0,1.5,,,,,REACHABLE:graph_path_lifted_and_verified,UNKNOWN:start_not_certified_free,True,0.0,,,,gmc/results/aerial3dg/f4/sample/S_pairs.json#F4S-00955,,gmc/results/aerial3dg/f4/diag/S/cylinder/
cylinder,F4S-00956,S,101,1710345,UNKNOWN,shared_replay_failed,EXPORT-DOMAIN,export,0.03,CERTIFIED,3.294,1.0824,1.5,1.5,1.512,5.0,5.0,5.0,5.0,,False,map_unknown,52.947,-18.638,,UNKNOWN:shared_replay_failed,True,0.0,,,,gmc/results/aerial3dg/f4/sample/S_pairs.json#F4S-00956,,gmc/results/aerial3dg/f4/diag/S/cylinder/
cylinder,F4S-00957,S,101,1711853,UNKNOWN,goal_not_certified_free,EP-TOL,tolerance,0.0,,3.028,1.0771,3.0,1.5,1.512,5.0,1.512,5.0,1.5,1.5,,,,,REACHABLE:graph_path_lifted_and_verified,UNKNOWN:goal_not_certified_free,True,0.0,,,,gmc/results/aerial3dg/f4/sample/S_pairs.json#F4S-00957,,gmc/results/aerial3dg/f4/diag/S/cylinder/
cylinder,F4S-00958,S,101,1713808,UNKNOWN,goal_not_certified_free,EP-TOL,tolerance,0.0,,3.053,1.0758,50.0,1.5,1.512,5.0,1.512,5.0,1.5,1.5,,,,,REACHABLE:graph_path_lifted_and_verified,UNKNOWN:goal_not_certified_free,True,0.0,,,,gmc/results/aerial3dg/f4/sample/S_pairs.json#F4S-00958,,gmc/results/aerial3dg/f4/diag/S/cylinder/
cylinder,F4S-00959,S,101,1714248,UNKNOWN,start_not_certified_free,EP-TOL,tolerance,0.0,,3.083,1.0776,1.0,1.5,1.512,1.512,5.0,1.5,5.0,1.5,,,,,UNKNOWN:shared_replay_failed,UNKNOWN:start_not_certified_free,True,0.0,,,,gmc/results/aerial3dg/f4/sample/S_pairs.json#F4S-00959,,gmc/results/aerial3dg/f4/diag/S/cylinder/
cylinder,F4S-00960,S,101,1717822,UNKNOWN,shared_replay_failed,EXPORT-DOMAIN,export,0.01,CERTIFIED,3.177,1.0792,20.0,1.5,1.512,1.557,5.0,5.0,5.0,,False,map_unknown,32.073,-20.0,,UNKNOWN:shared_replay_failed,True,0.0,,,,gmc/results/aerial3dg/f4/sample/S_pairs.json#F4S-00960,,gmc/results/aerial3dg/f4/diag/S/cylinder/
cylinder,F4S-00961,S,101,1726730,UNKNOWN,shared_replay_failed,EXPORT-DOMAIN,export,0.01,CERTIFIED,3.029,1.0816,20.0,1.5,1.512,1.512,5.0,5.0,5.0,,False,map_unknown,11.666,-20.0,,UNKNOWN:shared_replay_failed,True,0.0,,,,gmc/results/aerial3dg/f4/sample/S_pairs.json#F4S-00961,,gmc/results/aerial3dg/f4/diag/S/cylinder/
cylinder,F4S-00962,S,101,1728969,UNKNOWN,shared_replay_failed,EXPORT-DOMAIN,export,0.08,CERTIFIED,3.309,1.0817,2.0,1.5,1.512,1.606,1.512,2.0,5.0,,False,map_unknown,10.496,-20.0,,UNKNOWN:shared_replay_failed,True,0.1,,,,gmc/results/aerial3dg/f4/sample/S_pairs.json#F4S-00962,,gmc/results/aerial3dg/f4/diag/S/cylinder/
cylinder,F4S-00963,S,101,1729586,UNKNOWN,shared_replay_failed,EXPORT-DOMAIN,export,0.01,CERTIFIED,3.098,1.0833,3.0,1.5,1.512,5.0,5.0,5.0,5.0,,False,map_unknown,69.085,-4.038,,UNKNOWN:shared_replay_failed,True,0.0,,,,gmc/results/aerial3dg/f4/sample/S_pairs.json#F4S-00963,,gmc/results/aerial3dg/f4/diag/S/cylinder/
cylinder,F4S-00964,S,101,1733043,UNKNOWN,shared_replay_failed,EXPORT-DOMAIN,export,0.01,CERTIFIED,3.417,1.079,2.0,1.5,1.512,1.557,5.0,5.0,5.0,,False,map_unknown,33.614,-20.0,,UNKNOWN:shared_replay_failed,True,0.0,,,,gmc/results/aerial3dg/f4/sample/S_pairs.json#F4S-00964,,gmc/results/aerial3dg/f4/diag/S/cylinder/
cylinder,F4S-00965,S,101,1733293,UNKNOWN,shared_replay_failed,EXPORT-DOMAIN,export,0.02,CERTIFIED,3.181,1.0936,20.0,1.5,1.512,5.0,2.443,5.0,5.0,,False,map_unknown,43.885,-20.0,,UNKNOWN:shared_replay_failed,True,0.0,,,,gmc/results/aerial3dg/f4/sample/S_pairs.json#F4S-00965,,gmc/results/aerial3dg/f4/diag/S/cylinder/
cylinder,F4S-00967,S,101,1738012,UNKNOWN,start_not_certified_free,EP-TOL,tolerance,0.0,,3.317,1.0916,3.0,1.0,1.512,1.094,1.512,1.0,1.5,1.0,,,,,UNKNOWN:shared_replay_failed,UNKNOWN:start_not_certified_free,True,0.0,,,,gmc/results/aerial3dg/f4/sample/S_pairs.json#F4S-00967,,gmc/results/aerial3dg/f4/diag/S/cylinder/
cylinder,F4S-00968,S,101,1739025,UNKNOWN,shared_replay_failed,EXPORT-DOMAIN,export,0.1,CERTIFIED,3.33,1.0815,1.5,1.5,1.512,1.512,5.0,5.0,5.0,,False,map_unknown,23.872,-20.0,,UNKNOWN:shared_replay_failed,True,0.1,,,,gmc/results/aerial3dg/f4/sample/S_pairs.json#F4S-00968,,gmc/results/aerial3dg/f4/diag/S/cylinder/
cylinder,F4S-00969,S,101,1740613,UNKNOWN,shared_replay_failed,EXPORT-DOMAIN,export,0.03,CERTIFIED,3.23,1.0815,1.5,1.5,1.512,5.0,1.512,5.0,5.0,,False,map_unknown,13.039,-20.0,,UNKNOWN:shared_replay_failed,True,0.0,,,,gmc/results/aerial3dg/f4/sample/S_pairs.json#F4S-00969,,gmc/results/aerial3dg/f4/diag/S/cylinder/
cylinder,F4S-00971,S,101,1743485,UNKNOWN,shared_replay_failed,EXPORT-DOMAIN,export,0.03,CERTIFIED,3.173,1.0897,0.0,1.5,1.512,5.0,5.0,5.0,5.0,,False,map_unknown,26.817,-20.0,,UNKNOWN:shared_replay_failed,True,0.0,,,,gmc/results/aerial3dg/f4/sample/S_pairs.json#F4S-00971,,gmc/results/aerial3dg/f4/diag/S/cylinder/
cylinder,F4S-00972,S,101,1746461,UNKNOWN,shared_replay_failed,EXPORT-DOMAIN,export,0.01,CERTIFIED,3.309,1.0893,1.5,1.5,1.512,5.0,5.0,5.0,5.0,,False,map_unknown,43.384,-7.238,,UNKNOWN:shared_replay_failed,True,0.0,,,,gmc/results/aerial3dg/f4/sample/S_pairs.json#F4S-00972,,gmc/results/aerial3dg/f4/diag/S/cylinder/
cylinder,F4S-00973,S,101,1747625,UNKNOWN,start_not_certified_free,EP-TOL,tolerance,0.0,,3.215,1.079,1.0,1.5,1.512,1.512,5.0,1.5,5.0,1.5,,,,,UNKNOWN:shared_replay_failed,UNKNOWN:start_not_certified_free,True,0.0,,,,gmc/results/aerial3dg/f4/sample/S_pairs.json#F4S-00973,,gmc/results/aerial3dg/f4/diag/S/cylinder/
cylinder,F4S-00975,S,101,1750654,UNKNOWN,goal_not_certified_free,EP-TOL,tolerance,0.0,,3.163,1.0836,0.5,1.5,1.512,5.0,1.512,5.0,1.5,1.5,,,,,UNKNOWN:shared_replay_failed,UNKNOWN:goal_not_certified_free,True,0.0,,,,gmc/results/aerial3dg/f4/sample/S_pairs.json#F4S-00975,,gmc/results/aerial3dg/f4/diag/S/cylinder/
cylinder,F4S-00976,S,101,1752018,UNKNOWN,shared_replay_failed,EXPORT-DOMAIN,export,0.02,CERTIFIED,3.49,1.0718,2.0,1.5,1.512,5.0,5.0,5.0,5.0,,False,map_unknown,26.674,-20.0,,UNKNOWN:shared_replay_failed,True,0.0,,,,gmc/results/aerial3dg/f4/sample/S_pairs.json#F4S-00976,,gmc/results/aerial3dg/f4/diag/S/cylinder/
cylinder,F4S-00979,S,101,1758224,UNKNOWN,start_not_certified_free,EP-TOL,tolerance,0.0,,3.029,1.0793,20.0,1.5,1.512,1.512,5.0,1.5,5.0,1.5,,,,,REACHABLE:graph_path_lifted_and_verified,UNKNOWN:start_not_certified_free,True,0.0,,,,gmc/results/aerial3dg/f4/sample/S_pairs.json#F4S-00979,,gmc/results/aerial3dg/f4/diag/S/cylinder/
cylinder,F4S-00980,S,101,1760863,UNKNOWN,shared_replay_failed,EXPORT-DOMAIN,export,0.01,CERTIFIED,3.013,1.0937,20.0,1.5,1.512,5.0,5.0,5.0,5.0,,False,map_unknown,39.389,-20.0,,UNKNOWN:shared_replay_failed,True,0.0,,,,gmc/results/aerial3dg/f4/sample/S_pairs.json#F4S-00980,,gmc/results/aerial3dg/f4/diag/S/cylinder/
cylinder,F4S-00981,S,101,1766940,UNKNOWN,shared_replay_failed,EXPORT-DOMAIN,export,0.01,CERTIFIED,3.138,1.0833,10.0,1.5,1.512,1.512,5.0,5.0,5.0,,False,map_unknown,44.202,-20.0,,UNKNOWN:shared_replay_failed,True,0.0,,,,gmc/results/aerial3dg/f4/sample/S_pairs.json#F4S-00981,,gmc/results/aerial3dg/f4/diag/S/cylinder/
cylinder,F4S-00982,S,101,1767504,UNKNOWN,shared_replay_failed,EXPORT-DOMAIN,export,0.01,CERTIFIED,3.235,1.0847,2.0,1.5,1.512,1.512,5.0,5.0,5.0,,False,map_unknown,52.566,-20.0,,UNKNOWN:shared_replay_failed,True,0.0,,,,gmc/results/aerial3dg/f4/sample/S_pairs.json#F4S-00982,,gmc/results/aerial3dg/f4/diag/S/cylinder/
cylinder,F4S-00985,S,101,1772437,UNKNOWN,start_not_certified_free,EP-TOL,tolerance,0.0,,3.021,1.0979,5.0,1.5,1.512,1.512,5.0,1.5,5.0,1.5,,,,,UNKNOWN:shared_replay_failed,UNKNOWN:start_not_certified_free,True,0.0,,,,gmc/results/aerial3dg/f4/sample/S_pairs.json#F4S-00985,,gmc/results/aerial3dg/f4/diag/S/cylinder/
cylinder,F4S-00986,S,101,1774321,UNKNOWN,shared_replay_failed,EXPORT-DOMAIN,export,0.02,CERTIFIED,3.266,1.0892,10.0,1.5,1.512,5.0,1.512,5.0,5.0,,False,map_unknown,48.571,-20.0,,UNKNOWN:shared_replay_failed,True,0.0,,,,gmc/results/aerial3dg/f4/sample/S_pairs.json#F4S-00986,,gmc/results/aerial3dg/f4/diag/S/cylinder/
cylinder,F4S-00988,S,101,1774915,UNKNOWN,goal_not_certified_free,EP-TOL,tolerance,0.0,,3.093,1.0754,50.0,1.5,1.512,5.0,1.512,5.0,1.5,1.5,,,,,REACHABLE:graph_path_lifted_and_verified,UNKNOWN:goal_not_certified_free,True,0.0,,,,gmc/results/aerial3dg/f4/sample/S_pairs.json#F4S-00988,,gmc/results/aerial3dg/f4/diag/S/cylinder/
cylinder,F4S-00992,S,101,1778857,UNKNOWN,shared_replay_failed,EXPORT-DOMAIN,export,0.03,CERTIFIED,3.11,1.0855,0.5,1.5,1.512,5.0,1.557,5.0,5.0,,False,map_unknown,32.482,-20.0,,UNKNOWN:shared_replay_failed,True,0.0,,,,gmc/results/aerial3dg/f4/sample/S_pairs.json#F4S-00992,,gmc/results/aerial3dg/f4/diag/S/cylinder/
cylinder,F4S-00994,S,101,1783544,UNKNOWN,start_not_certified_free,EP-TOL,tolerance,0.0,,3.095,1.0795,50.0,1.5,1.512,1.512,5.0,1.5,5.0,1.5,,,,,REACHABLE:graph_path_lifted_and_verified,UNKNOWN:start_not_certified_free,True,0.0,,,,gmc/results/aerial3dg/f4/sample/S_pairs.json#F4S-00994,,gmc/results/aerial3dg/f4/diag/S/cylinder/
cylinder,F4S-00995,S,101,1784984,UNKNOWN,goal_not_certified_free,EP-TOL,tolerance,0.0,,3.103,1.0808,20.0,1.5,1.512,5.0,1.512,5.0,1.5,1.5,,,,,REACHABLE:graph_path_lifted_and_verified,UNKNOWN:goal_not_certified_free,True,0.0,,,,gmc/results/aerial3dg/f4/sample/S_pairs.json#F4S-00995,,gmc/results/aerial3dg/f4/diag/S/cylinder/
cylinder,F4S-00996,S,101,1785382,UNKNOWN,goal_not_certified_free,EP-TOL,tolerance,0.0,,3.201,1.0808,10.0,1.5,1.512,5.0,1.512,5.0,1.5,1.5,,,,,UNKNOWN:shared_replay_failed,UNKNOWN:goal_not_certified_free,True,0.0,,,,gmc/results/aerial3dg/f4/sample/S_pairs.json#F4S-00996,,gmc/results/aerial3dg/f4/diag/S/cylinder/
cylinder,F4S-00998,S,101,1788365,UNKNOWN,shared_replay_failed,EXPORT-DOMAIN,export,0.01,CERTIFIED,3.409,1.0706,3.0,1.5,1.512,5.0,5.0,5.0,5.0,,False,map_unknown,24.006,-20.0,,UNKNOWN:shared_replay_failed,True,0.0,,,,gmc/results/aerial3dg/f4/sample/S_pairs.json#F4S-00998,,gmc/results/aerial3dg/f4/diag/S/cylinder/
cylinder,F4S-00999,S,101,1789993,UNKNOWN,start_not_certified_free,EP-TOL,tolerance,0.0,,3.473,1.079,10.0,1.0,1.512,1.077,5.0,1.0,5.0,1.0,,,,,REACHABLE:graph_path_lifted_and_verified,UNKNOWN:start_not_certified_free,True,0.0,,,,gmc/results/aerial3dg/f4/sample/S_pairs.json#F4S-00999,,gmc/results/aerial3dg/f4/diag/S/cylinder/
cylinder,F4W-00000,GAPW1,101,21,UNKNOWN,goal_not_certified_free,EP-TOL,tolerance,0.07,,3.167,1.061,50.0,1.0,0.195,3.292,1.255,5.0,1.0,1.0,,,,,REACHABLE:graph_path_lifted_and_verified,UNKNOWN:goal_not_certified_free,True,0.4,,,,gmc/results/aerial3dg/f4/sample/GAPW1_pairs.json#F4W-00000,,gmc/results/aerial3dg/f4/diag/GAPW1/cylinder/
cylinder,F4W-00012,GAPW1,101,300,UNKNOWN,goal_not_certified_free,EP-TOL,tolerance,0.06,,3.475,1.0728,100.0,1.5,0.195,7.714,1.962,5.0,1.5,1.5,,,,,REACHABLE:graph_path_lifted_and_verified,UNKNOWN:goal_not_certified_free,True,0.2,,,,gmc/results/aerial3dg/f4/sample/GAPW1_pairs.json#F4W-00012,,gmc/results/aerial3dg/f4/diag/GAPW1/cylinder/
cylinder,F4W-00018,GAPW1,101,515,UNKNOWN,start_not_certified_free,EP-TOL,tolerance,0.06,,3.475,1.0744,3.0,1.5,0.195,1.974,7.356,1.5,10.0,1.5,,,,,UNKNOWN:shared_replay_failed,UNKNOWN:start_not_certified_free,True,0.2,,,,gmc/results/aerial3dg/f4/sample/GAPW1_pairs.json#F4W-00018,,gmc/results/aerial3dg/f4/diag/GAPW1/cylinder/
cylinder,F4W-00021,GAPW1,101,581,UNKNOWN,goal_not_certified_free,EP-TOL,tolerance,0.11,,3.296,1.0767,100.0,1.5,0.195,3.292,1.962,10.0,1.5,1.5,,,,,REACHABLE:graph_path_lifted_and_verified,UNKNOWN:goal_not_certified_free,True,0.2,,,,gmc/results/aerial3dg/f4/sample/GAPW1_pairs.json#F4W-00021,,gmc/results/aerial3dg/f4/diag/GAPW1/cylinder/
cylinder,F4W-00026,GAPW1,101,842,UNKNOWN,goal_not_certified_free,EP-TOL,tolerance,0.07,,3.883,1.0835,3.0,1.5,0.058,1.059,1.962,5.0,1.5,1.5,,,,,REACHABLE:graph_path_lifted_and_verified,UNKNOWN:goal_not_certified_free,True,0.1,,,,gmc/results/aerial3dg/f4/sample/GAPW1_pairs.json#F4W-00026,,gmc/results/aerial3dg/f4/diag/GAPW1/cylinder/
cylinder,F4W-00029,GAPW1,101,901,UNKNOWN,start_not_certified_free,EP-TOL,tolerance,0.11,,4.236,1.2063,50.0,1.0,0.195,1.962,12.207,1.5,10.0,1.5,,,,,REACHABLE:graph_path_lifted_and_verified,UNKNOWN:start_not_certified_free,True,0.2,,,,gmc/results/aerial3dg/f4/sample/GAPW1_pairs.json#F4W-00029,,gmc/results/aerial3dg/f4/diag/GAPW1/cylinder/
cylinder,F4W-00033,GAPW1,101,947,UNKNOWN,goal_not_certified_free,EP-TOL,tolerance,0.06,,3.788,1.3188,100.0,1.5,0.195,12.207,1.962,10.0,1.5,1.5,,,,,REACHABLE:graph_path_lifted_and_verified,UNKNOWN:goal_not_certified_free,True,0.2,,,,gmc/results/aerial3dg/f4/sample/GAPW1_pairs.json#F4W-00033,,gmc/results/aerial3dg/f4/diag/GAPW1/cylinder/
cylinder,F4W-00037,GAPW1,101,1114,UNKNOWN,start_not_certified_free,EP-TOL,tolerance,0.11,,3.709,1.1273,20.0,1.5,0.195,1.974,16.213,1.5,10.0,1.5,,,,,REACHABLE:graph_path_lifted_and_verified,UNKNOWN:start_not_certified_free,True,0.1,,,,gmc/results/aerial3dg/f4/sample/GAPW1_pairs.json#F4W-00037,,gmc/results/aerial3dg/f4/diag/GAPW1/cylinder/
cylinder,F4W-00047,GAPW1,101,1400,UNKNOWN,start_not_certified_free,EP-TOL,tolerance,0.06,,3.467,1.3989,100.0,1.5,0.195,1.962,20.0,1.5,10.0,1.5,,,,,REACHABLE:graph_path_lifted_and_verified,UNKNOWN:start_not_certified_free,True,0.2,,,,gmc/results/aerial3dg/f4/sample/GAPW1_pairs.json#F4W-00047,,gmc/results/aerial3dg/f4/diag/GAPW1/cylinder/
cylinder,F4W-00053,GAPW1,101,1578,UNKNOWN,start_not_certified_free,EP-TOL,tolerance,0.1,,4.227,1.2152,20.0,1.5,0.195,1.962,12.207,1.5,10.0,1.5,,,,,REACHABLE:graph_path_lifted_and_verified,UNKNOWN:start_not_certified_free,True,0.1,,,,gmc/results/aerial3dg/f4/sample/GAPW1_pairs.json#F4W-00053,,gmc/results/aerial3dg/f4/diag/GAPW1/cylinder/
cylinder,F4W-00054,GAPW1,101,1590,UNKNOWN,shared_replay_failed,EXPORT-DOMAIN,export,0.2,CERTIFIED,4.545,1.0796,20.0,2.0,0.195,3.292,7.438,5.0,5.0,,False,map_unknown,1.606,-20.0,,UNKNOWN:shared_replay_failed,True,0.3,,,,gmc/results/aerial3dg/f4/sample/GAPW1_pairs.json#F4W-00054,,gmc/results/aerial3dg/f4/diag/GAPW1/cylinder/
cylinder,F4W-00074,GAPW1,101,2317,UNKNOWN,shared_replay_failed,EXPORT-DOMAIN,export,45.28,CERTIFIED,4.304,1.3193,0.5,1.0,0.195,12.207,8.446,10.0,10.0,,False,map_unknown,11.843,-1.238,,UNKNOWN:shared_replay_failed,True,44.7,,,,gmc/results/aerial3dg/f4/sample/GAPW1_pairs.json#F4W-00074,,gmc/results/aerial3dg/f4/diag/GAPW1/cylinder/
cylinder,F4W-00076,GAPW1,101,2400,UNKNOWN,start_not_certified_free,EP-TOL,tolerance,0.17,,3.654,1.1907,100.0,1.0,0.195,1.974,15.602,1.5,10.0,1.5,,,,,REACHABLE:graph_path_lifted_and_verified,UNKNOWN:start_not_certified_free,True,0.1,,,,gmc/results/aerial3dg/f4/sample/GAPW1_pairs.json#F4W-00076,,gmc/results/aerial3dg/f4/diag/GAPW1/cylinder/
cylinder,F4W-00079,GAPW1,101,2444,UNKNOWN,shared_replay_failed,EXPORT-DOMAIN,export,3.45,CERTIFIED,3.026,1.0988,3.0,10.0,4.001,4.001,3.351,10.0,10.0,,False,map_unknown,29.096,-6.538,,UNKNOWN:shared_replay_failed,True,2.7,,,,gmc/results/aerial3dg/f4/sample/GAPW1_pairs.json#F4W-00079,,gmc/results/aerial3dg/f4/diag/GAPW1/cylinder/
cylinder,F4W-00086,GAPW1,101,2546,UNKNOWN,start_not_certified_free,EP-TOL,tolerance,0.13,,3.674,1.1367,50.0,1.5,0.195,1.974,19.43,1.5,10.0,1.5,,,,,REACHABLE:graph_path_lifted_and_verified,UNKNOWN:start_not_certified_free,True,0.1,,,,gmc/results/aerial3dg/f4/sample/GAPW1_pairs.json#F4W-00086,,gmc/results/aerial3dg/f4/diag/GAPW1/cylinder/
cylinder,F4W-00087,GAPW1,101,2553,UNKNOWN,shared_replay_failed,EXPORT-DOMAIN,export,0.75,CERTIFIED,3.927,1.054,3.0,1.5,0.344,2.376,1.974,2.0,5.0,,False,map_unknown,45.451,-4.938,,UNKNOWN:shared_replay_failed,True,0.6,,,,gmc/results/aerial3dg/f4/sample/GAPW1_pairs.json#F4W-00087,,gmc/results/aerial3dg/f4/diag/GAPW1/cylinder/
cylinder,F4W-00094,GAPW1,101,2699,UNKNOWN,start_not_certified_free,EP-TOL,tolerance,0.09,,3.942,1.0733,5.0,1.5,0.195,1.962,13.973,1.5,10.0,1.5,,,,,UNKNOWN:shared_replay_failed,UNKNOWN:start_not_certified_free,True,0.1,,,,gmc/results/aerial3dg/f4/sample/GAPW1_pairs.json#F4W-00094,,gmc/results/aerial3dg/f4/diag/GAPW1/cylinder/
cylinder,F4W-00110,GAPW1,101,3210,UNKNOWN,goal_not_certified_free,EP-TOL,tolerance,0.06,,3.745,1.0794,50.0,1.5,0.195,3.292,1.962,3.0,1.5,1.5,,,,,REACHABLE:graph_path_lifted_and_verified,UNKNOWN:goal_not_certified_free,True,0.0,,,,gmc/results/aerial3dg/f4/sample/GAPW1_pairs.json#F4W-00110,,gmc/results/aerial3dg/f4/diag/GAPW1/cylinder/
cylinder,F4W-00121,GAPW1,101,3440,UNKNOWN,goal_not_certified_free,EP-TOL,tolerance,0.05,,3.044,1.6285,10.0,1.5,0.01,1.091,1.969,5.0,1.5,1.5,,,,,REACHABLE:graph_path_lifted_and_verified,UNKNOWN:goal_not_certified_free,True,0.0,,,,gmc/results/aerial3dg/f4/sample/GAPW1_pairs.json#F4W-00121,,gmc/results/aerial3dg/f4/diag/GAPW1/cylinder/
cylinder,F4W-00128,GAPW1,101,3579,UNKNOWN,goal_not_certified_free,EP-TOL,tolerance,0.06,,3.515,1.3901,10.0,1.0,0.195,19.43,1.077,10.0,1.0,1.0,,,,,TIMEOUT:timeout,UNKNOWN:goal_not_certified_free,True,0.0,,,,gmc/results/aerial3dg/f4/sample/GAPW1_pairs.json#F4W-00128,,gmc/results/aerial3dg/f4/diag/GAPW1/cylinder/
cylinder,F4W-00133,GAPW1,101,3655,UNKNOWN,goal_not_certified_free,EP-TOL,tolerance,0.06,,3.317,1.3809,20.0,1.0,0.195,16.458,1.974,10.0,1.5,1.5,,,,,REACHABLE:graph_path_lifted_and_verified,UNKNOWN:goal_not_certified_free,True,0.0,,,,gmc/results/aerial3dg/f4/sample/GAPW1_pairs.json#F4W-00133,,gmc/results/aerial3dg/f4/diag/GAPW1/cylinder/
cylinder,F4W-00139,GAPW1,101,3732,UNKNOWN,start_not_certified_free,EP-TOL,tolerance,0.06,,3.921,1.1549,20.0,1.5,0.195,1.974,12.207,1.5,10.0,1.5,,,,,REACHABLE:graph_path_lifted_and_verified,UNKNOWN:start_not_certified_free,True,0.0,,,,gmc/results/aerial3dg/f4/sample/GAPW1_pairs.json#F4W-00139,,gmc/results/aerial3dg/f4/diag/GAPW1/cylinder/
cylinder,F4W-00143,GAPW1,101,3805,UNKNOWN,goal_not_certified_free,EP-TOL,tolerance,0.07,,3.833,1.1172,100.0,1.0,0.195,12.207,1.974,10.0,1.5,1.5,,,,,REACHABLE:graph_path_lifted_and_verified,UNKNOWN:goal_not_certified_free,True,0.0,,,,gmc/results/aerial3dg/f4/sample/GAPW1_pairs.json#F4W-00143,,gmc/results/aerial3dg/f4/diag/GAPW1/cylinder/
cylinder,F4W-00147,GAPW1,101,3912,UNKNOWN,goal_not_certified_free,EP-TOL,tolerance,0.06,,4.119,1.3525,50.0,1.5,0.195,12.207,1.962,10.0,1.5,1.5,,,,,REACHABLE:graph_path_lifted_and_verified,UNKNOWN:goal_not_certified_free,True,0.0,,,,gmc/results/aerial3dg/f4/sample/GAPW1_pairs.json#F4W-00147,,gmc/results/aerial3dg/f4/diag/GAPW1/cylinder/
cylinder,F4W-00148,GAPW1,101,4013,UNKNOWN,start_not_certified_free,EP-TOL,tolerance,0.1,,4.356,1.2055,50.0,1.5,0.195,1.962,12.207,1.5,10.0,1.5,,,,,REACHABLE:graph_path_lifted_and_verified,UNKNOWN:start_not_certified_free,True,0.0,,,,gmc/results/aerial3dg/f4/sample/GAPW1_pairs.json#F4W-00148,,gmc/results/aerial3dg/f4/diag/GAPW1/cylinder/
cylinder,F4W-00150,GAPW1,101,4051,UNKNOWN,shared_replay_failed,EXPORT-DOMAIN,export,11.5,CERTIFIED,4.178,1.373,5.0,3.0,0.195,1.096,1.962,10.0,5.0,,False,map_unknown,17.044,-10.738,,UNKNOWN:shared_replay_failed,True,9.1,,,,gmc/results/aerial3dg/f4/sample/GAPW1_pairs.json#F4W-00150,,gmc/results/aerial3dg/f4/diag/GAPW1/cylinder/
cylinder,F4W-00152,GAPW1,101,4086,UNKNOWN,goal_not_certified_free,EP-TOL,tolerance,0.11,,3.113,1.0325,100.0,1.5,0.344,7.356,1.974,10.0,1.5,1.5,,,,,REACHABLE:graph_path_lifted_and_verified,UNKNOWN:goal_not_certified_free,True,0.2,,,,gmc/results/aerial3dg/f4/sample/GAPW1_pairs.json#F4W-00152,,gmc/results/aerial3dg/f4/diag/GAPW1/cylinder/
cylinder,F4W-00153,GAPW1,101,4095,UNKNOWN,start_not_certified_free,EP-TOL,tolerance,0.75,,4.161,1.2213,5.0,1.5,0.195,1.974,14.359,1.5,10.0,1.5,,,,,REACHABLE:graph_path_lifted_and_verified,UNKNOWN:start_not_certified_free,True,0.0,,,,gmc/results/aerial3dg/f4/sample/GAPW1_pairs.json#F4W-00153,,gmc/results/aerial3dg/f4/diag/GAPW1/cylinder/
cylinder,F4W-00155,GAPW1,101,4113,UNKNOWN,start_not_certified_free,EP-TOL,tolerance,0.06,,3.244,1.3059,20.0,1.0,0.195,1.255,3.515,1.0,10.0,1.0,,,,,REACHABLE:graph_path_lifted_and_verified,UNKNOWN:start_not_certified_free,True,0.0,,,,gmc/results/aerial3dg/f4/sample/GAPW1_pairs.json#F4W-00155,,gmc/results/aerial3dg/f4/diag/GAPW1/cylinder/
cylinder,F4W-00156,GAPW1,101,4127,UNKNOWN,goal_not_certified_free,EP-TOL,tolerance,0.06,,3.217,1.0742,100.0,1.5,0.195,3.292,1.962,10.0,1.5,1.5,,,,,REACHABLE:graph_path_lifted_and_verified,UNKNOWN:goal_not_certified_free,True,0.0,,,,gmc/results/aerial3dg/f4/sample/GAPW1_pairs.json#F4W-00156,,gmc/results/aerial3dg/f4/diag/GAPW1/cylinder/
cylinder,F4W-00157,GAPW1,101,4130,UNKNOWN,shared_replay_failed,EXPORT-DOMAIN,export,0.09,CERTIFIED,3.262,1.0617,10.0,2.0,0.195,1.974,13.258,5.0,10.0,,False,map_unknown,27.149,-18.638,,UNKNOWN:shared_replay_failed,True,0.1,,,,gmc/results/aerial3dg/f4/sample/GAPW1_pairs.json#F4W-00157,,gmc/results/aerial3dg/f4/diag/GAPW1/cylinder/
cylinder,F4W-00158,GAPW1,101,4144,UNKNOWN,start_not_certified_free,EP-TOL,tolerance,0.06,,4.176,1.211,50.0,1.5,0.195,1.962,12.207,1.5,10.0,1.5,,,,,REACHABLE:graph_path_lifted_and_verified,UNKNOWN:start_not_certified_free,True,0.1,,,,gmc/results/aerial3dg/f4/sample/GAPW1_pairs.json#F4W-00158,,gmc/results/aerial3dg/f4/diag/GAPW1/cylinder/
cylinder,F4W-00159,GAPW1,101,4149,UNKNOWN,shared_replay_failed,EXPORT-DOMAIN,export,4.77,CERTIFIED,3.777,1.5355,10.0,3.0,0.195,16.458,7.438,10.0,10.0,,False,map_unknown,0.748,-20.0,,UNKNOWN:shared_replay_failed,True,4.2,,,,gmc/results/aerial3dg/f4/sample/GAPW1_pairs.json#F4W-00159,,gmc/results/aerial3dg/f4/diag/GAPW1/cylinder/
cylinder,F4W-00172,GAPW1,101,4449,UNKNOWN,goal_not_certified_free,EP-TOL,tolerance,0.06,,3.522,1.399,100.0,1.5,0.195,20.0,1.962,10.0,1.5,1.5,,,,,REACHABLE:graph_path_lifted_and_verified,UNKNOWN:goal_not_certified_free,True,0.1,,,,gmc/results/aerial3dg/f4/sample/GAPW1_pairs.json#F4W-00172,,gmc/results/aerial3dg/f4/diag/GAPW1/cylinder/
cylinder,F4W-00174,GAPW1,101,4510,UNKNOWN,goal_not_certified_free,EP-TOL,tolerance,0.06,,3.227,1.0515,20.0,1.5,0.195,7.356,1.962,5.0,1.5,1.5,,,,,REACHABLE:graph_path_lifted_and_verified,UNKNOWN:goal_not_certified_free,True,0.0,,,,gmc/results/aerial3dg/f4/sample/GAPW1_pairs.json#F4W-00174,,gmc/results/aerial3dg/f4/diag/GAPW1/cylinder/
cylinder,F4W-00179,GAPW1,101,4635,UNKNOWN,goal_not_certified_free,EP-TOL,tolerance,0.1,,3.84,1.2005,100.0,1.5,0.195,16.213,1.962,10.0,1.5,1.5,,,,,REACHABLE:graph_path_lifted_and_verified,UNKNOWN:goal_not_certified_free,True,0.0,,,,gmc/results/aerial3dg/f4/sample/GAPW1_pairs.json#F4W-00179,,gmc/results/aerial3dg/f4/diag/GAPW1/cylinder/
cylinder,F4W-00180,GAPW1,101,4643,UNKNOWN,goal_not_certified_free,EP-TOL,tolerance,0.06,,3.254,1.0931,50.0,1.5,0.195,1.046,1.974,10.0,1.5,1.5,,,,,REACHABLE:graph_path_lifted_and_verified,UNKNOWN:goal_not_certified_free,True,0.0,,,,gmc/results/aerial3dg/f4/sample/GAPW1_pairs.json#F4W-00180,,gmc/results/aerial3dg/f4/diag/GAPW1/cylinder/
cylinder,F4W-00186,GAPW1,101,4856,UNKNOWN,start_not_certified_free,EP-TOL,tolerance,0.1,,3.445,1.406,20.0,1.0,0.195,1.974,1.539,1.5,10.0,1.5,,,,,REACHABLE:graph_path_lifted_and_verified,UNKNOWN:start_not_certified_free,True,0.0,,,,gmc/results/aerial3dg/f4/sample/GAPW1_pairs.json#F4W-00186,,gmc/results/aerial3dg/f4/diag/GAPW1/cylinder/
cylinder,F4W-00188,GAPW1,101,4977,UNKNOWN,goal_not_certified_free,EP-TOL,tolerance,0.11,,3.611,1.1221,100.0,1.5,0.195,7.66,1.974,10.0,1.5,1.5,,,,,REACHABLE:graph_path_lifted_and_verified,UNKNOWN:goal_not_certified_free,True,0.0,,,,gmc/results/aerial3dg/f4/sample/GAPW1_pairs.json#F4W-00188,,gmc/results/aerial3dg/f4/diag/GAPW1/cylinder/
cylinder,F4W-00192,GAPW1,101,5103,UNKNOWN,start_not_certified_free,EP-TOL,tolerance,0.11,,3.2,1.0566,20.0,1.5,0.195,1.974,7.356,1.5,10.0,1.5,,,,,REACHABLE:graph_path_lifted_and_verified,UNKNOWN:start_not_certified_free,True,0.0,,,,gmc/results/aerial3dg/f4/sample/GAPW1_pairs.json#F4W-00192,,gmc/results/aerial3dg/f4/diag/GAPW1/cylinder/
cylinder,F4W-00196,GAPW1,101,5169,UNKNOWN,start_not_certified_free,EP-TOL,tolerance,0.06,,3.894,1.0785,3.0,1.5,0.195,1.962,13.973,1.5,10.0,1.5,,,,,UNKNOWN:shared_replay_failed,UNKNOWN:start_not_certified_free,True,0.0,,,,gmc/results/aerial3dg/f4/sample/GAPW1_pairs.json#F4W-00196,,gmc/results/aerial3dg/f4/diag/GAPW1/cylinder/
cylinder,F4W-00197,GAPW1,101,5175,UNKNOWN,goal_not_certified_free,EP-TOL,tolerance,0.05,,4.359,1.3139,10.0,1.5,0.195,12.207,1.962,10.0,1.5,1.5,,,,,REACHABLE:graph_path_lifted_and_verified,UNKNOWN:goal_not_certified_free,True,0.0,,,,gmc/results/aerial3dg/f4/sample/GAPW1_pairs.json#F4W-00197,,gmc/results/aerial3dg/f4/diag/GAPW1/cylinder/
cylinder,F4W-00198,GAPW1,101,5203,UNKNOWN,goal_not_certified_free,EP-TOL,tolerance,0.05,,4.224,1.1332,100.0,1.5,0.195,12.207,1.974,10.0,1.5,1.5,,,,,REACHABLE:graph_path_lifted_and_verified,UNKNOWN:goal_not_certified_free,True,0.0,,,,gmc/results/aerial3dg/f4/sample/GAPW1_pairs.json#F4W-00198,,gmc/results/aerial3dg/f4/diag/GAPW1/cylinder/
cylinder,F4W-00200,GAPW1,101,5256,UNKNOWN,goal_not_certified_free,EP-TOL,tolerance,0.06,,4.486,1.0948,20.0,1.5,0.195,12.207,1.974,10.0,1.5,1.5,,,,,REACHABLE:graph_path_lifted_and_verified,UNKNOWN:goal_not_certified_free,True,0.0,,,,gmc/results/aerial3dg/f4/sample/GAPW1_pairs.json#F4W-00200,,gmc/results/aerial3dg/f4/diag/GAPW1/cylinder/
cylinder,F4W-00203,GAPW1,101,5329,UNKNOWN,goal_not_certified_free,EP-TOL,tolerance,0.06,,3.248,1.3817,100.0,1.5,0.195,20.0,1.962,10.0,1.5,1.5,,,,,REACHABLE:graph_path_lifted_and_verified,UNKNOWN:goal_not_certified_free,True,0.0,,,,gmc/results/aerial3dg/f4/sample/GAPW1_pairs.json#F4W-00203,,gmc/results/aerial3dg/f4/diag/GAPW1/cylinder/
cylinder,F4W-00205,GAPW1,101,5366,UNKNOWN,goal_not_certified_free,EP-TOL,tolerance,0.06,,3.612,1.4053,100.0,1.0,0.195,12.207,1.962,10.0,1.5,1.5,,,,,REACHABLE:graph_path_lifted_and_verified,UNKNOWN:goal_not_certified_free,True,0.0,,,,gmc/results/aerial3dg/f4/sample/GAPW1_pairs.json#F4W-00205,,gmc/results/aerial3dg/f4/diag/GAPW1/cylinder/
cylinder,F4W-00206,GAPW1,101,5378,UNKNOWN,start_not_certified_free,EP-TOL,tolerance,0.05,,4.038,1.1326,20.0,1.5,0.195,1.974,12.207,1.5,10.0,1.5,,,,,REACHABLE:graph_path_lifted_and_verified,UNKNOWN:start_not_certified_free,True,0.0,,,,gmc/results/aerial3dg/f4/sample/GAPW1_pairs.json#F4W-00206,,gmc/results/aerial3dg/f4/diag/GAPW1/cylinder/
cylinder,F4W-00215,GAPW1,101,5508,UNKNOWN,shared_replay_failed,EXPORT-DOMAIN,export,9.66,CERTIFIED,3.609,1.3022,1.0,1.0,0.195,8.446,16.213,10.0,10.0,,False,map_unknown,12.027,-1.738,,UNKNOWN:shared_replay_failed,True,8.2,,,,gmc/results/aerial3dg/f4/sample/GAPW1_pairs.json#F4W-00215,,gmc/results/aerial3dg/f4/diag/GAPW1/cylinder/
cylinder,F4W-00227,GAPW1,101,5865,UNKNOWN,start_not_certified_free,EP-TOL,tolerance,0.1,,3.329,1.2625,50.0,1.5,0.195,1.962,20.0,1.5,10.0,1.5,,,,,REACHABLE:graph_path_lifted_and_verified,UNKNOWN:start_not_certified_free,True,0.1,,,,gmc/results/aerial3dg/f4/sample/GAPW1_pairs.json#F4W-00227,,gmc/results/aerial3dg/f4/diag/GAPW1/cylinder/
cylinder,F4W-00243,GAPW1,101,6308,UNKNOWN,start_not_certified_free,EP-TOL,tolerance,0.07,,3.217,1.3318,100.0,1.5,0.195,1.974,20.0,1.5,10.0,1.5,,,,,REACHABLE:graph_path_lifted_and_verified,UNKNOWN:start_not_certified_free,True,0.0,,,,gmc/results/aerial3dg/f4/sample/GAPW1_pairs.json#F4W-00243,,gmc/results/aerial3dg/f4/diag/GAPW1/cylinder/
cylinder,F4W-00245,GAPW1,101,6350,UNKNOWN,goal_not_certified_free,EP-TOL,tolerance,0.07,,3.637,1.1867,1.0,1.0,0.195,5.106,1.064,5.0,1.0,1.0,,,,,REACHABLE:graph_path_lifted_and_verified,UNKNOWN:goal_not_certified_free,True,0.0,,,,gmc/results/aerial3dg/f4/sample/GAPW1_pairs.json#F4W-00245,,gmc/results/aerial3dg/f4/diag/GAPW1/cylinder/
cylinder,F4W-00256,GAPW1,101,6521,UNKNOWN,goal_not_certified_free,EP-TOL,tolerance,0.06,,3.258,1.0523,10.0,1.0,0.344,7.96,1.279,5.0,1.0,1.0,,,,,REACHABLE:graph_path_lifted_and_verified,UNKNOWN:goal_not_certified_free,True,0.0,,,,gmc/results/aerial3dg/f4/sample/GAPW1_pairs.json#F4W-00256,,gmc/results/aerial3dg/f4/diag/GAPW1/cylinder/
cylinder,F4W-00266,GAPW1,101,6817,UNKNOWN,goal_not_certified_free,EP-TOL,tolerance,0.06,,3.859,1.0493,20.0,1.5,0.344,20.0,1.974,10.0,1.5,1.5,,,,,REACHABLE:graph_path_lifted_and_verified,UNKNOWN:goal_not_certified_free,True,0.0,,,,gmc/results/aerial3dg/f4/sample/GAPW1_pairs.json#F4W-00266,,gmc/results/aerial3dg/f4/diag/GAPW1/cylinder/
cylinder,F4W-00272,GAPW1,101,6932,UNKNOWN,start_not_certified_free,EP-TOL,tolerance,0.06,,3.087,1.2487,50.0,1.5,0.195,1.962,20.0,1.5,10.0,1.5,,,,,REACHABLE:graph_path_lifted_and_verified,UNKNOWN:start_not_certified_free,True,0.0,,,,gmc/results/aerial3dg/f4/sample/GAPW1_pairs.json#F4W-00272,,gmc/results/aerial3dg/f4/diag/GAPW1/cylinder/
cylinder,F4W-00274,GAPW1,101,6999,UNKNOWN,shared_replay_failed,EXPORT-DOMAIN,export,8.36,CERTIFIED,3.24,1.0792,20.0,3.0,1.046,12.207,3.292,10.0,3.0,,False,map_unknown,4.167,-20.0,,UNKNOWN:shared_replay_failed,True,7.6,,,,gmc/results/aerial3dg/f4/sample/GAPW1_pairs.json#F4W-00274,,gmc/results/aerial3dg/f4/diag/GAPW1/cylinder/
cylinder,F4W-00286,GAPW1,101,7269,UNKNOWN,goal_not_certified_free,EP-TOL,tolerance,0.06,,3.211,1.0562,100.0,1.5,0.344,7.356,1.962,5.0,1.5,1.5,,,,,REACHABLE:graph_path_lifted_and_verified,UNKNOWN:goal_not_certified_free,True,0.1,,,,gmc/results/aerial3dg/f4/sample/GAPW1_pairs.json#F4W-00286,,gmc/results/aerial3dg/f4/diag/GAPW1/cylinder/
cylinder,F4W-00290,GAPW1,101,7334,UNKNOWN,start_not_certified_free,EP-TOL,tolerance,0.06,,3.551,1.3633,20.0,1.0,0.195,1.077,1.502,1.0,10.0,1.0,,,,,TIMEOUT:timeout,UNKNOWN:start_not_certified_free,True,0.0,,,,gmc/results/aerial3dg/f4/sample/GAPW1_pairs.json#F4W-00290,,gmc/results/aerial3dg/f4/diag/GAPW1/cylinder/
cylinder,F4W-00292,GAPW1,101,7418,UNKNOWN,start_not_certified_free,EP-TOL,tolerance,0.06,,3.195,1.1293,100.0,1.5,0.195,1.962,1.732,1.5,10.0,1.5,,,,,REACHABLE:graph_path_lifted_and_verified,UNKNOWN:start_not_certified_free,True,0.0,,,,gmc/results/aerial3dg/f4/sample/GAPW1_pairs.json#F4W-00292,,gmc/results/aerial3dg/f4/diag/GAPW1/cylinder/
cylinder,F4W-00294,GAPW1,101,7584,UNKNOWN,start_not_certified_free,EP-TOL,tolerance,0.06,,3.932,1.1467,50.0,1.5,0.195,1.974,19.43,1.5,10.0,1.5,,,,,REACHABLE:graph_path_lifted_and_verified,UNKNOWN:start_not_certified_free,True,0.0,,,,gmc/results/aerial3dg/f4/sample/GAPW1_pairs.json#F4W-00294,,gmc/results/aerial3dg/f4/diag/GAPW1/cylinder/
cylinder,F4W-00299,GAPW1,101,7722,UNKNOWN,goal_not_certified_free,EP-TOL,tolerance,0.07,,3.721,1.0683,20.0,1.5,0.344,13.518,1.962,10.0,1.5,1.5,,,,,REACHABLE:graph_path_lifted_and_verified,UNKNOWN:goal_not_certified_free,True,0.0,,,,gmc/results/aerial3dg/f4/sample/GAPW1_pairs.json#F4W-00299,,gmc/results/aerial3dg/f4/diag/GAPW1/cylinder/
cylinder,F4W-00304,GAPW1,101,7801,UNKNOWN,start_not_certified_free,EP-TOL,tolerance,0.06,,3.331,1.4524,100.0,1.5,0.195,1.962,20.0,1.5,10.0,1.5,,,,,REACHABLE:graph_path_lifted_and_verified,UNKNOWN:start_not_certified_free,True,0.0,,,,gmc/results/aerial3dg/f4/sample/GAPW1_pairs.json#F4W-00304,,gmc/results/aerial3dg/f4/diag/GAPW1/cylinder/
cylinder,F4W-00315,GAPW1,101,8109,UNKNOWN,start_not_certified_free,EP-TOL,tolerance,0.07,,3.32,1.0569,10.0,1.5,0.195,1.974,7.356,1.5,10.0,1.5,,,,,UNKNOWN:shared_replay_failed,UNKNOWN:start_not_certified_free,True,0.0,,,,gmc/results/aerial3dg/f4/sample/GAPW1_pairs.json#F4W-00315,,gmc/results/aerial3dg/f4/diag/GAPW1/cylinder/
cylinder,F4W-00322,GAPW1,101,8375,UNKNOWN,goal_not_certified_free,EP-TOL,tolerance,0.06,,3.778,1.0665,1.5,1.5,0.344,13.973,1.962,10.0,1.5,1.5,,,,,REACHABLE:graph_path_lifted_and_verified,UNKNOWN:goal_not_certified_free,True,0.0,,,,gmc/results/aerial3dg/f4/sample/GAPW1_pairs.json#F4W-00322,,gmc/results/aerial3dg/f4/diag/GAPW1/cylinder/
cylinder,F4W-00324,GAPW1,101,8417,UNKNOWN,goal_not_certified_free,EP-TOL,tolerance,0.06,,4.077,1.0718,50.0,1.5,1.962,7.356,1.962,10.0,1.5,1.5,,,,,REACHABLE:graph_path_lifted_and_verified,UNKNOWN:goal_not_certified_free,True,0.0,,,,gmc/results/aerial3dg/f4/sample/GAPW1_pairs.json#F4W-00324,,gmc/results/aerial3dg/f4/diag/GAPW1/cylinder/
cylinder,F4W-00331,GAPW1,101,8660,UNKNOWN,start_not_certified_free,EP-TOL,tolerance,0.06,,4.327,1.3164,50.0,1.5,0.195,1.962,12.207,1.5,10.0,1.5,,,,,REACHABLE:graph_path_lifted_and_verified,UNKNOWN:start_not_certified_free,True,0.0,,,,gmc/results/aerial3dg/f4/sample/GAPW1_pairs.json#F4W-00331,,gmc/results/aerial3dg/f4/diag/GAPW1/cylinder/
cylinder,F4W-00333,GAPW1,101,8705,UNKNOWN,start_not_certified_free,EP-TOL,tolerance,0.06,,3.184,1.1536,100.0,1.5,0.195,1.962,20.0,1.5,10.0,1.5,,,,,REACHABLE:graph_path_lifted_and_verified,UNKNOWN:start_not_certified_free,True,0.0,,,,gmc/results/aerial3dg/f4/sample/GAPW1_pairs.json#F4W-00333,,gmc/results/aerial3dg/f4/diag/GAPW1/cylinder/
cylinder,F4W-00335,GAPW1,101,8791,UNKNOWN,goal_not_certified_free,EP-TOL,tolerance,0.06,,3.47,1.277,100.0,1.5,0.195,20.0,1.962,10.0,1.5,1.5,,,,,REACHABLE:graph_path_lifted_and_verified,UNKNOWN:goal_not_certified_free,True,0.1,,,,gmc/results/aerial3dg/f4/sample/GAPW1_pairs.json#F4W-00335,,gmc/results/aerial3dg/f4/diag/GAPW1/cylinder/
cylinder,F4W-00338,GAPW1,101,8808,UNKNOWN,goal_not_certified_free,EP-TOL,tolerance,0.06,,3.285,1.4099,50.0,1.0,0.195,19.43,1.077,10.0,1.0,1.0,,,,,REACHABLE:graph_path_lifted_and_verified,UNKNOWN:goal_not_certified_free,True,0.1,,,,gmc/results/aerial3dg/f4/sample/GAPW1_pairs.json#F4W-00338,,gmc/results/aerial3dg/f4/diag/GAPW1/cylinder/
cylinder,F4W-00341,GAPW1,101,8840,UNKNOWN,goal_not_certified_free,EP-TOL,tolerance,0.07,,3.289,1.0417,50.0,1.0,0.344,7.356,1.974,10.0,1.5,1.5,,,,,REACHABLE:graph_path_lifted_and_verified,UNKNOWN:goal_not_certified_free,True,0.1,,,,gmc/results/aerial3dg/f4/sample/GAPW1_pairs.json#F4W-00341,,gmc/results/aerial3dg/f4/diag/GAPW1/cylinder/
cylinder,F4W-00347,GAPW1,101,8994,UNKNOWN,shared_replay_failed,EXPORT-DOMAIN,export,7.21,CERTIFIED,3.652,1.5385,5.0,1.0,0.195,16.459,18.861,10.0,10.0,,False,map_unknown,11.245,-9.038,,UNKNOWN:shared_replay_failed,True,7.1,,,,gmc/results/aerial3dg/f4/sample/GAPW1_pairs.json#F4W-00347,,gmc/results/aerial3dg/f4/diag/GAPW1/cylinder/
cylinder,F4W-00357,GAPW1,101,9265,UNKNOWN,shared_replay_failed,EXPORT-DOMAIN,export,0.75,CERTIFIED,3.891,1.0644,5.0,3.0,0.195,12.207,17.692,10.0,10.0,,False,map_unknown,3.122,-7.338,,UNKNOWN:shared_replay_failed,True,0.6,,,,gmc/results/aerial3dg/f4/sample/GAPW1_pairs.json#F4W-00357,,gmc/results/aerial3dg/f4/diag/GAPW1/cylinder/
cylinder,F4W-00358,GAPW1,101,9287,UNKNOWN,start_not_certified_free,EP-TOL,tolerance,0.07,,3.039,1.3152,100.0,1.5,0.195,1.974,20.0,1.5,10.0,1.5,,,,,REACHABLE:graph_path_lifted_and_verified,UNKNOWN:start_not_certified_free,True,0.1,,,,gmc/results/aerial3dg/f4/sample/GAPW1_pairs.json#F4W-00358,,gmc/results/aerial3dg/f4/diag/GAPW1/cylinder/
cylinder,F4W-00365,GAPW1,101,9592,UNKNOWN,goal_not_certified_free,EP-TOL,tolerance,0.06,,4.011,1.2009,100.0,1.5,0.195,12.207,1.974,10.0,1.5,1.5,,,,,REACHABLE:graph_path_lifted_and_verified,UNKNOWN:goal_not_certified_free,True,0.1,,,,gmc/results/aerial3dg/f4/sample/GAPW1_pairs.json#F4W-00365,,gmc/results/aerial3dg/f4/diag/GAPW1/cylinder/
cylinder,F4W-00369,GAPW1,101,9695,UNKNOWN,start_not_certified_free,EP-TOL,tolerance,0.05,,3.613,1.3578,20.0,1.0,0.195,1.077,19.43,1.0,10.0,1.0,,,,,TIMEOUT:timeout,UNKNOWN:start_not_certified_free,True,0.0,,,,gmc/results/aerial3dg/f4/sample/GAPW1_pairs.json#F4W-00369,,gmc/results/aerial3dg/f4/diag/GAPW1/cylinder/
cylinder,F4W-00376,GAPW1,101,9811,UNKNOWN,goal_not_certified_free,EP-TOL,tolerance,0.06,,3.645,1.1472,100.0,1.0,0.195,12.207,1.974,10.0,1.5,1.5,,,,,REACHABLE:graph_path_lifted_and_verified,UNKNOWN:goal_not_certified_free,True,0.0,,,,gmc/results/aerial3dg/f4/sample/GAPW1_pairs.json#F4W-00376,,gmc/results/aerial3dg/f4/diag/GAPW1/cylinder/
cylinder,F4W-00379,GAPW1,101,9976,UNKNOWN,goal_not_certified_free,EP-TOL,tolerance,0.06,,3.684,1.2464,100.0,1.0,0.195,19.43,1.962,10.0,1.5,1.5,,,,,REACHABLE:graph_path_lifted_and_verified,UNKNOWN:goal_not_certified_free,True,0.0,,,,gmc/results/aerial3dg/f4/sample/GAPW1_pairs.json#F4W-00379,,gmc/results/aerial3dg/f4/diag/GAPW1/cylinder/
cylinder,F4W-00380,GAPW1,101,10046,UNKNOWN,goal_not_certified_free,EP-TOL,tolerance,0.05,,4.049,1.3354,20.0,1.5,0.195,11.322,1.974,10.0,1.5,1.5,,,,,REACHABLE:graph_path_lifted_and_verified,UNKNOWN:goal_not_certified_free,True,0.1,,,,gmc/results/aerial3dg/f4/sample/GAPW1_pairs.json#F4W-00380,,gmc/results/aerial3dg/f4/diag/GAPW1/cylinder/
cylinder,F4W-00381,GAPW1,101,10047,UNKNOWN,shared_replay_failed,EXPORT-DOMAIN,export,16.21,CERTIFIED,3.941,1.0779,5.0,1.5,0.195,6.078,5.437,5.0,5.0,,False,map_unknown,19.599,-9.238,,UNKNOWN:shared_replay_failed,True,13.8,,,,gmc/results/aerial3dg/f4/sample/GAPW1_pairs.json#F4W-00381,,gmc/results/aerial3dg/f4/diag/GAPW1/cylinder/
cylinder,F4W-00382,GAPW1,101,10085,UNKNOWN,start_not_certified_free,EP-TOL,tolerance,0.06,,3.349,1.3998,5.0,1.0,0.01,1.043,12.207,1.0,10.0,1.0,,,,,REACHABLE:graph_path_lifted_and_verified,UNKNOWN:start_not_certified_free,True,0.1,,,,gmc/results/aerial3dg/f4/sample/GAPW1_pairs.json#F4W-00382,,gmc/results/aerial3dg/f4/diag/GAPW1/cylinder/
cylinder,F4W-00389,GAPW1,101,10416,UNKNOWN,start_not_certified_free,EP-TOL,tolerance,0.07,,3.079,1.2713,100.0,1.5,0.195,1.974,20.0,1.5,10.0,1.5,,,,,REACHABLE:graph_path_lifted_and_verified,UNKNOWN:start_not_certified_free,True,0.0,,,,gmc/results/aerial3dg/f4/sample/GAPW1_pairs.json#F4W-00389,,gmc/results/aerial3dg/f4/diag/GAPW1/cylinder/
cylinder,F4W-00396,GAPW1,101,10508,UNKNOWN,start_not_certified_free,EP-TOL,tolerance,0.07,,3.085,1.0593,100.0,1.5,0.195,1.974,3.292,1.5,3.0,1.5,,,,,REACHABLE:graph_path_lifted_and_verified,UNKNOWN:start_not_certified_free,True,0.0,,,,gmc/results/aerial3dg/f4/sample/GAPW1_pairs.json#F4W-00396,,gmc/results/aerial3dg/f4/diag/GAPW1/cylinder/
cylinder,F4W-00399,GAPW1,101,10686,UNKNOWN,start_not_certified_free,EP-TOL,tolerance,0.06,,4.125,1.361,10.0,1.0,0.195,1.962,14.359,1.5,10.0,1.5,,,,,REACHABLE:graph_path_lifted_and_verified,UNKNOWN:start_not_certified_free,True,0.0,,,,gmc/results/aerial3dg/f4/sample/GAPW1_pairs.json#F4W-00399,,gmc/results/aerial3dg/f4/diag/GAPW1/cylinder/
cylinder,F4W-00401,GAPW1,101,10754,UNKNOWN,goal_not_certified_free,EP-TOL,tolerance,0.07,,3.773,1.1955,50.0,1.5,0.195,12.207,1.974,10.0,1.5,1.5,,,,,REACHABLE:graph_path_lifted_and_verified,UNKNOWN:goal_not_certified_free,True,0.0,,,,gmc/results/aerial3dg/f4/sample/GAPW1_pairs.json#F4W-00401,,gmc/results/aerial3dg/f4/diag/GAPW1/cylinder/
cylinder,F4W-00410,GAPW1,101,10912,UNKNOWN,start_not_certified_free,EP-TOL,tolerance,0.07,,3.407,1.1662,100.0,1.5,0.195,1.962,3.373,1.5,10.0,1.5,,,,,REACHABLE:graph_path_lifted_and_verified,UNKNOWN:start_not_certified_free,True,0.0,,,,gmc/results/aerial3dg/f4/sample/GAPW1_pairs.json#F4W-00410,,gmc/results/aerial3dg/f4/diag/GAPW1/cylinder/
cylinder,F4W-00413,GAPW1,101,10960,UNKNOWN,goal_not_certified_free,EP-TOL,tolerance,0.06,,3.861,1.0804,50.0,1.5,0.195,7.356,1.962,10.0,1.5,1.5,,,,,REACHABLE:graph_path_lifted_and_verified,UNKNOWN:goal_not_certified_free,True,0.0,,,,gmc/results/aerial3dg/f4/sample/GAPW1_pairs.json#F4W-00413,,gmc/results/aerial3dg/f4/diag/GAPW1/cylinder/
cylinder,F4W-00414,GAPW1,101,10964,UNKNOWN,start_not_certified_free,EP-TOL,tolerance,0.06,,4.378,1.1633,10.0,1.5,0.195,1.974,12.207,1.5,10.0,1.5,,,,,REACHABLE:graph_path_lifted_and_verified,UNKNOWN:start_not_certified_free,True,0.0,,,,gmc/results/aerial3dg/f4/sample/GAPW1_pairs.json#F4W-00414,,gmc/results/aerial3dg/f4/diag/GAPW1/cylinder/
cylinder,F4W-00417,GAPW1,101,11070,UNKNOWN,goal_not_certified_free,EP-TOL,tolerance,0.07,,4.102,1.1172,100.0,1.0,0.195,12.207,1.974,10.0,1.5,1.5,,,,,REACHABLE:graph_path_lifted_and_verified,UNKNOWN:goal_not_certified_free,True,0.0,,,,gmc/results/aerial3dg/f4/sample/GAPW1_pairs.json#F4W-00417,,gmc/results/aerial3dg/f4/diag/GAPW1/cylinder/
cylinder,F4W-00432,GAPW1,101,11499,UNKNOWN,start_not_certified_free,EP-TOL,tolerance,0.06,,3.394,1.3212,10.0,1.5,0.195,1.974,6.335,1.5,5.0,1.5,,,,,REACHABLE:graph_path_lifted_and_verified,UNKNOWN:start_not_certified_free,True,0.0,,,,gmc/results/aerial3dg/f4/sample/GAPW1_pairs.json#F4W-00432,,gmc/results/aerial3dg/f4/diag/GAPW1/cylinder/
cylinder,F4W-00445,GAPW1,101,11907,UNKNOWN,goal_not_certified_free,EP-TOL,tolerance,0.06,,3.177,1.2535,100.0,1.0,0.195,20.0,1.974,10.0,1.5,1.5,,,,,REACHABLE:graph_path_lifted_and_verified,UNKNOWN:goal_not_certified_free,True,0.0,,,,gmc/results/aerial3dg/f4/sample/GAPW1_pairs.json#F4W-00445,,gmc/results/aerial3dg/f4/diag/GAPW1/cylinder/
cylinder,F4W-00447,GAPW1,101,11925,UNKNOWN,start_not_certified_free,EP-TOL,tolerance,0.06,,4.292,1.0605,20.0,1.0,0.195,1.962,2.754,1.5,3.0,1.5,,,,,REACHABLE:graph_path_lifted_and_verified,UNKNOWN:start_not_certified_free,True,0.0,,,,gmc/results/aerial3dg/f4/sample/GAPW1_pairs.json#F4W-00447,,gmc/results/aerial3dg/f4/diag/GAPW1/cylinder/
cylinder,F4W-00451,GAPW1,101,12219,UNKNOWN,start_not_certified_free,EP-TOL,tolerance,0.07,,3.303,1.0537,20.0,1.0,0.195,1.255,3.292,1.0,3.0,1.0,,,,,REACHABLE:graph_path_lifted_and_verified,UNKNOWN:start_not_certified_free,True,0.0,,,,gmc/results/aerial3dg/f4/sample/GAPW1_pairs.json#F4W-00451,,gmc/results/aerial3dg/f4/diag/GAPW1/cylinder/
cylinder,F4W-00453,GAPW1,101,12260,UNKNOWN,goal_not_certified_free,EP-TOL,tolerance,0.06,,3.04,1.5424,100.0,1.5,0.195,20.0,1.962,10.0,1.5,1.5,,,,,REACHABLE:graph_path_lifted_and_verified,UNKNOWN:goal_not_certified_free,True,0.0,,,,gmc/results/aerial3dg/f4/sample/GAPW1_pairs.json#F4W-00453,,gmc/results/aerial3dg/f4/diag/GAPW1/cylinder/
cylinder,F4W-00454,GAPW1,101,12310,UNKNOWN,start_not_certified_free,EP-TOL,tolerance,0.05,,3.495,1.0252,10.0,1.5,0.195,1.974,7.356,1.5,10.0,1.5,,,,,REACHABLE:graph_path_lifted_and_verified,UNKNOWN:start_not_certified_free,True,0.0,,,,gmc/results/aerial3dg/f4/sample/GAPW1_pairs.json#F4W-00454,,gmc/results/aerial3dg/f4/diag/GAPW1/cylinder/
cylinder,F4W-00460,GAPW1,101,12610,UNKNOWN,start_not_certified_free,EP-TOL,tolerance,0.06,,3.369,1.2146,50.0,1.5,0.195,1.974,19.43,1.5,10.0,1.5,,,,,REACHABLE:graph_path_lifted_and_verified,UNKNOWN:start_not_certified_free,True,0.0,,,,gmc/results/aerial3dg/f4/sample/GAPW1_pairs.json#F4W-00460,,gmc/results/aerial3dg/f4/diag/GAPW1/cylinder/
cylinder,F4W-00461,GAPW1,101,12614,UNKNOWN,goal_not_certified_free,EP-TOL,tolerance,0.05,,4.049,1.31,100.0,1.5,0.195,12.207,1.962,10.0,1.5,1.5,,,,,REACHABLE:graph_path_lifted_and_verified,UNKNOWN:goal_not_certified_free,True,0.0,,,,gmc/results/aerial3dg/f4/sample/GAPW1_pairs.json#F4W-00461,,gmc/results/aerial3dg/f4/diag/GAPW1/cylinder/
cylinder,F4W-00468,GAPW1,101,12810,UNKNOWN,shared_replay_failed,EXPORT-DOMAIN,export,10.81,CERTIFIED,3.375,1.4057,10.0,2.0,0.195,11.909,7.438,10.0,10.0,,False,map_unknown,2.64,-20.0,,UNKNOWN:shared_replay_failed,True,9.9,,,,gmc/results/aerial3dg/f4/sample/GAPW1_pairs.json#F4W-00468,,gmc/results/aerial3dg/f4/diag/GAPW1/cylinder/
cylinder,F4W-00469,GAPW1,101,12830,UNKNOWN,goal_not_certified_free,EP-TOL,tolerance,0.06,,4.356,1.2429,100.0,1.0,0.195,12.207,1.962,10.0,1.5,1.5,,,,,REACHABLE:graph_path_lifted_and_verified,UNKNOWN:goal_not_certified_free,True,0.1,,,,gmc/results/aerial3dg/f4/sample/GAPW1_pairs.json#F4W-00469,,gmc/results/aerial3dg/f4/diag/GAPW1/cylinder/
cylinder,F4W-00475,GAPW1,101,12954,UNKNOWN,start_not_certified_free,EP-TOL,tolerance,0.06,,3.916,1.1646,50.0,1.5,0.195,1.974,12.207,1.5,10.0,1.5,,,,,REACHABLE:graph_path_lifted_and_verified,UNKNOWN:start_not_certified_free,True,0.0,,,,gmc/results/aerial3dg/f4/sample/GAPW1_pairs.json#F4W-00475,,gmc/results/aerial3dg/f4/diag/GAPW1/cylinder/
cylinder,F4W-00477,GAPW1,101,12968,UNKNOWN,start_not_certified_free,EP-TOL,tolerance,0.06,,3.905,1.1685,50.0,1.5,0.195,1.974,19.038,1.5,10.0,1.5,,,,,REACHABLE:graph_path_lifted_and_verified,UNKNOWN:start_not_certified_free,True,0.0,,,,gmc/results/aerial3dg/f4/sample/GAPW1_pairs.json#F4W-00477,,gmc/results/aerial3dg/f4/diag/GAPW1/cylinder/
cylinder,F4W-00478,GAPW1,101,12978,UNKNOWN,start_not_certified_free,EP-TOL,tolerance,0.05,,3.781,1.1007,50.0,1.0,0.195,1.974,4.675,1.5,10.0,1.5,,,,,REACHABLE:graph_path_lifted_and_verified,UNKNOWN:start_not_certified_free,True,0.0,,,,gmc/results/aerial3dg/f4/sample/GAPW1_pairs.json#F4W-00478,,gmc/results/aerial3dg/f4/diag/GAPW1/cylinder/
cylinder,F4W-00484,GAPW1,101,13130,UNKNOWN,start_not_certified_free,EP-TOL,tolerance,0.06,,3.292,1.0575,100.0,1.5,0.195,1.962,7.714,1.5,5.0,1.5,,,,,REACHABLE:graph_path_lifted_and_verified,UNKNOWN:start_not_certified_free,True,0.0,,,,gmc/results/aerial3dg/f4/sample/GAPW1_pairs.json#F4W-00484,,gmc/results/aerial3dg/f4/diag/GAPW1/cylinder/
cylinder,F4W-00485,GAPW1,101,13137,UNKNOWN,goal_not_certified_free,EP-TOL,tolerance,0.06,,3.815,1.081,20.0,1.5,0.195,13.727,1.974,10.0,1.5,1.5,,,,,REACHABLE:graph_path_lifted_and_verified,UNKNOWN:goal_not_certified_free,True,0.0,,,,gmc/results/aerial3dg/f4/sample/GAPW1_pairs.json#F4W-00485,,gmc/results/aerial3dg/f4/diag/GAPW1/cylinder/
cylinder,F4W-00487,GAPW1,101,13165,UNKNOWN,start_not_certified_free,EP-TOL,tolerance,0.07,,4.109,1.1848,20.0,1.5,0.195,1.962,19.43,1.5,10.0,1.5,,,,,REACHABLE:graph_path_lifted_and_verified,UNKNOWN:start_not_certified_free,True,0.0,,,,gmc/results/aerial3dg/f4/sample/GAPW1_pairs.json#F4W-00487,,gmc/results/aerial3dg/f4/diag/GAPW1/cylinder/
cylinder,F4W-00489,GAPW1,101,13197,UNKNOWN,goal_not_certified_free,EP-TOL,tolerance,0.07,,3.175,1.6478,100.0,1.5,0.195,17.612,1.962,10.0,1.5,1.5,,,,,REACHABLE:graph_path_lifted_and_verified,UNKNOWN:goal_not_certified_free,True,0.0,,,,gmc/results/aerial3dg/f4/sample/GAPW1_pairs.json#F4W-00489,,gmc/results/aerial3dg/f4/diag/GAPW1/cylinder/
cylinder,F4W-00492,GAPW1,101,13292,UNKNOWN,goal_not_certified_free,EP-TOL,tolerance,0.06,,3.79,1.059,5.0,1.0,0.195,5.106,1.449,5.0,1.0,1.0,,,,,REACHABLE:graph_path_lifted_and_verified,UNKNOWN:goal_not_certified_free,True,0.0,,,,gmc/results/aerial3dg/f4/sample/GAPW1_pairs.json#F4W-00492,,gmc/results/aerial3dg/f4/diag/GAPW1/cylinder/
cylinder,F4W-00498,GAPW1,101,13601,UNKNOWN,shared_replay_failed,EXPORT-DOMAIN,export,2.16,CERTIFIED,4.42,1.113,10.0,3.0,0.344,17.692,1.017,10.0,10.0,,False,map_unknown,4.544,-20.0,,UNKNOWN:shared_replay_failed,True,1.8,,,,gmc/results/aerial3dg/f4/sample/GAPW1_pairs.json#F4W-00498,,gmc/results/aerial3dg/f4/diag/GAPW1/cylinder/
cylinder,F4W-00501,GAPW1,101,13658,UNKNOWN,start_not_certified_free,EP-TOL,tolerance,0.06,,3.241,1.3942,100.0,1.5,0.195,1.962,20.0,1.5,10.0,1.5,,,,,REACHABLE:graph_path_lifted_and_verified,UNKNOWN:start_not_certified_free,True,0.0,,,,gmc/results/aerial3dg/f4/sample/GAPW1_pairs.json#F4W-00501,,gmc/results/aerial3dg/f4/diag/GAPW1/cylinder/
cylinder,F4W-00518,GAPW1,101,14079,UNKNOWN,shared_replay_failed,EXPORT-DOMAIN,export,7.45,CERTIFIED,3.767,1.3219,2.0,3.0,0.195,5.106,12.207,5.0,10.0,,False,map_unknown,6.89,-3.638,,UNKNOWN:shared_replay_failed,True,6.0,,,,gmc/results/aerial3dg/f4/sample/GAPW1_pairs.json#F4W-00518,,gmc/results/aerial3dg/f4/diag/GAPW1/cylinder/
cylinder,F4W-00531,GAPW1,101,14441,UNKNOWN,start_not_certified_free,EP-TOL,tolerance,0.06,,3.431,1.0289,5.0,1.5,0.195,1.962,1.369,1.5,5.0,1.5,,,,,REACHABLE:graph_path_lifted_and_verified,UNKNOWN:start_not_certified_free,True,0.0,,,,gmc/results/aerial3dg/f4/sample/GAPW1_pairs.json#F4W-00531,,gmc/results/aerial3dg/f4/diag/GAPW1/cylinder/
cylinder,F4W-00535,GAPW1,101,14538,UNKNOWN,start_not_certified_free,EP-TOL,tolerance,0.22,,3.578,1.2074,100.0,1.0,0.195,1.962,16.213,1.5,10.0,1.5,,,,,REACHABLE:graph_path_lifted_and_verified,UNKNOWN:start_not_certified_free,True,0.0,,,,gmc/results/aerial3dg/f4/sample/GAPW1_pairs.json#F4W-00535,,gmc/results/aerial3dg/f4/diag/GAPW1/cylinder/
cylinder,F4W-00541,GAPW1,101,14678,UNKNOWN,goal_not_certified_free,EP-TOL,tolerance,0.13,,3.455,1.2731,100.0,1.0,0.195,16.213,1.962,10.0,1.5,1.5,,,,,REACHABLE:graph_path_lifted_and_verified,UNKNOWN:goal_not_certified_free,True,0.0,,,,gmc/results/aerial3dg/f4/sample/GAPW1_pairs.json#F4W-00541,,gmc/results/aerial3dg/f4/diag/GAPW1/cylinder/
cylinder,F4W-00552,GAPW1,101,15004,UNKNOWN,start_not_certified_free,EP-TOL,tolerance,0.15,,3.274,1.2407,100.0,1.0,0.195,1.974,20.0,1.5,10.0,1.5,,,,,REACHABLE:graph_path_lifted_and_verified,UNKNOWN:start_not_certified_free,True,0.0,,,,gmc/results/aerial3dg/f4/sample/GAPW1_pairs.json#F4W-00552,,gmc/results/aerial3dg/f4/diag/GAPW1/cylinder/
cylinder,F4W-00562,GAPW1,101,15290,UNKNOWN,start_not_certified_free,EP-TOL,tolerance,0.28,,3.291,1.4073,100.0,1.5,0.195,1.974,20.0,1.5,10.0,1.5,,,,,REACHABLE:graph_path_lifted_and_verified,UNKNOWN:start_not_certified_free,True,0.0,,,,gmc/results/aerial3dg/f4/sample/GAPW1_pairs.json#F4W-00562,,gmc/results/aerial3dg/f4/diag/GAPW1/cylinder/
cylinder,F4W-00568,GAPW1,101,15396,UNKNOWN,goal_not_certified_free,EP-TOL,tolerance,0.11,,3.118,1.2124,100.0,1.5,0.195,20.0,1.974,10.0,1.5,1.5,,,,,REACHABLE:graph_path_lifted_and_verified,UNKNOWN:goal_not_certified_free,True,0.0,,,,gmc/results/aerial3dg/f4/sample/GAPW1_pairs.json#F4W-00568,,gmc/results/aerial3dg/f4/diag/GAPW1/cylinder/
cylinder,F4W-00571,GAPW1,101,15450,UNKNOWN,goal_not_certified_free,EP-TOL,tolerance,0.07,,4.084,1.1486,20.0,1.5,0.195,2.114,1.962,10.0,1.5,1.5,,,,,REACHABLE:graph_path_lifted_and_verified,UNKNOWN:goal_not_certified_free,True,0.0,,,,gmc/results/aerial3dg/f4/sample/GAPW1_pairs.json#F4W-00571,,gmc/results/aerial3dg/f4/diag/GAPW1/cylinder/
cylinder,F4W-00577,GAPW1,101,15532,UNKNOWN,start_not_certified_free,EP-TOL,tolerance,0.1,,3.462,1.0667,100.0,1.5,0.195,1.962,7.356,1.5,10.0,1.5,,,,,REACHABLE:graph_path_lifted_and_verified,UNKNOWN:start_not_certified_free,True,0.0,,,,gmc/results/aerial3dg/f4/sample/GAPW1_pairs.json#F4W-00577,,gmc/results/aerial3dg/f4/diag/GAPW1/cylinder/
cylinder,F4W-00578,GAPW1,101,15628,UNKNOWN,goal_not_certified_free,EP-TOL,tolerance,0.06,,3.049,1.2507,100.0,1.0,0.195,20.0,1.974,10.0,1.5,1.5,,,,,REACHABLE:graph_path_lifted_and_verified,UNKNOWN:goal_not_certified_free,True,0.0,,,,gmc/results/aerial3dg/f4/sample/GAPW1_pairs.json#F4W-00578,,gmc/results/aerial3dg/f4/diag/GAPW1/cylinder/
cylinder,F4W-00583,GAPW1,101,15846,UNKNOWN,start_not_certified_free,EP-TOL,tolerance,0.56,,3.063,1.4009,100.0,1.5,0.195,1.974,20.0,1.5,10.0,1.5,,,,,REACHABLE:graph_path_lifted_and_verified,UNKNOWN:start_not_certified_free,True,0.0,,,,gmc/results/aerial3dg/f4/sample/GAPW1_pairs.json#F4W-00583,,gmc/results/aerial3dg/f4/diag/GAPW1/cylinder/
cylinder,F4W-00584,GAPW1,101,15857,UNKNOWN,goal_not_certified_free,EP-TOL,tolerance,0.13,,3.456,1.2671,100.0,1.5,0.195,16.458,1.974,10.0,1.5,1.5,,,,,REACHABLE:graph_path_lifted_and_verified,UNKNOWN:goal_not_certified_free,True,0.0,,,,gmc/results/aerial3dg/f4/sample/GAPW1_pairs.json#F4W-00584,,gmc/results/aerial3dg/f4/diag/GAPW1/cylinder/
cylinder,F4W-00585,GAPW1,101,15861,UNKNOWN,start_not_certified_free,EP-TOL,tolerance,0.82,,3.475,1.0354,20.0,1.0,0.195,1.044,3.292,1.0,3.0,1.0,,,,,REACHABLE:graph_path_lifted_and_verified,UNKNOWN:start_not_certified_free,True,0.0,,,,gmc/results/aerial3dg/f4/sample/GAPW1_pairs.json#F4W-00585,,gmc/results/aerial3dg/f4/diag/GAPW1/cylinder/
cylinder,F4W-00588,GAPW1,101,15892,UNKNOWN,shared_replay_failed,EXPORT-DOMAIN,export,0.97,CERTIFIED,4.276,1.0787,10.0,1.5,0.195,8.446,7.356,5.0,10.0,,False,map_unknown,1.649,-20.0,,UNKNOWN:shared_replay_failed,True,0.8,,,,gmc/results/aerial3dg/f4/sample/GAPW1_pairs.json#F4W-00588,,gmc/results/aerial3dg/f4/diag/GAPW1/cylinder/
cylinder,F4W-00591,GAPW1,101,15960,UNKNOWN,start_not_certified_free,EP-TOL,tolerance,0.13,,3.683,1.1417,100.0,1.0,0.195,1.974,12.207,1.5,10.0,1.5,,,,,REACHABLE:graph_path_lifted_and_verified,UNKNOWN:start_not_certified_free,True,0.0,,,,gmc/results/aerial3dg/f4/sample/GAPW1_pairs.json#F4W-00591,,gmc/results/aerial3dg/f4/diag/GAPW1/cylinder/
cylinder,F4W-00592,GAPW1,101,15971,UNKNOWN,goal_not_certified_free,EP-TOL,tolerance,0.14,,4.255,1.0651,50.0,1.5,0.346,7.356,1.962,10.0,1.5,1.5,,,,,REACHABLE:graph_path_lifted_and_verified,UNKNOWN:goal_not_certified_free,True,0.0,,,,gmc/results/aerial3dg/f4/sample/GAPW1_pairs.json#F4W-00592,,gmc/results/aerial3dg/f4/diag/GAPW1/cylinder/
cylinder,F4W-00594,GAPW1,101,16015,UNKNOWN,start_not_certified_free,EP-TOL,tolerance,0.16,,3.077,1.5033,100.0,1.5,0.195,1.974,2.46,1.5,10.0,1.5,,,,,REACHABLE:graph_path_lifted_and_verified,UNKNOWN:start_not_certified_free,True,0.0,,,,gmc/results/aerial3dg/f4/sample/GAPW1_pairs.json#F4W-00594,,gmc/results/aerial3dg/f4/diag/GAPW1/cylinder/
cylinder,F4W-00601,GAPW1,101,16108,UNKNOWN,start_not_certified_free,EP-TOL,tolerance,0.13,,3.304,1.5036,100.0,1.0,0.195,1.962,20.0,1.5,10.0,1.5,,,,,REACHABLE:graph_path_lifted_and_verified,UNKNOWN:start_not_certified_free,True,0.0,,,,gmc/results/aerial3dg/f4/sample/GAPW1_pairs.json#F4W-00601,,gmc/results/aerial3dg/f4/diag/GAPW1/cylinder/
cylinder,F4W-00602,GAPW1,101,16181,UNKNOWN,goal_not_certified_free,EP-TOL,tolerance,0.12,,3.339,1.041,3.0,1.5,0.344,7.356,1.974,10.0,1.5,1.5,,,,,UNKNOWN:shared_replay_failed,UNKNOWN:goal_not_certified_free,True,0.0,,,,gmc/results/aerial3dg/f4/sample/GAPW1_pairs.json#F4W-00602,,gmc/results/aerial3dg/f4/diag/GAPW1/cylinder/
cylinder,F4W-00603,GAPW1,101,16215,UNKNOWN,start_not_certified_free,EP-TOL,tolerance,0.12,,4.202,1.1016,20.0,1.5,0.195,1.203,1.974,1.5,3.0,1.5,,,,,REACHABLE:graph_path_lifted_and_verified,UNKNOWN:start_not_certified_free,True,0.0,,,,gmc/results/aerial3dg/f4/sample/GAPW1_pairs.json#F4W-00603,,gmc/results/aerial3dg/f4/diag/GAPW1/cylinder/
cylinder,F4W-00613,GAPW1,101,16537,UNKNOWN,start_not_certified_free,EP-TOL,tolerance,0.11,,4.165,1.2103,50.0,1.5,0.195,1.974,12.207,1.5,10.0,1.5,,,,,REACHABLE:graph_path_lifted_and_verified,UNKNOWN:start_not_certified_free,True,0.0,,,,gmc/results/aerial3dg/f4/sample/GAPW1_pairs.json#F4W-00613,,gmc/results/aerial3dg/f4/diag/GAPW1/cylinder/
cylinder,F4W-00615,GAPW1,101,16546,UNKNOWN,goal_not_certified_free,EP-TOL,tolerance,0.08,,3.86,1.0768,50.0,1.5,0.195,9.187,1.974,10.0,1.5,1.5,,,,,REACHABLE:graph_path_lifted_and_verified,UNKNOWN:goal_not_certified_free,True,0.0,,,,gmc/results/aerial3dg/f4/sample/GAPW1_pairs.json#F4W-00615,,gmc/results/aerial3dg/f4/diag/GAPW1/cylinder/
cylinder,F4W-00619,GAPW1,101,16653,UNKNOWN,goal_not_certified_free,EP-TOL,tolerance,0.11,,3.442,1.4104,20.0,1.0,0.195,12.207,1.255,10.0,1.0,1.0,,,,,REACHABLE:graph_path_lifted_and_verified,UNKNOWN:goal_not_certified_free,True,0.0,,,,gmc/results/aerial3dg/f4/sample/GAPW1_pairs.json#F4W-00619,,gmc/results/aerial3dg/f4/diag/GAPW1/cylinder/
cylinder,F4W-00621,GAPW1,101,16746,UNKNOWN,goal_not_certified_free,EP-TOL,tolerance,0.12,,3.087,1.0757,100.0,1.5,1.962,3.292,1.962,10.0,1.5,1.5,,,,,REACHABLE:graph_path_lifted_and_verified,UNKNOWN:goal_not_certified_free,True,0.0,,,,gmc/results/aerial3dg/f4/sample/GAPW1_pairs.json#F4W-00621,,gmc/results/aerial3dg/f4/diag/GAPW1/cylinder/
cylinder,F4W-00646,GAPW1,101,17279,UNKNOWN,start_not_certified_free,EP-TOL,tolerance,0.12,,3.042,1.651,20.0,1.0,0.01,1.119,12.207,1.0,10.0,1.0,,,,,REACHABLE:graph_path_lifted_and_verified,UNKNOWN:start_not_certified_free,True,0.0,,,,gmc/results/aerial3dg/f4/sample/GAPW1_pairs.json#F4W-00646,,gmc/results/aerial3dg/f4/diag/GAPW1/cylinder/
cylinder,F4W-00655,GAPW1,101,17471,UNKNOWN,shared_replay_failed,EXPORT-DOMAIN,export,0.32,CERTIFIED,3.392,1.0637,3.0,3.0,0.195,13.315,4.945,10.0,5.0,,False,map_unknown,43.365,-4.738,,UNKNOWN:shared_replay_failed,True,0.3,,,,gmc/results/aerial3dg/f4/sample/GAPW1_pairs.json#F4W-00655,,gmc/results/aerial3dg/f4/diag/GAPW1/cylinder/
cylinder,F4W-00683,GAPW1,101,18236,UNKNOWN,goal_not_certified_free,EP-TOL,tolerance,0.06,,3.629,1.3941,100.0,1.5,0.195,20.0,1.962,10.0,1.5,1.5,,,,,REACHABLE:graph_path_lifted_and_verified,UNKNOWN:goal_not_certified_free,True,0.1,,,,gmc/results/aerial3dg/f4/sample/GAPW1_pairs.json#F4W-00683,,gmc/results/aerial3dg/f4/diag/GAPW1/cylinder/
cylinder,F4W-00693,GAPW1,101,18541,UNKNOWN,goal_not_certified_free,EP-TOL,tolerance,0.12,,3.363,1.1648,20.0,1.0,0.195,1.807,1.962,10.0,1.5,1.5,,,,,REACHABLE:graph_path_lifted_and_verified,UNKNOWN:goal_not_certified_free,True,0.0,,,,gmc/results/aerial3dg/f4/sample/GAPW1_pairs.json#F4W-00693,,gmc/results/aerial3dg/f4/diag/GAPW1/cylinder/
cylinder,F4W-00703,GAPW1,101,18829,UNKNOWN,start_not_certified_free,EP-TOL,tolerance,0.1,,3.381,1.3215,100.0,1.5,0.195,1.974,19.848,1.5,10.0,1.5,,,,,REACHABLE:graph_path_lifted_and_verified,UNKNOWN:start_not_certified_free,True,0.0,,,,gmc/results/aerial3dg/f4/sample/GAPW1_pairs.json#F4W-00703,,gmc/results/aerial3dg/f4/diag/GAPW1/cylinder/
cylinder,F4W-00705,GAPW1,101,18863,UNKNOWN,start_not_certified_free,EP-TOL,tolerance,0.06,,3.516,1.0712,100.0,1.5,0.195,1.962,3.292,1.5,3.0,1.5,,,,,REACHABLE:graph_path_lifted_and_verified,UNKNOWN:start_not_certified_free,True,0.0,,,,gmc/results/aerial3dg/f4/sample/GAPW1_pairs.json#F4W-00705,,gmc/results/aerial3dg/f4/diag/GAPW1/cylinder/
cylinder,F4W-00716,GAPW1,101,19087,UNKNOWN,goal_not_certified_free,EP-TOL,tolerance,0.13,,3.884,1.0681,50.0,1.5,0.344,7.356,1.962,10.0,1.5,1.5,,,,,REACHABLE:graph_path_lifted_and_verified,UNKNOWN:goal_not_certified_free,True,0.0,,,,gmc/results/aerial3dg/f4/sample/GAPW1_pairs.json#F4W-00716,,gmc/results/aerial3dg/f4/diag/GAPW1/cylinder/
cylinder,F4W-00720,GAPW1,101,19195,UNKNOWN,shared_replay_failed,EXPORT-DOMAIN,export,1.94,CERTIFIED,3.794,1.1181,5.0,1.0,0.195,4.746,14.328,10.0,10.0,,False,map_unknown,21.207,-13.538,,UNKNOWN:shared_replay_failed,True,1.7,,,,gmc/results/aerial3dg/f4/sample/GAPW1_pairs.json#F4W-00720,,gmc/results/aerial3dg/f4/diag/GAPW1/cylinder/
cylinder,F4W-00722,GAPW1,101,19256,UNKNOWN,start_not_certified_free,EP-TOL,tolerance,0.06,,3.237,1.3042,100.0,1.0,0.195,1.974,20.0,1.5,10.0,1.5,,,,,REACHABLE:graph_path_lifted_and_verified,UNKNOWN:start_not_certified_free,True,0.1,,,,gmc/results/aerial3dg/f4/sample/GAPW1_pairs.json#F4W-00722,,gmc/results/aerial3dg/f4/diag/GAPW1/cylinder/
cylinder,F4W-00727,GAPW1,101,19509,UNKNOWN,goal_not_certified_free,EP-TOL,tolerance,0.06,,3.874,1.1018,100.0,1.0,0.195,19.43,1.974,10.0,1.5,1.5,,,,,REACHABLE:graph_path_lifted_and_verified,UNKNOWN:goal_not_certified_free,True,0.0,,,,gmc/results/aerial3dg/f4/sample/GAPW1_pairs.json#F4W-00727,,gmc/results/aerial3dg/f4/diag/GAPW1/cylinder/
cylinder,F4W-00731,GAPW1,101,19688,UNKNOWN,goal_not_certified_free,EP-TOL,tolerance,0.16,,3.655,1.1232,50.0,1.5,0.195,12.207,1.974,10.0,1.5,1.5,,,,,REACHABLE:graph_path_lifted_and_verified,UNKNOWN:goal_not_certified_free,True,0.0,,,,gmc/results/aerial3dg/f4/sample/GAPW1_pairs.json#F4W-00731,,gmc/results/aerial3dg/f4/diag/GAPW1/cylinder/
cylinder,F4W-00738,GAPW1,101,19863,UNKNOWN,start_not_certified_free,EP-TOL,tolerance,0.11,,3.603,1.1527,20.0,1.5,0.195,1.974,19.43,1.5,10.0,1.5,,,,,REACHABLE:graph_path_lifted_and_verified,UNKNOWN:start_not_certified_free,True,0.0,,,,gmc/results/aerial3dg/f4/sample/GAPW1_pairs.json#F4W-00738,,gmc/results/aerial3dg/f4/diag/GAPW1/cylinder/
cylinder,F4W-00743,GAPW1,101,19919,UNKNOWN,goal_not_certified_free,EP-TOL,tolerance,0.1,,4.006,1.0787,50.0,1.5,0.195,18.949,1.46,10.0,1.5,1.5,,,,,REACHABLE:graph_path_lifted_and_verified,UNKNOWN:goal_not_certified_free,True,0.0,,,,gmc/results/aerial3dg/f4/sample/GAPW1_pairs.json#F4W-00743,,gmc/results/aerial3dg/f4/diag/GAPW1/cylinder/
cylinder,F4W-00744,GAPW1,101,19947,UNKNOWN,start_not_certified_free,EP-TOL,tolerance,0.08,,3.805,1.1499,20.0,1.0,0.195,1.962,1.046,1.5,3.0,1.5,,,,,REACHABLE:graph_path_lifted_and_verified,UNKNOWN:start_not_certified_free,True,0.0,,,,gmc/results/aerial3dg/f4/sample/GAPW1_pairs.json#F4W-00744,,gmc/results/aerial3dg/f4/diag/GAPW1/cylinder/
cylinder,F4W-00749,GAPW1,101,20120,UNKNOWN,goal_not_certified_free,EP-TOL,tolerance,0.09,,3.565,1.3438,50.0,1.5,0.195,4.629,1.974,10.0,1.5,1.5,,,,,REACHABLE:graph_path_lifted_and_verified,UNKNOWN:goal_not_certified_free,True,0.0,,,,gmc/results/aerial3dg/f4/sample/GAPW1_pairs.json#F4W-00749,,gmc/results/aerial3dg/f4/diag/GAPW1/cylinder/
cylinder,F4W-00755,GAPW1,102,90,UNKNOWN,start_not_certified_free,EP-TOL,tolerance,0.06,,3.135,1.0753,100.0,1.5,0.344,1.962,3.292,1.5,10.0,1.5,,,,,REACHABLE:graph_path_lifted_and_verified,UNKNOWN:start_not_certified_free,True,0.0,,,,gmc/results/aerial3dg/f4/sample/GAPW1_pairs.json#F4W-00755,,gmc/results/aerial3dg/f4/diag/GAPW1/cylinder/
cylinder,F4W-00757,GAPW1,102,128,UNKNOWN,goal_not_certified_free,EP-TOL,tolerance,0.06,,4.598,1.316,10.0,1.5,0.195,14.359,1.962,10.0,1.5,1.5,,,,,UNKNOWN:shared_replay_failed,UNKNOWN:goal_not_certified_free,True,0.0,,,,gmc/results/aerial3dg/f4/sample/GAPW1_pairs.json#F4W-00757,,gmc/results/aerial3dg/f4/diag/GAPW1/cylinder/
cylinder,F4W-00764,GAPW1,102,271,UNKNOWN,start_not_certified_free,EP-TOL,tolerance,0.15,,3.635,1.2768,100.0,1.0,0.195,1.962,19.43,1.5,10.0,1.5,,,,,REACHABLE:graph_path_lifted_and_verified,UNKNOWN:start_not_certified_free,True,0.0,,,,gmc/results/aerial3dg/f4/sample/GAPW1_pairs.json#F4W-00764,,gmc/results/aerial3dg/f4/diag/GAPW1/cylinder/
cylinder,F4W-00766,GAPW1,102,315,UNKNOWN,start_not_certified_free,EP-TOL,tolerance,0.16,,3.374,1.0921,5.0,1.0,0.195,1.077,7.356,1.0,5.0,1.0,,,,,REACHABLE:graph_path_lifted_and_verified,UNKNOWN:start_not_certified_free,True,0.0,,,,gmc/results/aerial3dg/f4/sample/GAPW1_pairs.json#F4W-00766,,gmc/results/aerial3dg/f4/diag/GAPW1/cylinder/
cylinder,F4W-00770,GAPW1,102,489,UNKNOWN,goal_not_certified_free,EP-TOL,tolerance,0.16,,3.161,1.2498,100.0,1.5,0.195,20.0,1.974,10.0,1.5,1.5,,,,,REACHABLE:graph_path_lifted_and_verified,UNKNOWN:goal_not_certified_free,True,0.0,,,,gmc/results/aerial3dg/f4/sample/GAPW1_pairs.json#F4W-00770,,gmc/results/aerial3dg/f4/diag/GAPW1/cylinder/
cylinder,F4W-00774,GAPW1,102,565,UNKNOWN,goal_not_certified_free,EP-TOL,tolerance,0.06,,3.126,1.3514,100.0,1.0,0.195,20.0,1.974,10.0,1.5,1.5,,,,,REACHABLE:graph_path_lifted_and_verified,UNKNOWN:goal_not_certified_free,True,0.0,,,,gmc/results/aerial3dg/f4/sample/GAPW1_pairs.json#F4W-00774,,gmc/results/aerial3dg/f4/diag/GAPW1/cylinder/
cylinder,F4W-00775,GAPW1,102,582,UNKNOWN,start_not_certified_free,EP-TOL,tolerance,0.05,,3.384,1.1334,50.0,1.5,0.195,1.974,16.213,1.5,10.0,1.5,,,,,REACHABLE:graph_path_lifted_and_verified,UNKNOWN:start_not_certified_free,True,0.0,,,,gmc/results/aerial3dg/f4/sample/GAPW1_pairs.json#F4W-00775,,gmc/results/aerial3dg/f4/diag/GAPW1/cylinder/
cylinder,F4W-00779,GAPW1,102,644,UNKNOWN,start_not_certified_free,EP-TOL,tolerance,0.06,,3.479,1.1776,100.0,1.0,0.195,1.974,19.43,1.5,10.0,1.5,,,,,REACHABLE:graph_path_lifted_and_verified,UNKNOWN:start_not_certified_free,True,0.0,,,,gmc/results/aerial3dg/f4/sample/GAPW1_pairs.json#F4W-00779,,gmc/results/aerial3dg/f4/diag/GAPW1/cylinder/
cylinder,F4W-00790,GAPW1,102,892,UNKNOWN,start_not_certified_free,EP-TOL,tolerance,0.07,,3.638,1.079,100.0,1.0,0.195,1.962,3.292,1.5,10.0,1.5,,,,,REACHABLE:graph_path_lifted_and_verified,UNKNOWN:start_not_certified_free,True,0.0,,,,gmc/results/aerial3dg/f4/sample/GAPW1_pairs.json#F4W-00790,,gmc/results/aerial3dg/f4/diag/GAPW1/cylinder/
cylinder,F4W-00791,GAPW1,102,904,UNKNOWN,goal_not_certified_free,EP-TOL,tolerance,0.06,,3.946,1.2788,100.0,1.0,0.195,12.207,1.962,10.0,1.5,1.5,,,,,REACHABLE:graph_path_lifted_and_verified,UNKNOWN:goal_not_certified_free,True,0.0,,,,gmc/results/aerial3dg/f4/sample/GAPW1_pairs.json#F4W-00791,,gmc/results/aerial3dg/f4/diag/GAPW1/cylinder/
cylinder,F4W-00792,GAPW1,102,905,UNKNOWN,goal_not_certified_free,EP-TOL,tolerance,0.06,,3.431,1.0731,20.0,1.5,0.344,3.292,1.962,3.0,1.5,1.5,,,,,REACHABLE:graph_path_lifted_and_verified,UNKNOWN:goal_not_certified_free,True,0.0,,,,gmc/results/aerial3dg/f4/sample/GAPW1_pairs.json#F4W-00792,,gmc/results/aerial3dg/f4/diag/GAPW1/cylinder/
cylinder,F4W-00793,GAPW1,102,921,UNKNOWN,goal_not_certified_free,EP-TOL,tolerance,0.05,,4.01,1.2013,50.0,1.5,0.195,14.16,1.962,10.0,1.5,1.5,,,,,REACHABLE:graph_path_lifted_and_verified,UNKNOWN:goal_not_certified_free,True,0.0,,,,gmc/results/aerial3dg/f4/sample/GAPW1_pairs.json#F4W-00793,,gmc/results/aerial3dg/f4/diag/GAPW1/cylinder/
cylinder,F4W-00799,GAPW1,102,1020,UNKNOWN,goal_not_certified_free,EP-TOL,tolerance,0.15,,3.523,1.2095,3.0,1.5,0.195,2.559,1.344,2.0,1.5,1.5,,,,,REACHABLE:graph_path_lifted_and_verified,UNKNOWN:goal_not_certified_free,True,0.0,,,,gmc/results/aerial3dg/f4/sample/GAPW1_pairs.json#F4W-00799,,gmc/results/aerial3dg/f4/diag/GAPW1/cylinder/
cylinder,F4W-00801,GAPW1,102,1060,UNKNOWN,start_not_certified_free,EP-TOL,tolerance,0.06,,3.285,1.5241,50.0,1.0,0.195,1.962,12.67,1.5,10.0,1.5,,,,,REACHABLE:graph_path_lifted_and_verified,UNKNOWN:start_not_certified_free,True,0.0,,,,gmc/results/aerial3dg/f4/sample/GAPW1_pairs.json#F4W-00801,,gmc/results/aerial3dg/f4/diag/GAPW1/cylinder/
cylinder,F4W-00812,GAPW1,102,1255,UNKNOWN,goal_not_certified_free,EP-TOL,tolerance,0.06,,3.138,1.5581,100.0,1.5,0.195,1.202,1.962,10.0,1.5,1.5,,,,,REACHABLE:graph_path_lifted_and_verified,UNKNOWN:goal_not_certified_free,True,0.0,,,,gmc/results/aerial3dg/f4/sample/GAPW1_pairs.json#F4W-00812,,gmc/results/aerial3dg/f4/diag/GAPW1/cylinder/
cylinder,F4W-00817,GAPW1,102,1436,UNKNOWN,start_not_certified_free,EP-TOL,tolerance,0.06,,3.151,1.6567,50.0,1.5,0.195,1.962,3.267,1.5,10.0,1.5,,,,,REACHABLE:graph_path_lifted_and_verified,UNKNOWN:start_not_certified_free,True,0.0,,,,gmc/results/aerial3dg/f4/sample/GAPW1_pairs.json#F4W-00817,,gmc/results/aerial3dg/f4/diag/GAPW1/cylinder/
cylinder,F4W-00823,GAPW1,102,1585,UNKNOWN,start_not_certified_free,EP-TOL,tolerance,0.06,,3.09,1.3055,20.0,1.0,0.195,1.255,1.132,1.0,10.0,1.0,,,,,REACHABLE:graph_path_lifted_and_verified,UNKNOWN:start_not_certified_free,True,0.0,,,,gmc/results/aerial3dg/f4/sample/GAPW1_pairs.json#F4W-00823,,gmc/results/aerial3dg/f4/diag/GAPW1/cylinder/
cylinder,F4W-00824,GAPW1,102,1595,UNKNOWN,start_not_certified_free,EP-TOL,tolerance,0.06,,3.096,1.0667,50.0,1.5,0.195,1.126,7.603,1.5,10.0,1.5,,,,,REACHABLE:graph_path_lifted_and_verified,UNKNOWN:start_not_certified_free,True,0.0,,,,gmc/results/aerial3dg/f4/sample/GAPW1_pairs.json#F4W-00824,,gmc/results/aerial3dg/f4/diag/GAPW1/cylinder/
cylinder,F4W-00826,GAPW1,102,1734,UNKNOWN,goal_not_certified_free,EP-TOL,tolerance,0.06,,3.638,1.2998,100.0,1.5,0.195,12.207,1.962,10.0,1.5,1.5,,,,,REACHABLE:graph_path_lifted_and_verified,UNKNOWN:goal_not_certified_free,True,0.0,,,,gmc/results/aerial3dg/f4/sample/GAPW1_pairs.json#F4W-00826,,gmc/results/aerial3dg/f4/diag/GAPW1/cylinder/
cylinder,F4W-00835,GAPW1,102,2064,UNKNOWN,goal_not_certified_free,EP-TOL,tolerance,0.06,,3.37,1.1167,20.0,1.5,0.195,1.046,1.974,10.0,1.5,1.5,,,,,REACHABLE:graph_path_lifted_and_verified,UNKNOWN:goal_not_certified_free,True,0.0,,,,gmc/results/aerial3dg/f4/sample/GAPW1_pairs.json#F4W-00835,,gmc/results/aerial3dg/f4/diag/GAPW1/cylinder/
cylinder,F4W-00838,GAPW1,102,2122,UNKNOWN,goal_not_certified_free,EP-TOL,tolerance,0.06,,3.012,1.3714,5.0,1.0,0.195,1.333,1.154,3.0,1.0,1.0,,,,,REACHABLE:graph_path_lifted_and_verified,UNKNOWN:goal_not_certified_free,True,0.0,,,,gmc/results/aerial3dg/f4/sample/GAPW1_pairs.json#F4W-00838,,gmc/results/aerial3dg/f4/diag/GAPW1/cylinder/
cylinder,F4W-00843,GAPW1,102,2285,UNKNOWN,shared_replay_failed,EXPORT-DOMAIN,export,0.9,CERTIFIED,3.404,1.0791,5.0,3.0,0.195,5.106,18.817,5.0,10.0,,False,map_unknown,8.757,-20.0,,UNKNOWN:shared_replay_failed,True,0.8,,,,gmc/results/aerial3dg/f4/sample/GAPW1_pairs.json#F4W-00843,,gmc/results/aerial3dg/f4/diag/GAPW1/cylinder/
cylinder,F4W-00845,GAPW1,102,2379,UNKNOWN,goal_not_certified_free,EP-TOL,tolerance,0.06,,3.08,1.4217,100.0,1.0,0.195,20.0,1.962,10.0,1.5,1.5,,,,,REACHABLE:graph_path_lifted_and_verified,UNKNOWN:goal_not_certified_free,True,0.1,,,,gmc/results/aerial3dg/f4/sample/GAPW1_pairs.json#F4W-00845,,gmc/results/aerial3dg/f4/diag/GAPW1/cylinder/
cylinder,F4W-00846,GAPW1,102,2438,UNKNOWN,start_not_certified_free,EP-TOL,tolerance,0.05,,3.015,1.2355,100.0,1.5,0.195,1.974,20.0,1.5,10.0,1.5,,,,,REACHABLE:graph_path_lifted_and_verified,UNKNOWN:start_not_certified_free,True,0.0,,,,gmc/results/aerial3dg/f4/sample/GAPW1_pairs.json#F4W-00846,,gmc/results/aerial3dg/f4/diag/GAPW1/cylinder/
cylinder,F4W-00850,GAPW1,102,2498,UNKNOWN,start_not_certified_free,EP-TOL,tolerance,0.06,,3.651,1.0736,10.0,1.5,0.195,1.962,3.292,1.5,3.0,1.5,,,,,REACHABLE:graph_path_lifted_and_verified,UNKNOWN:start_not_certified_free,True,0.0,,,,gmc/results/aerial3dg/f4/sample/GAPW1_pairs.json#F4W-00850,,gmc/results/aerial3dg/f4/diag/GAPW1/cylinder/
cylinder,F4W-00866,GAPW1,102,2933,UNKNOWN,start_not_certified_free,EP-TOL,tolerance,0.07,,3.911,1.0765,50.0,1.0,0.195,1.962,7.356,1.5,10.0,1.5,,,,,REACHABLE:graph_path_lifted_and_verified,UNKNOWN:start_not_certified_free,True,0.0,,,,gmc/results/aerial3dg/f4/sample/GAPW1_pairs.json#F4W-00866,,gmc/results/aerial3dg/f4/diag/GAPW1/cylinder/
cylinder,F4W-00869,GAPW1,102,3061,UNKNOWN,start_not_certified_free,EP-TOL,tolerance,0.06,,3.86,1.1906,50.0,1.5,0.195,1.974,12.207,1.5,10.0,1.5,,,,,REACHABLE:graph_path_lifted_and_verified,UNKNOWN:start_not_certified_free,True,0.0,,,,gmc/results/aerial3dg/f4/sample/GAPW1_pairs.json#F4W-00869,,gmc/results/aerial3dg/f4/diag/GAPW1/cylinder/
cylinder,F4W-00871,GAPW1,102,3258,UNKNOWN,start_not_certified_free,EP-TOL,tolerance,0.06,,3.459,1.3838,100.0,1.5,0.195,1.962,20.0,1.5,10.0,1.5,,,,,REACHABLE:graph_path_lifted_and_verified,UNKNOWN:start_not_certified_free,True,0.0,,,,gmc/results/aerial3dg/f4/sample/GAPW1_pairs.json#F4W-00871,,gmc/results/aerial3dg/f4/diag/GAPW1/cylinder/
cylinder,F4W-00876,GAPW1,102,3414,UNKNOWN,goal_not_certified_free,EP-TOL,tolerance,0.06,,3.513,1.1828,100.0,1.5,0.195,20.0,1.962,10.0,1.5,1.5,,,,,REACHABLE:graph_path_lifted_and_verified,UNKNOWN:goal_not_certified_free,True,0.0,,,,gmc/results/aerial3dg/f4/sample/GAPW1_pairs.json#F4W-00876,,gmc/results/aerial3dg/f4/diag/GAPW1/cylinder/
cylinder,F4W-00878,GAPW1,102,3433,UNKNOWN,start_not_certified_free,EP-TOL,tolerance,0.06,,3.127,1.122,50.0,1.5,0.195,1.974,16.213,1.5,10.0,1.5,,,,,REACHABLE:graph_path_lifted_and_verified,UNKNOWN:start_not_certified_free,True,0.0,,,,gmc/results/aerial3dg/f4/sample/GAPW1_pairs.json#F4W-00878,,gmc/results/aerial3dg/f4/diag/GAPW1/cylinder/
cylinder,F4W-00895,GAPW1,102,3854,UNKNOWN,start_not_certified_free,EP-TOL,tolerance,0.06,,3.846,1.3695,50.0,1.5,0.195,1.962,12.207,1.5,10.0,1.5,,,,,REACHABLE:graph_path_lifted_and_verified,UNKNOWN:start_not_certified_free,True,0.0,,,,gmc/results/aerial3dg/f4/sample/GAPW1_pairs.json#F4W-00895,,gmc/results/aerial3dg/f4/diag/GAPW1/cylinder/
cylinder,F4W-00910,GAPW1,102,4243,UNKNOWN,goal_not_certified_free,EP-TOL,tolerance,0.06,,3.742,1.374,5.0,1.0,0.01,12.207,1.077,10.0,1.0,1.0,,,,,TIMEOUT:timeout,UNKNOWN:goal_not_certified_free,True,0.0,,,,gmc/results/aerial3dg/f4/sample/GAPW1_pairs.json#F4W-00910,,gmc/results/aerial3dg/f4/diag/GAPW1/cylinder/
cylinder,F4W-00914,GAPW1,102,4350,UNKNOWN,goal_not_certified_free,EP-TOL,tolerance,0.06,,3.815,1.088,1.0,1.0,0.195,2.822,1.055,10.0,1.0,1.0,,,,,REACHABLE:graph_path_lifted_and_verified,UNKNOWN:goal_not_certified_free,True,0.0,,,,gmc/results/aerial3dg/f4/sample/GAPW1_pairs.json#F4W-00914,,gmc/results/aerial3dg/f4/diag/GAPW1/cylinder/
cylinder,F4W-00918,GAPW1,102,4385,UNKNOWN,start_not_certified_free,EP-TOL,tolerance,0.07,,3.767,1.2521,100.0,1.0,0.195,1.974,12.207,1.5,10.0,1.5,,,,,REACHABLE:graph_path_lifted_and_verified,UNKNOWN:start_not_certified_free,True,0.0,,,,gmc/results/aerial3dg/f4/sample/GAPW1_pairs.json#F4W-00918,,gmc/results/aerial3dg/f4/diag/GAPW1/cylinder/
cylinder,F4W-00922,GAPW1,102,4436,UNKNOWN,goal_not_certified_free,EP-TOL,tolerance,0.07,,3.585,1.3676,100.0,1.5,0.195,20.0,1.962,10.0,1.5,1.5,,,,,REACHABLE:graph_path_lifted_and_verified,UNKNOWN:goal_not_certified_free,True,0.0,,,,gmc/results/aerial3dg/f4/sample/GAPW1_pairs.json#F4W-00922,,gmc/results/aerial3dg/f4/diag/GAPW1/cylinder/
cylinder,F4W-00929,GAPW1,102,4605,UNKNOWN,start_not_certified_free,EP-TOL,tolerance,0.06,,3.374,1.5624,100.0,1.5,0.195,1.962,16.458,1.5,10.0,1.5,,,,,REACHABLE:graph_path_lifted_and_verified,UNKNOWN:start_not_certified_free,True,0.0,,,,gmc/results/aerial3dg/f4/sample/GAPW1_pairs.json#F4W-00929,,gmc/results/aerial3dg/f4/diag/GAPW1/cylinder/
cylinder,F4W-00942,GAPW1,102,4983,UNKNOWN,goal_not_certified_free,EP-TOL,tolerance,0.07,,4.345,1.0722,20.0,1.5,0.195,9.757,1.962,10.0,1.5,1.5,,,,,REACHABLE:graph_path_lifted_and_verified,UNKNOWN:goal_not_certified_free,True,0.0,,,,gmc/results/aerial3dg/f4/sample/GAPW1_pairs.json#F4W-00942,,gmc/results/aerial3dg/f4/diag/GAPW1/cylinder/
cylinder,F4W-00944,GAPW1,102,5123,UNKNOWN,start_not_certified_free,EP-TOL,tolerance,0.06,,3.086,1.0788,5.0,1.0,0.344,1.962,3.292,1.5,5.0,1.5,,,,,REACHABLE:graph_path_lifted_and_verified,UNKNOWN:start_not_certified_free,True,0.0,,,,gmc/results/aerial3dg/f4/sample/GAPW1_pairs.json#F4W-00944,,gmc/results/aerial3dg/f4/diag/GAPW1/cylinder/
cylinder,F4W-00947,GAPW1,102,5162,UNKNOWN,shared_replay_failed,EXPORT-DOMAIN,export,7.61,CERTIFIED,3.759,1.0751,10.0,1.0,0.195,20.0,1.255,10.0,10.0,,False,map_unknown,20.952,-20.0,,UNKNOWN:shared_replay_failed,True,6.1,,,,gmc/results/aerial3dg/f4/sample/GAPW1_pairs.json#F4W-00947,,gmc/results/aerial3dg/f4/diag/GAPW1/cylinder/
cylinder,F4W-00951,GAPW1,102,5318,UNKNOWN,goal_not_certified_free,EP-TOL,tolerance,0.06,,4.381,1.2544,20.0,1.0,0.195,14.359,1.974,10.0,1.5,1.5,,,,,REACHABLE:graph_path_lifted_and_verified,UNKNOWN:goal_not_certified_free,True,0.1,,,,gmc/results/aerial3dg/f4/sample/GAPW1_pairs.json#F4W-00951,,gmc/results/aerial3dg/f4/diag/GAPW1/cylinder/
cylinder,F4W-00953,GAPW1,102,5374,UNKNOWN,goal_not_certified_free,EP-TOL,tolerance,0.06,,3.175,1.228,100.0,1.5,0.195,16.213,1.962,10.0,1.5,1.5,,,,,REACHABLE:graph_path_lifted_and_verified,UNKNOWN:goal_not_certified_free,True,0.0,,,,gmc/results/aerial3dg/f4/sample/GAPW1_pairs.json#F4W-00953,,gmc/results/aerial3dg/f4/diag/GAPW1/cylinder/
cylinder,F4W-00956,GAPW1,102,5409,UNKNOWN,start_not_certified_free,EP-TOL,tolerance,0.06,,3.958,1.2584,20.0,1.0,0.195,1.962,12.207,1.5,10.0,1.5,,,,,REACHABLE:graph_path_lifted_and_verified,UNKNOWN:start_not_certified_free,True,0.0,,,,gmc/results/aerial3dg/f4/sample/GAPW1_pairs.json#F4W-00956,,gmc/results/aerial3dg/f4/diag/GAPW1/cylinder/
cylinder,F4W-00957,GAPW1,102,5435,UNKNOWN,goal_not_certified_free,EP-TOL,tolerance,0.06,,4.419,1.1844,50.0,1.0,0.195,12.207,1.974,10.0,1.5,1.5,,,,,REACHABLE:graph_path_lifted_and_verified,UNKNOWN:goal_not_certified_free,True,0.0,,,,gmc/results/aerial3dg/f4/sample/GAPW1_pairs.json#F4W-00957,,gmc/results/aerial3dg/f4/diag/GAPW1/cylinder/
cylinder,F4W-00969,GAPW1,102,5750,UNKNOWN,goal_not_certified_free,EP-TOL,tolerance,0.06,,3.209,1.5273,20.0,1.0,0.195,12.207,1.255,10.0,1.5,1.5,,,,,REACHABLE:graph_path_lifted_and_verified,UNKNOWN:goal_not_certified_free,True,0.0,,,,gmc/results/aerial3dg/f4/sample/GAPW1_pairs.json#F4W-00969,,gmc/results/aerial3dg/f4/diag/GAPW1/cylinder/
cylinder,F4W-00971,GAPW1,102,5767,UNKNOWN,start_not_certified_free,EP-TOL,tolerance,0.06,,3.347,1.1119,100.0,1.5,0.195,1.962,7.979,1.5,10.0,1.5,,,,,REACHABLE:graph_path_lifted_and_verified,UNKNOWN:start_not_certified_free,True,0.0,,,,gmc/results/aerial3dg/f4/sample/GAPW1_pairs.json#F4W-00971,,gmc/results/aerial3dg/f4/diag/GAPW1/cylinder/
cylinder,F4W-00973,GAPW1,102,5798,UNKNOWN,goal_not_certified_free,EP-TOL,tolerance,0.07,,3.11,1.0776,20.0,1.5,0.344,3.292,1.962,3.0,1.5,1.5,,,,,REACHABLE:graph_path_lifted_and_verified,UNKNOWN:goal_not_certified_free,True,0.0,,,,gmc/results/aerial3dg/f4/sample/GAPW1_pairs.json#F4W-00973,,gmc/results/aerial3dg/f4/diag/GAPW1/cylinder/
cylinder,F4W-00980,GAPW1,102,6099,UNKNOWN,goal_not_certified_free,EP-TOL,tolerance,0.06,,4.212,1.2168,20.0,1.5,0.195,12.207,1.962,10.0,1.5,1.5,,,,,REACHABLE:graph_path_lifted_and_verified,UNKNOWN:goal_not_certified_free,True,0.0,,,,gmc/results/aerial3dg/f4/sample/GAPW1_pairs.json#F4W-00980,,gmc/results/aerial3dg/f4/diag/GAPW1/cylinder/
cylinder,F4W-00981,GAPW1,102,6103,UNKNOWN,start_not_certified_free,EP-TOL,tolerance,0.06,,3.939,1.386,50.0,1.0,0.01,1.962,12.207,1.5,10.0,1.5,,,,,REACHABLE:graph_path_lifted_and_verified,UNKNOWN:start_not_certified_free,True,0.0,,,,gmc/results/aerial3dg/f4/sample/GAPW1_pairs.json#F4W-00981,,gmc/results/aerial3dg/f4/diag/GAPW1/cylinder/
cylinder,F4W-00982,GAPW1,102,6127,UNKNOWN,goal_not_certified_free,EP-TOL,tolerance,0.06,,3.335,1.479,10.0,1.0,0.195,19.43,1.077,10.0,1.0,1.0,,,,,REACHABLE:graph_path_lifted_and_verified,UNKNOWN:goal_not_certified_free,True,0.0,,,,gmc/results/aerial3dg/f4/sample/GAPW1_pairs.json#F4W-00982,,gmc/results/aerial3dg/f4/diag/GAPW1/cylinder/
cylinder,F4W-00984,GAPW1,102,6165,UNKNOWN,shared_replay_failed,EXPORT-DOMAIN,export,4.48,CERTIFIED,3.129,1.413,3.0,3.0,0.195,4.945,12.207,3.0,10.0,,False,map_unknown,7.331,-4.738,,UNKNOWN:shared_replay_failed,True,4.3,,,,gmc/results/aerial3dg/f4/sample/GAPW1_pairs.json#F4W-00984,,gmc/results/aerial3dg/f4/diag/GAPW1/cylinder/
cylinder,F4W-00990,GAPW1,102,6362,UNKNOWN,shared_replay_failed,EXPORT-DOMAIN,export,39.49,CERTIFIED,3.032,1.1311,5.0,1.0,1.046,1.943,7.356,10.0,10.0,,False,map_unknown,26.491,-12.038,,UNKNOWN:shared_replay_failed,True,32.8,,,,gmc/results/aerial3dg/f4/sample/GAPW1_pairs.json#F4W-00990,,gmc/results/aerial3dg/f4/diag/GAPW1/cylinder/
cylinder,F4W-00996,GAPW1,102,6536,UNKNOWN,start_not_certified_free,EP-TOL,tolerance,0.07,,4.531,1.2597,10.0,1.5,0.195,1.962,12.207,1.5,10.0,1.5,,,,,REACHABLE:graph_path_lifted_and_verified,UNKNOWN:start_not_certified_free,True,0.1,,,,gmc/results/aerial3dg/f4/sample/GAPW1_pairs.json#F4W-00996,,gmc/results/aerial3dg/f4/diag/GAPW1/cylinder/
cylinder,F4W-00997,GAPW1,102,6640,UNKNOWN,goal_not_certified_free,EP-TOL,tolerance,0.06,,3.258,1.401,100.0,1.0,0.195,3.575,1.974,10.0,1.5,1.5,,,,,REACHABLE:graph_path_lifted_and_verified,UNKNOWN:goal_not_certified_free,True,0.0,,,,gmc/results/aerial3dg/f4/sample/GAPW1_pairs.json#F4W-00997,,gmc/results/aerial3dg/f4/diag/GAPW1/cylinder/
cylinder,F4W-01000,GAPW1,102,6722,UNKNOWN,goal_not_certified_free,EP-TOL,tolerance,0.07,,3.107,1.3665,50.0,1.5,0.195,20.0,1.974,10.0,1.5,1.5,,,,,REACHABLE:graph_path_lifted_and_verified,UNKNOWN:goal_not_certified_free,True,0.0,,,,gmc/results/aerial3dg/f4/sample/GAPW1_pairs.json#F4W-01000,,gmc/results/aerial3dg/f4/diag/GAPW1/cylinder/
cylinder,F4W-01003,GAPW1,102,6896,UNKNOWN,goal_not_certified_free,EP-TOL,tolerance,0.06,,3.518,1.0495,10.0,1.5,0.195,7.356,1.962,5.0,1.5,1.5,,,,,REACHABLE:graph_path_lifted_and_verified,UNKNOWN:goal_not_certified_free,True,0.0,,,,gmc/results/aerial3dg/f4/sample/GAPW1_pairs.json#F4W-01003,,gmc/results/aerial3dg/f4/diag/GAPW1/cylinder/
cylinder,F4W-01008,GAPW1,102,7000,UNKNOWN,shared_replay_failed,EXPORT-DOMAIN,export,15.46,CERTIFIED,4.619,1.3486,1.0,1.0,0.195,12.207,1.962,10.0,3.0,,False,map_unknown,17.813,-1.638,,UNKNOWN:shared_replay_failed,True,13.4,,,,gmc/results/aerial3dg/f4/sample/GAPW1_pairs.json#F4W-01008,,gmc/results/aerial3dg/f4/diag/GAPW1/cylinder/
cylinder,F4W-01009,GAPW1,102,7026,UNKNOWN,start_not_certified_free,EP-TOL,tolerance,0.06,,3.576,1.4549,100.0,1.5,0.195,1.962,13.982,1.5,10.0,1.5,,,,,REACHABLE:graph_path_lifted_and_verified,UNKNOWN:start_not_certified_free,True,0.1,,,,gmc/results/aerial3dg/f4/sample/GAPW1_pairs.json#F4W-01009,,gmc/results/aerial3dg/f4/diag/GAPW1/cylinder/
cylinder,F4W-01011,GAPW1,102,7047,UNKNOWN,goal_not_certified_free,EP-TOL,tolerance,0.06,,4.046,1.4321,5.0,1.0,0.195,14.359,1.962,10.0,1.5,1.5,,,,,REACHABLE:graph_path_lifted_and_verified,UNKNOWN:goal_not_certified_free,True,0.0,,,,gmc/results/aerial3dg/f4/sample/GAPW1_pairs.json#F4W-01011,,gmc/results/aerial3dg/f4/diag/GAPW1/cylinder/
cylinder,F4W-01013,GAPW1,102,7106,UNKNOWN,goal_not_certified_free,EP-TOL,tolerance,0.06,,3.689,1.2258,100.0,1.5,0.195,12.207,1.974,10.0,1.5,1.5,,,,,REACHABLE:graph_path_lifted_and_verified,UNKNOWN:goal_not_certified_free,True,0.0,,,,gmc/results/aerial3dg/f4/sample/GAPW1_pairs.json#F4W-01013,,gmc/results/aerial3dg/f4/diag/GAPW1/cylinder/
cylinder,F4W-01015,GAPW1,102,7153,UNKNOWN,start_not_certified_free,EP-TOL,tolerance,0.06,,3.697,1.0728,100.0,1.0,0.195,1.962,3.292,1.5,3.0,1.5,,,,,REACHABLE:graph_path_lifted_and_verified,UNKNOWN:start_not_certified_free,True,0.0,,,,gmc/results/aerial3dg/f4/sample/GAPW1_pairs.json#F4W-01015,,gmc/results/aerial3dg/f4/diag/GAPW1/cylinder/
cylinder,F4W-01020,GAPW1,102,7277,UNKNOWN,shared_replay_failed,EXPORT-DOMAIN,export,30.75,CERTIFIED,3.928,1.5222,3.0,1.0,0.195,12.207,8.446,10.0,5.0,,False,map_unknown,12.815,-6.438,,UNKNOWN:shared_replay_failed,True,24.5,,,,gmc/results/aerial3dg/f4/sample/GAPW1_pairs.json#F4W-01020,,gmc/results/aerial3dg/f4/diag/GAPW1/cylinder/
cylinder,F4W-01024,GAPW1,102,7343,UNKNOWN,goal_not_certified_free,EP-TOL,tolerance,0.12,,3.824,1.0404,50.0,1.5,0.344,1.768,1.962,10.0,1.5,1.5,,,,,REACHABLE:graph_path_lifted_and_verified,UNKNOWN:goal_not_certified_free,True,0.1,,,,gmc/results/aerial3dg/f4/sample/GAPW1_pairs.json#F4W-01024,,gmc/results/aerial3dg/f4/diag/GAPW1/cylinder/
cylinder,F4W-01026,GAPW1,102,7408,UNKNOWN,start_not_certified_free,EP-TOL,tolerance,0.14,,3.767,1.4183,100.0,1.5,0.195,1.962,16.458,1.5,10.0,1.5,,,,,REACHABLE:graph_path_lifted_and_verified,UNKNOWN:start_not_certified_free,True,0.0,,,,gmc/results/aerial3dg/f4/sample/GAPW1_pairs.json#F4W-01026,,gmc/results/aerial3dg/f4/diag/GAPW1/cylinder/
cylinder,F4W-01030,GAPW1,102,7497,UNKNOWN,start_not_certified_free,EP-TOL,tolerance,0.1,,3.936,1.3277,50.0,1.5,0.195,1.962,12.207,1.5,10.0,1.5,,,,,REACHABLE:graph_path_lifted_and_verified,UNKNOWN:start_not_certified_free,True,0.0,,,,gmc/results/aerial3dg/f4/sample/GAPW1_pairs.json#F4W-01030,,gmc/results/aerial3dg/f4/diag/GAPW1/cylinder/
cylinder,F4W-01035,GAPW1,102,7593,UNKNOWN,shared_replay_failed,EXPORT-DOMAIN,export,0.19,CERTIFIED,3.324,1.0978,0.0,5.0,1.046,4.001,12.207,10.0,10.0,,False,map_unknown,25.061,-0.438,,UNKNOWN:shared_replay_failed,True,0.2,,,,gmc/results/aerial3dg/f4/sample/GAPW1_pairs.json#F4W-01035,,gmc/results/aerial3dg/f4/diag/GAPW1/cylinder/
cylinder,F4W-01039,GAPW1,102,7726,UNKNOWN,start_not_certified_free,EP-TOL,tolerance,0.12,,4.096,1.2679,20.0,1.5,0.195,1.974,14.359,1.5,10.0,1.5,,,,,REACHABLE:graph_path_lifted_and_verified,UNKNOWN:start_not_certified_free,True,0.1,,,,gmc/results/aerial3dg/f4/sample/GAPW1_pairs.json#F4W-01039,,gmc/results/aerial3dg/f4/diag/GAPW1/cylinder/
cylinder,F4W-01044,GAPW1,102,7762,UNKNOWN,start_not_certified_free,EP-TOL,tolerance,0.18,,3.458,1.3745,100.0,1.5,0.195,1.962,20.0,1.5,10.0,1.5,,,,,REACHABLE:graph_path_lifted_and_verified,UNKNOWN:start_not_certified_free,True,0.0,,,,gmc/results/aerial3dg/f4/sample/GAPW1_pairs.json#F4W-01044,,gmc/results/aerial3dg/f4/diag/GAPW1/cylinder/
cylinder,F4W-01048,GAPW1,102,7860,UNKNOWN,start_not_certified_free,EP-TOL,tolerance,0.11,,3.345,1.57,5.0,1.0,0.195,1.255,12.207,1.0,10.0,1.0,,,,,UNKNOWN:shared_replay_failed,UNKNOWN:start_not_certified_free,True,0.0,,,,gmc/results/aerial3dg/f4/sample/GAPW1_pairs.json#F4W-01048,,gmc/results/aerial3dg/f4/diag/GAPW1/cylinder/
cylinder,F4W-01050,GAPW1,102,7918,UNKNOWN,start_not_certified_free,EP-TOL,tolerance,0.06,,4.219,1.2526,20.0,1.5,0.195,1.974,4.812,1.5,10.0,1.5,,,,,REACHABLE:graph_path_lifted_and_verified,UNKNOWN:start_not_certified_free,True,0.0,,,,gmc/results/aerial3dg/f4/sample/GAPW1_pairs.json#F4W-01050,,gmc/results/aerial3dg/f4/diag/GAPW1/cylinder/
cylinder,F4W-01052,GAPW1,102,7991,UNKNOWN,start_not_certified_free,EP-TOL,tolerance,0.06,,3.427,1.2602,100.0,1.5,0.195,1.974,20.0,1.5,10.0,1.5,,,,,REACHABLE:graph_path_lifted_and_verified,UNKNOWN:start_not_certified_free,True,0.0,,,,gmc/results/aerial3dg/f4/sample/GAPW1_pairs.json#F4W-01052,,gmc/results/aerial3dg/f4/diag/GAPW1/cylinder/
cylinder,F4W-01053,GAPW1,102,7999,UNKNOWN,goal_not_certified_free,EP-TOL,tolerance,0.05,,3.781,1.2226,100.0,1.5,0.195,12.207,1.974,10.0,1.5,1.5,,,,,REACHABLE:graph_path_lifted_and_verified,UNKNOWN:goal_not_certified_free,True,0.0,,,,gmc/results/aerial3dg/f4/sample/GAPW1_pairs.json#F4W-01053,,gmc/results/aerial3dg/f4/diag/GAPW1/cylinder/
cylinder,F4W-01073,GAPW1,102,8641,UNKNOWN,shared_replay_failed,EXPORT-DOMAIN,export,32.99,CERTIFIED,4.171,1.4632,5.0,1.0,0.01,12.207,9.727,10.0,10.0,,False,map_unknown,9.644,-6.938,,UNKNOWN:shared_replay_failed,True,28.2,,,,gmc/results/aerial3dg/f4/sample/GAPW1_pairs.json#F4W-01073,,gmc/results/aerial3dg/f4/diag/GAPW1/cylinder/
cylinder,F4W-01086,GAPW1,102,8912,UNKNOWN,start_not_certified_free,EP-TOL,tolerance,0.12,,3.446,1.1248,3.0,1.0,0.195,1.006,7.356,1.0,10.0,1.0,,,,,REACHABLE:graph_path_lifted_and_verified,UNKNOWN:start_not_certified_free,True,0.1,,,,gmc/results/aerial3dg/f4/sample/GAPW1_pairs.json#F4W-01086,,gmc/results/aerial3dg/f4/diag/GAPW1/cylinder/
cylinder,F4W-01091,GAPW1,102,9050,UNKNOWN,start_not_certified_free,EP-TOL,tolerance,0.14,,3.512,1.49,5.0,1.5,0.195,1.962,5.81,1.5,5.0,1.5,,,,,REACHABLE:graph_path_lifted_and_verified,UNKNOWN:start_not_certified_free,True,0.0,,,,gmc/results/aerial3dg/f4/sample/GAPW1_pairs.json#F4W-01091,,gmc/results/aerial3dg/f4/diag/GAPW1/cylinder/
cylinder,F4W-01096,GAPW1,102,9352,UNKNOWN,shared_replay_failed,EXPORT-DOMAIN,export,9.97,CERTIFIED,4.296,1.3455,10.0,1.5,0.195,12.207,15.851,10.0,10.0,,False,map_unknown,0.047,-17.738,,UNKNOWN:shared_replay_failed,True,7.3,,,,gmc/results/aerial3dg/f4/sample/GAPW1_pairs.json#F4W-01096,,gmc/results/aerial3dg/f4/diag/GAPW1/cylinder/
cylinder,F4W-01102,GAPW1,102,9431,UNKNOWN,goal_not_certified_free,EP-TOL,tolerance,0.09,,3.709,1.0285,20.0,1.5,0.344,7.356,1.974,10.0,1.5,1.5,,,,,UNKNOWN:shared_replay_failed,UNKNOWN:goal_not_certified_free,True,0.1,,,,gmc/results/aerial3dg/f4/sample/GAPW1_pairs.json#F4W-01102,,gmc/results/aerial3dg/f4/diag/GAPW1/cylinder/
cylinder,F4W-01104,GAPW1,102,9557,UNKNOWN,start_not_certified_free,EP-TOL,tolerance,0.18,,3.885,1.0145,20.0,1.0,0.195,1.974,1.768,1.5,10.0,1.5,,,,,REACHABLE:graph_path_lifted_and_verified,UNKNOWN:start_not_certified_free,True,0.0,,,,gmc/results/aerial3dg/f4/sample/GAPW1_pairs.json#F4W-01104,,gmc/results/aerial3dg/f4/diag/GAPW1/cylinder/
cylinder,F4W-01109,GAPW1,102,9644,UNKNOWN,goal_not_certified_free,EP-TOL,tolerance,0.1,,3.693,1.2349,3.0,1.0,0.195,8.446,1.046,5.0,1.5,1.5,,,,,REACHABLE:graph_path_lifted_and_verified,UNKNOWN:goal_not_certified_free,True,0.0,,,,gmc/results/aerial3dg/f4/sample/GAPW1_pairs.json#F4W-01109,,gmc/results/aerial3dg/f4/diag/GAPW1/cylinder/
cylinder,F4W-01110,GAPW1,102,9655,UNKNOWN,start_not_certified_free,EP-TOL,tolerance,0.05,,3.358,1.2726,100.0,1.5,0.195,1.962,20.0,1.5,10.0,1.5,,,,,REACHABLE:graph_path_lifted_and_verified,UNKNOWN:start_not_certified_free,True,0.0,,,,gmc/results/aerial3dg/f4/sample/GAPW1_pairs.json#F4W-01110,,gmc/results/aerial3dg/f4/diag/GAPW1/cylinder/
cylinder,F4W-01115,GAPW1,102,9755,UNKNOWN,start_not_certified_free,EP-TOL,tolerance,0.14,,3.754,1.1827,100.0,1.5,0.195,1.974,20.0,1.5,10.0,1.5,,,,,REACHABLE:graph_path_lifted_and_verified,UNKNOWN:start_not_certified_free,True,0.0,,,,gmc/results/aerial3dg/f4/sample/GAPW1_pairs.json#F4W-01115,,gmc/results/aerial3dg/f4/diag/GAPW1/cylinder/
cylinder,F4W-01117,GAPW1,102,9768,UNKNOWN,goal_not_certified_free,EP-TOL,tolerance,0.16,,3.163,1.6033,100.0,1.5,0.195,20.0,1.962,10.0,1.5,1.5,,,,,REACHABLE:graph_path_lifted_and_verified,UNKNOWN:goal_not_certified_free,True,0.0,,,,gmc/results/aerial3dg/f4/sample/GAPW1_pairs.json#F4W-01117,,gmc/results/aerial3dg/f4/diag/GAPW1/cylinder/
cylinder,F4W-01120,GAPW1,102,9888,UNKNOWN,shared_replay_failed,EXPORT-DOMAIN,export,15.88,CERTIFIED,3.185,1.3935,0.5,1.0,0.195,20.0,3.74,10.0,10.0,,False,map_unknown,4.697,-0.938,,UNKNOWN:shared_replay_failed,True,14.2,,,,gmc/results/aerial3dg/f4/sample/GAPW1_pairs.json#F4W-01120,,gmc/results/aerial3dg/f4/diag/GAPW1/cylinder/
cylinder,F4W-01124,GAPW1,102,10045,UNKNOWN,start_not_certified_free,EP-TOL,tolerance,0.14,,3.247,1.1628,20.0,1.5,0.195,1.974,16.213,1.5,10.0,1.5,,,,,REACHABLE:graph_path_lifted_and_verified,UNKNOWN:start_not_certified_free,True,0.1,,,,gmc/results/aerial3dg/f4/sample/GAPW1_pairs.json#F4W-01124,,gmc/results/aerial3dg/f4/diag/GAPW1/cylinder/
cylinder,F4W-01125,GAPW1,102,10066,UNKNOWN,shared_replay_failed,EXPORT-DOMAIN,export,9.55,CERTIFIED,4.016,1.2388,10.0,1.0,0.195,7.438,20.0,5.0,10.0,,False,map_unknown,11.666,-15.738,,UNKNOWN:shared_replay_failed,True,7.2,,,,gmc/results/aerial3dg/f4/sample/GAPW1_pairs.json#F4W-01125,,gmc/results/aerial3dg/f4/diag/GAPW1/cylinder/
cylinder,F4W-01127,GAPW1,102,10123,UNKNOWN,goal_not_certified_free,EP-TOL,tolerance,0.11,,4.356,1.1401,50.0,1.0,0.195,12.207,1.974,10.0,1.5,1.5,,,,,REACHABLE:graph_path_lifted_and_verified,UNKNOWN:goal_not_certified_free,True,0.0,,,,gmc/results/aerial3dg/f4/sample/GAPW1_pairs.json#F4W-01127,,gmc/results/aerial3dg/f4/diag/GAPW1/cylinder/
cylinder,F4W-01128,GAPW1,102,10136,UNKNOWN,goal_not_certified_free,EP-TOL,tolerance,0.08,,4.148,1.0729,20.0,1.5,0.344,7.356,1.962,10.0,1.5,1.5,,,,,UNKNOWN:shared_replay_failed,UNKNOWN:goal_not_certified_free,True,0.0,,,,gmc/results/aerial3dg/f4/sample/GAPW1_pairs.json#F4W-01128,,gmc/results/aerial3dg/f4/diag/GAPW1/cylinder/
cylinder,F4W-01132,GAPW1,102,10237,UNKNOWN,start_not_certified_free,EP-TOL,tolerance,0.09,,4.021,1.1034,50.0,1.0,0.195,1.974,14.743,1.5,10.0,1.5,,,,,REACHABLE:graph_path_lifted_and_verified,UNKNOWN:start_not_certified_free,True,0.0,,,,gmc/results/aerial3dg/f4/sample/GAPW1_pairs.json#F4W-01132,,gmc/results/aerial3dg/f4/diag/GAPW1/cylinder/
cylinder,F4W-01134,GAPW1,102,10291,UNKNOWN,start_not_certified_free,EP-TOL,tolerance,0.08,,3.604,1.1322,20.0,1.5,0.195,1.974,19.43,1.5,10.0,1.5,,,,,REACHABLE:graph_path_lifted_and_verified,UNKNOWN:start_not_certified_free,True,0.0,,,,gmc/results/aerial3dg/f4/sample/GAPW1_pairs.json#F4W-01134,,gmc/results/aerial3dg/f4/diag/GAPW1/cylinder/
cylinder,F4W-01135,GAPW1,102,10314,UNKNOWN,goal_not_certified_free,EP-TOL,tolerance,0.06,,3.015,1.0574,50.0,1.0,0.195,3.292,1.255,3.0,1.5,1.5,,,,,REACHABLE:graph_path_lifted_and_verified,UNKNOWN:goal_not_certified_free,True,0.0,,,,gmc/results/aerial3dg/f4/sample/GAPW1_pairs.json#F4W-01135,,gmc/results/aerial3dg/f4/diag/GAPW1/cylinder/
cylinder,F4W-01138,GAPW1,102,10372,UNKNOWN,goal_not_certified_free,EP-TOL,tolerance,0.13,,3.201,1.102,50.0,1.5,0.195,16.213,1.974,10.0,1.5,1.5,,,,,REACHABLE:graph_path_lifted_and_verified,UNKNOWN:goal_not_certified_free,True,0.0,,,,gmc/results/aerial3dg/f4/sample/GAPW1_pairs.json#F4W-01138,,gmc/results/aerial3dg/f4/diag/GAPW1/cylinder/
cylinder,F4W-01140,GAPW1,102,10408,UNKNOWN,shared_replay_failed,EXPORT-DOMAIN,export,59.74,CERTIFIED,3.042,1.1837,5.0,3.0,0.346,2.46,1.152,10.0,3.0,,False,map_unknown,14.712,-20.0,,UNKNOWN:shared_replay_failed,True,50.2,,,,gmc/results/aerial3dg/f4/sample/GAPW1_pairs.json#F4W-01140,,gmc/results/aerial3dg/f4/diag/GAPW1/cylinder/
cylinder,F4W-01148,GAPW1,102,10536,UNKNOWN,start_not_certified_free,EP-TOL,tolerance,0.06,,3.17,1.4582,100.0,1.5,0.195,1.962,20.0,1.5,10.0,1.5,,,,,REACHABLE:graph_path_lifted_and_verified,UNKNOWN:start_not_certified_free,True,0.2,,,,gmc/results/aerial3dg/f4/sample/GAPW1_pairs.json#F4W-01148,,gmc/results/aerial3dg/f4/diag/GAPW1/cylinder/
cylinder,F4W-01150,GAPW1,102,10567,UNKNOWN,start_not_certified_free,EP-TOL,tolerance,0.12,,3.419,1.0789,50.0,1.5,0.344,1.962,3.292,1.5,3.0,1.5,,,,,REACHABLE:graph_path_lifted_and_verified,UNKNOWN:start_not_certified_free,True,0.1,,,,gmc/results/aerial3dg/f4/sample/GAPW1_pairs.json#F4W-01150,,gmc/results/aerial3dg/f4/diag/GAPW1/cylinder/
cylinder,F4W-01155,GAPW1,102,10767,UNKNOWN,start_not_certified_free,EP-TOL,tolerance,0.06,,3.765,1.2194,20.0,1.5,0.195,1.974,12.207,1.5,10.0,1.5,,,,,REACHABLE:graph_path_lifted_and_verified,UNKNOWN:start_not_certified_free,True,0.1,,,,gmc/results/aerial3dg/f4/sample/GAPW1_pairs.json#F4W-01155,,gmc/results/aerial3dg/f4/diag/GAPW1/cylinder/
cylinder,F4W-01160,GAPW1,102,10933,UNKNOWN,shared_replay_failed,EXPORT-DOMAIN,export,0.75,CERTIFIED,3.739,1.0971,10.0,3.0,0.344,2.555,13.065,10.0,10.0,,False,map_unknown,13.32,-20.0,,UNKNOWN:shared_replay_failed,True,0.7,,,,gmc/results/aerial3dg/f4/sample/GAPW1_pairs.json#F4W-01160,,gmc/results/aerial3dg/f4/diag/GAPW1/cylinder/
cylinder,F4W-01174,GAPW1,102,11260,UNKNOWN,goal_not_certified_free,EP-TOL,tolerance,0.06,,3.717,1.0554,50.0,1.5,1.962,1.525,1.962,5.0,1.5,1.5,,,,,REACHABLE:graph_path_lifted_and_verified,UNKNOWN:goal_not_certified_free,True,0.1,,,,gmc/results/aerial3dg/f4/sample/GAPW1_pairs.json#F4W-01174,,gmc/results/aerial3dg/f4/diag/GAPW1/cylinder/
cylinder,F4W-01175,GAPW1,102,11283,UNKNOWN,start_not_certified_free,EP-TOL,tolerance,0.05,,3.727,1.0801,100.0,1.5,0.195,1.962,3.292,1.5,3.0,1.5,,,,,REACHABLE:graph_path_lifted_and_verified,UNKNOWN:start_not_certified_free,True,0.1,,,,gmc/results/aerial3dg/f4/sample/GAPW1_pairs.json#F4W-01175,,gmc/results/aerial3dg/f4/diag/GAPW1/cylinder/
cylinder,F4W-01176,GAPW1,102,11288,UNKNOWN,goal_not_certified_free,EP-TOL,tolerance,0.05,,4.314,1.0814,50.0,1.5,0.195,12.207,1.974,10.0,1.5,1.5,,,,,REACHABLE:graph_path_lifted_and_verified,UNKNOWN:goal_not_certified_free,True,0.1,,,,gmc/results/aerial3dg/f4/sample/GAPW1_pairs.json#F4W-01176,,gmc/results/aerial3dg/f4/diag/GAPW1/cylinder/
cylinder,F4W-01177,GAPW1,102,11302,UNKNOWN,goal_not_certified_free,EP-TOL,tolerance,0.05,,3.077,1.2643,100.0,1.5,0.195,20.0,1.974,10.0,1.5,1.5,,,,,REACHABLE:graph_path_lifted_and_verified,UNKNOWN:goal_not_certified_free,True,0.1,,,,gmc/results/aerial3dg/f4/sample/GAPW1_pairs.json#F4W-01177,,gmc/results/aerial3dg/f4/diag/GAPW1/cylinder/
cylinder,F4W-01178,GAPW1,102,11307,UNKNOWN,shared_replay_failed,EXPORT-DOMAIN,export,20.87,CERTIFIED,4.148,1.3751,2.0,1.0,0.195,8.446,12.207,5.0,10.0,,False,map_unknown,1.93,-3.838,,UNKNOWN:shared_replay_failed,True,17.5,,,,gmc/results/aerial3dg/f4/sample/GAPW1_pairs.json#F4W-01178,,gmc/results/aerial3dg/f4/diag/GAPW1/cylinder/
cylinder,F4W-01195,GAPW1,102,11887,UNKNOWN,start_not_certified_free,EP-TOL,tolerance,0.1,,3.042,1.6487,20.0,1.0,0.195,1.255,14.359,1.0,10.0,1.0,,,,,REACHABLE:graph_path_lifted_and_verified,UNKNOWN:start_not_certified_free,True,0.1,,,,gmc/results/aerial3dg/f4/sample/GAPW1_pairs.json#F4W-01195,,gmc/results/aerial3dg/f4/diag/GAPW1/cylinder/
cylinder,F4W-01198,GAPW1,102,11906,UNKNOWN,shared_replay_failed,EXPORT-DOMAIN,export,4.55,CERTIFIED,4.292,1.0779,3.0,1.0,0.195,9.909,8.446,10.0,5.0,,False,map_unknown,12.092,-20.0,,UNKNOWN:shared_replay_failed,True,3.5,,,,gmc/results/aerial3dg/f4/sample/GAPW1_pairs.json#F4W-01198,,gmc/results/aerial3dg/f4/diag/GAPW1/cylinder/
cylinder,F4W-01208,GAPW1,102,12193,UNKNOWN,goal_not_certified_free,EP-TOL,tolerance,0.06,,3.719,1.1671,100.0,1.5,0.195,16.213,1.962,10.0,1.5,1.5,,,,,REACHABLE:graph_path_lifted_and_verified,UNKNOWN:goal_not_certified_free,True,0.1,,,,gmc/results/aerial3dg/f4/sample/GAPW1_pairs.json#F4W-01208,,gmc/results/aerial3dg/f4/diag/GAPW1/cylinder/
cylinder,F4W-01213,GAPW1,102,12309,UNKNOWN,start_not_certified_free,EP-TOL,tolerance,0.1,,3.504,1.3461,100.0,1.0,0.195,1.962,16.458,1.5,10.0,1.5,,,,,REACHABLE:graph_path_lifted_and_verified,UNKNOWN:start_not_certified_free,True,0.0,,,,gmc/results/aerial3dg/f4/sample/GAPW1_pairs.json#F4W-01213,,gmc/results/aerial3dg/f4/diag/GAPW1/cylinder/
cylinder,F4W-01218,GAPW1,102,12497,UNKNOWN,shared_replay_failed,EXPORT-DOMAIN,export,47.97,CERTIFIED,4.044,1.3699,1.0,1.0,0.195,12.207,3.74,10.0,10.0,,False,map_unknown,4.39,-1.338,,UNKNOWN:shared_replay_failed,True,43.8,,,,gmc/results/aerial3dg/f4/sample/GAPW1_pairs.json#F4W-01218,,gmc/results/aerial3dg/f4/diag/GAPW1/cylinder/
cylinder,F4W-01219,GAPW1,102,12540,UNKNOWN,start_not_certified_free,EP-TOL,tolerance,0.07,,3.571,1.121,2.0,1.0,0.01,1.04,15.231,1.0,10.0,1.0,,,,,UNKNOWN:shared_replay_failed,UNKNOWN:start_not_certified_free,True,0.1,,,,gmc/results/aerial3dg/f4/sample/GAPW1_pairs.json#F4W-01219,,gmc/results/aerial3dg/f4/diag/GAPW1/cylinder/
cylinder,F4W-01222,GAPW1,102,12588,UNKNOWN,goal_not_certified_free,EP-TOL,tolerance,0.09,,3.991,1.2148,20.0,1.5,0.195,12.207,1.962,10.0,1.5,1.5,,,,,REACHABLE:graph_path_lifted_and_verified,UNKNOWN:goal_not_certified_free,True,0.0,,,,gmc/results/aerial3dg/f4/sample/GAPW1_pairs.json#F4W-01222,,gmc/results/aerial3dg/f4/diag/GAPW1/cylinder/
cylinder,F4W-01224,GAPW1,102,12638,UNKNOWN,goal_not_certified_free,EP-TOL,tolerance,0.16,,3.354,1.0104,20.0,1.5,0.344,7.356,1.974,10.0,1.5,1.5,,,,,REACHABLE:graph_path_lifted_and_verified,UNKNOWN:goal_not_certified_free,True,0.0,,,,gmc/results/aerial3dg/f4/sample/GAPW1_pairs.json#F4W-01224,,gmc/results/aerial3dg/f4/diag/GAPW1/cylinder/
cylinder,F4W-01230,GAPW1,102,12832,UNKNOWN,goal_not_certified_free,EP-TOL,tolerance,0.06,,3.094,1.0758,100.0,1.5,1.962,3.292,1.962,10.0,1.5,1.5,,,,,REACHABLE:graph_path_lifted_and_verified,UNKNOWN:goal_not_certified_free,True,0.0,,,,gmc/results/aerial3dg/f4/sample/GAPW1_pairs.json#F4W-01230,,gmc/results/aerial3dg/f4/diag/GAPW1/cylinder/
cylinder,F4W-01236,GAPW1,102,13003,UNKNOWN,goal_not_certified_free,EP-TOL,tolerance,0.45,,3.371,1.5569,100.0,1.5,0.195,20.0,1.962,10.0,1.5,1.5,,,,,REACHABLE:graph_path_lifted_and_verified,UNKNOWN:goal_not_certified_free,True,0.0,,,,gmc/results/aerial3dg/f4/sample/GAPW1_pairs.json#F4W-01236,,gmc/results/aerial3dg/f4/diag/GAPW1/cylinder/
cylinder,F4W-01250,GAPW1,102,13467,UNKNOWN,shared_replay_failed,EXPORT-DOMAIN,export,10.27,CERTIFIED,3.383,1.4302,5.0,1.0,0.195,7.438,20.0,10.0,10.0,,False,map_unknown,10.812,-11.338,,UNKNOWN:shared_replay_failed,True,7.6,,,,gmc/results/aerial3dg/f4/sample/GAPW1_pairs.json#F4W-01250,,gmc/results/aerial3dg/f4/diag/GAPW1/cylinder/
cylinder,F4W-01252,GAPW1,102,13531,UNKNOWN,shared_replay_failed,EXPORT-DOMAIN,export,1.48,CERTIFIED,3.332,1.0783,10.0,5.0,1.046,1.088,14.245,10.0,10.0,,False,map_unknown,20.668,-16.438,,UNKNOWN:shared_replay_failed,True,1.3,,,,gmc/results/aerial3dg/f4/sample/GAPW1_pairs.json#F4W-01252,,gmc/results/aerial3dg/f4/diag/GAPW1/cylinder/
cylinder,F4W-01258,GAPW1,102,13690,UNKNOWN,start_not_certified_free,EP-TOL,tolerance,0.52,,3.795,1.172,20.0,1.5,0.195,1.974,12.207,1.5,10.0,1.5,,,,,REACHABLE:graph_path_lifted_and_verified,UNKNOWN:start_not_certified_free,True,0.3,,,,gmc/results/aerial3dg/f4/sample/GAPW1_pairs.json#F4W-01258,,gmc/results/aerial3dg/f4/diag/GAPW1/cylinder/
cylinder,F4W-01261,GAPW1,102,13788,UNKNOWN,start_not_certified_free,EP-TOL,tolerance,0.15,,4.243,1.1882,20.0,1.5,0.195,1.962,8.931,1.5,10.0,1.5,,,,,REACHABLE:graph_path_lifted_and_verified,UNKNOWN:start_not_certified_free,True,0.0,,,,gmc/results/aerial3dg/f4/sample/GAPW1_pairs.json#F4W-01261,,gmc/results/aerial3dg/f4/diag/GAPW1/cylinder/
cylinder,F4W-01265,GAPW1,102,13968,UNKNOWN,goal_not_certified_free,EP-TOL,tolerance,0.15,,3.814,1.1157,20.0,1.0,0.195,10.516,1.191,10.0,1.0,1.0,,,,,REACHABLE:graph_path_lifted_and_verified,UNKNOWN:goal_not_certified_free,True,0.0,,,,gmc/results/aerial3dg/f4/sample/GAPW1_pairs.json#F4W-01265,,gmc/results/aerial3dg/f4/diag/GAPW1/cylinder/
cylinder,F4W-01267,GAPW1,102,14028,UNKNOWN,start_not_certified_free,EP-TOL,tolerance,0.07,,3.482,1.0267,100.0,1.5,0.195,1.974,7.356,1.5,10.0,1.5,,,,,REACHABLE:graph_path_lifted_and_verified,UNKNOWN:start_not_certified_free,True,0.0,,,,gmc/results/aerial3dg/f4/sample/GAPW1_pairs.json#F4W-01267,,gmc/results/aerial3dg/f4/diag/GAPW1/cylinder/
cylinder,F4W-01279,GAPW1,102,14183,UNKNOWN,start_not_certified_free,EP-TOL,tolerance,0.06,,3.421,1.2151,100.0,1.5,0.195,1.962,16.213,1.5,10.0,1.5,,,,,REACHABLE:graph_path_lifted_and_verified,UNKNOWN:start_not_certified_free,True,0.0,,,,gmc/results/aerial3dg/f4/sample/GAPW1_pairs.json#F4W-01279,,gmc/results/aerial3dg/f4/diag/GAPW1/cylinder/
cylinder,F4W-01280,GAPW1,102,14241,UNKNOWN,start_not_certified_free,EP-TOL,tolerance,0.05,,3.459,1.0609,100.0,1.5,0.195,1.962,3.292,1.5,10.0,1.5,,,,,REACHABLE:graph_path_lifted_and_verified,UNKNOWN:start_not_certified_free,True,0.0,,,,gmc/results/aerial3dg/f4/sample/GAPW1_pairs.json#F4W-01280,,gmc/results/aerial3dg/f4/diag/GAPW1/cylinder/
cylinder,F4W-01283,GAPW1,102,14316,UNKNOWN,start_not_certified_free,EP-TOL,tolerance,0.06,,3.681,1.3698,20.0,1.0,0.195,1.077,12.207,1.0,10.0,1.0,,,,,TIMEOUT:timeout,UNKNOWN:start_not_certified_free,True,0.0,,,,gmc/results/aerial3dg/f4/sample/GAPW1_pairs.json#F4W-01283,,gmc/results/aerial3dg/f4/diag/GAPW1/cylinder/
cylinder,F4W-01293,GAPW1,102,14585,UNKNOWN,goal_not_certified_free,EP-TOL,tolerance,0.06,,3.741,1.3575,100.0,1.5,0.195,20.0,1.962,10.0,1.5,1.5,,,,,REACHABLE:graph_path_lifted_and_verified,UNKNOWN:goal_not_certified_free,True,0.0,,,,gmc/results/aerial3dg/f4/sample/GAPW1_pairs.json#F4W-01293,,gmc/results/aerial3dg/f4/diag/GAPW1/cylinder/
cylinder,F4W-01297,GAPW1,102,14638,UNKNOWN,start_not_certified_free,EP-TOL,tolerance,0.06,,4.094,1.1074,20.0,1.5,0.195,1.974,2.066,1.5,10.0,1.5,,,,,REACHABLE:graph_path_lifted_and_verified,UNKNOWN:start_not_certified_free,True,0.0,,,,gmc/results/aerial3dg/f4/sample/GAPW1_pairs.json#F4W-01297,,gmc/results/aerial3dg/f4/diag/GAPW1/cylinder/
cylinder,F4W-01305,GAPW1,102,14931,UNKNOWN,goal_not_certified_free,EP-TOL,tolerance,0.06,,4.029,1.117,50.0,1.5,0.195,12.207,1.974,10.0,1.5,1.5,,,,,REACHABLE:graph_path_lifted_and_verified,UNKNOWN:goal_not_certified_free,True,0.0,,,,gmc/results/aerial3dg/f4/sample/GAPW1_pairs.json#F4W-01305,,gmc/results/aerial3dg/f4/diag/GAPW1/cylinder/
cylinder,F4W-01311,GAPW1,102,15159,UNKNOWN,start_not_certified_free,EP-TOL,tolerance,0.06,,3.087,1.4028,100.0,1.5,0.195,1.974,20.0,1.5,10.0,1.5,,,,,REACHABLE:graph_path_lifted_and_verified,UNKNOWN:start_not_certified_free,True,0.0,,,,gmc/results/aerial3dg/f4/sample/GAPW1_pairs.json#F4W-01311,,gmc/results/aerial3dg/f4/diag/GAPW1/cylinder/
cylinder,F4W-01315,GAPW1,102,15282,UNKNOWN,shared_replay_failed,EXPORT-DOMAIN,export,48.28,CERTIFIED,4.095,1.2666,2.0,1.0,0.195,8.446,2.729,10.0,5.0,,False,map_unknown,11.551,-2.838,,UNKNOWN:shared_replay_failed,True,41.7,,,,gmc/results/aerial3dg/f4/sample/GAPW1_pairs.json#F4W-01315,,gmc/results/aerial3dg/f4/diag/GAPW1/cylinder/
cylinder,F4W-01317,GAPW1,102,15303,UNKNOWN,start_not_certified_free,EP-TOL,tolerance,0.06,,3.558,1.1312,100.0,1.0,0.195,1.974,16.213,1.5,10.0,1.5,,,,,REACHABLE:graph_path_lifted_and_verified,UNKNOWN:start_not_certified_free,True,0.1,,,,gmc/results/aerial3dg/f4/sample/GAPW1_pairs.json#F4W-01317,,gmc/results/aerial3dg/f4/diag/GAPW1/cylinder/
cylinder,F4W-01322,GAPW1,102,15440,UNKNOWN,goal_not_certified_free,EP-TOL,tolerance,0.07,,4.266,1.376,100.0,1.5,0.195,12.207,1.962,10.0,1.5,1.5,,,,,REACHABLE:graph_path_lifted_and_verified,UNKNOWN:goal_not_certified_free,True,0.1,,,,gmc/results/aerial3dg/f4/sample/GAPW1_pairs.json#F4W-01322,,gmc/results/aerial3dg/f4/diag/GAPW1/cylinder/
cylinder,F4W-01327,GAPW1,102,15744,UNKNOWN,start_not_certified_free,EP-TOL,tolerance,0.11,,4.155,1.1962,20.0,1.0,0.195,1.962,2.719,1.5,10.0,1.5,,,,,REACHABLE:graph_path_lifted_and_verified,UNKNOWN:start_not_certified_free,True,0.0,,,,gmc/results/aerial3dg/f4/sample/GAPW1_pairs.json#F4W-01327,,gmc/results/aerial3dg/f4/diag/GAPW1/cylinder/
cylinder,F4W-01328,GAPW1,102,15769,UNKNOWN,goal_not_certified_free,EP-TOL,tolerance,0.06,,3.58,1.2542,100.0,1.5,0.195,16.458,1.974,10.0,1.5,1.5,,,,,REACHABLE:graph_path_lifted_and_verified,UNKNOWN:goal_not_certified_free,True,0.0,,,,gmc/results/aerial3dg/f4/sample/GAPW1_pairs.json#F4W-01328,,gmc/results/aerial3dg/f4/diag/GAPW1/cylinder/
cylinder,F4W-01331,GAPW1,102,15875,UNKNOWN,start_not_certified_free,EP-TOL,tolerance,0.06,,3.166,1.4964,100.0,1.0,0.195,1.974,20.0,1.5,10.0,1.5,,,,,REACHABLE:graph_path_lifted_and_verified,UNKNOWN:start_not_certified_free,True,0.0,,,,gmc/results/aerial3dg/f4/sample/GAPW1_pairs.json#F4W-01331,,gmc/results/aerial3dg/f4/diag/GAPW1/cylinder/
cylinder,F4W-01337,GAPW1,102,16004,UNKNOWN,goal_not_certified_free,EP-TOL,tolerance,0.06,,4.001,1.2411,100.0,1.5,0.195,12.207,1.962,10.0,1.5,1.5,,,,,REACHABLE:graph_path_lifted_and_verified,UNKNOWN:goal_not_certified_free,True,0.0,,,,gmc/results/aerial3dg/f4/sample/GAPW1_pairs.json#F4W-01337,,gmc/results/aerial3dg/f4/diag/GAPW1/cylinder/
cylinder,F4W-01347,GAPW1,102,16320,UNKNOWN,shared_replay_failed,EXPORT-DOMAIN,export,15.46,CERTIFIED,3.502,1.4954,10.0,1.0,0.195,7.438,20.0,5.0,10.0,,False,map_unknown,8.134,-17.738,,UNKNOWN:shared_replay_failed,True,15.1,,,,gmc/results/aerial3dg/f4/sample/GAPW1_pairs.json#F4W-01347,,gmc/results/aerial3dg/f4/diag/GAPW1/cylinder/
cylinder,F4W-01349,GAPW1,102,16343,UNKNOWN,shared_replay_failed,EXPORT-DOMAIN,export,15.04,CERTIFIED,3.157,1.6072,5.0,1.0,0.195,7.438,20.0,10.0,10.0,,False,map_unknown,10.522,-12.638,,UNKNOWN:shared_replay_failed,True,13.9,,,,gmc/results/aerial3dg/f4/sample/GAPW1_pairs.json#F4W-01349,,gmc/results/aerial3dg/f4/diag/GAPW1/cylinder/
cylinder,F4W-01351,GAPW1,102,16377,UNKNOWN,start_not_certified_free,EP-GENUINE,genuine,0.06,,3.242,1.6007,50.0,1.5,0.195,1.962,16.458,2.0,10.0,2.1,,,,,REACHABLE:graph_path_lifted_and_verified,UNKNOWN:start_not_certified_free,True,0.0,,,,gmc/results/aerial3dg/f4/sample/GAPW1_pairs.json#F4W-01351,,gmc/results/aerial3dg/f4/diag/GAPW1/cylinder/
cylinder,F4W-01356,GAPW1,102,16485,UNKNOWN,start_not_certified_free,EP-TOL,tolerance,0.06,,3.73,1.3339,100.0,1.0,0.195,1.962,12.207,1.5,10.0,1.5,,,,,REACHABLE:graph_path_lifted_and_verified,UNKNOWN:start_not_certified_free,True,0.0,,,,gmc/results/aerial3dg/f4/sample/GAPW1_pairs.json#F4W-01356,,gmc/results/aerial3dg/f4/diag/GAPW1/cylinder/
cylinder,F4W-01363,GAPW1,102,16661,UNKNOWN,start_not_certified_free,EP-TOL,tolerance,0.06,,4.34,1.1788,50.0,1.5,0.195,1.962,13.911,1.5,10.0,1.5,,,,,REACHABLE:graph_path_lifted_and_verified,UNKNOWN:start_not_certified_free,True,0.0,,,,gmc/results/aerial3dg/f4/sample/GAPW1_pairs.json#F4W-01363,,gmc/results/aerial3dg/f4/diag/GAPW1/cylinder/
cylinder,F4W-01372,GAPW1,102,16884,UNKNOWN,start_not_certified_free,EP-TOL,tolerance,0.08,,3.274,1.827,5.0,1.0,0.195,1.005,5.361,1.5,5.0,1.5,,,,,REACHABLE:graph_path_lifted_and_verified,UNKNOWN:start_not_certified_free,True,0.0,,,,gmc/results/aerial3dg/f4/sample/GAPW1_pairs.json#F4W-01372,,gmc/results/aerial3dg/f4/diag/GAPW1/cylinder/
cylinder,F4W-01385,GAPW1,102,17317,UNKNOWN,shared_replay_failed,EXPORT-DOMAIN,export,4.06,CERTIFIED,4.033,1.2079,5.0,1.0,0.195,3.445,7.438,3.0,5.0,,False,map_unknown,16.709,-8.638,,UNKNOWN:shared_replay_failed,True,3.3,,,,gmc/results/aerial3dg/f4/sample/GAPW1_pairs.json#F4W-01385,,gmc/results/aerial3dg/f4/diag/GAPW1/cylinder/
cylinder,F4W-01399,GAPW1,102,17644,UNKNOWN,shared_replay_failed,EXPORT-DOMAIN,export,0.26,CERTIFIED,3.578,1.068,10.0,3.0,1.974,20.0,1.974,10.0,5.0,,False,map_unknown,23.659,-18.538,,UNKNOWN:shared_replay_failed,True,0.3,,,,gmc/results/aerial3dg/f4/sample/GAPW1_pairs.json#F4W-01399,,gmc/results/aerial3dg/f4/diag/GAPW1/cylinder/
cylinder,F4W-01410,GAPW1,102,18041,UNKNOWN,start_not_certified_free,EP-TOL,tolerance,0.06,,3.886,1.1506,100.0,1.5,0.195,1.974,12.207,1.5,10.0,1.5,,,,,REACHABLE:graph_path_lifted_and_verified,UNKNOWN:start_not_certified_free,True,0.1,,,,gmc/results/aerial3dg/f4/sample/GAPW1_pairs.json#F4W-01410,,gmc/results/aerial3dg/f4/diag/GAPW1/cylinder/
cylinder,F4W-01411,GAPW1,102,18072,UNKNOWN,start_not_certified_free,EP-TOL,tolerance,0.06,,3.161,1.0182,100.0,1.5,0.195,1.974,7.714,1.5,5.0,1.5,,,,,REACHABLE:graph_path_lifted_and_verified,UNKNOWN:start_not_certified_free,True,0.0,,,,gmc/results/aerial3dg/f4/sample/GAPW1_pairs.json#F4W-01411,,gmc/results/aerial3dg/f4/diag/GAPW1/cylinder/
cylinder,F4W-01412,GAPW1,102,18104,UNKNOWN,start_not_certified_free,EP-TOL,tolerance,0.06,,4.179,1.1364,50.0,1.5,0.195,1.974,12.207,1.5,10.0,1.5,,,,,REACHABLE:graph_path_lifted_and_verified,UNKNOWN:start_not_certified_free,True,0.0,,,,gmc/results/aerial3dg/f4/sample/GAPW1_pairs.json#F4W-01412,,gmc/results/aerial3dg/f4/diag/GAPW1/cylinder/
cylinder,F4W-01414,GAPW1,102,18229,UNKNOWN,start_not_certified_free,EP-TOL,tolerance,0.06,,3.466,1.397,100.0,1.5,0.195,1.962,20.0,1.5,10.0,1.5,,,,,REACHABLE:graph_path_lifted_and_verified,UNKNOWN:start_not_certified_free,True,0.0,,,,gmc/results/aerial3dg/f4/sample/GAPW1_pairs.json#F4W-01414,,gmc/results/aerial3dg/f4/diag/GAPW1/cylinder/
cylinder,F4W-01424,GAPW1,102,18399,UNKNOWN,shared_replay_failed,EXPORT-DOMAIN,export,3.04,CERTIFIED,3.754,1.1232,5.0,1.0,0.195,7.356,8.52,5.0,10.0,,False,map_unknown,5.497,-11.138,,UNKNOWN:shared_replay_failed,True,2.9,,,,gmc/results/aerial3dg/f4/sample/GAPW1_pairs.json#F4W-01424,,gmc/results/aerial3dg/f4/diag/GAPW1/cylinder/
cylinder,F4W-01428,GAPW1,102,18528,UNKNOWN,goal_not_certified_free,EP-TOL,tolerance,0.06,,3.056,1.4383,100.0,1.5,0.195,20.0,1.962,10.0,1.5,1.5,,,,,REACHABLE:graph_path_lifted_and_verified,UNKNOWN:goal_not_certified_free,True,0.0,,,,gmc/results/aerial3dg/f4/sample/GAPW1_pairs.json#F4W-01428,,gmc/results/aerial3dg/f4/diag/GAPW1/cylinder/
cylinder,F4W-01437,GAPW1,102,18699,UNKNOWN,goal_not_certified_free,EP-TOL,tolerance,0.07,,3.561,1.5173,100.0,1.5,0.195,3.845,1.962,10.0,1.5,1.5,,,,,REACHABLE:graph_path_lifted_and_verified,UNKNOWN:goal_not_certified_free,True,0.0,,,,gmc/results/aerial3dg/f4/sample/GAPW1_pairs.json#F4W-01437,,gmc/results/aerial3dg/f4/diag/GAPW1/cylinder/
cylinder,F4W-01438,GAPW1,102,18725,UNKNOWN,goal_not_certified_free,EP-TOL,tolerance,0.06,,3.587,1.2226,100.0,1.0,0.195,12.207,1.974,10.0,1.5,1.5,,,,,REACHABLE:graph_path_lifted_and_verified,UNKNOWN:goal_not_certified_free,True,0.0,,,,gmc/results/aerial3dg/f4/sample/GAPW1_pairs.json#F4W-01438,,gmc/results/aerial3dg/f4/diag/GAPW1/cylinder/
cylinder,F4W-01440,GAPW1,102,18763,UNKNOWN,goal_not_certified_free,EP-TOL,tolerance,0.07,,4.381,1.1834,50.0,1.5,0.195,12.207,1.962,10.0,1.5,1.5,,,,,REACHABLE:graph_path_lifted_and_verified,UNKNOWN:goal_not_certified_free,True,0.0,,,,gmc/results/aerial3dg/f4/sample/GAPW1_pairs.json#F4W-01440,,gmc/results/aerial3dg/f4/diag/GAPW1/cylinder/
cylinder,F4W-01443,GAPW1,102,18847,UNKNOWN,goal_not_certified_free,EP-TOL,tolerance,0.06,,3.01,1.3747,50.0,1.0,0.195,12.207,1.255,10.0,1.0,1.0,,,,,REACHABLE:graph_path_lifted_and_verified,UNKNOWN:goal_not_certified_free,True,0.0,,,,gmc/results/aerial3dg/f4/sample/GAPW1_pairs.json#F4W-01443,,gmc/results/aerial3dg/f4/diag/GAPW1/cylinder/
cylinder,F4W-01445,GAPW1,102,18877,UNKNOWN,goal_not_certified_free,EP-TOL,tolerance,0.14,,3.249,1.0836,20.0,1.0,0.344,11.641,1.077,10.0,1.0,1.0,,,,,REACHABLE:graph_path_lifted_and_verified,UNKNOWN:goal_not_certified_free,True,0.0,,,,gmc/results/aerial3dg/f4/sample/GAPW1_pairs.json#F4W-01445,,gmc/results/aerial3dg/f4/diag/GAPW1/cylinder/
cylinder,F4W-01451,GAPW1,102,19094,UNKNOWN,goal_not_certified_free,EP-TOL,tolerance,0.07,,3.711,1.326,50.0,1.0,0.195,2.878,1.077,10.0,1.0,1.0,,,,,TIMEOUT:timeout,UNKNOWN:goal_not_certified_free,True,0.0,,,,gmc/results/aerial3dg/f4/sample/GAPW1_pairs.json#F4W-01451,,gmc/results/aerial3dg/f4/diag/GAPW1/cylinder/
cylinder,F4W-01456,GAPW1,102,19222,UNKNOWN,goal_not_certified_free,EP-TOL,tolerance,0.06,,3.165,1.077,100.0,1.0,0.195,3.292,1.962,10.0,1.5,1.5,,,,,REACHABLE:graph_path_lifted_and_verified,UNKNOWN:goal_not_certified_free,True,0.0,,,,gmc/results/aerial3dg/f4/sample/GAPW1_pairs.json#F4W-01456,,gmc/results/aerial3dg/f4/diag/GAPW1/cylinder/
cylinder,F4W-01460,GAPW1,102,19292,UNKNOWN,start_not_certified_free,EP-TOL,tolerance,0.06,,3.893,1.2043,50.0,1.5,0.195,1.962,16.213,1.5,10.0,1.5,,,,,REACHABLE:graph_path_lifted_and_verified,UNKNOWN:start_not_certified_free,True,0.0,,,,gmc/results/aerial3dg/f4/sample/GAPW1_pairs.json#F4W-01460,,gmc/results/aerial3dg/f4/diag/GAPW1/cylinder/
cylinder,F4W-01463,GAPW1,102,19326,UNKNOWN,shared_replay_failed,EXPORT-DOMAIN,export,12.06,CERTIFIED,3.399,1.7671,1.0,1.0,0.195,7.438,16.611,10.0,10.0,,False,map_unknown,22.352,-1.938,,UNKNOWN:shared_replay_failed,True,10.7,,,,gmc/results/aerial3dg/f4/sample/GAPW1_pairs.json#F4W-01463,,gmc/results/aerial3dg/f4/diag/GAPW1/cylinder/
cylinder,F4W-01468,GAPW1,102,19493,UNKNOWN,shared_replay_failed,EXPORT-DOMAIN,export,8.04,CERTIFIED,4.819,1.3099,3.0,1.5,0.195,1.962,12.207,5.0,10.0,,False,map_unknown,14.339,-5.038,,UNKNOWN:shared_replay_failed,True,7.4,,,,gmc/results/aerial3dg/f4/sample/GAPW1_pairs.json#F4W-01468,,gmc/results/aerial3dg/f4/diag/GAPW1/cylinder/
cylinder,F4W-01469,GAPW1,102,19499,UNKNOWN,goal_not_certified_free,EP-TOL,tolerance,0.06,,3.284,1.0777,20.0,1.5,0.195,7.331,1.974,10.0,1.5,1.5,,,,,REACHABLE:graph_path_lifted_and_verified,UNKNOWN:goal_not_certified_free,True,0.0,,,,gmc/results/aerial3dg/f4/sample/GAPW1_pairs.json#F4W-01469,,gmc/results/aerial3dg/f4/diag/GAPW1/cylinder/
cylinder,F4W-01474,GAPW1,102,19611,UNKNOWN,shared_replay_failed,EXPORT-DOMAIN,export,0.06,CERTIFIED,3.296,1.0659,20.0,3.0,3.292,8.645,5.106,10.0,5.0,,False,map_unknown,11.714,-20.0,,UNKNOWN:shared_replay_failed,True,0.0,,,,gmc/results/aerial3dg/f4/sample/GAPW1_pairs.json#F4W-01474,,gmc/results/aerial3dg/f4/diag/GAPW1/cylinder/
cylinder,F4W-01487,GAPW1,102,20136,UNKNOWN,goal_not_certified_free,EP-TOL,tolerance,0.07,,3.14,1.2107,100.0,1.5,0.195,20.0,1.974,10.0,1.5,1.5,,,,,REACHABLE:graph_path_lifted_and_verified,UNKNOWN:goal_not_certified_free,True,0.0,,,,gmc/results/aerial3dg/f4/sample/GAPW1_pairs.json#F4W-01487,,gmc/results/aerial3dg/f4/diag/GAPW1/cylinder/
cylinder,F4W-01488,GAPW1,102,20160,UNKNOWN,start_not_certified_free,EP-TOL,tolerance,0.06,,4.228,1.1278,20.0,1.5,0.195,1.974,12.207,1.5,10.0,1.5,,,,,REACHABLE:graph_path_lifted_and_verified,UNKNOWN:start_not_certified_free,True,0.0,,,,gmc/results/aerial3dg/f4/sample/GAPW1_pairs.json#F4W-01488,,gmc/results/aerial3dg/f4/diag/GAPW1/cylinder/
cylinder,F4W-01489,GAPW1,102,20212,UNKNOWN,goal_not_certified_free,EP-TOL,tolerance,0.06,,3.48,1.0709,100.0,1.5,0.344,13.973,1.962,10.0,1.5,1.5,,,,,REACHABLE:graph_path_lifted_and_verified,UNKNOWN:goal_not_certified_free,True,0.0,,,,gmc/results/aerial3dg/f4/sample/GAPW1_pairs.json#F4W-01489,,gmc/results/aerial3dg/f4/diag/GAPW1/cylinder/
cylinder,F4W-01490,GAPW1,102,20216,UNKNOWN,start_not_certified_free,EP-TOL,tolerance,0.06,,3.486,1.1353,50.0,1.5,0.195,1.974,19.43,1.5,10.0,1.5,,,,,REACHABLE:graph_path_lifted_and_verified,UNKNOWN:start_not_certified_free,True,0.0,,,,gmc/results/aerial3dg/f4/sample/GAPW1_pairs.json#F4W-01490,,gmc/results/aerial3dg/f4/diag/GAPW1/cylinder/
cylinder,F4W-01491,GAPW1,102,20226,UNKNOWN,start_not_certified_free,EP-TOL,tolerance,0.06,,4.31,1.0792,50.0,1.5,0.195,1.974,12.207,1.5,10.0,1.5,,,,,REACHABLE:graph_path_lifted_and_verified,UNKNOWN:start_not_certified_free,True,0.0,,,,gmc/results/aerial3dg/f4/sample/GAPW1_pairs.json#F4W-01491,,gmc/results/aerial3dg/f4/diag/GAPW1/cylinder/
cylinder,F4W-01498,GAPW1,102,20525,UNKNOWN,shared_replay_failed,EXPORT-DOMAIN,export,1.88,CERTIFIED,3.804,1.1051,5.0,3.0,0.195,16.458,17.692,10.0,10.0,,False,map_unknown,11.04,-19.938,,UNKNOWN:shared_replay_failed,True,1.5,,,,gmc/results/aerial3dg/f4/sample/GAPW1_pairs.json#F4W-01498,,gmc/results/aerial3dg/f4/diag/GAPW1/cylinder/
cylinder,F4W-01499,GAPW1,102,20557,UNKNOWN,goal_not_certified_free,EP-TOL,tolerance,0.07,,3.11,1.073,20.0,1.5,0.195,7.357,1.974,10.0,1.5,1.5,,,,,REACHABLE:graph_path_lifted_and_verified,UNKNOWN:goal_not_certified_free,True,0.1,,,,gmc/results/aerial3dg/f4/sample/GAPW1_pairs.json#F4W-01499,,gmc/results/aerial3dg/f4/diag/GAPW1/cylinder/
cylinder,F4X-00001,WWEST,101,49,TIMEOUT,query_exceeded_120s,METHOD-TIMEOUT,genuine,120.0,,7.108,1.3719,5.0,1.0,0.195,2.993,1.806,10.0,10.0,,,,,,,REACHABLE:graph_path_lifted_and_verified,True,174.5,UNKNOWN:shared_replay_failed,0.85,,gmc/results/aerial3dg/f4/sample/WWEST_pairs.json#F4X-00001,,gmc/results/aerial3dg/f4/diag/WWEST/cylinder/
cylinder,F4X-00004,WWEST,101,167,UNKNOWN,start_not_certified_free,EP-TOL,tolerance,0.08,,4.72,1.1802,100.0,1.5,0.195,1.974,12.207,1.5,10.0,1.5,,,,,REACHABLE:graph_path_lifted_and_verified,UNKNOWN:start_not_certified_free,True,0.2,,,,gmc/results/aerial3dg/f4/sample/WWEST_pairs.json#F4X-00004,,gmc/results/aerial3dg/f4/diag/WWEST/cylinder/
cylinder,F4X-00005,WWEST,101,187,TIMEOUT,query_exceeded_120s,METHOD-TIMEOUT,genuine,120.0,,3.562,1.3974,5.0,1.0,1.046,7.356,1.806,10.0,10.0,,,,,,,TIMEOUT:query_exceeded_300s,True,300.0,UNKNOWN:shared_replay_failed,1.17,,gmc/results/aerial3dg/f4/sample/WWEST_pairs.json#F4X-00005,,gmc/results/aerial3dg/f4/diag/WWEST/cylinder/
cylinder,F4X-00007,WWEST,101,232,TIMEOUT,query_exceeded_120s,METHOD-TIMEOUT,genuine,120.0,,3.987,1.8536,2.0,1.0,0.195,5.42,6.249,10.0,10.0,,,,,,,,,,,,,gmc/results/aerial3dg/f4/sample/WWEST_pairs.json#F4X-00007,,gmc/results/aerial3dg/f4/diag/WWEST/cylinder/
cylinder,F4X-00019,WWEST,101,396,UNKNOWN,start_not_certified_free,EP-TOL,tolerance,0.09,,3.477,1.534,100.0,1.5,0.195,1.225,20.0,1.5,10.0,1.5,,,,,REACHABLE:graph_path_lifted_and_verified,UNKNOWN:start_not_certified_free,True,0.2,,,,gmc/results/aerial3dg/f4/sample/WWEST_pairs.json#F4X-00019,,gmc/results/aerial3dg/f4/diag/WWEST/cylinder/
cylinder,F4X-00020,WWEST,101,426,UNKNOWN,start_not_certified_free,EP-TOL,tolerance,0.09,,3.391,1.4698,100.0,1.0,0.195,1.962,10.863,1.5,10.0,1.5,,,,,REACHABLE:graph_path_lifted_and_verified,UNKNOWN:start_not_certified_free,True,0.2,,,,gmc/results/aerial3dg/f4/sample/WWEST_pairs.json#F4X-00020,,gmc/results/aerial3dg/f4/diag/WWEST/cylinder/
cylinder,F4X-00024,WWEST,101,553,UNKNOWN,goal_not_certified_free,EP-TOL,tolerance,0.1,,4.661,1.0818,50.0,1.5,0.195,12.207,1.974,10.0,1.5,1.5,,,,,REACHABLE:graph_path_lifted_and_verified,UNKNOWN:goal_not_certified_free,True,0.2,,,,gmc/results/aerial3dg/f4/sample/WWEST_pairs.json#F4X-00024,,gmc/results/aerial3dg/f4/diag/WWEST/cylinder/
cylinder,F4X-00030,WWEST,101,685,TIMEOUT,query_exceeded_120s,METHOD-TIMEOUT,genuine,120.0,,5.014,1.57,0.5,2.0,0.195,20.0,2.878,10.0,3.0,,,,,,,,,,,,,gmc/results/aerial3dg/f4/sample/WWEST_pairs.json#F4X-00030,,gmc/results/aerial3dg/f4/diag/WWEST/cylinder/
cylinder,F4X-00038,WWEST,101,799,UNKNOWN,start_not_certified_free,EP-TOL,tolerance,0.09,,6.403,1.0846,20.0,1.0,0.195,1.087,17.518,1.0,10.0,1.0,,,,,TIMEOUT:timeout,UNKNOWN:start_not_certified_free,True,0.2,,,,gmc/results/aerial3dg/f4/sample/WWEST_pairs.json#F4X-00038,,gmc/results/aerial3dg/f4/diag/WWEST/cylinder/
cylinder,F4X-00040,WWEST,101,833,TIMEOUT,query_exceeded_120s,METHOD-TIMEOUT,genuine,120.0,,4.026,1.3093,10.0,1.5,0.195,20.0,2.768,10.0,5.0,,,,,,,,,,,,,gmc/results/aerial3dg/f4/sample/WWEST_pairs.json#F4X-00040,,gmc/results/aerial3dg/f4/diag/WWEST/cylinder/
cylinder,F4X-00055,WWEST,101,1071,UNKNOWN,shared_replay_failed,EXPORT-DOMAIN,export,1.8,CERTIFIED,6.397,1.0805,0.0,3.0,0.195,2.878,7.356,3.0,10.0,,False,map_unknown,29.714,-0.338,,UNKNOWN:shared_replay_failed,True,2.3,,,,gmc/results/aerial3dg/f4/sample/WWEST_pairs.json#F4X-00055,,gmc/results/aerial3dg/f4/diag/WWEST/cylinder/
cylinder,F4X-00066,WWEST,101,1228,TIMEOUT,query_exceeded_120s,METHOD-TIMEOUT,genuine,120.0,,6.966,1.3696,10.0,1.0,0.195,12.839,6.601,10.0,10.0,,,,,,,REACHABLE:graph_path_lifted_and_verified,True,265.5,REACHABLE:graph_path_lifted_and_verified,0.82,,gmc/results/aerial3dg/f4/sample/WWEST_pairs.json#F4X-00066,,gmc/results/aerial3dg/f4/diag/WWEST/cylinder/
cylinder,F4X-00068,WWEST,101,1298,UNKNOWN,start_not_certified_free,EP-TOL,tolerance,0.08,,5.017,1.2031,100.0,1.5,0.195,1.962,6.601,1.5,10.0,1.5,,,,,REACHABLE:graph_path_lifted_and_verified,UNKNOWN:start_not_certified_free,True,0.2,,,,gmc/results/aerial3dg/f4/sample/WWEST_pairs.json#F4X-00068,,gmc/results/aerial3dg/f4/diag/WWEST/cylinder/
cylinder,F4X-00072,WWEST,101,1334,UNKNOWN,goal_not_certified_free,EP-TOL,tolerance,0.08,,3.781,1.193,100.0,1.0,0.195,16.213,1.962,10.0,1.5,1.5,,,,,REACHABLE:graph_path_lifted_and_verified,UNKNOWN:goal_not_certified_free,True,0.3,,,,gmc/results/aerial3dg/f4/sample/WWEST_pairs.json#F4X-00072,,gmc/results/aerial3dg/f4/diag/WWEST/cylinder/
cylinder,F4X-00084,WWEST,101,1595,UNKNOWN,goal_not_certified_free,EP-TOL,tolerance,0.09,,3.426,1.0776,100.0,1.5,1.962,3.292,1.962,3.0,1.5,1.5,,,,,REACHABLE:graph_path_lifted_and_verified,UNKNOWN:goal_not_certified_free,True,0.1,,,,gmc/results/aerial3dg/f4/sample/WWEST_pairs.json#F4X-00084,,gmc/results/aerial3dg/f4/diag/WWEST/cylinder/
cylinder,F4X-00086,WWEST,101,1600,UNKNOWN,goal_not_certified_free,EP-TOL,tolerance,0.08,,3.195,1.0568,20.0,1.5,0.344,13.973,1.974,10.0,1.5,1.5,,,,,UNKNOWN:shared_replay_failed,UNKNOWN:goal_not_certified_free,True,0.2,,,,gmc/results/aerial3dg/f4/sample/WWEST_pairs.json#F4X-00086,,gmc/results/aerial3dg/f4/diag/WWEST/cylinder/
cylinder,F4X-00088,WWEST,101,1651,UNKNOWN,goal_not_certified_free,EP-TOL,tolerance,0.09,,3.455,1.1028,20.0,1.0,0.344,17.692,1.077,10.0,1.0,1.0,,,,,REACHABLE:graph_path_lifted_and_verified,UNKNOWN:goal_not_certified_free,True,0.1,,,,gmc/results/aerial3dg/f4/sample/WWEST_pairs.json#F4X-00088,,gmc/results/aerial3dg/f4/diag/WWEST/cylinder/
cylinder,F4X-00090,WWEST,101,1737,UNKNOWN,start_not_certified_free,EP-TOL,tolerance,0.11,,3.567,1.366,50.0,1.0,0.195,1.255,12.207,1.0,10.0,1.0,,,,,REACHABLE:graph_path_lifted_and_verified,UNKNOWN:start_not_certified_free,True,0.1,,,,gmc/results/aerial3dg/f4/sample/WWEST_pairs.json#F4X-00090,,gmc/results/aerial3dg/f4/diag/WWEST/cylinder/
cylinder,F4X-00098,WWEST,101,1868,TIMEOUT,query_exceeded_120s,METHOD-TIMEOUT,genuine,120.0,,4.084,1.2954,10.0,1.5,0.01,1.227,1.122,3.0,2.0,,,,,,,,,,,,,gmc/results/aerial3dg/f4/sample/WWEST_pairs.json#F4X-00098,,gmc/results/aerial3dg/f4/diag/WWEST/cylinder/
cylinder,F4X-00115,WWEST,101,2207,UNKNOWN,goal_not_certified_free,EP-TOL,tolerance,0.1,,3.604,1.3998,50.0,1.0,0.195,12.207,1.962,10.0,1.5,1.5,,,,,REACHABLE:graph_path_lifted_and_verified,UNKNOWN:goal_not_certified_free,True,0.1,,,,gmc/results/aerial3dg/f4/sample/WWEST_pairs.json#F4X-00115,,gmc/results/aerial3dg/f4/diag/WWEST/cylinder/
cylinder,F4X-00123,WWEST,101,2361,TIMEOUT,query_exceeded_120s,METHOD-TIMEOUT,genuine,120.0,,4.066,1.4577,5.0,1.0,0.01,2.275,1.127,10.0,5.0,,,,,,,,,,,,,gmc/results/aerial3dg/f4/sample/WWEST_pairs.json#F4X-00123,,gmc/results/aerial3dg/f4/diag/WWEST/cylinder/
cylinder,F4X-00135,WWEST,101,2593,UNKNOWN,goal_not_certified_free,EP-TOL,tolerance,0.1,,3.37,1.0834,20.0,1.0,0.544,2.768,1.077,2.0,1.0,1.0,,,,,REACHABLE:graph_path_lifted_and_verified,UNKNOWN:goal_not_certified_free,True,0.1,,,,gmc/results/aerial3dg/f4/sample/WWEST_pairs.json#F4X-00135,,gmc/results/aerial3dg/f4/diag/WWEST/cylinder/
cylinder,F4X-00138,WWEST,101,2640,TIMEOUT,query_exceeded_120s,METHOD-TIMEOUT,genuine,120.0,,3.136,1.6828,2.0,2.0,1.046,7.356,1.806,10.0,5.0,,,,,,,,,,,,,gmc/results/aerial3dg/f4/sample/WWEST_pairs.json#F4X-00138,,gmc/results/aerial3dg/f4/diag/WWEST/cylinder/
cylinder,F4X-00147,WWEST,101,2724,TIMEOUT,query_exceeded_120s,METHOD-TIMEOUT,genuine,120.0,,3.896,1.3733,20.0,1.0,0.195,3.74,19.43,3.0,10.0,,,,,,,,,,,,,gmc/results/aerial3dg/f4/sample/WWEST_pairs.json#F4X-00147,,gmc/results/aerial3dg/f4/diag/WWEST/cylinder/
cylinder,F4X-00150,WWEST,101,2754,TIMEOUT,query_exceeded_120s,METHOD-TIMEOUT,genuine,120.0,,6.608,1.0941,20.0,1.5,0.195,2.768,6.601,2.0,10.0,,,,,,,,,,,,,gmc/results/aerial3dg/f4/sample/WWEST_pairs.json#F4X-00150,,gmc/results/aerial3dg/f4/diag/WWEST/cylinder/
cylinder,F4X-00153,WWEST,101,2784,UNKNOWN,shared_replay_failed,EXPORT-KIN,export,33.07,CERTIFIED,4.63,1.3875,50.0,1.0,0.195,20.0,9.333,10.0,10.0,,True,all_closed_edges_verified,-20.0,-20.0,,UNKNOWN:shared_replay_failed,True,44.0,,,,gmc/results/aerial3dg/f4/sample/WWEST_pairs.json#F4X-00153,,gmc/results/aerial3dg/f4/diag/WWEST/cylinder/
cylinder,F4X-00158,WWEST,101,2930,UNKNOWN,start_not_certified_free,EP-TOL,tolerance,0.08,,3.43,1.274,100.0,1.5,0.195,1.974,12.207,1.5,10.0,1.5,,,,,REACHABLE:graph_path_lifted_and_verified,UNKNOWN:start_not_certified_free,True,0.1,,,,gmc/results/aerial3dg/f4/sample/WWEST_pairs.json#F4X-00158,,gmc/results/aerial3dg/f4/diag/WWEST/cylinder/
cylinder,F4X-00175,WWEST,101,3178,TIMEOUT,query_exceeded_120s,METHOD-TIMEOUT,genuine,120.0,,7.165,1.0809,20.0,1.5,0.195,2.768,10.023,2.0,10.0,,,,,,,REACHABLE:graph_path_lifted_and_verified,True,165.4,UNKNOWN:shared_replay_failed,3.17,,gmc/results/aerial3dg/f4/sample/WWEST_pairs.json#F4X-00175,,gmc/results/aerial3dg/f4/diag/WWEST/cylinder/
cylinder,F4X-00181,WWEST,101,3286,UNKNOWN,goal_not_certified_free,EP-TOL,tolerance,0.1,,5.245,1.3021,50.0,1.5,0.195,6.831,1.962,10.0,1.5,1.5,,,,,REACHABLE:graph_path_lifted_and_verified,UNKNOWN:goal_not_certified_free,True,0.1,,,,gmc/results/aerial3dg/f4/sample/WWEST_pairs.json#F4X-00181,,gmc/results/aerial3dg/f4/diag/WWEST/cylinder/
cylinder,F4X-00189,WWEST,101,3525,UNKNOWN,goal_not_certified_free,EP-TOL,tolerance,0.09,,4.974,1.0758,2.0,1.0,0.195,15.636,1.028,10.0,1.5,1.5,,,,,REACHABLE:graph_path_lifted_and_verified,UNKNOWN:goal_not_certified_free,True,0.1,,,,gmc/results/aerial3dg/f4/sample/WWEST_pairs.json#F4X-00189,,gmc/results/aerial3dg/f4/diag/WWEST/cylinder/
cylinder,F4X-00194,WWEST,101,3613,TIMEOUT,query_exceeded_120s,METHOD-TIMEOUT,genuine,120.0,,6.418,1.0796,20.0,1.5,0.195,2.524,2.768,10.0,2.0,,,,,,,REACHABLE:graph_path_lifted_and_verified,True,204.5,REACHABLE:graph_path_lifted_and_verified,1.44,,gmc/results/aerial3dg/f4/sample/WWEST_pairs.json#F4X-00194,,gmc/results/aerial3dg/f4/diag/WWEST/cylinder/
cylinder,F4X-00196,WWEST,101,3657,TIMEOUT,query_exceeded_120s,METHOD-TIMEOUT,genuine,120.0,,3.757,1.8638,5.0,1.0,0.195,12.207,5.517,10.0,10.0,,,,,,,,,,,,,gmc/results/aerial3dg/f4/sample/WWEST_pairs.json#F4X-00196,,gmc/results/aerial3dg/f4/diag/WWEST/cylinder/
cylinder,F4X-00202,WWEST,101,3732,UNKNOWN,goal_not_certified_free,EP-TOL,tolerance,0.11,,3.114,1.0402,50.0,1.0,0.871,4.001,1.038,5.0,1.0,1.0,,,,,REACHABLE:graph_path_lifted_and_verified,UNKNOWN:goal_not_certified_free,True,0.1,,,,gmc/results/aerial3dg/f4/sample/WWEST_pairs.json#F4X-00202,,gmc/results/aerial3dg/f4/diag/WWEST/cylinder/
cylinder,F4X-00205,WWEST,101,3784,UNKNOWN,goal_not_certified_free,EP-TOL,tolerance,0.1,,4.337,1.3581,50.0,1.0,0.195,7.621,1.077,10.0,1.0,1.0,,,,,TIMEOUT:timeout,UNKNOWN:goal_not_certified_free,True,0.1,,,,gmc/results/aerial3dg/f4/sample/WWEST_pairs.json#F4X-00205,,gmc/results/aerial3dg/f4/diag/WWEST/cylinder/
cylinder,F4X-00207,WWEST,101,3791,UNKNOWN,goal_not_certified_free,EP-TOL,tolerance,0.11,,3.541,1.0254,50.0,1.0,0.195,3.292,1.077,10.0,1.0,1.0,,,,,REACHABLE:graph_path_lifted_and_verified,UNKNOWN:goal_not_certified_free,True,0.2,,,,gmc/results/aerial3dg/f4/sample/WWEST_pairs.json#F4X-00207,,gmc/results/aerial3dg/f4/diag/WWEST/cylinder/
cylinder,F4X-00213,WWEST,101,3907,UNKNOWN,start_not_certified_free,EP-TOL,tolerance,0.11,,3.454,1.0743,10.0,1.5,1.962,1.974,2.878,1.5,5.0,1.5,,,,,UNKNOWN:shared_replay_failed,UNKNOWN:start_not_certified_free,True,0.1,,,,gmc/results/aerial3dg/f4/sample/WWEST_pairs.json#F4X-00213,,gmc/results/aerial3dg/f4/diag/WWEST/cylinder/
cylinder,F4X-00219,WWEST,101,4029,UNKNOWN,goal_not_certified_free,EP-TOL,tolerance,0.09,,3.068,1.0666,100.0,1.0,0.911,2.768,1.077,2.0,1.0,1.0,,,,,REACHABLE:graph_path_lifted_and_verified,UNKNOWN:goal_not_certified_free,True,0.1,,,,gmc/results/aerial3dg/f4/sample/WWEST_pairs.json#F4X-00219,,gmc/results/aerial3dg/f4/diag/WWEST/cylinder/
cylinder,F4X-00221,WWEST,101,4174,TIMEOUT,query_exceeded_120s,METHOD-TIMEOUT,genuine,120.0,,5.55,1.4509,2.0,2.0,0.195,1.806,8.446,5.0,5.0,,,,,,,,,,,,,gmc/results/aerial3dg/f4/sample/WWEST_pairs.json#F4X-00221,,gmc/results/aerial3dg/f4/diag/WWEST/cylinder/
cylinder,F4X-00222,WWEST,101,4179,TIMEOUT,query_exceeded_120s,METHOD-TIMEOUT,genuine,120.0,,5.65,1.2512,10.0,1.5,0.195,20.0,1.164,10.0,3.0,,,,,,,,,,,,,gmc/results/aerial3dg/f4/sample/WWEST_pairs.json#F4X-00222,,gmc/results/aerial3dg/f4/diag/WWEST/cylinder/
cylinder,F4X-00240,WWEST,101,4651,UNKNOWN,start_not_certified_free,EP-TOL,tolerance,0.09,,3.598,1.4876,50.0,1.0,0.195,1.077,12.207,1.0,10.0,1.0,,,,,REACHABLE:graph_path_lifted_and_verified,UNKNOWN:start_not_certified_free,True,0.1,,,,gmc/results/aerial3dg/f4/sample/WWEST_pairs.json#F4X-00240,,gmc/results/aerial3dg/f4/diag/WWEST/cylinder/
cylinder,F4X-00244,WWEST,101,4766,TIMEOUT,query_exceeded_120s,METHOD-TIMEOUT,genuine,120.0,,4.513,1.5668,20.0,1.0,0.01,1.06,8.355,3.0,5.0,,,,,,,REACHABLE:graph_path_lifted_and_verified,True,192.8,UNKNOWN:shared_replay_failed,2.13,,gmc/results/aerial3dg/f4/sample/WWEST_pairs.json#F4X-00244,,gmc/results/aerial3dg/f4/diag/WWEST/cylinder/
cylinder,F4X-00252,WWEST,101,4911,UNKNOWN,shared_replay_failed,EXPORT-DOMAIN,export,0.81,CERTIFIED,5.476,1.0776,2.0,2.0,0.195,3.292,2.993,10.0,2.0,,False,map_unknown,26.475,-3.738,,UNKNOWN:shared_replay_failed,True,0.9,,,,gmc/results/aerial3dg/f4/sample/WWEST_pairs.json#F4X-00252,,gmc/results/aerial3dg/f4/diag/WWEST/cylinder/
cylinder,F4X-00255,WWEST,101,4947,UNKNOWN,goal_not_certified_free,EP-TOL,tolerance,0.09,,3.352,1.2395,100.0,1.5,0.195,20.0,1.974,10.0,1.5,1.5,,,,,REACHABLE:graph_path_lifted_and_verified,UNKNOWN:goal_not_certified_free,True,0.1,,,,gmc/results/aerial3dg/f4/sample/WWEST_pairs.json#F4X-00255,,gmc/results/aerial3dg/f4/diag/WWEST/cylinder/
cylinder,F4X-00259,WWEST,101,5063,UNKNOWN,start_not_certified_free,EP-TOL,tolerance,0.09,,5.389,1.2218,2.0,1.0,0.195,1.974,20.0,1.5,10.0,1.5,,,,,REACHABLE:graph_path_lifted_and_verified,UNKNOWN:start_not_certified_free,True,0.1,,,,gmc/results/aerial3dg/f4/sample/WWEST_pairs.json#F4X-00259,,gmc/results/aerial3dg/f4/diag/WWEST/cylinder/
cylinder,F4X-00260,WWEST,101,5097,UNKNOWN,goal_not_certified_free,EP-TOL,tolerance,0.09,,3.04,1.0103,20.0,1.5,0.344,3.292,1.974,10.0,1.5,1.5,,,,,REACHABLE:graph_path_lifted_and_verified,UNKNOWN:goal_not_certified_free,True,0.1,,,,gmc/results/aerial3dg/f4/sample/WWEST_pairs.json#F4X-00260,,gmc/results/aerial3dg/f4/diag/WWEST/cylinder/
cylinder,F4X-00271,WWEST,101,5264,UNKNOWN,start_not_certified_free,EP-TOL,tolerance,0.09,,3.12,1.0,20.0,1.0,0.871,1.255,2.768,1.0,2.0,1.0,,,,,REACHABLE:graph_path_lifted_and_verified,UNKNOWN:start_not_certified_free,True,0.1,,,,gmc/results/aerial3dg/f4/sample/WWEST_pairs.json#F4X-00271,,gmc/results/aerial3dg/f4/diag/WWEST/cylinder/
cylinder,F4X-00288,WWEST,101,5463,UNKNOWN,shared_replay_failed,EXPORT-KIN,export,54.91,CERTIFIED,5.765,1.3045,10.0,2.0,0.195,19.43,2.878,10.0,10.0,,True,all_closed_edges_verified,-20.0,-20.0,,UNKNOWN:shared_replay_failed,True,62.4,,,,gmc/results/aerial3dg/f4/sample/WWEST_pairs.json#F4X-00288,,gmc/results/aerial3dg/f4/diag/WWEST/cylinder/
cylinder,F4X-00289,WWEST,101,5504,TIMEOUT,query_exceeded_120s,METHOD-TIMEOUT,genuine,120.0,,5.575,1.4612,20.0,1.0,0.195,1.806,3.74,10.0,3.0,,,,,,,,,,,,,gmc/results/aerial3dg/f4/sample/WWEST_pairs.json#F4X-00289,,gmc/results/aerial3dg/f4/diag/WWEST/cylinder/
cylinder,F4X-00291,WWEST,101,5539,UNKNOWN,shared_replay_failed,EXPORT-DOMAIN,export,16.79,CERTIFIED,5.928,1.3123,5.0,1.0,0.195,2.878,12.207,5.0,10.0,,False,map_unknown,17.98,-8.638,,UNKNOWN:shared_replay_failed,True,19.6,,,,gmc/results/aerial3dg/f4/sample/WWEST_pairs.json#F4X-00291,,gmc/results/aerial3dg/f4/diag/WWEST/cylinder/
cylinder,F4X-00297,WWEST,101,5597,UNKNOWN,goal_not_certified_free,EP-TOL,tolerance,0.1,,6.061,1.0738,100.0,1.0,0.195,7.621,1.008,10.0,1.0,1.0,,,,,REACHABLE:graph_path_lifted_and_verified,UNKNOWN:goal_not_certified_free,True,0.1,,,,gmc/results/aerial3dg/f4/sample/WWEST_pairs.json#F4X-00297,,gmc/results/aerial3dg/f4/diag/WWEST/cylinder/
cylinder,F4X-00300,WWEST,101,5648,UNKNOWN,start_not_certified_free,EP-TOL,tolerance,0.09,,3.098,1.662,100.0,1.5,0.195,1.962,16.458,1.5,10.0,1.5,,,,,REACHABLE:graph_path_lifted_and_verified,UNKNOWN:start_not_certified_free,True,0.1,,,,gmc/results/aerial3dg/f4/sample/WWEST_pairs.json#F4X-00300,,gmc/results/aerial3dg/f4/diag/WWEST/cylinder/
cylinder,F4X-00301,WWEST,101,5659,TIMEOUT,query_exceeded_120s,METHOD-TIMEOUT,genuine,120.0,,3.039,1.7862,20.0,1.0,0.195,5.299,20.0,5.0,10.0,,,,,,,REACHABLE:graph_path_lifted_and_verified,True,243.0,REACHABLE:graph_path_lifted_and_verified,0.72,,gmc/results/aerial3dg/f4/sample/WWEST_pairs.json#F4X-00301,,gmc/results/aerial3dg/f4/diag/WWEST/cylinder/
cylinder,F4X-00303,WWEST,101,5676,TIMEOUT,query_exceeded_120s,METHOD-TIMEOUT,genuine,120.0,,6.952,1.2117,10.0,1.5,0.195,20.0,8.011,10.0,5.0,,,,,,,,,,,,,gmc/results/aerial3dg/f4/sample/WWEST_pairs.json#F4X-00303,,gmc/results/aerial3dg/f4/diag/WWEST/cylinder/
cylinder,F4X-00313,WWEST,101,5872,TIMEOUT,query_exceeded_120s,METHOD-TIMEOUT,genuine,120.0,,3.928,1.7126,50.0,1.0,0.195,12.207,3.74,10.0,3.0,,,,,,,REACHABLE:graph_path_lifted_and_verified,True,191.3,UNKNOWN:shared_replay_failed,0.95,,gmc/results/aerial3dg/f4/sample/WWEST_pairs.json#F4X-00313,,gmc/results/aerial3dg/f4/diag/WWEST/cylinder/
cylinder,F4X-00328,WWEST,101,6079,TIMEOUT,query_exceeded_120s,METHOD-TIMEOUT,genuine,120.0,,6.829,1.338,3.0,1.5,0.195,1.806,7.438,10.0,5.0,,,,,,,,,,,,,gmc/results/aerial3dg/f4/sample/WWEST_pairs.json#F4X-00328,,gmc/results/aerial3dg/f4/diag/WWEST/cylinder/
cylinder,F4X-00329,WWEST,101,6096,UNKNOWN,start_not_certified_free,EP-TOL,tolerance,0.1,,4.14,1.1469,50.0,1.5,0.195,1.974,12.207,1.5,10.0,1.5,,,,,REACHABLE:graph_path_lifted_and_verified,UNKNOWN:start_not_certified_free,True,0.1,,,,gmc/results/aerial3dg/f4/sample/WWEST_pairs.json#F4X-00329,,gmc/results/aerial3dg/f4/diag/WWEST/cylinder/
cylinder,F4X-00333,WWEST,101,6157,UNKNOWN,shared_replay_failed,EXPORT-DOMAIN,export,24.67,CERTIFIED,5.247,1.0918,3.0,3.0,0.195,14.365,7.781,10.0,10.0,,False,map_unknown,43.517,-5.038,,UNKNOWN:shared_replay_failed,True,28.3,,,,gmc/results/aerial3dg/f4/sample/WWEST_pairs.json#F4X-00333,,gmc/results/aerial3dg/f4/diag/WWEST/cylinder/
cylinder,F4X-00336,WWEST,101,6238,TIMEOUT,query_exceeded_120s,METHOD-TIMEOUT,genuine,120.0,,5.221,1.2956,10.0,1.0,0.195,1.014,1.358,2.0,5.0,,,,,,,,,,,,,gmc/results/aerial3dg/f4/sample/WWEST_pairs.json#F4X-00336,,gmc/results/aerial3dg/f4/diag/WWEST/cylinder/
cylinder,F4X-00349,WWEST,101,6458,UNKNOWN,goal_not_certified_free,EP-TOL,tolerance,0.09,,4.073,1.3122,20.0,1.0,0.195,4.482,1.077,10.0,1.0,1.0,,,,,REACHABLE:graph_path_lifted_and_verified,UNKNOWN:goal_not_certified_free,True,0.1,,,,gmc/results/aerial3dg/f4/sample/WWEST_pairs.json#F4X-00349,,gmc/results/aerial3dg/f4/diag/WWEST/cylinder/
cylinder,F4X-00354,WWEST,101,6601,TIMEOUT,query_exceeded_120s,METHOD-TIMEOUT,genuine,120.0,,4.127,1.1113,10.0,1.0,0.344,2.645,1.18,10.0,10.0,,,,,,,REACHABLE:graph_path_lifted_and_verified,True,183.2,UNKNOWN:shared_replay_failed,0.54,,gmc/results/aerial3dg/f4/sample/WWEST_pairs.json#F4X-00354,,gmc/results/aerial3dg/f4/diag/WWEST/cylinder/
cylinder,F4X-00359,WWEST,101,6670,TIMEOUT,query_exceeded_120s,METHOD-TIMEOUT,genuine,120.0,,3.412,1.7723,50.0,1.0,0.195,12.207,3.74,10.0,3.0,,,,,,,,,,,,,gmc/results/aerial3dg/f4/sample/WWEST_pairs.json#F4X-00359,,gmc/results/aerial3dg/f4/diag/WWEST/cylinder/
cylinder,F4X-00367,WWEST,101,6932,TIMEOUT,query_exceeded_120s,METHOD-TIMEOUT,genuine,120.0,,5.852,1.4211,10.0,2.0,0.195,6.601,7.438,5.0,10.0,,,,,,,TIMEOUT:query_exceeded_300s,True,300.0,UNKNOWN:shared_replay_failed,0.59,,gmc/results/aerial3dg/f4/sample/WWEST_pairs.json#F4X-00367,,gmc/results/aerial3dg/f4/diag/WWEST/cylinder/
cylinder,F4X-00372,WWEST,101,7042,TIMEOUT,query_exceeded_120s,METHOD-TIMEOUT,genuine,120.0,,4.98,1.4901,10.0,1.0,0.195,6.601,8.446,5.0,5.0,,,,,,,,,,,,,gmc/results/aerial3dg/f4/sample/WWEST_pairs.json#F4X-00372,,gmc/results/aerial3dg/f4/diag/WWEST/cylinder/
cylinder,F4X-00394,WWEST,101,7558,TIMEOUT,query_exceeded_120s,METHOD-TIMEOUT,genuine,120.0,,6.006,1.3528,20.0,1.0,0.01,7.438,10.405,10.0,10.0,,,,,,,,,,,,,gmc/results/aerial3dg/f4/sample/WWEST_pairs.json#F4X-00394,,gmc/results/aerial3dg/f4/diag/WWEST/cylinder/
cylinder,F4X-00397,WWEST,101,7645,TIMEOUT,query_exceeded_120s,METHOD-TIMEOUT,genuine,120.0,,6.843,1.2202,3.0,1.0,0.195,1.002,2.993,3.0,10.0,,,,,,,,,,,,,gmc/results/aerial3dg/f4/sample/WWEST_pairs.json#F4X-00397,,gmc/results/aerial3dg/f4/diag/WWEST/cylinder/
cylinder,F4X-00404,WWEST,101,7776,UNKNOWN,shared_replay_failed,EXPORT-KIN,export,31.18,CERTIFIED,4.179,1.6188,100.0,3.0,0.01,8.355,12.839,5.0,10.0,,True,all_closed_edges_verified,-20.0,-20.0,,UNKNOWN:shared_replay_failed,True,40.2,,,,gmc/results/aerial3dg/f4/sample/WWEST_pairs.json#F4X-00404,,gmc/results/aerial3dg/f4/diag/WWEST/cylinder/
cylinder,F4X-00410,WWEST,101,7930,UNKNOWN,start_not_certified_free,EP-TOL,tolerance,0.1,,3.467,1.4271,10.0,1.0,0.195,1.077,19.43,1.0,10.0,1.0,,,,,REACHABLE:graph_path_lifted_and_verified,UNKNOWN:start_not_certified_free,True,0.1,,,,gmc/results/aerial3dg/f4/sample/WWEST_pairs.json#F4X-00410,,gmc/results/aerial3dg/f4/diag/WWEST/cylinder/
cylinder,F4X-00417,WWEST,101,8017,TIMEOUT,query_exceeded_120s,METHOD-TIMEOUT,genuine,120.0,,4.426,1.1076,10.0,2.0,0.195,2.768,20.0,2.0,10.0,,,,,,,,,,,,,gmc/results/aerial3dg/f4/sample/WWEST_pairs.json#F4X-00417,,gmc/results/aerial3dg/f4/diag/WWEST/cylinder/
cylinder,F4X-00428,WWEST,101,8143,UNKNOWN,start_not_certified_free,EP-TOL,tolerance,0.1,,4.542,1.1794,20.0,1.5,0.195,1.974,12.207,1.5,10.0,1.5,,,,,REACHABLE:graph_path_lifted_and_verified,UNKNOWN:start_not_certified_free,True,0.1,,,,gmc/results/aerial3dg/f4/sample/WWEST_pairs.json#F4X-00428,,gmc/results/aerial3dg/f4/diag/WWEST/cylinder/
cylinder,F4X-00432,WWEST,101,8275,UNKNOWN,goal_not_certified_free,EP-TOL,tolerance,0.1,,4.27,1.4476,10.0,1.5,0.195,20.0,1.248,10.0,1.5,1.5,,,,,TIMEOUT:timeout,UNKNOWN:goal_not_certified_free,True,0.1,,,,gmc/results/aerial3dg/f4/sample/WWEST_pairs.json#F4X-00432,,gmc/results/aerial3dg/f4/diag/WWEST/cylinder/
cylinder,F4X-00433,WWEST,101,8279,UNKNOWN,goal_not_certified_free,EP-TOL,tolerance,0.09,,5.337,1.2572,1.5,1.5,0.195,2.559,1.806,5.0,1.5,1.5,,,,,REACHABLE:graph_path_lifted_and_verified,UNKNOWN:goal_not_certified_free,True,0.1,,,,gmc/results/aerial3dg/f4/sample/WWEST_pairs.json#F4X-00433,,gmc/results/aerial3dg/f4/diag/WWEST/cylinder/
cylinder,F4X-00436,WWEST,101,8335,UNKNOWN,goal_not_certified_free,EP-TOL,tolerance,0.09,,4.278,1.1686,100.0,1.5,0.195,6.9,1.974,10.0,1.5,1.5,,,,,REACHABLE:graph_path_lifted_and_verified,UNKNOWN:goal_not_certified_free,True,0.1,,,,gmc/results/aerial3dg/f4/sample/WWEST_pairs.json#F4X-00436,,gmc/results/aerial3dg/f4/diag/WWEST/cylinder/
cylinder,F4X-00445,WWEST,101,8493,TIMEOUT,query_exceeded_120s,METHOD-TIMEOUT,genuine,120.0,,4.187,1.3222,20.0,1.0,0.195,1.077,2.574,3.0,10.0,,,,,,,REACHABLE:graph_path_lifted_and_verified,True,296.7,REACHABLE:graph_path_lifted_and_verified,1.3,,gmc/results/aerial3dg/f4/sample/WWEST_pairs.json#F4X-00445,,gmc/results/aerial3dg/f4/diag/WWEST/cylinder/
cylinder,F4X-00449,WWEST,101,8566,UNKNOWN,start_not_certified_free,EP-TOL,tolerance,0.09,,4.572,1.1754,20.0,1.0,0.195,1.962,12.207,1.5,10.0,1.5,,,,,REACHABLE:graph_path_lifted_and_verified,UNKNOWN:start_not_certified_free,True,0.1,,,,gmc/results/aerial3dg/f4/sample/WWEST_pairs.json#F4X-00449,,gmc/results/aerial3dg/f4/diag/WWEST/cylinder/
cylinder,F4X-00457,WWEST,101,8707,UNKNOWN,start_not_certified_free,EP-TOL,tolerance,0.09,,3.487,1.5263,5.0,1.5,0.01,1.255,12.248,1.5,10.0,1.5,,,,,REACHABLE:graph_path_lifted_and_verified,UNKNOWN:start_not_certified_free,True,0.1,,,,gmc/results/aerial3dg/f4/sample/WWEST_pairs.json#F4X-00457,,gmc/results/aerial3dg/f4/diag/WWEST/cylinder/
cylinder,F4X-00459,WWEST,101,8724,TIMEOUT,query_exceeded_120s,METHOD-TIMEOUT,genuine,120.0,,3.471,1.3854,5.0,2.0,1.046,3.291,20.0,10.0,10.0,,,,,,,,,,,,,gmc/results/aerial3dg/f4/sample/WWEST_pairs.json#F4X-00459,,gmc/results/aerial3dg/f4/diag/WWEST/cylinder/
cylinder,F4X-00465,WWEST,101,8853,UNKNOWN,goal_not_certified_free,EP-TOL,tolerance,0.1,,4.817,1.3221,100.0,1.0,0.195,20.0,1.962,10.0,1.5,1.5,,,,,REACHABLE:graph_path_lifted_and_verified,UNKNOWN:goal_not_certified_free,True,0.1,,,,gmc/results/aerial3dg/f4/sample/WWEST_pairs.json#F4X-00465,,gmc/results/aerial3dg/f4/diag/WWEST/cylinder/
cylinder,F4X-00466,WWEST,101,8861,UNKNOWN,goal_not_certified_free,EP-TOL,tolerance,0.09,,3.176,1.0132,20.0,1.5,1.962,12.839,1.974,10.0,1.5,1.5,,,,,REACHABLE:graph_path_lifted_and_verified,UNKNOWN:goal_not_certified_free,True,0.1,,,,gmc/results/aerial3dg/f4/sample/WWEST_pairs.json#F4X-00466,,gmc/results/aerial3dg/f4/diag/WWEST/cylinder/
cylinder,F4X-00467,WWEST,101,8863,TIMEOUT,query_exceeded_120s,METHOD-TIMEOUT,genuine,120.0,,3.27,1.5019,20.0,5.0,1.046,6.601,7.356,5.0,10.0,,,,,,,,,,,,,gmc/results/aerial3dg/f4/sample/WWEST_pairs.json#F4X-00467,,gmc/results/aerial3dg/f4/diag/WWEST/cylinder/
cylinder,F4X-00469,WWEST,101,8894,UNKNOWN,shared_replay_failed,EXPORT-DOMAIN,export,7.74,CERTIFIED,4.735,1.0677,5.0,1.0,0.01,16.838,2.993,10.0,10.0,,False,map_unknown,2.309,-9.438,,UNKNOWN:shared_replay_failed,True,9.2,,,,gmc/results/aerial3dg/f4/sample/WWEST_pairs.json#F4X-00469,,gmc/results/aerial3dg/f4/diag/WWEST/cylinder/
cylinder,F4X-00474,WWEST,101,9002,TIMEOUT,query_exceeded_120s,METHOD-TIMEOUT,genuine,120.0,,5.985,1.4158,3.0,1.0,0.195,2.993,20.0,10.0,10.0,,,,,,,REACHABLE:graph_path_lifted_and_verified,True,143.7,UNKNOWN:shared_replay_failed,1.49,,gmc/results/aerial3dg/f4/sample/WWEST_pairs.json#F4X-00474,,gmc/results/aerial3dg/f4/diag/WWEST/cylinder/
cylinder,F4X-00497,WWEST,101,9469,UNKNOWN,goal_not_certified_free,EP-TOL,tolerance,0.09,,3.096,1.0352,100.0,1.0,0.344,4.001,1.077,5.0,1.0,1.0,,,,,REACHABLE:graph_path_lifted_and_verified,UNKNOWN:goal_not_certified_free,True,0.1,,,,gmc/results/aerial3dg/f4/sample/WWEST_pairs.json#F4X-00497,,gmc/results/aerial3dg/f4/diag/WWEST/cylinder/
cylinder,F4X-00511,WWEST,102,142,TIMEOUT,query_exceeded_120s,METHOD-TIMEOUT,genuine,120.0,,3.577,1.8907,20.0,1.0,0.195,12.207,11.378,10.0,10.0,,,,,,,REACHABLE:graph_path_lifted_and_verified,True,296.3,REACHABLE:graph_path_lifted_and_verified,1.94,,gmc/results/aerial3dg/f4/sample/WWEST_pairs.json#F4X-00511,,gmc/results/aerial3dg/f4/diag/WWEST/cylinder/
cylinder,F4X-00513,WWEST,102,159,TIMEOUT,query_exceeded_120s,METHOD-TIMEOUT,genuine,120.0,,3.097,1.206,5.0,1.5,1.974,17.692,2.768,10.0,2.0,,,,,,,REACHABLE:graph_path_lifted_and_verified,True,206.8,UNKNOWN:shared_replay_failed,3.65,,gmc/results/aerial3dg/f4/sample/WWEST_pairs.json#F4X-00513,,gmc/results/aerial3dg/f4/diag/WWEST/cylinder/
cylinder,F4X-00524,WWEST,102,386,TIMEOUT,query_exceeded_120s,METHOD-TIMEOUT,genuine,120.0,,5.726,1.2969,20.0,1.0,0.195,7.621,3.354,10.0,5.0,,,,,,,,,,,,,gmc/results/aerial3dg/f4/sample/WWEST_pairs.json#F4X-00524,,gmc/results/aerial3dg/f4/diag/WWEST/cylinder/
cylinder,F4X-00525,WWEST,102,388,TIMEOUT,query_exceeded_120s,METHOD-TIMEOUT,genuine,120.0,,5.563,1.5182,3.0,1.0,0.195,3.354,6.601,3.0,5.0,,,,,,,TIMEOUT:query_exceeded_300s,True,300.0,UNKNOWN:shared_replay_failed,2.59,,gmc/results/aerial3dg/f4/sample/WWEST_pairs.json#F4X-00525,,gmc/results/aerial3dg/f4/diag/WWEST/cylinder/
cylinder,F4X-00530,WWEST,102,586,TIMEOUT,query_exceeded_120s,METHOD-TIMEOUT,genuine,120.0,,3.235,1.8271,10.0,1.0,0.01,3.74,12.207,5.0,10.0,,,,,,,,,,,,,gmc/results/aerial3dg/f4/sample/WWEST_pairs.json#F4X-00530,,gmc/results/aerial3dg/f4/diag/WWEST/cylinder/
cylinder,F4X-00534,WWEST,102,671,TIMEOUT,query_exceeded_120s,METHOD-TIMEOUT,genuine,120.0,,4.734,1.4252,10.0,1.0,0.195,6.601,1.255,10.0,5.0,,,,,,,REACHABLE:graph_path_lifted_and_verified,True,150.5,REACHABLE:graph_path_lifted_and_verified,1.15,,gmc/results/aerial3dg/f4/sample/WWEST_pairs.json#F4X-00534,,gmc/results/aerial3dg/f4/diag/WWEST/cylinder/
cylinder,F4X-00535,WWEST,102,674,TIMEOUT,query_exceeded_120s,METHOD-TIMEOUT,genuine,120.0,,4.041,1.1792,20.0,1.0,0.195,1.92,11.378,5.0,10.0,,,,,,,,,,,,,gmc/results/aerial3dg/f4/sample/WWEST_pairs.json#F4X-00535,,gmc/results/aerial3dg/f4/diag/WWEST/cylinder/
cylinder,F4X-00537,WWEST,102,693,TIMEOUT,query_exceeded_120s,METHOD-TIMEOUT,genuine,120.0,,4.778,1.3206,50.0,1.0,0.195,7.052,3.74,10.0,3.0,,,,,,,REACHABLE:graph_path_lifted_and_verified,True,191.7,REACHABLE:graph_path_lifted_and_verified,0.92,,gmc/results/aerial3dg/f4/sample/WWEST_pairs.json#F4X-00537,,gmc/results/aerial3dg/f4/diag/WWEST/cylinder/
cylinder,F4X-00539,WWEST,102,734,UNKNOWN,start_not_certified_free,EP-TOL,tolerance,0.08,,4.268,1.2204,50.0,1.5,0.195,1.974,12.207,1.5,10.0,1.5,,,,,REACHABLE:graph_path_lifted_and_verified,UNKNOWN:start_not_certified_free,True,0.1,,,,gmc/results/aerial3dg/f4/sample/WWEST_pairs.json#F4X-00539,,gmc/results/aerial3dg/f4/diag/WWEST/cylinder/
cylinder,F4X-00543,WWEST,102,908,TIMEOUT,query_exceeded_120s,METHOD-TIMEOUT,genuine,120.0,,4.451,1.3762,10.0,1.0,0.195,3.74,1.326,3.0,10.0,,,,,,,,,,,,,gmc/results/aerial3dg/f4/sample/WWEST_pairs.json#F4X-00543,,gmc/results/aerial3dg/f4/diag/WWEST/cylinder/
cylinder,F4X-00544,WWEST,102,909,UNKNOWN,start_not_certified_free,EP-TOL,tolerance,0.09,,4.977,1.1512,100.0,1.0,0.195,1.974,12.495,1.5,10.0,1.5,,,,,REACHABLE:graph_path_lifted_and_verified,UNKNOWN:start_not_certified_free,True,0.1,,,,gmc/results/aerial3dg/f4/sample/WWEST_pairs.json#F4X-00544,,gmc/results/aerial3dg/f4/diag/WWEST/cylinder/
cylinder,F4X-00546,WWEST,102,917,UNKNOWN,shared_replay_failed,EXPORT-DOMAIN,export,0.59,CERTIFIED,4.23,1.0422,3.0,1.5,0.344,7.069,1.962,5.0,2.0,,False,map_unknown,46.193,-6.538,,UNKNOWN:shared_replay_failed,True,1.0,,,,gmc/results/aerial3dg/f4/sample/WWEST_pairs.json#F4X-00546,,gmc/results/aerial3dg/f4/diag/WWEST/cylinder/
cylinder,F4X-00552,WWEST,102,1005,UNKNOWN,start_not_certified_free,EP-TOL,tolerance,0.1,,3.973,1.2849,50.0,1.0,0.195,1.974,12.207,1.5,10.0,1.5,,,,,REACHABLE:graph_path_lifted_and_verified,UNKNOWN:start_not_certified_free,True,0.1,,,,gmc/results/aerial3dg/f4/sample/WWEST_pairs.json#F4X-00552,,gmc/results/aerial3dg/f4/diag/WWEST/cylinder/
cylinder,F4X-00563,WWEST,102,1212,UNKNOWN,goal_not_certified_free,EP-TOL,tolerance,0.09,,4.053,1.2774,3.0,1.5,0.195,2.5,1.974,10.0,1.5,1.5,,,,,REACHABLE:graph_path_lifted_and_verified,UNKNOWN:goal_not_certified_free,True,0.1,,,,gmc/results/aerial3dg/f4/sample/WWEST_pairs.json#F4X-00563,,gmc/results/aerial3dg/f4/diag/WWEST/cylinder/
cylinder,F4X-00565,WWEST,102,1238,TIMEOUT,query_exceeded_120s,METHOD-TIMEOUT,genuine,120.0,,4.155,1.5358,20.0,1.0,0.195,6.601,1.121,10.0,5.0,,,,,,,TIMEOUT:query_exceeded_300s,True,300.0,REACHABLE:graph_path_lifted_and_verified,1.39,,gmc/results/aerial3dg/f4/sample/WWEST_pairs.json#F4X-00565,,gmc/results/aerial3dg/f4/diag/WWEST/cylinder/
cylinder,F4X-00572,WWEST,102,1367,UNKNOWN,goal_not_certified_free,EP-TOL,tolerance,0.09,,3.294,1.3137,100.0,1.5,0.195,20.0,1.962,10.0,1.5,1.5,,,,,REACHABLE:graph_path_lifted_and_verified,UNKNOWN:goal_not_certified_free,True,0.1,,,,gmc/results/aerial3dg/f4/sample/WWEST_pairs.json#F4X-00572,,gmc/results/aerial3dg/f4/diag/WWEST/cylinder/
cylinder,F4X-00573,WWEST,102,1377,TIMEOUT,query_exceeded_120s,METHOD-TIMEOUT,genuine,120.0,,3.213,1.2512,10.0,1.0,0.544,1.151,6.337,2.0,10.0,,,,,,,,,,,,,gmc/results/aerial3dg/f4/sample/WWEST_pairs.json#F4X-00573,,gmc/results/aerial3dg/f4/diag/WWEST/cylinder/
cylinder,F4X-00574,WWEST,102,1430,UNKNOWN,start_not_certified_free,EP-TOL,tolerance,0.1,,4.506,1.5463,5.0,1.0,0.195,1.255,1.806,1.0,10.0,1.0,,,,,TIMEOUT:timeout,UNKNOWN:start_not_certified_free,True,0.1,,,,gmc/results/aerial3dg/f4/sample/WWEST_pairs.json#F4X-00574,,gmc/results/aerial3dg/f4/diag/WWEST/cylinder/
cylinder,F4X-00579,WWEST,102,1503,TIMEOUT,query_exceeded_120s,METHOD-TIMEOUT,genuine,120.0,,5.785,1.2742,50.0,1.0,0.195,3.16,3.991,10.0,10.0,,,,,,,,,,,,,gmc/results/aerial3dg/f4/sample/WWEST_pairs.json#F4X-00579,,gmc/results/aerial3dg/f4/diag/WWEST/cylinder/
cylinder,F4X-00592,WWEST,102,1710,UNKNOWN,start_not_certified_free,EP-TOL,tolerance,0.09,,3.47,1.3235,100.0,1.5,0.195,1.962,20.0,1.5,10.0,1.5,,,,,REACHABLE:graph_path_lifted_and_verified,UNKNOWN:start_not_certified_free,True,0.1,,,,gmc/results/aerial3dg/f4/sample/WWEST_pairs.json#F4X-00592,,gmc/results/aerial3dg/f4/diag/WWEST/cylinder/
cylinder,F4X-00600,WWEST,102,1816,UNKNOWN,shared_replay_failed,EXPORT-DOMAIN,export,43.46,CERTIFIED,3.462,1.064,3.0,1.5,0.344,11.641,7.482,10.0,5.0,,False,map_unknown,2.44,-6.138,,UNKNOWN:shared_replay_failed,True,60.0,,,,gmc/results/aerial3dg/f4/sample/WWEST_pairs.json#F4X-00600,,gmc/results/aerial3dg/f4/diag/WWEST/cylinder/
cylinder,F4X-00609,WWEST,102,1930,TIMEOUT,query_exceeded_120s,METHOD-TIMEOUT,genuine,120.0,,3.067,1.7097,1.5,1.5,1.046,1.48,1.806,10.0,10.0,,,,,,,,,,,,,gmc/results/aerial3dg/f4/sample/WWEST_pairs.json#F4X-00609,,gmc/results/aerial3dg/f4/diag/WWEST/cylinder/
cylinder,F4X-00612,WWEST,102,1982,UNKNOWN,start_not_certified_free,EP-TOL,tolerance,0.09,,4.028,1.2438,50.0,1.0,0.195,1.962,19.43,1.5,10.0,1.5,,,,,REACHABLE:graph_path_lifted_and_verified,UNKNOWN:start_not_certified_free,True,0.1,,,,gmc/results/aerial3dg/f4/sample/WWEST_pairs.json#F4X-00612,,gmc/results/aerial3dg/f4/diag/WWEST/cylinder/
cylinder,F4X-00613,WWEST,102,2003,UNKNOWN,goal_not_certified_free,EP-TOL,tolerance,0.08,,4.451,1.224,100.0,1.5,0.195,12.207,1.962,10.0,1.5,1.5,,,,,REACHABLE:graph_path_lifted_and_verified,UNKNOWN:goal_not_certified_free,True,0.1,,,,gmc/results/aerial3dg/f4/sample/WWEST_pairs.json#F4X-00613,,gmc/results/aerial3dg/f4/diag/WWEST/cylinder/
cylinder,F4X-00614,WWEST,102,2094,UNKNOWN,shared_replay_failed,EXPORT-DOMAIN,export,1.55,CERTIFIED,3.374,1.092,5.0,1.5,0.195,5.106,20.0,5.0,10.0,,False,map_unknown,32.189,-12.738,,UNKNOWN:shared_replay_failed,True,2.0,,,,gmc/results/aerial3dg/f4/sample/WWEST_pairs.json#F4X-00614,,gmc/results/aerial3dg/f4/diag/WWEST/cylinder/
cylinder,F4X-00636,WWEST,102,2491,TIMEOUT,query_exceeded_120s,METHOD-TIMEOUT,genuine,120.0,,5.47,1.4733,5.0,1.0,0.195,1.806,3.74,5.0,10.0,,,,,,,,,,,,,gmc/results/aerial3dg/f4/sample/WWEST_pairs.json#F4X-00636,,gmc/results/aerial3dg/f4/diag/WWEST/cylinder/
cylinder,F4X-00638,WWEST,102,2493,TIMEOUT,query_exceeded_120s,METHOD-TIMEOUT,genuine,120.0,,4.086,1.5808,10.0,1.0,0.195,11.378,12.207,10.0,10.0,,,,,,,,,,,,,gmc/results/aerial3dg/f4/sample/WWEST_pairs.json#F4X-00638,,gmc/results/aerial3dg/f4/diag/WWEST/cylinder/
cylinder,F4X-00646,WWEST,102,2618,UNKNOWN,shared_replay_failed,EXPORT-DOMAIN,export,49.93,CERTIFIED,3.781,1.7617,5.0,1.0,0.195,20.0,2.993,10.0,2.0,,False,map_unknown,0.278,-13.938,,UNKNOWN:shared_replay_failed,True,59.1,,,,gmc/results/aerial3dg/f4/sample/WWEST_pairs.json#F4X-00646,,gmc/results/aerial3dg/f4/diag/WWEST/cylinder/
cylinder,F4X-00647,WWEST,102,2698,UNKNOWN,goal_not_certified_free,EP-TOL,tolerance,0.09,,3.881,1.3542,3.0,1.0,0.195,7.621,1.021,10.0,1.0,1.0,,,,,TIMEOUT:timeout,UNKNOWN:goal_not_certified_free,True,0.1,,,,gmc/results/aerial3dg/f4/sample/WWEST_pairs.json#F4X-00647,,gmc/results/aerial3dg/f4/diag/WWEST/cylinder/
cylinder,F4X-00648,WWEST,102,2726,TIMEOUT,query_exceeded_120s,METHOD-TIMEOUT,genuine,120.0,,6.391,1.3285,50.0,1.5,0.195,20.0,7.438,10.0,5.0,,,,,,,,,,,,,gmc/results/aerial3dg/f4/sample/WWEST_pairs.json#F4X-00648,,gmc/results/aerial3dg/f4/diag/WWEST/cylinder/
cylinder,F4X-00657,WWEST,102,2853,TIMEOUT,query_exceeded_120s,METHOD-TIMEOUT,genuine,120.0,,3.46,1.3632,5.0,1.0,0.195,3.74,16.213,5.0,10.0,,,,,,,REACHABLE:graph_path_lifted_and_verified,True,205.5,REACHABLE:graph_path_lifted_and_verified,0.63,,gmc/results/aerial3dg/f4/sample/WWEST_pairs.json#F4X-00657,,gmc/results/aerial3dg/f4/diag/WWEST/cylinder/
cylinder,F4X-00659,WWEST,102,2865,UNKNOWN,start_not_certified_free,EP-TOL,tolerance,0.08,,3.093,1.325,100.0,1.0,0.195,1.962,20.0,1.5,10.0,1.5,,,,,REACHABLE:graph_path_lifted_and_verified,UNKNOWN:start_not_certified_free,True,0.1,,,,gmc/results/aerial3dg/f4/sample/WWEST_pairs.json#F4X-00659,,gmc/results/aerial3dg/f4/diag/WWEST/cylinder/
cylinder,F4X-00664,WWEST,102,3007,TIMEOUT,query_exceeded_120s,METHOD-TIMEOUT,genuine,120.0,,5.265,1.5538,3.0,1.0,0.195,1.468,20.0,3.0,10.0,,,,,,,,,,,,,gmc/results/aerial3dg/f4/sample/WWEST_pairs.json#F4X-00664,,gmc/results/aerial3dg/f4/diag/WWEST/cylinder/
cylinder,F4X-00665,WWEST,102,3010,UNKNOWN,shared_replay_failed,EXPORT-DOMAIN,export,61.92,CERTIFIED,5.162,1.5222,5.0,1.0,0.195,12.207,2.993,10.0,2.0,,False,map_unknown,5.64,-11.038,,UNKNOWN:shared_replay_failed,True,80.5,,,,gmc/results/aerial3dg/f4/sample/WWEST_pairs.json#F4X-00665,,gmc/results/aerial3dg/f4/diag/WWEST/cylinder/
cylinder,F4X-00667,WWEST,102,3026,UNKNOWN,goal_not_certified_free,EP-TOL,tolerance,0.13,,3.885,1.1214,10.0,1.0,0.195,4.719,1.034,5.0,1.0,1.0,,,,,UNKNOWN:own_verification_unresolved,UNKNOWN:goal_not_certified_free,True,0.1,,,,gmc/results/aerial3dg/f4/sample/WWEST_pairs.json#F4X-00667,,gmc/results/aerial3dg/f4/diag/WWEST/cylinder/
cylinder,F4X-00670,WWEST,102,3070,UNKNOWN,goal_not_certified_free,EP-TOL,tolerance,0.23,,3.535,1.5587,20.0,1.5,0.195,1.058,1.962,10.0,1.5,1.5,,,,,REACHABLE:graph_path_lifted_and_verified,UNKNOWN:goal_not_certified_free,True,0.1,,,,gmc/results/aerial3dg/f4/sample/WWEST_pairs.json#F4X-00670,,gmc/results/aerial3dg/f4/diag/WWEST/cylinder/
cylinder,F4X-00671,WWEST,102,3088,UNKNOWN,shared_replay_failed,EXPORT-DOMAIN,export,9.26,CERTIFIED,5.373,1.1172,10.0,2.0,0.195,11.012,1.185,10.0,5.0,,False,map_unknown,8.673,-16.738,,UNKNOWN:shared_replay_failed,True,11.0,,,,gmc/results/aerial3dg/f4/sample/WWEST_pairs.json#F4X-00671,,gmc/results/aerial3dg/f4/diag/WWEST/cylinder/
cylinder,F4X-00676,WWEST,102,3147,TIMEOUT,query_exceeded_120s,METHOD-TIMEOUT,genuine,120.0,,4.14,1.0967,10.0,1.0,0.344,11.641,2.768,10.0,2.0,,,,,,,,,,,,,gmc/results/aerial3dg/f4/sample/WWEST_pairs.json#F4X-00676,,gmc/results/aerial3dg/f4/diag/WWEST/cylinder/
cylinder,F4X-00677,WWEST,102,3148,TIMEOUT,query_exceeded_120s,METHOD-TIMEOUT,genuine,120.0,,6.579,1.2314,10.0,1.5,0.195,7.857,1.806,5.0,10.0,,,,,,,,,,,,,gmc/results/aerial3dg/f4/sample/WWEST_pairs.json#F4X-00677,,gmc/results/aerial3dg/f4/diag/WWEST/cylinder/
cylinder,F4X-00684,WWEST,102,3343,UNKNOWN,goal_not_certified_free,EP-TOL,tolerance,0.1,,3.552,1.3486,20.0,1.0,0.195,19.43,1.059,10.0,1.0,1.0,,,,,REACHABLE:graph_path_lifted_and_verified,UNKNOWN:goal_not_certified_free,True,0.1,,,,gmc/results/aerial3dg/f4/sample/WWEST_pairs.json#F4X-00684,,gmc/results/aerial3dg/f4/diag/WWEST/cylinder/
cylinder,F4X-00689,WWEST,102,3462,TIMEOUT,query_exceeded_120s,METHOD-TIMEOUT,genuine,120.0,,4.979,1.0927,5.0,1.5,0.344,11.641,1.085,10.0,3.0,,,,,,,,,,,,,gmc/results/aerial3dg/f4/sample/WWEST_pairs.json#F4X-00689,,gmc/results/aerial3dg/f4/diag/WWEST/cylinder/
cylinder,F4X-00690,WWEST,102,3466,UNKNOWN,shared_replay_failed,EXPORT-DOMAIN,export,1.33,CERTIFIED,3.46,1.0735,5.0,3.0,0.195,20.0,5.106,10.0,5.0,,False,map_unknown,37.783,-7.038,,UNKNOWN:shared_replay_failed,True,1.4,,,,gmc/results/aerial3dg/f4/sample/WWEST_pairs.json#F4X-00690,,gmc/results/aerial3dg/f4/diag/WWEST/cylinder/
cylinder,F4X-00695,WWEST,102,3530,UNKNOWN,goal_not_certified_free,EP-TOL,tolerance,0.12,,5.963,1.1915,2.0,1.5,0.195,4.967,1.974,10.0,1.5,1.5,,,,,REACHABLE:graph_path_lifted_and_verified,UNKNOWN:goal_not_certified_free,True,0.1,,,,gmc/results/aerial3dg/f4/sample/WWEST_pairs.json#F4X-00695,,gmc/results/aerial3dg/f4/diag/WWEST/cylinder/
cylinder,F4X-00703,WWEST,102,3603,TIMEOUT,query_exceeded_120s,METHOD-TIMEOUT,genuine,120.0,,6.752,1.0835,1.0,1.5,0.344,6.832,1.034,10.0,3.0,,,,,,,,,,,,,gmc/results/aerial3dg/f4/sample/WWEST_pairs.json#F4X-00703,,gmc/results/aerial3dg/f4/diag/WWEST/cylinder/
cylinder,F4X-00704,WWEST,102,3606,TIMEOUT,query_exceeded_120s,METHOD-TIMEOUT,genuine,120.0,,4.855,1.2747,20.0,1.0,0.195,3.354,13.145,3.0,10.0,,,,,,,,,,,,,gmc/results/aerial3dg/f4/sample/WWEST_pairs.json#F4X-00704,,gmc/results/aerial3dg/f4/diag/WWEST/cylinder/
cylinder,F4X-00705,WWEST,102,3625,UNKNOWN,goal_not_certified_free,EP-TOL,tolerance,0.12,,4.71,1.1502,100.0,1.0,0.195,19.43,1.338,10.0,1.5,1.5,,,,,REACHABLE:graph_path_lifted_and_verified,UNKNOWN:goal_not_certified_free,True,0.1,,,,gmc/results/aerial3dg/f4/sample/WWEST_pairs.json#F4X-00705,,gmc/results/aerial3dg/f4/diag/WWEST/cylinder/
cylinder,F4X-00707,WWEST,102,3628,UNKNOWN,start_not_certified_free,EP-TOL,tolerance,0.09,,4.713,1.2242,50.0,1.0,0.195,1.962,12.207,1.5,10.0,1.5,,,,,REACHABLE:graph_path_lifted_and_verified,UNKNOWN:start_not_certified_free,True,0.1,,,,gmc/results/aerial3dg/f4/sample/WWEST_pairs.json#F4X-00707,,gmc/results/aerial3dg/f4/diag/WWEST/cylinder/
cylinder,F4X-00728,WWEST,102,3944,TIMEOUT,query_exceeded_120s,METHOD-TIMEOUT,genuine,120.0,,5.455,1.0487,5.0,1.5,0.344,2.768,20.0,2.0,10.0,,,,,,,,,,,,,gmc/results/aerial3dg/f4/sample/WWEST_pairs.json#F4X-00728,,gmc/results/aerial3dg/f4/diag/WWEST/cylinder/
cylinder,F4X-00763,WWEST,102,4460,TIMEOUT,query_exceeded_120s,METHOD-TIMEOUT,genuine,120.0,,5.369,1.4696,5.0,1.0,0.195,1.806,1.962,5.0,5.0,,,,,,,REACHABLE:graph_path_lifted_and_verified,True,224.0,REACHABLE:graph_path_lifted_and_verified,0.72,,gmc/results/aerial3dg/f4/sample/WWEST_pairs.json#F4X-00763,,gmc/results/aerial3dg/f4/diag/WWEST/cylinder/
cylinder,F4X-00778,WWEST,102,4632,TIMEOUT,query_exceeded_120s,METHOD-TIMEOUT,genuine,120.0,,5.839,1.4437,5.0,1.0,0.195,20.0,3.991,10.0,10.0,,,,,,,TIMEOUT:query_exceeded_300s,True,300.0,REACHABLE:graph_path_lifted_and_verified,2.23,,gmc/results/aerial3dg/f4/sample/WWEST_pairs.json#F4X-00778,,gmc/results/aerial3dg/f4/diag/WWEST/cylinder/
cylinder,F4X-00782,WWEST,102,4666,UNKNOWN,shared_replay_failed,EXPORT-DOMAIN,export,4.4,CERTIFIED,3.071,1.1554,1.0,1.0,0.195,20.0,1.59,10.0,2.0,,False,map_unknown,4.582,-20.0,,UNKNOWN:shared_replay_failed,True,5.4,,,,gmc/results/aerial3dg/f4/sample/WWEST_pairs.json#F4X-00782,,gmc/results/aerial3dg/f4/diag/WWEST/cylinder/
cylinder,F4X-00793,WWEST,102,4850,TIMEOUT,query_exceeded_120s,METHOD-TIMEOUT,genuine,120.0,,5.971,1.2613,5.0,1.5,0.195,1.962,1.806,10.0,10.0,,,,,,,,,,,,,gmc/results/aerial3dg/f4/sample/WWEST_pairs.json#F4X-00793,,gmc/results/aerial3dg/f4/diag/WWEST/cylinder/
cylinder,F4X-00794,WWEST,102,4864,UNKNOWN,shared_replay_failed,EXPORT-DOMAIN,export,58.21,CERTIFIED,3.936,1.0517,20.0,1.5,0.344,5.911,3.799,10.0,10.0,,False,map_unknown,7.742,-20.0,,UNKNOWN:shared_replay_failed,True,71.8,,,,gmc/results/aerial3dg/f4/sample/WWEST_pairs.json#F4X-00794,,gmc/results/aerial3dg/f4/diag/WWEST/cylinder/
cylinder,F4X-00798,WWEST,102,4906,TIMEOUT,query_exceeded_120s,METHOD-TIMEOUT,genuine,120.0,,3.731,1.6481,20.0,1.0,0.195,1.077,12.207,3.0,10.0,,,,,,,REACHABLE:graph_path_lifted_and_verified,True,185.4,UNKNOWN:shared_replay_failed,0.6,,gmc/results/aerial3dg/f4/sample/WWEST_pairs.json#F4X-00798,,gmc/results/aerial3dg/f4/diag/WWEST/cylinder/
cylinder,F4X-00805,WWEST,102,5054,TIMEOUT,query_exceeded_120s,METHOD-TIMEOUT,genuine,120.0,,5.428,1.4399,10.0,1.0,0.195,20.0,3.74,10.0,10.0,,,,,,,TIMEOUT:query_exceeded_300s,True,300.0,REACHABLE:graph_path_lifted_and_verified,1.74,,gmc/results/aerial3dg/f4/sample/WWEST_pairs.json#F4X-00805,,gmc/results/aerial3dg/f4/diag/WWEST/cylinder/
cylinder,F4X-00808,WWEST,102,5108,UNKNOWN,goal_not_certified_free,EP-TOL,tolerance,0.1,,3.09,1.5285,10.0,1.0,0.01,12.207,1.076,10.0,1.0,1.0,,,,,REACHABLE:graph_path_lifted_and_verified,UNKNOWN:goal_not_certified_free,True,0.1,,,,gmc/results/aerial3dg/f4/sample/WWEST_pairs.json#F4X-00808,,gmc/results/aerial3dg/f4/diag/WWEST/cylinder/
cylinder,F4X-00816,WWEST,102,5233,TIMEOUT,query_exceeded_120s,METHOD-TIMEOUT,genuine,120.0,,4.456,1.3662,20.0,1.0,0.195,3.74,2.942,3.0,10.0,,,,,,,,,,,,,gmc/results/aerial3dg/f4/sample/WWEST_pairs.json#F4X-00816,,gmc/results/aerial3dg/f4/diag/WWEST/cylinder/
cylinder,F4X-00820,WWEST,102,5339,UNKNOWN,start_not_certified_free,EP-TOL,tolerance,0.1,,3.541,1.0667,100.0,1.5,0.195,1.962,7.221,1.5,10.0,1.5,,,,,REACHABLE:graph_path_lifted_and_verified,UNKNOWN:start_not_certified_free,True,0.1,,,,gmc/results/aerial3dg/f4/sample/WWEST_pairs.json#F4X-00820,,gmc/results/aerial3dg/f4/diag/WWEST/cylinder/
cylinder,F4X-00825,WWEST,102,5391,TIMEOUT,query_exceeded_120s,METHOD-TIMEOUT,genuine,120.0,,5.344,1.4357,20.0,1.0,0.195,3.74,20.0,10.0,10.0,,,,,,,,,,,,,gmc/results/aerial3dg/f4/sample/WWEST_pairs.json#F4X-00825,,gmc/results/aerial3dg/f4/diag/WWEST/cylinder/
cylinder,F4X-00838,WWEST,102,5666,TIMEOUT,query_exceeded_120s,METHOD-TIMEOUT,genuine,120.0,,4.867,1.5144,1.0,1.0,0.195,1.806,7.826,5.0,10.0,,,,,,,,,,,,,gmc/results/aerial3dg/f4/sample/WWEST_pairs.json#F4X-00838,,gmc/results/aerial3dg/f4/diag/WWEST/cylinder/
cylinder,F4X-00841,WWEST,102,5705,UNKNOWN,goal_not_certified_free,EP-TOL,tolerance,0.1,,3.235,1.0836,100.0,1.5,0.195,4.001,1.962,10.0,1.5,1.5,,,,,REACHABLE:graph_path_lifted_and_verified,UNKNOWN:goal_not_certified_free,True,0.1,,,,gmc/results/aerial3dg/f4/sample/WWEST_pairs.json#F4X-00841,,gmc/results/aerial3dg/f4/diag/WWEST/cylinder/
cylinder,F4X-00844,WWEST,102,5745,TIMEOUT,query_exceeded_120s,METHOD-TIMEOUT,genuine,120.0,,5.833,1.3083,10.0,1.0,0.195,3.023,3.354,10.0,5.0,,,,,,,,,,,,,gmc/results/aerial3dg/f4/sample/WWEST_pairs.json#F4X-00844,,gmc/results/aerial3dg/f4/diag/WWEST/cylinder/
cylinder,F4X-00852,WWEST,102,5829,UNKNOWN,start_not_certified_free,EP-TOL,tolerance,0.09,,3.612,1.0726,100.0,1.0,0.195,1.077,3.293,1.0,10.0,1.0,,,,,REACHABLE:graph_path_lifted_and_verified,UNKNOWN:start_not_certified_free,True,0.1,,,,gmc/results/aerial3dg/f4/sample/WWEST_pairs.json#F4X-00852,,gmc/results/aerial3dg/f4/diag/WWEST/cylinder/
cylinder,F4X-00856,WWEST,102,5872,UNKNOWN,goal_not_certified_free,EP-TOL,tolerance,0.1,,3.245,1.0719,100.0,1.5,1.962,3.292,1.962,10.0,1.5,1.5,,,,,REACHABLE:graph_path_lifted_and_verified,UNKNOWN:goal_not_certified_free,True,0.1,,,,gmc/results/aerial3dg/f4/sample/WWEST_pairs.json#F4X-00856,,gmc/results/aerial3dg/f4/diag/WWEST/cylinder/
cylinder,F4X-00862,WWEST,102,5967,TIMEOUT,query_exceeded_120s,METHOD-TIMEOUT,genuine,120.0,,6.469,1.0715,2.0,1.5,0.195,10.7,1.254,10.0,5.0,,,,,,,,,,,,,gmc/results/aerial3dg/f4/sample/WWEST_pairs.json#F4X-00862,,gmc/results/aerial3dg/f4/diag/WWEST/cylinder/
cylinder,F4X-00865,WWEST,102,5979,TIMEOUT,query_exceeded_120s,METHOD-TIMEOUT,genuine,120.0,,4.944,1.4133,20.0,1.0,0.195,3.354,6.601,3.0,10.0,,,,,,,,,,,,,gmc/results/aerial3dg/f4/sample/WWEST_pairs.json#F4X-00865,,gmc/results/aerial3dg/f4/diag/WWEST/cylinder/
cylinder,F4X-00874,WWEST,102,6076,TIMEOUT,query_exceeded_120s,METHOD-TIMEOUT,genuine,120.0,,5.999,1.3358,5.0,1.5,0.195,1.806,5.361,5.0,5.0,,,,,,,REACHABLE:graph_path_lifted_and_verified,True,232.8,REACHABLE:graph_path_lifted_and_verified,0.51,,gmc/results/aerial3dg/f4/sample/WWEST_pairs.json#F4X-00874,,gmc/results/aerial3dg/f4/diag/WWEST/cylinder/
cylinder,F4X-00879,WWEST,102,6156,UNKNOWN,shared_replay_failed,EXPORT-DOMAIN,export,15.48,CERTIFIED,5.253,1.0705,1.0,3.0,0.195,3.991,7.356,10.0,10.0,,False,map_unknown,3.135,-20.0,,UNKNOWN:shared_replay_failed,True,20.3,,,,gmc/results/aerial3dg/f4/sample/WWEST_pairs.json#F4X-00879,,gmc/results/aerial3dg/f4/diag/WWEST/cylinder/
cylinder,F4X-00893,WWEST,102,6378,UNKNOWN,start_not_certified_free,EP-TOL,tolerance,0.09,,3.649,1.1091,50.0,1.0,0.195,1.353,7.438,1.5,10.0,1.5,,,,,REACHABLE:graph_path_lifted_and_verified,UNKNOWN:start_not_certified_free,True,0.1,,,,gmc/results/aerial3dg/f4/sample/WWEST_pairs.json#F4X-00893,,gmc/results/aerial3dg/f4/diag/WWEST/cylinder/
cylinder,F4X-00900,WWEST,102,6534,UNKNOWN,goal_not_certified_free,EP-TOL,tolerance,0.1,,5.191,1.1109,50.0,1.5,0.195,12.207,1.19,10.0,1.5,1.5,,,,,REACHABLE:graph_path_lifted_and_verified,UNKNOWN:goal_not_certified_free,True,0.1,,,,gmc/results/aerial3dg/f4/sample/WWEST_pairs.json#F4X-00900,,gmc/results/aerial3dg/f4/diag/WWEST/cylinder/
cylinder,F4X-00906,WWEST,102,6608,TIMEOUT,query_exceeded_120s,METHOD-TIMEOUT,genuine,120.0,,4.328,1.0719,1.5,1.0,0.195,2.768,4.001,2.0,5.0,,,,,,,,,,,,,gmc/results/aerial3dg/f4/sample/WWEST_pairs.json#F4X-00906,,gmc/results/aerial3dg/f4/diag/WWEST/cylinder/
cylinder,F4X-00914,WWEST,102,6733,UNKNOWN,start_not_certified_free,EP-TOL,tolerance,0.1,,3.304,1.0,50.0,1.0,0.856,1.056,20.0,1.0,10.0,1.0,,,,,UNKNOWN:start_not_certified_free,UNKNOWN:start_not_certified_free,True,0.1,,,,gmc/results/aerial3dg/f4/sample/WWEST_pairs.json#F4X-00914,,gmc/results/aerial3dg/f4/diag/WWEST/cylinder/
cylinder,F4X-00917,WWEST,102,6752,UNKNOWN,start_not_certified_free,EP-TOL,tolerance,0.1,,5.509,1.2351,5.0,1.0,0.195,1.974,20.0,1.5,10.0,1.5,,,,,REACHABLE:graph_path_lifted_and_verified,UNKNOWN:start_not_certified_free,True,0.1,,,,gmc/results/aerial3dg/f4/sample/WWEST_pairs.json#F4X-00917,,gmc/results/aerial3dg/f4/diag/WWEST/cylinder/
cylinder,F4X-00920,WWEST,102,6765,UNKNOWN,goal_not_certified_free,EP-TOL,tolerance,0.09,,5.124,1.1933,20.0,1.5,0.195,4.74,1.974,10.0,1.5,1.5,,,,,REACHABLE:graph_path_lifted_and_verified,UNKNOWN:goal_not_certified_free,True,0.1,,,,gmc/results/aerial3dg/f4/sample/WWEST_pairs.json#F4X-00920,,gmc/results/aerial3dg/f4/diag/WWEST/cylinder/
cylinder,F4X-00925,WWEST,102,6839,UNKNOWN,start_not_certified_free,EP-TOL,tolerance,0.1,,4.408,1.1884,100.0,1.5,0.195,1.962,19.43,1.5,10.0,1.5,,,,,REACHABLE:graph_path_lifted_and_verified,UNKNOWN:start_not_certified_free,True,0.1,,,,gmc/results/aerial3dg/f4/sample/WWEST_pairs.json#F4X-00925,,gmc/results/aerial3dg/f4/diag/WWEST/cylinder/
cylinder,F4X-00930,WWEST,102,6903,UNKNOWN,start_not_certified_free,EP-TOL,tolerance,0.09,,3.518,1.2056,50.0,1.5,0.195,1.974,20.0,1.5,10.0,1.5,,,,,REACHABLE:graph_path_lifted_and_verified,UNKNOWN:start_not_certified_free,True,0.1,,,,gmc/results/aerial3dg/f4/sample/WWEST_pairs.json#F4X-00930,,gmc/results/aerial3dg/f4/diag/WWEST/cylinder/
cylinder,F4X-00937,WWEST,102,6959,UNKNOWN,goal_not_certified_free,EP-TOL,tolerance,0.08,,5.184,1.1749,100.0,1.5,0.195,12.207,1.104,10.0,1.5,1.5,,,,,REACHABLE:graph_path_lifted_and_verified,UNKNOWN:goal_not_certified_free,True,0.1,,,,gmc/results/aerial3dg/f4/sample/WWEST_pairs.json#F4X-00937,,gmc/results/aerial3dg/f4/diag/WWEST/cylinder/
cylinder,F4X-00941,WWEST,102,7022,UNKNOWN,shared_replay_failed,EXPORT-DOMAIN,export,2.97,CERTIFIED,4.22,1.0787,10.0,1.5,1.962,4.945,5.595,3.0,5.0,,False,map_unknown,0.318,-20.0,,UNKNOWN:shared_replay_failed,True,3.7,,,,gmc/results/aerial3dg/f4/sample/WWEST_pairs.json#F4X-00941,,gmc/results/aerial3dg/f4/diag/WWEST/cylinder/
cylinder,F4X-00942,WWEST,102,7041,UNKNOWN,start_not_certified_free,EP-TOL,tolerance,0.1,,5.011,1.1988,50.0,1.5,0.195,1.974,20.0,1.5,10.0,1.5,,,,,REACHABLE:graph_path_lifted_and_verified,UNKNOWN:start_not_certified_free,True,0.1,,,,gmc/results/aerial3dg/f4/sample/WWEST_pairs.json#F4X-00942,,gmc/results/aerial3dg/f4/diag/WWEST/cylinder/
cylinder,F4X-00944,WWEST,102,7064,UNKNOWN,goal_not_certified_free,EP-TOL,tolerance,0.09,,4.831,1.2937,20.0,1.0,0.195,12.594,1.962,10.0,1.5,1.5,,,,,REACHABLE:graph_path_lifted_and_verified,UNKNOWN:goal_not_certified_free,True,0.1,,,,gmc/results/aerial3dg/f4/sample/WWEST_pairs.json#F4X-00944,,gmc/results/aerial3dg/f4/diag/WWEST/cylinder/
cylinder,F4X-00945,WWEST,102,7093,UNKNOWN,shared_replay_failed,EXPORT-DOMAIN,export,3.52,CERTIFIED,3.965,1.0837,10.0,3.0,0.195,5.98,20.0,5.0,10.0,,False,map_unknown,17.035,-20.0,,UNKNOWN:shared_replay_failed,True,5.0,,,,gmc/results/aerial3dg/f4/sample/WWEST_pairs.json#F4X-00945,,gmc/results/aerial3dg/f4/diag/WWEST/cylinder/
cylinder,F4X-00947,WWEST,102,7162,TIMEOUT,query_exceeded_120s,METHOD-TIMEOUT,genuine,120.0,,3.882,1.1417,3.0,1.0,0.195,3.292,1.176,3.0,3.0,,,,,,,,,,,,,gmc/results/aerial3dg/f4/sample/WWEST_pairs.json#F4X-00947,,gmc/results/aerial3dg/f4/diag/WWEST/cylinder/
cylinder,F4X-00949,WWEST,102,7207,UNKNOWN,goal_not_certified_free,EP-TOL,tolerance,0.1,,4.133,1.2479,100.0,1.5,0.195,12.207,1.962,10.0,1.5,1.5,,,,,REACHABLE:graph_path_lifted_and_verified,UNKNOWN:goal_not_certified_free,True,0.1,,,,gmc/results/aerial3dg/f4/sample/WWEST_pairs.json#F4X-00949,,gmc/results/aerial3dg/f4/diag/WWEST/cylinder/
cylinder,F4X-00950,WWEST,102,7234,TIMEOUT,query_exceeded_120s,METHOD-TIMEOUT,genuine,120.0,,3.858,1.394,20.0,1.0,0.195,16.213,3.74,10.0,3.0,,,,,,,,,,,,,gmc/results/aerial3dg/f4/sample/WWEST_pairs.json#F4X-00950,,gmc/results/aerial3dg/f4/diag/WWEST/cylinder/
cylinder,F4X-00952,WWEST,102,7244,UNKNOWN,start_not_certified_free,EP-TOL,tolerance,0.1,,3.13,1.728,20.0,1.0,0.195,1.037,12.207,1.0,10.0,1.0,,,,,TIMEOUT:timeout,UNKNOWN:start_not_certified_free,True,0.1,,,,gmc/results/aerial3dg/f4/sample/WWEST_pairs.json#F4X-00952,,gmc/results/aerial3dg/f4/diag/WWEST/cylinder/
cylinder,F4X-00954,WWEST,102,7255,TIMEOUT,query_exceeded_120s,METHOD-TIMEOUT,genuine,120.0,,4.547,1.5585,5.0,1.0,0.01,1.043,1.041,5.0,5.0,,,,,,,,,,,,,gmc/results/aerial3dg/f4/sample/WWEST_pairs.json#F4X-00954,,gmc/results/aerial3dg/f4/diag/WWEST/cylinder/
cylinder,F4X-00956,WWEST,102,7314,UNKNOWN,goal_not_certified_free,EP-TOL,tolerance,0.12,,3.08,1.1589,100.0,1.5,0.195,20.0,1.974,10.0,1.5,1.5,,,,,REACHABLE:graph_path_lifted_and_verified,UNKNOWN:goal_not_certified_free,True,0.1,,,,gmc/results/aerial3dg/f4/sample/WWEST_pairs.json#F4X-00956,,gmc/results/aerial3dg/f4/diag/WWEST/cylinder/
cylinder,F4X-00977,WWEST,102,7725,TIMEOUT,query_exceeded_120s,METHOD-TIMEOUT,genuine,120.0,,5.675,1.5137,5.0,1.0,0.195,3.354,6.601,3.0,10.0,,,,,,,,,,,,,gmc/results/aerial3dg/f4/sample/WWEST_pairs.json#F4X-00977,,gmc/results/aerial3dg/f4/diag/WWEST/cylinder/
cylinder,F4X-00991,WWEST,102,8046,TIMEOUT,query_exceeded_120s,METHOD-TIMEOUT,genuine,120.0,,6.632,1.3766,20.0,1.5,0.195,1.806,7.438,5.0,5.0,,,,,,,,,,,,,gmc/results/aerial3dg/f4/sample/WWEST_pairs.json#F4X-00991,,gmc/results/aerial3dg/f4/diag/WWEST/cylinder/
cylinder,F4X-00995,WWEST,102,8214,UNKNOWN,goal_not_certified_free,EP-TOL,tolerance,0.11,,4.816,1.0396,10.0,1.0,0.344,7.482,1.757,5.0,1.5,1.5,,,,,UNKNOWN:shared_replay_failed,UNKNOWN:goal_not_certified_free,True,0.1,,,,gmc/results/aerial3dg/f4/sample/WWEST_pairs.json#F4X-00995,,gmc/results/aerial3dg/f4/diag/WWEST/cylinder/
cylinder,F4X-01001,WWEST,103,10,UNKNOWN,goal_not_certified_free,EP-TOL,tolerance,0.1,,5.35,1.2684,3.0,1.5,0.195,20.0,1.962,10.0,1.5,1.5,,,,,REACHABLE:graph_path_lifted_and_verified,UNKNOWN:goal_not_certified_free,True,0.1,,,,gmc/results/aerial3dg/f4/sample/WWEST_pairs.json#F4X-01001,,gmc/results/aerial3dg/f4/diag/WWEST/cylinder/
cylinder,F4X-01002,WWEST,103,12,TIMEOUT,query_exceeded_120s,METHOD-TIMEOUT,genuine,120.0,,3.455,1.2884,2.0,2.0,1.046,7.356,20.0,5.0,10.0,,,,,,,,,,,,,gmc/results/aerial3dg/f4/sample/WWEST_pairs.json#F4X-01002,,gmc/results/aerial3dg/f4/diag/WWEST/cylinder/
cylinder,F4X-01006,WWEST,103,78,UNKNOWN,start_not_certified_free,EP-TOL,tolerance,0.11,,4.415,1.1415,50.0,1.0,0.195,1.974,12.207,1.5,10.0,1.5,,,,,REACHABLE:graph_path_lifted_and_verified,UNKNOWN:start_not_certified_free,True,0.1,,,,gmc/results/aerial3dg/f4/sample/WWEST_pairs.json#F4X-01006,,gmc/results/aerial3dg/f4/diag/WWEST/cylinder/
cylinder,F4X-01013,WWEST,103,244,UNKNOWN,goal_not_certified_free,EP-TOL,tolerance,0.11,,6.114,1.2188,5.0,1.5,0.195,1.974,1.806,3.0,1.5,1.5,,,,,REACHABLE:graph_path_lifted_and_verified,UNKNOWN:goal_not_certified_free,True,0.1,,,,gmc/results/aerial3dg/f4/sample/WWEST_pairs.json#F4X-01013,,gmc/results/aerial3dg/f4/diag/WWEST/cylinder/
cylinder,F4X-01018,WWEST,103,362,TIMEOUT,query_exceeded_120s,METHOD-TIMEOUT,genuine,120.0,,4.515,1.6659,10.0,1.0,0.195,2.884,3.354,10.0,3.0,,,,,,,,,,,,,gmc/results/aerial3dg/f4/sample/WWEST_pairs.json#F4X-01018,,gmc/results/aerial3dg/f4/diag/WWEST/cylinder/
cylinder,F4X-01022,WWEST,103,458,UNKNOWN,goal_not_certified_free,EP-TOL,tolerance,0.1,,5.561,1.3023,20.0,1.0,0.195,20.0,1.962,10.0,1.5,1.5,,,,,REACHABLE:graph_path_lifted_and_verified,UNKNOWN:goal_not_certified_free,True,0.1,,,,gmc/results/aerial3dg/f4/sample/WWEST_pairs.json#F4X-01022,,gmc/results/aerial3dg/f4/diag/WWEST/cylinder/
cylinder,F4X-01023,WWEST,103,483,UNKNOWN,goal_not_certified_free,EP-TOL,tolerance,0.08,,5.017,1.1495,100.0,1.5,0.195,17.518,1.962,10.0,1.5,1.5,,,,,REACHABLE:graph_path_lifted_and_verified,UNKNOWN:goal_not_certified_free,True,0.1,,,,gmc/results/aerial3dg/f4/sample/WWEST_pairs.json#F4X-01023,,gmc/results/aerial3dg/f4/diag/WWEST/cylinder/
cylinder,F4X-01024,WWEST,103,512,UNKNOWN,start_not_certified_free,EP-TOL,tolerance,0.08,,3.7,1.5227,5.0,1.0,0.195,1.255,1.454,1.0,3.0,1.0,,,,,REACHABLE:graph_path_lifted_and_verified,UNKNOWN:start_not_certified_free,True,0.1,,,,gmc/results/aerial3dg/f4/sample/WWEST_pairs.json#F4X-01024,,gmc/results/aerial3dg/f4/diag/WWEST/cylinder/
cylinder,F4X-01025,WWEST,103,526,UNKNOWN,goal_not_certified_free,EP-TOL,tolerance,0.08,,3.118,1.3214,50.0,1.0,0.195,1.046,1.255,5.0,1.0,1.0,,,,,REACHABLE:graph_path_lifted_and_verified,UNKNOWN:goal_not_certified_free,True,0.1,,,,gmc/results/aerial3dg/f4/sample/WWEST_pairs.json#F4X-01025,,gmc/results/aerial3dg/f4/diag/WWEST/cylinder/
cylinder,F4X-01026,WWEST,103,537,UNKNOWN,start_not_certified_free,EP-TOL,tolerance,0.08,,3.884,1.0458,5.0,1.0,0.195,1.974,7.781,1.5,10.0,1.5,,,,,UNKNOWN:shared_replay_failed,UNKNOWN:start_not_certified_free,True,0.1,,,,gmc/results/aerial3dg/f4/sample/WWEST_pairs.json#F4X-01026,,gmc/results/aerial3dg/f4/diag/WWEST/cylinder/
cylinder,F4X-01031,WWEST,103,599,UNKNOWN,goal_not_certified_free,EP-TOL,tolerance,0.1,,3.208,1.0874,100.0,1.5,0.01,2.993,1.093,10.0,1.5,1.5,,,,,REACHABLE:graph_path_lifted_and_verified,UNKNOWN:goal_not_certified_free,True,0.1,,,,gmc/results/aerial3dg/f4/sample/WWEST_pairs.json#F4X-01031,,gmc/results/aerial3dg/f4/diag/WWEST/cylinder/
cylinder,F4X-01032,WWEST,103,634,TIMEOUT,query_exceeded_120s,METHOD-TIMEOUT,genuine,120.0,,6.024,1.3413,5.0,1.0,0.195,7.96,6.14,5.0,10.0,,,,,,,REACHABLE:graph_path_lifted_and_verified,True,250.6,REACHABLE:graph_path_lifted_and_verified,0.63,,gmc/results/aerial3dg/f4/sample/WWEST_pairs.json#F4X-01032,,gmc/results/aerial3dg/f4/diag/WWEST/cylinder/
cylinder,F4X-01033,WWEST,103,648,TIMEOUT,query_exceeded_120s,METHOD-TIMEOUT,genuine,120.0,,5.408,1.4942,5.0,1.0,0.195,6.589,3.991,5.0,10.0,,,,,,,,,,,,,gmc/results/aerial3dg/f4/sample/WWEST_pairs.json#F4X-01033,,gmc/results/aerial3dg/f4/diag/WWEST/cylinder/
cylinder,F4X-01043,WWEST,103,736,UNKNOWN,goal_not_certified_free,EP-TOL,tolerance,0.11,,3.133,1.0712,10.0,1.0,0.544,12.082,1.028,10.0,1.0,1.0,,,,,REACHABLE:graph_path_lifted_and_verified,UNKNOWN:goal_not_certified_free,True,0.1,,,,gmc/results/aerial3dg/f4/sample/WWEST_pairs.json#F4X-01043,,gmc/results/aerial3dg/f4/diag/WWEST/cylinder/
cylinder,F4X-01044,WWEST,103,748,UNKNOWN,start_not_certified_free,EP-TOL,tolerance,0.09,,3.985,1.2085,50.0,1.5,0.195,1.974,12.207,1.5,10.0,1.5,,,,,REACHABLE:graph_path_lifted_and_verified,UNKNOWN:start_not_certified_free,True,0.1,,,,gmc/results/aerial3dg/f4/sample/WWEST_pairs.json#F4X-01044,,gmc/results/aerial3dg/f4/diag/WWEST/cylinder/
cylinder,F4X-01053,WWEST,103,978,UNKNOWN,goal_not_certified_free,EP-TOL,tolerance,0.41,,5.046,1.0849,10.0,1.5,0.195,1.43,1.974,5.0,1.5,1.5,,,,,REACHABLE:graph_path_lifted_and_verified,UNKNOWN:goal_not_certified_free,True,0.3,,,,gmc/results/aerial3dg/f4/sample/WWEST_pairs.json#F4X-01053,,gmc/results/aerial3dg/f4/diag/WWEST/cylinder/
cylinder,F4X-01057,WWEST,103,1038,UNKNOWN,start_not_certified_free,EP-TOL,tolerance,0.11,,4.576,1.5742,3.0,1.0,0.195,1.077,1.184,1.0,10.0,1.0,,,,,TIMEOUT:timeout,UNKNOWN:start_not_certified_free,True,0.1,,,,gmc/results/aerial3dg/f4/sample/WWEST_pairs.json#F4X-01057,,gmc/results/aerial3dg/f4/diag/WWEST/cylinder/
cylinder,F4X-01060,WWEST,103,1095,UNKNOWN,goal_not_certified_free,EP-TOL,tolerance,0.09,,5.044,1.1802,100.0,1.5,0.195,20.0,1.974,10.0,1.5,1.5,,,,,REACHABLE:graph_path_lifted_and_verified,UNKNOWN:goal_not_certified_free,True,0.1,,,,gmc/results/aerial3dg/f4/sample/WWEST_pairs.json#F4X-01060,,gmc/results/aerial3dg/f4/diag/WWEST/cylinder/
cylinder,F4X-01061,WWEST,103,1098,TIMEOUT,query_exceeded_120s,METHOD-TIMEOUT,genuine,120.0,,6.998,1.3486,20.0,1.5,0.195,20.0,12.839,10.0,10.0,,,,,,,,,,,,,gmc/results/aerial3dg/f4/sample/WWEST_pairs.json#F4X-01061,,gmc/results/aerial3dg/f4/diag/WWEST/cylinder/
cylinder,F4X-01062,WWEST,103,1102,UNKNOWN,start_not_certified_free,EP-TOL,tolerance,0.1,,3.214,1.0662,50.0,1.5,0.344,1.962,11.641,1.5,10.0,1.5,,,,,REACHABLE:graph_path_lifted_and_verified,UNKNOWN:start_not_certified_free,True,0.1,,,,gmc/results/aerial3dg/f4/sample/WWEST_pairs.json#F4X-01062,,gmc/results/aerial3dg/f4/diag/WWEST/cylinder/
cylinder,F4X-01067,WWEST,103,1167,UNKNOWN,goal_not_certified_free,EP-TOL,tolerance,0.1,,3.687,1.0776,3.0,1.0,0.195,9.814,1.302,10.0,1.0,1.0,,,,,REACHABLE:graph_path_lifted_and_verified,UNKNOWN:goal_not_certified_free,True,0.1,,,,gmc/results/aerial3dg/f4/sample/WWEST_pairs.json#F4X-01067,,gmc/results/aerial3dg/f4/diag/WWEST/cylinder/
cylinder,F4X-01072,WWEST,103,1255,UNKNOWN,shared_replay_failed,EXPORT-DOMAIN,export,0.26,CERTIFIED,4.327,1.0845,10.0,1.5,1.962,9.54,2.878,10.0,10.0,,False,map_unknown,14.023,-20.0,,UNKNOWN:shared_replay_failed,True,0.4,,,,gmc/results/aerial3dg/f4/sample/WWEST_pairs.json#F4X-01072,,gmc/results/aerial3dg/f4/diag/WWEST/cylinder/
cylinder,F4X-01089,WWEST,103,1642,UNKNOWN,shared_replay_failed,EXPORT-DOMAIN,export,7.95,CERTIFIED,4.891,1.1693,5.0,1.0,0.195,4.001,11.012,10.0,10.0,,False,map_unknown,13.826,-10.238,,UNKNOWN:shared_replay_failed,True,9.7,,,,gmc/results/aerial3dg/f4/sample/WWEST_pairs.json#F4X-01089,,gmc/results/aerial3dg/f4/diag/WWEST/cylinder/
cylinder,F4X-01090,WWEST,103,1672,UNKNOWN,shared_replay_failed,EXPORT-DOMAIN,export,76.83,CERTIFIED,4.355,1.0538,20.0,2.0,0.344,3.292,5.639,3.0,5.0,,False,map_unknown,3.305,-20.0,,UNKNOWN:shared_replay_failed,True,86.5,,,,gmc/results/aerial3dg/f4/sample/WWEST_pairs.json#F4X-01090,,gmc/results/aerial3dg/f4/diag/WWEST/cylinder/
cylinder,F4X-01092,WWEST,103,1698,UNKNOWN,start_not_certified_free,EP-TOL,tolerance,0.1,,3.125,1.0926,100.0,1.0,0.544,1.018,4.945,1.0,5.0,1.0,,,,,UNKNOWN:own_verification_unresolved,UNKNOWN:start_not_certified_free,True,0.1,,,,gmc/results/aerial3dg/f4/sample/WWEST_pairs.json#F4X-01092,,gmc/results/aerial3dg/f4/diag/WWEST/cylinder/
cylinder,F4X-01095,WWEST,103,1776,UNKNOWN,start_not_certified_free,EP-TOL,tolerance,0.09,,4.226,1.215,20.0,1.5,0.195,1.974,12.255,1.5,10.0,1.5,,,,,REACHABLE:graph_path_lifted_and_verified,UNKNOWN:start_not_certified_free,True,0.1,,,,gmc/results/aerial3dg/f4/sample/WWEST_pairs.json#F4X-01095,,gmc/results/aerial3dg/f4/diag/WWEST/cylinder/
cylinder,F4X-01101,WWEST,103,1873,TIMEOUT,query_exceeded_120s,METHOD-TIMEOUT,genuine,120.0,,5.862,1.1117,20.0,1.5,0.195,2.768,12.207,2.0,10.0,,,,,,,REACHABLE:graph_path_lifted_and_verified,True,253.1,UNKNOWN:shared_replay_failed,1.2,,gmc/results/aerial3dg/f4/sample/WWEST_pairs.json#F4X-01101,,gmc/results/aerial3dg/f4/diag/WWEST/cylinder/
cylinder,F4X-01102,WWEST,103,1901,UNKNOWN,start_not_certified_free,EP-TOL,tolerance,0.12,,3.062,1.0093,5.0,1.0,0.871,1.255,3.163,1.0,3.0,1.0,,,,,REACHABLE:graph_path_lifted_and_verified,UNKNOWN:start_not_certified_free,True,0.1,,,,gmc/results/aerial3dg/f4/sample/WWEST_pairs.json#F4X-01102,,gmc/results/aerial3dg/f4/diag/WWEST/cylinder/
cylinder,F4X-01111,WWEST,103,2040,UNKNOWN,goal_not_certified_free,EP-TOL,tolerance,0.1,,4.724,1.1837,10.0,1.5,0.195,4.63,1.974,10.0,1.5,1.5,,,,,REACHABLE:graph_path_lifted_and_verified,UNKNOWN:goal_not_certified_free,True,0.1,,,,gmc/results/aerial3dg/f4/sample/WWEST_pairs.json#F4X-01111,,gmc/results/aerial3dg/f4/diag/WWEST/cylinder/
cylinder,F4X-01116,WWEST,103,2117,TIMEOUT,query_exceeded_120s,METHOD-TIMEOUT,genuine,120.0,,3.85,1.6467,20.0,1.0,0.195,12.207,3.74,10.0,3.0,,,,,,,REACHABLE:graph_path_lifted_and_verified,True,176.8,UNKNOWN:shared_replay_failed,1.11,,gmc/results/aerial3dg/f4/sample/WWEST_pairs.json#F4X-01116,,gmc/results/aerial3dg/f4/diag/WWEST/cylinder/
cylinder,F4X-01118,WWEST,103,2135,TIMEOUT,query_exceeded_120s,METHOD-TIMEOUT,genuine,120.0,,4.497,1.0848,10.0,1.0,0.344,3.292,2.768,3.0,2.0,,,,,,,,,,,,,gmc/results/aerial3dg/f4/sample/WWEST_pairs.json#F4X-01118,,gmc/results/aerial3dg/f4/diag/WWEST/cylinder/
cylinder,F4X-01129,WWEST,103,2399,TIMEOUT,query_exceeded_120s,METHOD-TIMEOUT,genuine,120.0,,5.445,1.4998,3.0,1.0,0.195,6.601,3.74,5.0,10.0,,,,,,,,,,,,,gmc/results/aerial3dg/f4/sample/WWEST_pairs.json#F4X-01129,,gmc/results/aerial3dg/f4/diag/WWEST/cylinder/
cylinder,F4X-01131,WWEST,103,2442,UNKNOWN,shared_replay_failed,EXPORT-DOMAIN,export,24.46,CERTIFIED,5.289,1.0728,10.0,1.0,0.195,20.0,3.991,10.0,10.0,,False,map_unknown,28.263,-19.638,,UNKNOWN:shared_replay_failed,True,28.7,,,,gmc/results/aerial3dg/f4/sample/WWEST_pairs.json#F4X-01131,,gmc/results/aerial3dg/f4/diag/WWEST/cylinder/
cylinder,F4X-01133,WWEST,103,2483,UNKNOWN,start_not_certified_free,EP-TOL,tolerance,0.1,,3.111,1.0794,100.0,1.5,0.344,1.962,3.292,1.5,10.0,1.5,,,,,REACHABLE:graph_path_lifted_and_verified,UNKNOWN:start_not_certified_free,True,0.1,,,,gmc/results/aerial3dg/f4/sample/WWEST_pairs.json#F4X-01133,,gmc/results/aerial3dg/f4/diag/WWEST/cylinder/
cylinder,F4X-01143,WWEST,103,2615,TIMEOUT,query_exceeded_120s,METHOD-TIMEOUT,genuine,120.0,,5.088,1.3158,10.0,1.0,0.195,16.03,3.354,10.0,3.0,,,,,,,,,,,,,gmc/results/aerial3dg/f4/sample/WWEST_pairs.json#F4X-01143,,gmc/results/aerial3dg/f4/diag/WWEST/cylinder/
cylinder,F4X-01146,WWEST,103,2653,TIMEOUT,query_exceeded_120s,METHOD-TIMEOUT,genuine,120.0,,5.199,1.4436,10.0,1.0,0.195,7.826,20.0,10.0,10.0,,,,,,,,,,,,,gmc/results/aerial3dg/f4/sample/WWEST_pairs.json#F4X-01146,,gmc/results/aerial3dg/f4/diag/WWEST/cylinder/
cylinder,F4X-01147,WWEST,103,2659,UNKNOWN,start_not_certified_free,EP-TOL,tolerance,0.12,,3.662,1.3635,100.0,1.5,0.195,1.962,20.0,1.5,10.0,1.5,,,,,REACHABLE:graph_path_lifted_and_verified,UNKNOWN:start_not_certified_free,True,0.1,,,,gmc/results/aerial3dg/f4/sample/WWEST_pairs.json#F4X-01147,,gmc/results/aerial3dg/f4/diag/WWEST/cylinder/
cylinder,F4X-01150,WWEST,103,2714,TIMEOUT,query_exceeded_120s,METHOD-TIMEOUT,genuine,120.0,,6.891,1.1869,5.0,1.5,0.195,7.621,1.004,10.0,3.0,,,,,,,,,,,,,gmc/results/aerial3dg/f4/sample/WWEST_pairs.json#F4X-01150,,gmc/results/aerial3dg/f4/diag/WWEST/cylinder/
cylinder,F4X-01155,WWEST,103,2808,UNKNOWN,goal_not_certified_free,EP-TOL,tolerance,0.1,,5.545,1.2395,2.0,1.0,0.195,20.0,1.962,10.0,1.5,1.5,,,,,REACHABLE:graph_path_lifted_and_verified,UNKNOWN:goal_not_certified_free,True,0.1,,,,gmc/results/aerial3dg/f4/sample/WWEST_pairs.json#F4X-01155,,gmc/results/aerial3dg/f4/diag/WWEST/cylinder/
cylinder,F4X-01170,WWEST,103,3026,UNKNOWN,goal_not_certified_free,EP-TOL,tolerance,0.1,,3.097,1.0982,3.0,1.5,0.104,1.022,1.974,3.0,1.5,1.5,,,,,REACHABLE:graph_path_lifted_and_verified,UNKNOWN:goal_not_certified_free,True,0.1,,,,gmc/results/aerial3dg/f4/sample/WWEST_pairs.json#F4X-01170,,gmc/results/aerial3dg/f4/diag/WWEST/cylinder/
cylinder,F4X-01175,WWEST,103,3191,UNKNOWN,goal_not_certified_free,EP-TOL,tolerance,0.1,,5.805,1.1685,10.0,1.5,0.195,20.0,1.974,10.0,1.5,1.5,,,,,REACHABLE:graph_path_lifted_and_verified,UNKNOWN:goal_not_certified_free,True,0.1,,,,gmc/results/aerial3dg/f4/sample/WWEST_pairs.json#F4X-01175,,gmc/results/aerial3dg/f4/diag/WWEST/cylinder/
cylinder,F4X-01186,WWEST,103,3319,UNKNOWN,start_not_certified_free,EP-TOL,tolerance,0.11,,5.928,1.1496,5.0,1.5,0.195,1.974,20.0,1.5,10.0,1.5,,,,,REACHABLE:graph_path_lifted_and_verified,UNKNOWN:start_not_certified_free,True,0.1,,,,gmc/results/aerial3dg/f4/sample/WWEST_pairs.json#F4X-01186,,gmc/results/aerial3dg/f4/diag/WWEST/cylinder/
cylinder,F4X-01196,WWEST,103,3504,UNKNOWN,start_not_certified_free,EP-TOL,tolerance,0.09,,5.713,1.3026,10.0,1.5,0.195,1.962,20.0,1.5,10.0,1.5,,,,,TIMEOUT:timeout,UNKNOWN:start_not_certified_free,True,0.1,,,,gmc/results/aerial3dg/f4/sample/WWEST_pairs.json#F4X-01196,,gmc/results/aerial3dg/f4/diag/WWEST/cylinder/
cylinder,F4X-01213,WWEST,103,3863,UNKNOWN,start_not_certified_free,EP-TOL,tolerance,0.1,,4.432,1.1185,50.0,1.5,0.195,1.974,6.601,1.5,10.0,1.5,,,,,REACHABLE:graph_path_lifted_and_verified,UNKNOWN:start_not_certified_free,True,0.1,,,,gmc/results/aerial3dg/f4/sample/WWEST_pairs.json#F4X-01213,,gmc/results/aerial3dg/f4/diag/WWEST/cylinder/
cylinder,F4X-01216,WWEST,103,3901,UNKNOWN,shared_replay_failed,EXPORT-DOMAIN,export,19.47,CERTIFIED,5.695,1.0763,20.0,3.0,0.195,4.163,4.33,3.0,5.0,,False,map_unknown,20.589,-20.0,,UNKNOWN:shared_replay_failed,True,23.9,,,,gmc/results/aerial3dg/f4/sample/WWEST_pairs.json#F4X-01216,,gmc/results/aerial3dg/f4/diag/WWEST/cylinder/
cylinder,F4X-01229,WWEST,103,4065,UNKNOWN,goal_not_certified_free,EP-TOL,tolerance,0.12,,3.446,1.0798,3.0,1.0,0.195,20.0,1.255,10.0,1.0,1.0,,,,,UNKNOWN:shared_replay_failed,UNKNOWN:goal_not_certified_free,True,0.2,,,,gmc/results/aerial3dg/f4/sample/WWEST_pairs.json#F4X-01229,,gmc/results/aerial3dg/f4/diag/WWEST/cylinder/
cylinder,F4X-01233,WWEST,103,4178,UNKNOWN,shared_replay_failed,EXPORT-DOMAIN,export,1.91,CERTIFIED,5.343,1.0712,1.0,3.0,0.195,1.011,17.692,5.0,10.0,,False,map_unknown,29.163,-8.638,,UNKNOWN:shared_replay_failed,True,2.7,,,,gmc/results/aerial3dg/f4/sample/WWEST_pairs.json#F4X-01233,,gmc/results/aerial3dg/f4/diag/WWEST/cylinder/
cylinder,F4X-01234,WWEST,103,4181,UNKNOWN,goal_not_certified_free,EP-TOL,tolerance,0.1,,3.183,1.3731,100.0,1.5,0.195,20.0,1.962,10.0,1.5,1.5,,,,,REACHABLE:graph_path_lifted_and_verified,UNKNOWN:goal_not_certified_free,True,0.2,,,,gmc/results/aerial3dg/f4/sample/WWEST_pairs.json#F4X-01234,,gmc/results/aerial3dg/f4/diag/WWEST/cylinder/
cylinder,F4X-01240,WWEST,103,4290,TIMEOUT,query_exceeded_120s,METHOD-TIMEOUT,genuine,120.0,,6.45,1.0932,10.0,1.5,0.195,1.004,6.601,2.0,10.0,,,,,,,TIMEOUT:query_exceeded_300s,True,300.0,REACHABLE:graph_path_lifted_and_verified,1.96,,gmc/results/aerial3dg/f4/sample/WWEST_pairs.json#F4X-01240,,gmc/results/aerial3dg/f4/diag/WWEST/cylinder/
cylinder,F4X-01245,WWEST,103,4328,TIMEOUT,query_exceeded_120s,METHOD-TIMEOUT,genuine,120.0,,3.337,1.6077,3.0,3.0,1.046,1.806,7.356,5.0,10.0,,,,,,,REACHABLE:graph_path_lifted_and_verified,True,242.7,UNKNOWN:shared_replay_failed,0.95,,gmc/results/aerial3dg/f4/sample/WWEST_pairs.json#F4X-01245,,gmc/results/aerial3dg/f4/diag/WWEST/cylinder/
cylinder,F4X-01246,WWEST,103,4380,TIMEOUT,query_exceeded_120s,METHOD-TIMEOUT,genuine,120.0,,3.078,1.3898,50.0,1.0,0.195,10.944,3.74,10.0,3.0,,,,,,,,,,,,,gmc/results/aerial3dg/f4/sample/WWEST_pairs.json#F4X-01246,,gmc/results/aerial3dg/f4/diag/WWEST/cylinder/
cylinder,F4X-01249,WWEST,103,4397,UNKNOWN,start_not_certified_free,EP-TOL,tolerance,0.11,,4.358,1.1677,20.0,1.0,0.195,1.974,11.171,1.5,10.0,1.5,,,,,REACHABLE:graph_path_lifted_and_verified,UNKNOWN:start_not_certified_free,True,0.1,,,,gmc/results/aerial3dg/f4/sample/WWEST_pairs.json#F4X-01249,,gmc/results/aerial3dg/f4/diag/WWEST/cylinder/
cylinder,F4X-01250,WWEST,103,4432,UNKNOWN,shared_replay_failed,EXPORT-DOMAIN,export,0.17,CERTIFIED,3.268,1.0794,20.0,1.5,0.344,1.962,3.292,3.0,3.0,,False,map_unknown,9.066,-20.0,,UNKNOWN:shared_replay_failed,True,0.2,,,,gmc/results/aerial3dg/f4/sample/WWEST_pairs.json#F4X-01250,,gmc/results/aerial3dg/f4/diag/WWEST/cylinder/
cylinder,F4X-01255,WWEST,103,4521,TIMEOUT,query_exceeded_120s,METHOD-TIMEOUT,genuine,120.0,,4.769,1.3256,50.0,1.0,0.195,3.354,17.518,3.0,10.0,,,,,,,,,,,,,gmc/results/aerial3dg/f4/sample/WWEST_pairs.json#F4X-01255,,gmc/results/aerial3dg/f4/diag/WWEST/cylinder/
cylinder,F4X-01258,WWEST,103,4530,TIMEOUT,query_exceeded_120s,METHOD-TIMEOUT,genuine,120.0,,3.357,1.4817,10.0,3.0,1.046,20.0,1.584,10.0,5.0,,,,,,,TIMEOUT:query_exceeded_300s,True,300.0,REACHABLE:graph_path_lifted_and_verified,2.31,,gmc/results/aerial3dg/f4/sample/WWEST_pairs.json#F4X-01258,,gmc/results/aerial3dg/f4/diag/WWEST/cylinder/
cylinder,F4X-01261,WWEST,103,4592,UNKNOWN,goal_not_certified_free,EP-TOL,tolerance,0.1,,5.635,1.2785,10.0,1.5,0.195,1.806,1.974,10.0,1.5,1.5,,,,,REACHABLE:graph_path_lifted_and_verified,UNKNOWN:goal_not_certified_free,True,0.1,,,,gmc/results/aerial3dg/f4/sample/WWEST_pairs.json#F4X-01261,,gmc/results/aerial3dg/f4/diag/WWEST/cylinder/
cylinder,F4X-01268,WWEST,103,4746,UNKNOWN,start_not_certified_free,EP-TOL,tolerance,0.09,,3.181,1.0094,5.0,1.0,0.871,1.255,3.644,1.0,10.0,1.0,,,,,REACHABLE:graph_path_lifted_and_verified,UNKNOWN:start_not_certified_free,True,0.1,,,,gmc/results/aerial3dg/f4/sample/WWEST_pairs.json#F4X-01268,,gmc/results/aerial3dg/f4/diag/WWEST/cylinder/
cylinder,F4X-01270,WWEST,103,4761,TIMEOUT,query_exceeded_120s,METHOD-TIMEOUT,genuine,120.0,,3.399,1.3897,20.0,1.0,0.195,8.194,4.024,10.0,3.0,,,,,,,,,,,,,gmc/results/aerial3dg/f4/sample/WWEST_pairs.json#F4X-01270,,gmc/results/aerial3dg/f4/diag/WWEST/cylinder/
cylinder,F4X-01273,WWEST,103,4848,TIMEOUT,query_exceeded_120s,METHOD-TIMEOUT,genuine,120.0,,5.236,1.5371,20.0,1.0,0.195,11.171,3.354,10.0,3.0,,,,,,,,,,,,,gmc/results/aerial3dg/f4/sample/WWEST_pairs.json#F4X-01273,,gmc/results/aerial3dg/f4/diag/WWEST/cylinder/
cylinder,F4X-01281,WWEST,103,4986,TIMEOUT,query_exceeded_120s,METHOD-TIMEOUT,genuine,120.0,,7.177,1.3222,2.0,1.0,0.195,20.0,12.839,10.0,10.0,,,,,,,,,,,,,gmc/results/aerial3dg/f4/sample/WWEST_pairs.json#F4X-01281,,gmc/results/aerial3dg/f4/diag/WWEST/cylinder/
cylinder,F4X-01294,WWEST,103,5203,UNKNOWN,goal_not_certified_free,EP-TOL,tolerance,0.08,,4.617,1.1457,20.0,1.5,0.195,12.207,1.962,10.0,1.5,1.5,,,,,REACHABLE:graph_path_lifted_and_verified,UNKNOWN:goal_not_certified_free,True,0.3,,,,gmc/results/aerial3dg/f4/sample/WWEST_pairs.json#F4X-01294,,gmc/results/aerial3dg/f4/diag/WWEST/cylinder/
cylinder,F4X-01325,WWEST,103,5583,TIMEOUT,query_exceeded_120s,METHOD-TIMEOUT,genuine,120.0,,5.104,1.5905,1.0,1.0,0.01,3.74,6.601,3.0,5.0,,,,,,,,,,,,,gmc/results/aerial3dg/f4/sample/WWEST_pairs.json#F4X-01325,,gmc/results/aerial3dg/f4/diag/WWEST/cylinder/
cylinder,F4X-01334,WWEST,103,5717,UNKNOWN,start_not_certified_free,EP-TOL,tolerance,0.11,,4.17,1.2201,50.0,1.0,0.195,1.974,12.207,1.5,10.0,1.5,,,,,REACHABLE:graph_path_lifted_and_verified,UNKNOWN:start_not_certified_free,True,0.1,,,,gmc/results/aerial3dg/f4/sample/WWEST_pairs.json#F4X-01334,,gmc/results/aerial3dg/f4/diag/WWEST/cylinder/
cylinder,F4X-01342,WWEST,103,5892,UNKNOWN,start_not_certified_free,EP-TOL,tolerance,0.08,,3.927,1.4718,20.0,1.0,0.195,1.077,12.207,1.0,10.0,1.0,,,,,TIMEOUT:timeout,UNKNOWN:start_not_certified_free,True,0.2,,,,gmc/results/aerial3dg/f4/sample/WWEST_pairs.json#F4X-01342,,gmc/results/aerial3dg/f4/diag/WWEST/cylinder/
cylinder,F4X-01344,WWEST,103,5931,UNKNOWN,shared_replay_failed,EXPORT-DOMAIN,export,31.11,CERTIFIED,6.007,1.4526,3.0,1.0,0.195,11.012,14.359,10.0,10.0,,False,map_unknown,17.634,-5.638,,UNKNOWN:shared_replay_failed,True,38.5,,,,gmc/results/aerial3dg/f4/sample/WWEST_pairs.json#F4X-01344,,gmc/results/aerial3dg/f4/diag/WWEST/cylinder/
cylinder,F4X-01354,WWEST,103,6108,UNKNOWN,start_not_certified_free,EP-TOL,tolerance,0.1,,3.927,1.3915,50.0,1.5,0.195,1.962,12.207,1.5,10.0,1.5,,,,,REACHABLE:graph_path_lifted_and_verified,UNKNOWN:start_not_certified_free,True,0.1,,,,gmc/results/aerial3dg/f4/sample/WWEST_pairs.json#F4X-01354,,gmc/results/aerial3dg/f4/diag/WWEST/cylinder/
cylinder,F4X-01364,WWEST,103,6271,TIMEOUT,query_exceeded_120s,METHOD-TIMEOUT,genuine,120.0,,5.111,1.6812,10.0,1.0,0.01,11.378,1.806,10.0,10.0,,,,,,,TIMEOUT:query_exceeded_300s,True,300.0,REACHABLE:graph_path_lifted_and_verified,1.95,,gmc/results/aerial3dg/f4/sample/WWEST_pairs.json#F4X-01364,,gmc/results/aerial3dg/f4/diag/WWEST/cylinder/
cylinder,F4X-01369,WWEST,103,6304,TIMEOUT,query_exceeded_120s,METHOD-TIMEOUT,genuine,120.0,,4.813,1.2641,20.0,1.0,0.195,1.032,3.74,10.0,10.0,,,,,,,,,,,,,gmc/results/aerial3dg/f4/sample/WWEST_pairs.json#F4X-01369,,gmc/results/aerial3dg/f4/diag/WWEST/cylinder/
cylinder,F4X-01370,WWEST,103,6325,UNKNOWN,shared_replay_failed,EXPORT-DOMAIN,export,42.46,CERTIFIED,3.102,1.098,3.0,3.0,1.046,1.123,20.0,10.0,10.0,,False,map_unknown,16.75,-6.238,,UNKNOWN:shared_replay_failed,True,45.6,,,,gmc/results/aerial3dg/f4/sample/WWEST_pairs.json#F4X-01370,,gmc/results/aerial3dg/f4/diag/WWEST/cylinder/
cylinder,F4X-01371,WWEST,103,6329,UNKNOWN,goal_not_certified_free,EP-TOL,tolerance,0.11,,4.146,1.3209,100.0,1.5,0.195,12.207,1.962,10.0,1.5,1.5,,,,,REACHABLE:graph_path_lifted_and_verified,UNKNOWN:goal_not_certified_free,True,0.1,,,,gmc/results/aerial3dg/f4/sample/WWEST_pairs.json#F4X-01371,,gmc/results/aerial3dg/f4/diag/WWEST/cylinder/
cylinder,F4X-01373,WWEST,103,6352,TIMEOUT,query_exceeded_120s,METHOD-TIMEOUT,genuine,120.0,,4.765,1.7825,1.5,1.0,0.195,2.932,6.601,10.0,10.0,,,,,,,,,,,,,gmc/results/aerial3dg/f4/sample/WWEST_pairs.json#F4X-01373,,gmc/results/aerial3dg/f4/diag/WWEST/cylinder/
cylinder,F4X-01389,WWEST,103,6533,TIMEOUT,query_exceeded_120s,METHOD-TIMEOUT,genuine,120.0,,5.552,1.4003,20.0,1.0,0.195,8.446,20.0,5.0,10.0,,,,,,,REACHABLE:graph_path_lifted_and_verified,True,225.8,REACHABLE:graph_path_lifted_and_verified,0.92,,gmc/results/aerial3dg/f4/sample/WWEST_pairs.json#F4X-01389,,gmc/results/aerial3dg/f4/diag/WWEST/cylinder/
cylinder,F4X-01392,WWEST,103,6536,TIMEOUT,query_exceeded_120s,METHOD-TIMEOUT,genuine,120.0,,4.869,1.5691,50.0,1.0,0.195,11.171,3.74,10.0,3.0,,,,,,,,,,,,,gmc/results/aerial3dg/f4/sample/WWEST_pairs.json#F4X-01392,,gmc/results/aerial3dg/f4/diag/WWEST/cylinder/
cylinder,F4X-01394,WWEST,103,6555,UNKNOWN,shared_replay_failed,EXPORT-KIN,export,15.9,CERTIFIED,5.619,1.3621,100.0,1.0,0.195,12.207,7.438,10.0,10.0,,True,all_closed_edges_verified,-20.0,-20.0,,UNKNOWN:shared_replay_failed,True,17.9,,,,gmc/results/aerial3dg/f4/sample/WWEST_pairs.json#F4X-01394,,gmc/results/aerial3dg/f4/diag/WWEST/cylinder/
cylinder,F4X-01403,WWEST,103,6767,TIMEOUT,query_exceeded_120s,METHOD-TIMEOUT,genuine,120.0,,4.904,1.2534,20.0,1.5,0.195,1.666,20.0,2.0,10.0,,,,,,,REACHABLE:graph_path_lifted_and_verified,True,192.1,REACHABLE:graph_path_lifted_and_verified,0.93,,gmc/results/aerial3dg/f4/sample/WWEST_pairs.json#F4X-01403,,gmc/results/aerial3dg/f4/diag/WWEST/cylinder/
cylinder,F4X-01415,WWEST,103,6985,UNKNOWN,goal_not_certified_free,EP-TOL,tolerance,0.1,,4.74,1.3218,20.0,1.0,0.195,20.0,1.962,10.0,1.5,1.5,,,,,REACHABLE:graph_path_lifted_and_verified,UNKNOWN:goal_not_certified_free,True,0.1,,,,gmc/results/aerial3dg/f4/sample/WWEST_pairs.json#F4X-01415,,gmc/results/aerial3dg/f4/diag/WWEST/cylinder/
cylinder,F4X-01419,WWEST,103,7037,UNKNOWN,goal_not_certified_free,EP-TOL,tolerance,0.09,,5.841,1.1453,20.0,1.5,0.195,2.375,1.974,10.0,1.5,1.5,,,,,REACHABLE:graph_path_lifted_and_verified,UNKNOWN:goal_not_certified_free,True,0.1,,,,gmc/results/aerial3dg/f4/sample/WWEST_pairs.json#F4X-01419,,gmc/results/aerial3dg/f4/diag/WWEST/cylinder/
cylinder,F4X-01424,WWEST,103,7201,TIMEOUT,query_exceeded_120s,METHOD-TIMEOUT,genuine,120.0,,5.564,1.3635,3.0,1.0,0.195,1.806,3.74,10.0,3.0,,,,,,,,,,,,,gmc/results/aerial3dg/f4/sample/WWEST_pairs.json#F4X-01424,,gmc/results/aerial3dg/f4/diag/WWEST/cylinder/
cylinder,F4X-01425,WWEST,103,7245,TIMEOUT,query_exceeded_120s,METHOD-TIMEOUT,genuine,120.0,,4.316,1.1262,5.0,1.5,0.344,1.142,11.641,5.0,10.0,,,,,,,,,,,,,gmc/results/aerial3dg/f4/sample/WWEST_pairs.json#F4X-01425,,gmc/results/aerial3dg/f4/diag/WWEST/cylinder/
cylinder,F4X-01436,WWEST,103,7510,UNKNOWN,shared_replay_failed,EXPORT-DOMAIN,export,38.52,CERTIFIED,3.009,1.2006,3.0,1.0,0.544,1.063,2.878,2.0,5.0,,False,map_unknown,15.043,-20.0,,UNKNOWN:shared_replay_failed,True,45.2,,,,gmc/results/aerial3dg/f4/sample/WWEST_pairs.json#F4X-01436,,gmc/results/aerial3dg/f4/diag/WWEST/cylinder/
cylinder,F4X-01437,WWEST,103,7512,TIMEOUT,query_exceeded_120s,METHOD-TIMEOUT,genuine,120.0,,6.753,1.2809,20.0,1.0,0.195,11.171,3.163,10.0,3.0,,,,,,,,,,,,,gmc/results/aerial3dg/f4/sample/WWEST_pairs.json#F4X-01437,,gmc/results/aerial3dg/f4/diag/WWEST/cylinder/
cylinder,F4X-01438,WWEST,103,7550,TIMEOUT,query_exceeded_120s,METHOD-TIMEOUT,genuine,120.0,,6.076,1.4091,5.0,1.0,0.195,1.806,7.438,5.0,10.0,,,,,,,,,,,,,gmc/results/aerial3dg/f4/sample/WWEST_pairs.json#F4X-01438,,gmc/results/aerial3dg/f4/diag/WWEST/cylinder/
cylinder,F4X-01439,WWEST,103,7571,TIMEOUT,query_exceeded_120s,METHOD-TIMEOUT,genuine,120.0,,6.671,1.3877,10.0,1.0,0.195,20.0,2.993,10.0,10.0,,,,,,,,,,,,,gmc/results/aerial3dg/f4/sample/WWEST_pairs.json#F4X-01439,,gmc/results/aerial3dg/f4/diag/WWEST/cylinder/
cylinder,F4X-01440,WWEST,103,7578,TIMEOUT,query_exceeded_120s,METHOD-TIMEOUT,genuine,120.0,,5.509,1.5322,20.0,1.0,0.195,1.806,3.74,10.0,3.0,,,,,,,,,,,,,gmc/results/aerial3dg/f4/sample/WWEST_pairs.json#F4X-01440,,gmc/results/aerial3dg/f4/diag/WWEST/cylinder/
cylinder,F4X-01442,WWEST,103,7626,TIMEOUT,query_exceeded_120s,METHOD-TIMEOUT,genuine,120.0,,4.174,1.5271,20.0,1.0,0.195,1.328,6.601,3.0,10.0,,,,,,,,,,,,,gmc/results/aerial3dg/f4/sample/WWEST_pairs.json#F4X-01442,,gmc/results/aerial3dg/f4/diag/WWEST/cylinder/
cylinder,F4X-01450,WWEST,103,7742,TIMEOUT,query_exceeded_120s,METHOD-TIMEOUT,genuine,120.0,,4.765,1.3518,20.0,1.5,0.195,1.073,8.128,2.0,10.0,,,,,,,,,,,,,gmc/results/aerial3dg/f4/sample/WWEST_pairs.json#F4X-01450,,gmc/results/aerial3dg/f4/diag/WWEST/cylinder/
cylinder,F4X-01464,WWEST,103,7928,TIMEOUT,query_exceeded_120s,METHOD-TIMEOUT,genuine,120.0,,6.323,1.3761,5.0,1.0,0.195,2.993,5.891,10.0,5.0,,,,,,,,,,,,,gmc/results/aerial3dg/f4/sample/WWEST_pairs.json#F4X-01464,,gmc/results/aerial3dg/f4/diag/WWEST/cylinder/
cylinder,F4X-01465,WWEST,103,7940,UNKNOWN,goal_not_certified_free,EP-TOL,tolerance,0.12,,5.966,1.132,20.0,1.5,0.195,17.713,1.182,10.0,1.5,1.5,,,,,REACHABLE:graph_path_lifted_and_verified,UNKNOWN:goal_not_certified_free,True,0.1,,,,gmc/results/aerial3dg/f4/sample/WWEST_pairs.json#F4X-01465,,gmc/results/aerial3dg/f4/diag/WWEST/cylinder/
cylinder,F4X-01468,WWEST,103,8059,UNKNOWN,start_not_certified_free,EP-TOL,tolerance,0.1,,5.004,1.0937,3.0,1.0,0.195,1.021,17.692,1.5,10.0,1.5,,,,,REACHABLE:graph_path_lifted_and_verified,UNKNOWN:start_not_certified_free,True,0.1,,,,gmc/results/aerial3dg/f4/sample/WWEST_pairs.json#F4X-01468,,gmc/results/aerial3dg/f4/diag/WWEST/cylinder/
cylinder,F4X-01472,WWEST,103,8121,UNKNOWN,shared_replay_failed,EXPORT-DOMAIN,export,83.24,CERTIFIED,3.732,1.0919,5.0,2.0,0.344,3.292,7.482,5.0,5.0,,False,map_unknown,10.414,-11.238,,UNKNOWN:shared_replay_failed,True,100.3,,,,gmc/results/aerial3dg/f4/sample/WWEST_pairs.json#F4X-01472,,gmc/results/aerial3dg/f4/diag/WWEST/cylinder/
cylinder,F4X-01478,WWEST,103,8255,UNKNOWN,start_not_certified_free,EP-TOL,tolerance,0.11,,3.054,1.0793,20.0,1.5,0.344,1.962,3.292,1.5,3.0,1.5,,,,,REACHABLE:graph_path_lifted_and_verified,UNKNOWN:start_not_certified_free,True,0.1,,,,gmc/results/aerial3dg/f4/sample/WWEST_pairs.json#F4X-01478,,gmc/results/aerial3dg/f4/diag/WWEST/cylinder/
cylinder,F4X-01479,WWEST,103,8256,TIMEOUT,query_exceeded_120s,METHOD-TIMEOUT,genuine,120.0,,5.119,1.273,2.0,1.0,0.01,1.088,3.74,2.0,3.0,,,,,,,,,,,,,gmc/results/aerial3dg/f4/sample/WWEST_pairs.json#F4X-01479,,gmc/results/aerial3dg/f4/diag/WWEST/cylinder/
cylinder,F4X-01482,WWEST,103,8285,TIMEOUT,query_exceeded_120s,METHOD-TIMEOUT,genuine,120.0,,5.969,1.2865,10.0,1.0,0.195,7.96,20.0,5.0,10.0,,,,,,,,,,,,,gmc/results/aerial3dg/f4/sample/WWEST_pairs.json#F4X-01482,,gmc/results/aerial3dg/f4/diag/WWEST/cylinder/
cylinder,F4X-01486,WWEST,103,8334,UNKNOWN,goal_not_certified_free,EP-TOL,tolerance,0.1,,3.072,1.0778,50.0,1.5,0.344,11.641,1.962,10.0,1.5,1.5,,,,,REACHABLE:graph_path_lifted_and_verified,UNKNOWN:goal_not_certified_free,True,0.1,,,,gmc/results/aerial3dg/f4/sample/WWEST_pairs.json#F4X-01486,,gmc/results/aerial3dg/f4/diag/WWEST/cylinder/
cylinder,F4X-01495,WWEST,103,8530,UNKNOWN,start_not_certified_free,EP-TOL,tolerance,0.1,,6.955,1.2106,1.0,1.0,0.195,1.016,12.839,1.0,10.0,1.0,,,,,TIMEOUT:timeout,UNKNOWN:start_not_certified_free,True,0.1,,,,gmc/results/aerial3dg/f4/sample/WWEST_pairs.json#F4X-01495,,gmc/results/aerial3dg/f4/diag/WWEST/cylinder/
cylinder,F4X-01496,WWEST,103,8555,UNKNOWN,start_not_certified_free,EP-TOL,tolerance,0.09,,4.661,1.4422,5.0,1.0,0.195,1.255,20.0,1.0,10.0,1.0,,,,,TIMEOUT:timeout,UNKNOWN:start_not_certified_free,True,0.1,,,,gmc/results/aerial3dg/f4/sample/WWEST_pairs.json#F4X-01496,,gmc/results/aerial3dg/f4/diag/WWEST/cylinder/
cylinder,F4X-01507,WWEST,104,154,UNKNOWN,goal_not_certified_free,EP-TOL,tolerance,0.11,,4.276,1.2168,100.0,1.0,0.195,12.207,1.962,10.0,1.5,1.5,,,,,REACHABLE:graph_path_lifted_and_verified,UNKNOWN:goal_not_certified_free,True,0.1,,,,gmc/results/aerial3dg/f4/sample/WWEST_pairs.json#F4X-01507,,gmc/results/aerial3dg/f4/diag/WWEST/cylinder/
cylinder,F4X-01508,WWEST,104,158,TIMEOUT,query_exceeded_120s,METHOD-TIMEOUT,genuine,120.0,,6.378,1.1042,10.0,1.5,0.195,1.048,12.207,2.0,10.0,,,,,,,,,,,,,gmc/results/aerial3dg/f4/sample/WWEST_pairs.json#F4X-01508,,gmc/results/aerial3dg/f4/diag/WWEST/cylinder/
cylinder,F4X-01509,WWEST,104,197,UNKNOWN,start_not_certified_free,EP-TOL,tolerance,0.1,,3.135,1.6319,3.0,1.0,0.01,1.255,12.207,1.0,10.0,1.0,,,,,REACHABLE:graph_path_lifted_and_verified,UNKNOWN:start_not_certified_free,True,0.1,,,,gmc/results/aerial3dg/f4/sample/WWEST_pairs.json#F4X-01509,,gmc/results/aerial3dg/f4/diag/WWEST/cylinder/
cylinder,F4X-01522,WWEST,104,417,TIMEOUT,query_exceeded_120s,METHOD-TIMEOUT,genuine,120.0,,6.365,1.1853,20.0,1.5,0.195,13.621,1.059,10.0,3.0,,,,,,,,,,,,,gmc/results/aerial3dg/f4/sample/WWEST_pairs.json#F4X-01522,,gmc/results/aerial3dg/f4/diag/WWEST/cylinder/
cylinder,F4X-01525,WWEST,104,433,UNKNOWN,start_not_certified_free,EP-TOL,tolerance,0.11,,4.423,1.499,3.0,1.0,0.195,1.042,20.0,1.0,10.0,1.0,,,,,TIMEOUT:timeout,UNKNOWN:start_not_certified_free,True,0.1,,,,gmc/results/aerial3dg/f4/sample/WWEST_pairs.json#F4X-01525,,gmc/results/aerial3dg/f4/diag/WWEST/cylinder/
cylinder,F4X-01533,WWEST,104,557,UNKNOWN,shared_replay_failed,EXPORT-KIN,export,13.67,CERTIFIED,4.843,1.3856,100.0,1.0,0.195,20.0,15.821,10.0,10.0,,True,all_closed_edges_verified,-20.0,-20.0,,UNKNOWN:shared_replay_failed,True,19.5,,,,gmc/results/aerial3dg/f4/sample/WWEST_pairs.json#F4X-01533,,gmc/results/aerial3dg/f4/diag/WWEST/cylinder/
cylinder,F4X-01535,WWEST,104,575,TIMEOUT,query_exceeded_120s,METHOD-TIMEOUT,genuine,120.0,,6.577,1.208,5.0,1.0,0.01,1.041,12.207,3.0,10.0,,,,,,,,,,,,,gmc/results/aerial3dg/f4/sample/WWEST_pairs.json#F4X-01535,,gmc/results/aerial3dg/f4/diag/WWEST/cylinder/
cylinder,F4X-01540,WWEST,104,674,UNKNOWN,goal_not_certified_free,EP-TOL,tolerance,0.1,,3.731,1.0705,20.0,1.5,0.195,1.011,1.962,5.0,1.5,1.5,,,,,REACHABLE:graph_path_lifted_and_verified,UNKNOWN:goal_not_certified_free,True,0.1,,,,gmc/results/aerial3dg/f4/sample/WWEST_pairs.json#F4X-01540,,gmc/results/aerial3dg/f4/diag/WWEST/cylinder/
cylinder,F4X-01542,WWEST,104,713,TIMEOUT,query_exceeded_120s,METHOD-TIMEOUT,genuine,120.0,,4.101,1.5388,3.0,1.0,0.195,13.183,5.42,10.0,10.0,,,,,,,,,,,,,gmc/results/aerial3dg/f4/sample/WWEST_pairs.json#F4X-01542,,gmc/results/aerial3dg/f4/diag/WWEST/cylinder/
cylinder,F4X-01544,WWEST,104,819,TIMEOUT,query_exceeded_120s,METHOD-TIMEOUT,genuine,120.0,,5.499,1.3063,50.0,1.0,0.195,3.354,3.16,3.0,10.0,,,,,,,,,,,,,gmc/results/aerial3dg/f4/sample/WWEST_pairs.json#F4X-01544,,gmc/results/aerial3dg/f4/diag/WWEST/cylinder/
cylinder,F4X-01548,WWEST,104,974,UNKNOWN,start_not_certified_free,EP-TOL,tolerance,0.1,,4.311,1.1001,20.0,1.5,0.344,1.187,6.475,1.5,10.0,1.5,,,,,REACHABLE:graph_path_lifted_and_verified,UNKNOWN:start_not_certified_free,True,0.1,,,,gmc/results/aerial3dg/f4/sample/WWEST_pairs.json#F4X-01548,,gmc/results/aerial3dg/f4/diag/WWEST/cylinder/
cylinder,F4X-01558,WWEST,104,1127,TIMEOUT,query_exceeded_120s,METHOD-TIMEOUT,genuine,120.0,,5.616,1.4179,5.0,1.0,0.195,13.882,20.0,10.0,10.0,,,,,,,,,,,,,gmc/results/aerial3dg/f4/sample/WWEST_pairs.json#F4X-01558,,gmc/results/aerial3dg/f4/diag/WWEST/cylinder/
cylinder,F4X-01568,WWEST,104,1286,UNKNOWN,shared_replay_failed,EXPORT-DOMAIN,export,8.85,CERTIFIED,3.771,1.0178,3.0,2.0,0.344,20.0,1.413,10.0,3.0,,False,map_unknown,44.166,-12.338,,UNKNOWN:shared_replay_failed,True,9.6,,,,gmc/results/aerial3dg/f4/sample/WWEST_pairs.json#F4X-01568,,gmc/results/aerial3dg/f4/diag/WWEST/cylinder/
cylinder,F4X-01569,WWEST,104,1297,UNKNOWN,shared_replay_failed,EXPORT-DOMAIN,export,51.73,CERTIFIED,5.027,1.4044,10.0,2.0,0.195,20.0,2.878,10.0,2.0,,False,map_unknown,1.752,-20.0,,UNKNOWN:shared_replay_failed,True,68.6,,,,gmc/results/aerial3dg/f4/sample/WWEST_pairs.json#F4X-01569,,gmc/results/aerial3dg/f4/diag/WWEST/cylinder/
cylinder,F4X-01571,WWEST,104,1338,TIMEOUT,query_exceeded_120s,METHOD-TIMEOUT,genuine,120.0,,5.264,1.2371,20.0,1.5,0.195,9.435,2.768,10.0,2.0,,,,,,,,,,,,,gmc/results/aerial3dg/f4/sample/WWEST_pairs.json#F4X-01571,,gmc/results/aerial3dg/f4/diag/WWEST/cylinder/
cylinder,F4X-01577,WWEST,104,1391,TIMEOUT,query_exceeded_120s,METHOD-TIMEOUT,genuine,120.0,,3.468,1.4241,5.0,1.0,0.195,3.991,14.984,5.0,10.0,,,,,,,,,,,,,gmc/results/aerial3dg/f4/sample/WWEST_pairs.json#F4X-01577,,gmc/results/aerial3dg/f4/diag/WWEST/cylinder/
cylinder,F4X-01579,WWEST,104,1411,UNKNOWN,goal_not_certified_free,EP-TOL,tolerance,0.1,,3.003,1.1018,100.0,1.5,0.344,11.641,1.962,10.0,1.5,1.5,,,,,REACHABLE:graph_path_lifted_and_verified,UNKNOWN:goal_not_certified_free,True,0.1,,,,gmc/results/aerial3dg/f4/sample/WWEST_pairs.json#F4X-01579,,gmc/results/aerial3dg/f4/diag/WWEST/cylinder/
cylinder,F4X-01587,WWEST,104,1563,UNKNOWN,goal_not_certified_free,EP-TOL,tolerance,0.1,,4.557,1.1786,100.0,1.5,0.195,12.207,1.974,10.0,1.5,1.5,,,,,REACHABLE:graph_path_lifted_and_verified,UNKNOWN:goal_not_certified_free,True,0.1,,,,gmc/results/aerial3dg/f4/sample/WWEST_pairs.json#F4X-01587,,gmc/results/aerial3dg/f4/diag/WWEST/cylinder/
cylinder,F4X-01591,WWEST,104,1643,UNKNOWN,goal_not_certified_free,EP-TOL,tolerance,0.11,,3.304,1.0424,5.0,1.0,0.544,2.768,1.0,2.0,1.0,1.0,,,,,REACHABLE:graph_path_lifted_and_verified,UNKNOWN:goal_not_certified_free,True,0.1,,,,gmc/results/aerial3dg/f4/sample/WWEST_pairs.json#F4X-01591,,gmc/results/aerial3dg/f4/diag/WWEST/cylinder/
cylinder,F4X-01602,WWEST,104,1760,TIMEOUT,query_exceeded_120s,METHOD-TIMEOUT,genuine,120.0,,3.209,1.6059,20.0,1.0,0.195,3.74,20.0,3.0,10.0,,,,,,,,,,,,,gmc/results/aerial3dg/f4/sample/WWEST_pairs.json#F4X-01602,,gmc/results/aerial3dg/f4/diag/WWEST/cylinder/
cylinder,F4X-01605,WWEST,104,1806,UNKNOWN,start_not_certified_free,EP-TOL,tolerance,0.09,,3.716,1.0385,20.0,1.0,0.195,1.077,3.292,1.0,10.0,1.0,,,,,REACHABLE:graph_path_lifted_and_verified,UNKNOWN:start_not_certified_free,True,0.1,,,,gmc/results/aerial3dg/f4/sample/WWEST_pairs.json#F4X-01605,,gmc/results/aerial3dg/f4/diag/WWEST/cylinder/
cylinder,F4X-01606,WWEST,104,1809,TIMEOUT,query_exceeded_120s,METHOD-TIMEOUT,genuine,120.0,,4.331,1.1337,10.0,1.0,0.01,1.124,3.74,5.0,3.0,,,,,,,,,,,,,gmc/results/aerial3dg/f4/sample/WWEST_pairs.json#F4X-01606,,gmc/results/aerial3dg/f4/diag/WWEST/cylinder/
cylinder,F4X-01612,WWEST,104,1912,UNKNOWN,start_not_certified_free,EP-TOL,tolerance,0.1,,3.401,1.07,100.0,1.5,0.195,1.962,7.356,1.5,5.0,1.5,,,,,REACHABLE:graph_path_lifted_and_verified,UNKNOWN:start_not_certified_free,True,0.1,,,,gmc/results/aerial3dg/f4/sample/WWEST_pairs.json#F4X-01612,,gmc/results/aerial3dg/f4/diag/WWEST/cylinder/
cylinder,F4X-01619,WWEST,104,2012,TIMEOUT,query_exceeded_120s,METHOD-TIMEOUT,genuine,120.0,,6.393,1.3832,5.0,1.0,0.195,10.7,14.359,10.0,10.0,,,,,,,,,,,,,gmc/results/aerial3dg/f4/sample/WWEST_pairs.json#F4X-01619,,gmc/results/aerial3dg/f4/diag/WWEST/cylinder/
cylinder,F4X-01620,WWEST,104,2029,TIMEOUT,query_exceeded_120s,METHOD-TIMEOUT,genuine,120.0,,3.45,1.5449,50.0,1.0,0.195,3.74,20.0,3.0,10.0,,,,,,,,,,,,,gmc/results/aerial3dg/f4/sample/WWEST_pairs.json#F4X-01620,,gmc/results/aerial3dg/f4/diag/WWEST/cylinder/
cylinder,F4X-01621,WWEST,104,2036,UNKNOWN,start_not_certified_free,EP-TOL,tolerance,0.11,,5.001,1.1476,100.0,1.5,0.195,1.962,7.621,1.5,10.0,1.5,,,,,REACHABLE:graph_path_lifted_and_verified,UNKNOWN:start_not_certified_free,True,0.1,,,,gmc/results/aerial3dg/f4/sample/WWEST_pairs.json#F4X-01621,,gmc/results/aerial3dg/f4/diag/WWEST/cylinder/
cylinder,F4X-01641,WWEST,104,2393,UNKNOWN,start_not_certified_free,EP-TOL,tolerance,0.1,,3.224,1.0744,50.0,1.5,0.344,1.962,3.292,1.5,3.0,1.5,,,,,REACHABLE:graph_path_lifted_and_verified,UNKNOWN:start_not_certified_free,True,0.1,,,,gmc/results/aerial3dg/f4/sample/WWEST_pairs.json#F4X-01641,,gmc/results/aerial3dg/f4/diag/WWEST/cylinder/
cylinder,F4X-01645,WWEST,104,2514,TIMEOUT,query_exceeded_120s,METHOD-TIMEOUT,genuine,120.0,,4.55,1.6501,50.0,1.0,0.195,3.354,14.359,3.0,10.0,,,,,,,,,,,,,gmc/results/aerial3dg/f4/sample/WWEST_pairs.json#F4X-01645,,gmc/results/aerial3dg/f4/diag/WWEST/cylinder/
cylinder,F4X-01647,WWEST,104,2601,TIMEOUT,query_exceeded_120s,METHOD-TIMEOUT,genuine,120.0,,5.769,1.3447,20.0,1.0,0.195,11.171,7.438,10.0,5.0,,,,,,,,,,,,,gmc/results/aerial3dg/f4/sample/WWEST_pairs.json#F4X-01647,,gmc/results/aerial3dg/f4/diag/WWEST/cylinder/
cylinder,F4X-01650,WWEST,104,2657,TIMEOUT,query_exceeded_120s,METHOD-TIMEOUT,genuine,120.0,,6.012,1.4387,2.0,1.0,0.195,1.806,17.662,10.0,10.0,,,,,,,,,,,,,gmc/results/aerial3dg/f4/sample/WWEST_pairs.json#F4X-01650,,gmc/results/aerial3dg/f4/diag/WWEST/cylinder/
cylinder,F4X-01656,WWEST,104,2758,UNKNOWN,goal_not_certified_free,EP-TOL,tolerance,0.11,,3.579,1.525,50.0,1.5,0.195,16.458,1.962,10.0,1.5,1.5,,,,,REACHABLE:graph_path_lifted_and_verified,UNKNOWN:goal_not_certified_free,True,0.1,,,,gmc/results/aerial3dg/f4/sample/WWEST_pairs.json#F4X-01656,,gmc/results/aerial3dg/f4/diag/WWEST/cylinder/
cylinder,F4X-01657,WWEST,104,2771,TIMEOUT,query_exceeded_120s,METHOD-TIMEOUT,genuine,120.0,,6.995,1.2094,20.0,1.0,0.195,20.0,8.719,10.0,5.0,,,,,,,,,,,,,gmc/results/aerial3dg/f4/sample/WWEST_pairs.json#F4X-01657,,gmc/results/aerial3dg/f4/diag/WWEST/cylinder/
cylinder,F4X-01660,WWEST,104,2838,UNKNOWN,start_not_certified_free,EP-TOL,tolerance,0.1,,4.75,1.1373,20.0,1.5,0.195,1.494,11.171,1.5,10.0,1.5,,,,,REACHABLE:graph_path_lifted_and_verified,UNKNOWN:start_not_certified_free,True,0.1,,,,gmc/results/aerial3dg/f4/sample/WWEST_pairs.json#F4X-01660,,gmc/results/aerial3dg/f4/diag/WWEST/cylinder/
cylinder,F4X-01661,WWEST,104,2879,UNKNOWN,start_not_certified_free,EP-TOL,tolerance,0.08,,3.194,1.0838,20.0,1.0,0.344,1.036,5.935,1.0,5.0,1.0,,,,,REACHABLE:graph_path_lifted_and_verified,UNKNOWN:start_not_certified_free,True,0.1,,,,gmc/results/aerial3dg/f4/sample/WWEST_pairs.json#F4X-01661,,gmc/results/aerial3dg/f4/diag/WWEST/cylinder/
cylinder,F4X-01662,WWEST,104,2888,TIMEOUT,query_exceeded_120s,METHOD-TIMEOUT,genuine,120.0,,4.826,1.098,20.0,1.0,0.195,3.74,20.0,3.0,10.0,,,,,,,REACHABLE:graph_path_lifted_and_verified,True,129.8,REACHABLE:graph_path_lifted_and_verified,0.51,,gmc/results/aerial3dg/f4/sample/WWEST_pairs.json#F4X-01662,,gmc/results/aerial3dg/f4/diag/WWEST/cylinder/
cylinder,F4X-01681,WWEST,104,3082,UNKNOWN,start_not_certified_free,EP-TOL,tolerance,0.1,,3.042,1.0945,3.0,1.0,1.046,1.118,4.688,1.0,10.0,1.0,,,,,REACHABLE:graph_path_lifted_and_verified,UNKNOWN:start_not_certified_free,True,0.1,,,,gmc/results/aerial3dg/f4/sample/WWEST_pairs.json#F4X-01681,,gmc/results/aerial3dg/f4/diag/WWEST/cylinder/
cylinder,F4X-01683,WWEST,104,3107,UNKNOWN,goal_not_certified_free,EP-TOL,tolerance,0.1,,3.638,1.215,100.0,1.5,0.195,12.207,1.974,10.0,1.5,1.5,,,,,REACHABLE:graph_path_lifted_and_verified,UNKNOWN:goal_not_certified_free,True,0.1,,,,gmc/results/aerial3dg/f4/sample/WWEST_pairs.json#F4X-01683,,gmc/results/aerial3dg/f4/diag/WWEST/cylinder/
cylinder,F4X-01685,WWEST,104,3121,UNKNOWN,goal_not_certified_free,EP-TOL,tolerance,0.09,,3.512,1.0365,100.0,1.5,0.344,7.356,1.974,10.0,1.5,1.5,,,,,REACHABLE:graph_path_lifted_and_verified,UNKNOWN:goal_not_certified_free,True,0.1,,,,gmc/results/aerial3dg/f4/sample/WWEST_pairs.json#F4X-01685,,gmc/results/aerial3dg/f4/diag/WWEST/cylinder/
cylinder,F4X-01689,WWEST,104,3218,UNKNOWN,start_not_certified_free,EP-TOL,tolerance,0.11,,5.732,1.2573,10.0,1.0,0.195,1.962,20.0,1.5,10.0,1.5,,,,,TIMEOUT:timeout,UNKNOWN:start_not_certified_free,True,0.1,,,,gmc/results/aerial3dg/f4/sample/WWEST_pairs.json#F4X-01689,,gmc/results/aerial3dg/f4/diag/WWEST/cylinder/
cylinder,F4X-01692,WWEST,104,3261,TIMEOUT,query_exceeded_120s,METHOD-TIMEOUT,genuine,120.0,,3.928,1.8732,3.0,1.0,0.195,11.378,8.255,10.0,10.0,,,,,,,,,,,,,gmc/results/aerial3dg/f4/sample/WWEST_pairs.json#F4X-01692,,gmc/results/aerial3dg/f4/diag/WWEST/cylinder/
cylinder,F4X-01693,WWEST,104,3267,UNKNOWN,shared_replay_failed,EXPORT-DOMAIN,export,0.82,CERTIFIED,4.774,1.0356,5.0,1.5,0.344,17.692,2.993,10.0,5.0,,False,map_unknown,25.128,-11.538,,UNKNOWN:shared_replay_failed,True,1.0,,,,gmc/results/aerial3dg/f4/sample/WWEST_pairs.json#F4X-01693,,gmc/results/aerial3dg/f4/diag/WWEST/cylinder/
cylinder,F4X-01696,WWEST,104,3371,UNKNOWN,goal_not_certified_free,EP-TOL,tolerance,0.11,,4.082,1.2637,100.0,1.0,0.195,2.993,1.372,2.0,1.5,1.5,,,,,REACHABLE:graph_path_lifted_and_verified,UNKNOWN:goal_not_certified_free,True,0.1,,,,gmc/results/aerial3dg/f4/sample/WWEST_pairs.json#F4X-01696,,gmc/results/aerial3dg/f4/diag/WWEST/cylinder/
cylinder,F4X-01701,WWEST,104,3468,TIMEOUT,query_exceeded_120s,METHOD-TIMEOUT,genuine,120.0,,6.012,1.4194,20.0,1.0,0.01,20.0,2.993,10.0,2.0,,,,,,,,,,,,,gmc/results/aerial3dg/f4/sample/WWEST_pairs.json#F4X-01701,,gmc/results/aerial3dg/f4/diag/WWEST/cylinder/
cylinder,F4X-01706,WWEST,104,3511,UNKNOWN,goal_not_certified_free,EP-TOL,tolerance,0.08,,3.454,1.5831,20.0,1.0,0.195,14.359,1.011,10.0,1.0,1.0,,,,,REACHABLE:graph_path_lifted_and_verified,UNKNOWN:goal_not_certified_free,True,0.1,,,,gmc/results/aerial3dg/f4/sample/WWEST_pairs.json#F4X-01706,,gmc/results/aerial3dg/f4/diag/WWEST/cylinder/
cylinder,F4X-01707,WWEST,104,3526,TIMEOUT,query_exceeded_120s,METHOD-TIMEOUT,genuine,120.0,,3.638,1.5507,10.0,1.0,0.01,3.74,19.43,3.0,10.0,,,,,,,,,,,,,gmc/results/aerial3dg/f4/sample/WWEST_pairs.json#F4X-01707,,gmc/results/aerial3dg/f4/diag/WWEST/cylinder/
cylinder,F4X-01716,WWEST,104,3736,UNKNOWN,goal_not_certified_free,EP-TOL,tolerance,0.11,,4.889,1.1214,20.0,1.5,0.195,6.601,1.974,10.0,1.5,1.5,,,,,REACHABLE:graph_path_lifted_and_verified,UNKNOWN:goal_not_certified_free,True,0.1,,,,gmc/results/aerial3dg/f4/sample/WWEST_pairs.json#F4X-01716,,gmc/results/aerial3dg/f4/diag/WWEST/cylinder/
cylinder,F4X-01719,WWEST,104,3837,TIMEOUT,query_exceeded_120s,METHOD-TIMEOUT,genuine,120.0,,4.442,1.6532,10.0,1.0,0.195,14.359,3.354,10.0,3.0,,,,,,,,,,,,,gmc/results/aerial3dg/f4/sample/WWEST_pairs.json#F4X-01719,,gmc/results/aerial3dg/f4/diag/WWEST/cylinder/
cylinder,F4X-01722,WWEST,104,3937,TIMEOUT,query_exceeded_120s,METHOD-TIMEOUT,genuine,120.0,,5.667,1.44,2.0,1.5,0.195,1.806,8.446,5.0,10.0,,,,,,,TIMEOUT:query_exceeded_300s,True,300.0,UNKNOWN:shared_replay_failed,0.38,,gmc/results/aerial3dg/f4/sample/WWEST_pairs.json#F4X-01722,,gmc/results/aerial3dg/f4/diag/WWEST/cylinder/
cylinder,F4X-01727,WWEST,104,4010,UNKNOWN,start_not_certified_free,EP-TOL,tolerance,0.1,,3.871,1.3461,100.0,1.5,0.195,1.962,12.207,1.5,10.0,1.5,,,,,REACHABLE:graph_path_lifted_and_verified,UNKNOWN:start_not_certified_free,True,0.1,,,,gmc/results/aerial3dg/f4/sample/WWEST_pairs.json#F4X-01727,,gmc/results/aerial3dg/f4/diag/WWEST/cylinder/
cylinder,F4X-01731,WWEST,104,4074,TIMEOUT,query_exceeded_120s,METHOD-TIMEOUT,genuine,120.0,,5.228,1.0978,10.0,1.5,0.344,1.1,11.641,3.0,10.0,,,,,,,,,,,,,gmc/results/aerial3dg/f4/sample/WWEST_pairs.json#F4X-01731,,gmc/results/aerial3dg/f4/diag/WWEST/cylinder/
cylinder,F4X-01740,WWEST,104,4212,TIMEOUT,query_exceeded_120s,METHOD-TIMEOUT,genuine,120.0,,7.475,1.2367,10.0,1.0,0.195,1.142,6.601,5.0,10.0,,,,,,,REACHABLE:graph_path_lifted_and_verified,True,259.6,REACHABLE:graph_path_lifted_and_verified,2.01,,gmc/results/aerial3dg/f4/sample/WWEST_pairs.json#F4X-01740,,gmc/results/aerial3dg/f4/diag/WWEST/cylinder/
cylinder,F4X-01741,WWEST,104,4252,UNKNOWN,goal_not_certified_free,EP-TOL,tolerance,0.12,,4.868,1.0808,50.0,1.5,0.195,17.518,1.974,10.0,1.5,1.5,,,,,REACHABLE:graph_path_lifted_and_verified,UNKNOWN:goal_not_certified_free,True,0.1,,,,gmc/results/aerial3dg/f4/sample/WWEST_pairs.json#F4X-01741,,gmc/results/aerial3dg/f4/diag/WWEST/cylinder/
cylinder,F4X-01742,WWEST,104,4262,UNKNOWN,shared_replay_failed,EXPORT-KIN,export,20.76,CERTIFIED,4.342,1.6406,20.0,1.5,0.195,16.458,14.921,10.0,10.0,,True,all_closed_edges_verified,-20.0,-20.0,,UNKNOWN:shared_replay_failed,True,21.8,,,,gmc/results/aerial3dg/f4/sample/WWEST_pairs.json#F4X-01742,,gmc/results/aerial3dg/f4/diag/WWEST/cylinder/
cylinder,F4X-01747,WWEST,104,4342,TIMEOUT,query_exceeded_120s,METHOD-TIMEOUT,genuine,120.0,,5.394,1.3957,20.0,1.0,0.195,5.98,20.0,5.0,10.0,,,,,,,,,,,,,gmc/results/aerial3dg/f4/sample/WWEST_pairs.json#F4X-01747,,gmc/results/aerial3dg/f4/diag/WWEST/cylinder/
cylinder,F4X-01772,WWEST,104,4774,TIMEOUT,query_exceeded_120s,METHOD-TIMEOUT,genuine,120.0,,7.329,1.3023,10.0,1.0,0.195,1.055,20.0,5.0,10.0,,,,,,,REACHABLE:graph_path_lifted_and_verified,True,146.3,UNKNOWN:shared_replay_failed,1.04,,gmc/results/aerial3dg/f4/sample/WWEST_pairs.json#F4X-01772,,gmc/results/aerial3dg/f4/diag/WWEST/cylinder/
cylinder,F4X-01777,WWEST,104,4824,UNKNOWN,shared_replay_failed,EXPORT-DOMAIN,export,26.37,CERTIFIED,5.03,1.4088,5.0,1.0,0.195,2.993,12.207,5.0,10.0,,False,map_unknown,8.149,-9.238,,UNKNOWN:shared_replay_failed,True,30.8,,,,gmc/results/aerial3dg/f4/sample/WWEST_pairs.json#F4X-01777,,gmc/results/aerial3dg/f4/diag/WWEST/cylinder/
cylinder,F4X-01784,WWEST,104,4882,UNKNOWN,start_not_certified_free,EP-TOL,tolerance,0.1,,3.381,1.1262,50.0,1.5,0.195,1.962,1.035,1.5,10.0,1.5,,,,,REACHABLE:graph_path_lifted_and_verified,UNKNOWN:start_not_certified_free,True,0.1,,,,gmc/results/aerial3dg/f4/sample/WWEST_pairs.json#F4X-01784,,gmc/results/aerial3dg/f4/diag/WWEST/cylinder/
cylinder,F4X-01787,WWEST,104,4898,UNKNOWN,shared_replay_failed,EXPORT-KIN,export,44.22,CERTIFIED,6.261,1.1744,10.0,1.5,0.195,17.518,1.054,10.0,10.0,,True,all_closed_edges_verified,-20.0,-20.0,,UNKNOWN:shared_replay_failed,True,52.7,,,,gmc/results/aerial3dg/f4/sample/WWEST_pairs.json#F4X-01787,,gmc/results/aerial3dg/f4/diag/WWEST/cylinder/
cylinder,F4X-01788,WWEST,104,4902,UNKNOWN,start_not_certified_free,EP-TOL,tolerance,0.1,,4.131,1.2259,50.0,1.0,0.195,1.974,12.207,1.5,10.0,1.5,,,,,REACHABLE:graph_path_lifted_and_verified,UNKNOWN:start_not_certified_free,True,0.1,,,,gmc/results/aerial3dg/f4/sample/WWEST_pairs.json#F4X-01788,,gmc/results/aerial3dg/f4/diag/WWEST/cylinder/
cylinder,F4X-01789,WWEST,104,4927,TIMEOUT,query_exceeded_120s,METHOD-TIMEOUT,genuine,120.0,,4.889,1.2759,10.0,1.0,0.195,2.451,3.354,10.0,3.0,,,,,,,,,,,,,gmc/results/aerial3dg/f4/sample/WWEST_pairs.json#F4X-01789,,gmc/results/aerial3dg/f4/diag/WWEST/cylinder/
cylinder,F4X-01790,WWEST,104,4933,UNKNOWN,start_not_certified_free,EP-TOL,tolerance,0.11,,3.042,1.1683,20.0,1.0,0.195,1.077,4.001,1.0,10.0,1.0,,,,,REACHABLE:graph_path_lifted_and_verified,UNKNOWN:start_not_certified_free,True,0.1,,,,gmc/results/aerial3dg/f4/sample/WWEST_pairs.json#F4X-01790,,gmc/results/aerial3dg/f4/diag/WWEST/cylinder/
cylinder,F4X-01791,WWEST,104,4957,UNKNOWN,start_not_certified_free,EP-TOL,tolerance,0.09,,3.356,1.5436,100.0,1.5,0.195,1.962,6.57,1.5,10.0,1.5,,,,,REACHABLE:graph_path_lifted_and_verified,UNKNOWN:start_not_certified_free,True,0.1,,,,gmc/results/aerial3dg/f4/sample/WWEST_pairs.json#F4X-01791,,gmc/results/aerial3dg/f4/diag/WWEST/cylinder/
cylinder,F4X-01798,WWEST,104,5030,TIMEOUT,query_exceeded_120s,METHOD-TIMEOUT,genuine,120.0,,5.346,1.326,50.0,1.0,0.195,3.354,6.601,3.0,10.0,,,,,,,,,,,,,gmc/results/aerial3dg/f4/sample/WWEST_pairs.json#F4X-01798,,gmc/results/aerial3dg/f4/diag/WWEST/cylinder/
cylinder,F4X-01806,WWEST,104,5200,TIMEOUT,query_exceeded_120s,METHOD-TIMEOUT,genuine,120.0,,5.209,1.1946,2.0,1.0,0.195,14.359,1.026,10.0,2.0,,,,,,,,,,,,,gmc/results/aerial3dg/f4/sample/WWEST_pairs.json#F4X-01806,,gmc/results/aerial3dg/f4/diag/WWEST/cylinder/
cylinder,F4X-01827,WWEST,104,5638,TIMEOUT,query_exceeded_120s,METHOD-TIMEOUT,genuine,120.0,,5.797,1.1296,20.0,1.5,0.195,2.768,12.207,3.0,10.0,,,,,,,,,,,,,gmc/results/aerial3dg/f4/sample/WWEST_pairs.json#F4X-01827,,gmc/results/aerial3dg/f4/diag/WWEST/cylinder/
cylinder,F4X-01831,WWEST,104,5687,UNKNOWN,shared_replay_failed,EXPORT-DOMAIN,export,0.22,CERTIFIED,3.449,1.0687,5.0,1.5,0.344,1.962,3.292,10.0,5.0,,False,map_unknown,9.626,-9.638,,UNKNOWN:shared_replay_failed,True,0.3,,,,gmc/results/aerial3dg/f4/sample/WWEST_pairs.json#F4X-01831,,gmc/results/aerial3dg/f4/diag/WWEST/cylinder/
cylinder,F4X-01832,WWEST,104,5688,UNKNOWN,start_not_certified_free,EP-TOL,tolerance,0.1,,4.597,1.1435,50.0,1.5,0.195,1.974,11.171,1.5,10.0,1.5,,,,,REACHABLE:graph_path_lifted_and_verified,UNKNOWN:start_not_certified_free,True,0.1,,,,gmc/results/aerial3dg/f4/sample/WWEST_pairs.json#F4X-01832,,gmc/results/aerial3dg/f4/diag/WWEST/cylinder/
cylinder,F4X-01833,WWEST,104,5728,UNKNOWN,start_not_certified_free,EP-TOL,tolerance,0.08,,3.517,1.2502,100.0,1.0,0.195,1.974,20.0,1.5,10.0,1.5,,,,,REACHABLE:graph_path_lifted_and_verified,UNKNOWN:start_not_certified_free,True,0.1,,,,gmc/results/aerial3dg/f4/sample/WWEST_pairs.json#F4X-01833,,gmc/results/aerial3dg/f4/diag/WWEST/cylinder/
cylinder,F4X-01857,WWEST,104,6137,TIMEOUT,query_exceeded_120s,METHOD-TIMEOUT,genuine,120.0,,3.148,1.3664,10.0,1.0,0.195,3.83,1.121,5.0,5.0,,,,,,,,,,,,,gmc/results/aerial3dg/f4/sample/WWEST_pairs.json#F4X-01857,,gmc/results/aerial3dg/f4/diag/WWEST/cylinder/
cylinder,F4X-01858,WWEST,104,6140,UNKNOWN,start_not_certified_free,EP-TOL,tolerance,0.09,,3.488,1.5308,20.0,1.0,0.195,1.045,12.207,1.0,10.0,1.0,,,,,TIMEOUT:timeout,UNKNOWN:start_not_certified_free,True,0.1,,,,gmc/results/aerial3dg/f4/sample/WWEST_pairs.json#F4X-01858,,gmc/results/aerial3dg/f4/diag/WWEST/cylinder/
cylinder,F4X-01865,WWEST,104,6305,UNKNOWN,start_not_certified_free,EP-TOL,tolerance,0.1,,5.95,1.2044,3.0,1.0,0.195,1.371,5.361,1.0,5.0,1.0,,,,,REACHABLE:graph_path_lifted_and_verified,UNKNOWN:start_not_certified_free,True,0.1,,,,gmc/results/aerial3dg/f4/sample/WWEST_pairs.json#F4X-01865,,gmc/results/aerial3dg/f4/diag/WWEST/cylinder/
cylinder,F4X-01869,WWEST,104,6365,TIMEOUT,query_exceeded_120s,METHOD-TIMEOUT,genuine,120.0,,5.971,1.3752,20.0,2.0,0.195,20.0,7.438,10.0,10.0,,,,,,,,,,,,,gmc/results/aerial3dg/f4/sample/WWEST_pairs.json#F4X-01869,,gmc/results/aerial3dg/f4/diag/WWEST/cylinder/
cylinder,F4X-01872,WWEST,104,6439,UNKNOWN,shared_replay_failed,EXPORT-DOMAIN,export,45.48,CERTIFIED,6.148,1.2259,3.0,1.5,0.195,19.43,2.878,10.0,5.0,,False,map_unknown,10.038,-20.0,,UNKNOWN:shared_replay_failed,True,52.0,,,,gmc/results/aerial3dg/f4/sample/WWEST_pairs.json#F4X-01872,,gmc/results/aerial3dg/f4/diag/WWEST/cylinder/
cylinder,F4X-01877,WWEST,104,6561,UNKNOWN,goal_not_certified_free,EP-TOL,tolerance,0.12,,3.638,1.0225,10.0,1.5,0.344,10.302,1.974,10.0,1.5,1.5,,,,,UNKNOWN:shared_replay_failed,UNKNOWN:goal_not_certified_free,True,0.1,,,,gmc/results/aerial3dg/f4/sample/WWEST_pairs.json#F4X-01877,,gmc/results/aerial3dg/f4/diag/WWEST/cylinder/
cylinder,F4X-01881,WWEST,104,6629,UNKNOWN,start_not_certified_free,EP-TOL,tolerance,0.12,,5.368,1.3359,5.0,1.5,0.195,1.962,1.806,1.5,10.0,1.5,,,,,TIMEOUT:timeout,UNKNOWN:start_not_certified_free,True,0.1,,,,gmc/results/aerial3dg/f4/sample/WWEST_pairs.json#F4X-01881,,gmc/results/aerial3dg/f4/diag/WWEST/cylinder/
cylinder,F4X-01884,WWEST,104,6688,UNKNOWN,goal_not_certified_free,EP-TOL,tolerance,0.09,,5.251,1.1912,20.0,1.5,0.195,9.604,1.974,10.0,1.5,1.5,,,,,REACHABLE:graph_path_lifted_and_verified,UNKNOWN:goal_not_certified_free,True,0.1,,,,gmc/results/aerial3dg/f4/sample/WWEST_pairs.json#F4X-01884,,gmc/results/aerial3dg/f4/diag/WWEST/cylinder/
cylinder,F4X-01885,WWEST,104,6694,UNKNOWN,start_not_certified_free,EP-TOL,tolerance,0.09,,4.062,1.3986,100.0,1.0,0.195,1.034,20.0,1.0,10.0,1.0,,,,,UNKNOWN:start_not_certified_free,UNKNOWN:start_not_certified_free,True,0.1,,,,gmc/results/aerial3dg/f4/sample/WWEST_pairs.json#F4X-01885,,gmc/results/aerial3dg/f4/diag/WWEST/cylinder/
cylinder,F4X-01897,WWEST,104,6917,UNKNOWN,shared_replay_failed,EXPORT-DOMAIN,export,76.08,CERTIFIED,6.535,1.3502,10.0,1.0,0.195,5.595,12.207,5.0,10.0,,False,map_unknown,10.24,-20.0,,UNKNOWN:shared_replay_failed,True,90.4,,,,gmc/results/aerial3dg/f4/sample/WWEST_pairs.json#F4X-01897,,gmc/results/aerial3dg/f4/diag/WWEST/cylinder/
cylinder,F4X-01898,WWEST,104,6947,UNKNOWN,start_not_certified_free,EP-TOL,tolerance,0.1,,3.608,1.0773,20.0,1.5,1.962,1.962,3.292,1.5,3.0,1.5,,,,,REACHABLE:graph_path_lifted_and_verified,UNKNOWN:start_not_certified_free,True,0.1,,,,gmc/results/aerial3dg/f4/sample/WWEST_pairs.json#F4X-01898,,gmc/results/aerial3dg/f4/diag/WWEST/cylinder/
cylinder,F4X-01904,WWEST,104,7037,TIMEOUT,query_exceeded_120s,METHOD-TIMEOUT,genuine,120.0,,5.912,1.4525,1.5,1.0,0.195,3.991,1.806,10.0,10.0,,,,,,,,,,,,,gmc/results/aerial3dg/f4/sample/WWEST_pairs.json#F4X-01904,,gmc/results/aerial3dg/f4/diag/WWEST/cylinder/
cylinder,F4X-01913,WWEST,104,7120,UNKNOWN,shared_replay_failed,EXPORT-DOMAIN,export,0.14,CERTIFIED,4.16,1.0778,10.0,1.5,0.344,3.292,5.361,3.0,5.0,,False,map_unknown,14.024,-20.0,,UNKNOWN:shared_replay_failed,True,0.2,,,,gmc/results/aerial3dg/f4/sample/WWEST_pairs.json#F4X-01913,,gmc/results/aerial3dg/f4/diag/WWEST/cylinder/
cylinder,F4X-01914,WWEST,104,7142,UNKNOWN,goal_not_certified_free,EP-TOL,tolerance,0.11,,4.467,1.4362,20.0,1.0,0.195,6.601,1.026,10.0,1.0,1.0,,,,,TIMEOUT:timeout,UNKNOWN:goal_not_certified_free,True,0.1,,,,gmc/results/aerial3dg/f4/sample/WWEST_pairs.json#F4X-01914,,gmc/results/aerial3dg/f4/diag/WWEST/cylinder/
cylinder,F4X-01927,WWEST,104,7429,UNKNOWN,start_not_certified_free,EP-TOL,tolerance,0.12,,4.583,1.169,50.0,1.5,0.195,1.962,19.43,1.5,10.0,1.5,,,,,REACHABLE:graph_path_lifted_and_verified,UNKNOWN:start_not_certified_free,True,0.1,,,,gmc/results/aerial3dg/f4/sample/WWEST_pairs.json#F4X-01927,,gmc/results/aerial3dg/f4/diag/WWEST/cylinder/
cylinder,F4X-01928,WWEST,104,7438,TIMEOUT,query_exceeded_120s,METHOD-TIMEOUT,genuine,120.0,,5.565,1.4609,10.0,1.5,0.195,1.806,8.446,5.0,5.0,,,,,,,,,,,,,gmc/results/aerial3dg/f4/sample/WWEST_pairs.json#F4X-01928,,gmc/results/aerial3dg/f4/diag/WWEST/cylinder/
cylinder,F4X-01929,WWEST,104,7445,UNKNOWN,start_not_certified_free,EP-TOL,tolerance,0.1,,4.028,1.3441,100.0,1.5,0.195,1.962,12.207,1.5,10.0,1.5,,,,,REACHABLE:graph_path_lifted_and_verified,UNKNOWN:start_not_certified_free,True,0.1,,,,gmc/results/aerial3dg/f4/sample/WWEST_pairs.json#F4X-01929,,gmc/results/aerial3dg/f4/diag/WWEST/cylinder/
cylinder,F4X-01930,WWEST,104,7477,UNKNOWN,goal_not_certified_free,EP-TOL,tolerance,0.09,,3.791,1.424,20.0,1.0,0.195,11.171,1.255,10.0,1.5,1.5,,,,,REACHABLE:graph_path_lifted_and_verified,UNKNOWN:goal_not_certified_free,True,0.1,,,,gmc/results/aerial3dg/f4/sample/WWEST_pairs.json#F4X-01930,,gmc/results/aerial3dg/f4/diag/WWEST/cylinder/
cylinder,F4X-01931,WWEST,104,7554,UNKNOWN,shared_replay_failed,EXPORT-KIN,export,14.18,CERTIFIED,3.514,1.5305,100.0,1.5,0.01,5.101,7.438,5.0,10.0,,True,all_closed_edges_verified,-20.0,-20.0,,UNKNOWN:shared_replay_failed,True,15.7,,,,gmc/results/aerial3dg/f4/sample/WWEST_pairs.json#F4X-01931,,gmc/results/aerial3dg/f4/diag/WWEST/cylinder/
cylinder,F4X-01947,WWEST,104,7791,UNKNOWN,start_not_certified_free,EP-TOL,tolerance,0.11,,4.703,1.1695,50.0,1.5,0.195,1.962,17.518,1.5,10.0,1.5,,,,,REACHABLE:graph_path_lifted_and_verified,UNKNOWN:start_not_certified_free,True,0.1,,,,gmc/results/aerial3dg/f4/sample/WWEST_pairs.json#F4X-01947,,gmc/results/aerial3dg/f4/diag/WWEST/cylinder/
cylinder,F4X-01950,WWEST,104,7834,UNKNOWN,shared_replay_failed,EXPORT-DOMAIN,export,0.41,CERTIFIED,5.276,1.0875,1.0,1.5,0.344,2.993,3.292,5.0,3.0,,False,map_unknown,22.34,-1.538,,UNKNOWN:shared_replay_failed,True,0.5,,,,gmc/results/aerial3dg/f4/sample/WWEST_pairs.json#F4X-01950,,gmc/results/aerial3dg/f4/diag/WWEST/cylinder/
cylinder,F4X-01967,WWEST,104,8112,TIMEOUT,query_exceeded_120s,METHOD-TIMEOUT,genuine,120.0,,4.485,1.3917,50.0,1.0,0.195,17.518,1.077,10.0,3.0,,,,,,,,,,,,,gmc/results/aerial3dg/f4/sample/WWEST_pairs.json#F4X-01967,,gmc/results/aerial3dg/f4/diag/WWEST/cylinder/
cylinder,F4X-01970,WWEST,104,8212,TIMEOUT,query_exceeded_120s,METHOD-TIMEOUT,genuine,120.0,,5.559,1.4954,20.0,1.0,0.195,20.0,3.354,10.0,3.0,,,,,,,,,,,,,gmc/results/aerial3dg/f4/sample/WWEST_pairs.json#F4X-01970,,gmc/results/aerial3dg/f4/diag/WWEST/cylinder/
cylinder,F4X-01982,WWEST,104,8457,TIMEOUT,query_exceeded_120s,METHOD-TIMEOUT,genuine,120.0,,4.016,1.5244,20.0,1.0,0.195,12.207,3.74,10.0,3.0,,,,,,,,,,,,,gmc/results/aerial3dg/f4/sample/WWEST_pairs.json#F4X-01982,,gmc/results/aerial3dg/f4/diag/WWEST/cylinder/
cylinder,F4X-01988,WWEST,104,8513,TIMEOUT,query_exceeded_120s,METHOD-TIMEOUT,genuine,120.0,,4.098,1.2158,10.0,1.5,0.195,8.355,2.768,10.0,3.0,,,,,,,,,,,,,gmc/results/aerial3dg/f4/sample/WWEST_pairs.json#F4X-01988,,gmc/results/aerial3dg/f4/diag/WWEST/cylinder/
cylinder,F4X-01997,WWEST,104,8669,UNKNOWN,goal_not_certified_free,EP-TOL,tolerance,0.1,,5.469,1.3926,5.0,1.5,0.195,1.806,1.962,5.0,1.5,1.5,,,,,TIMEOUT:timeout,UNKNOWN:goal_not_certified_free,True,0.1,,,,gmc/results/aerial3dg/f4/sample/WWEST_pairs.json#F4X-01997,,gmc/results/aerial3dg/f4/diag/WWEST/cylinder/
cylinder,F4X-02000,WWEST,105,20,TIMEOUT,query_exceeded_120s,METHOD-TIMEOUT,genuine,120.0,,3.637,1.4069,5.0,3.0,1.046,3.292,1.806,3.0,5.0,,,,,,,,,,,,,gmc/results/aerial3dg/f4/sample/WWEST_pairs.json#F4X-02000,,gmc/results/aerial3dg/f4/diag/WWEST/cylinder/
cylinder,F4X-02002,WWEST,105,35,TIMEOUT,query_exceeded_120s,METHOD-TIMEOUT,genuine,120.0,,4.878,1.1818,20.0,1.0,0.195,20.0,2.768,10.0,2.0,,,,,,,REACHABLE:graph_path_lifted_and_verified,True,211.4,UNKNOWN:shared_replay_failed,1.55,,gmc/results/aerial3dg/f4/sample/WWEST_pairs.json#F4X-02002,,gmc/results/aerial3dg/f4/diag/WWEST/cylinder/
cylinder,F4X-02012,WWEST,105,216,TIMEOUT,query_exceeded_120s,METHOD-TIMEOUT,genuine,120.0,,7.751,1.1911,5.0,1.5,0.195,1.806,2.768,10.0,3.0,,,,,,,REACHABLE:graph_path_lifted_and_verified,False,98.3,UNKNOWN:shared_replay_failed,2.35,,gmc/results/aerial3dg/f4/sample/WWEST_pairs.json#F4X-02012,,gmc/results/aerial3dg/f4/diag/WWEST/cylinder/
cylinder,F4X-02014,WWEST,105,224,TIMEOUT,query_exceeded_120s,METHOD-TIMEOUT,genuine,120.0,,4.207,1.6135,20.0,1.0,0.195,3.74,12.207,3.0,10.0,,,,,,,,,,,,,gmc/results/aerial3dg/f4/sample/WWEST_pairs.json#F4X-02014,,gmc/results/aerial3dg/f4/diag/WWEST/cylinder/
cylinder,F4X-02023,WWEST,105,374,UNKNOWN,start_not_certified_free,EP-TOL,tolerance,0.1,,4.645,1.246,20.0,1.5,0.195,1.974,2.204,1.5,10.0,1.5,,,,,REACHABLE:graph_path_lifted_and_verified,UNKNOWN:start_not_certified_free,True,0.1,,,,gmc/results/aerial3dg/f4/sample/WWEST_pairs.json#F4X-02023,,gmc/results/aerial3dg/f4/diag/WWEST/cylinder/
cylinder,F4X-02030,WWEST,105,529,UNKNOWN,goal_not_certified_free,EP-TOL,tolerance,0.11,,3.633,1.2323,100.0,1.5,0.195,20.0,1.962,10.0,1.5,1.5,,,,,REACHABLE:graph_path_lifted_and_verified,UNKNOWN:goal_not_certified_free,True,0.1,,,,gmc/results/aerial3dg/f4/sample/WWEST_pairs.json#F4X-02030,,gmc/results/aerial3dg/f4/diag/WWEST/cylinder/
cylinder,F4X-02032,WWEST,105,575,TIMEOUT,query_exceeded_120s,METHOD-TIMEOUT,genuine,120.0,,4.279,1.8145,10.0,1.0,0.195,2.641,1.239,10.0,10.0,,,,,,,,,,,,,gmc/results/aerial3dg/f4/sample/WWEST_pairs.json#F4X-02032,,gmc/results/aerial3dg/f4/diag/WWEST/cylinder/
cylinder,F4X-02037,WWEST,105,593,UNKNOWN,start_not_certified_free,EP-TOL,tolerance,0.1,,3.034,1.0757,20.0,1.5,1.962,1.974,12.839,1.5,10.0,1.5,,,,,REACHABLE:graph_path_lifted_and_verified,UNKNOWN:start_not_certified_free,True,0.1,,,,gmc/results/aerial3dg/f4/sample/WWEST_pairs.json#F4X-02037,,gmc/results/aerial3dg/f4/diag/WWEST/cylinder/
cylinder,F4X-02042,WWEST,105,705,UNKNOWN,goal_not_certified_free,EP-TOL,tolerance,0.11,,3.23,1.2681,50.0,1.0,0.195,1.046,1.032,10.0,1.0,1.0,,,,,REACHABLE:graph_path_lifted_and_verified,UNKNOWN:goal_not_certified_free,True,0.1,,,,gmc/results/aerial3dg/f4/sample/WWEST_pairs.json#F4X-02042,,gmc/results/aerial3dg/f4/diag/WWEST/cylinder/
cylinder,F4X-02043,WWEST,105,721,TIMEOUT,query_exceeded_120s,METHOD-TIMEOUT,genuine,120.0,,3.291,1.5928,5.0,2.0,1.046,7.356,1.806,10.0,5.0,,,,,,,TIMEOUT:query_exceeded_300s,True,300.0,REACHABLE:graph_path_lifted_and_verified,0.81,,gmc/results/aerial3dg/f4/sample/WWEST_pairs.json#F4X-02043,,gmc/results/aerial3dg/f4/diag/WWEST/cylinder/
cylinder,F4X-02049,WWEST,105,823,UNKNOWN,goal_not_certified_free,EP-TOL,tolerance,0.11,,4.578,1.1809,20.0,1.0,0.195,12.207,1.962,10.0,1.5,1.5,,,,,REACHABLE:graph_path_lifted_and_verified,UNKNOWN:goal_not_certified_free,True,0.1,,,,gmc/results/aerial3dg/f4/sample/WWEST_pairs.json#F4X-02049,,gmc/results/aerial3dg/f4/diag/WWEST/cylinder/
cylinder,F4X-02055,WWEST,105,924,TIMEOUT,query_exceeded_120s,METHOD-TIMEOUT,genuine,120.0,,5.121,1.1123,5.0,1.0,0.344,10.7,5.935,10.0,10.0,,,,,,,,,,,,,gmc/results/aerial3dg/f4/sample/WWEST_pairs.json#F4X-02055,,gmc/results/aerial3dg/f4/diag/WWEST/cylinder/
cylinder,F4X-02057,WWEST,105,940,TIMEOUT,query_exceeded_120s,METHOD-TIMEOUT,genuine,120.0,,6.027,1.4616,5.0,1.0,0.195,3.991,1.003,10.0,10.0,,,,,,,,,,,,,gmc/results/aerial3dg/f4/sample/WWEST_pairs.json#F4X-02057,,gmc/results/aerial3dg/f4/diag/WWEST/cylinder/
cylinder,F4X-02061,WWEST,105,1070,TIMEOUT,query_exceeded_120s,METHOD-TIMEOUT,genuine,120.0,,6.143,1.2778,5.0,1.5,0.195,11.171,5.361,10.0,5.0,,,,,,,,,,,,,gmc/results/aerial3dg/f4/sample/WWEST_pairs.json#F4X-02061,,gmc/results/aerial3dg/f4/diag/WWEST/cylinder/
cylinder,F4X-02079,WWEST,105,1306,UNKNOWN,start_not_certified_free,EP-TOL,tolerance,0.1,,3.44,1.1673,100.0,1.5,0.195,1.962,9.972,1.5,10.0,1.5,,,,,REACHABLE:graph_path_lifted_and_verified,UNKNOWN:start_not_certified_free,True,0.1,,,,gmc/results/aerial3dg/f4/sample/WWEST_pairs.json#F4X-02079,,gmc/results/aerial3dg/f4/diag/WWEST/cylinder/
cylinder,F4X-02088,WWEST,105,1407,TIMEOUT,query_exceeded_120s,METHOD-TIMEOUT,genuine,120.0,,5.356,1.3388,50.0,1.0,0.195,3.354,10.663,3.0,10.0,,,,,,,,,,,,,gmc/results/aerial3dg/f4/sample/WWEST_pairs.json#F4X-02088,,gmc/results/aerial3dg/f4/diag/WWEST/cylinder/
cylinder,F4X-02093,WWEST,105,1519,TIMEOUT,query_exceeded_120s,METHOD-TIMEOUT,genuine,120.0,,7.144,1.2898,5.0,1.5,0.195,20.0,11.554,10.0,10.0,,,,,,,,,,,,,gmc/results/aerial3dg/f4/sample/WWEST_pairs.json#F4X-02093,,gmc/results/aerial3dg/f4/diag/WWEST/cylinder/
cylinder,F4X-02104,WWEST,105,1751,TIMEOUT,query_exceeded_120s,METHOD-TIMEOUT,genuine,120.0,,3.622,1.0787,5.0,1.0,0.195,1.335,4.001,2.0,3.0,,,,,,,,,,,,,gmc/results/aerial3dg/f4/sample/WWEST_pairs.json#F4X-02104,,gmc/results/aerial3dg/f4/diag/WWEST/cylinder/
cylinder,F4X-02116,WWEST,105,1990,UNKNOWN,start_not_certified_free,EP-TOL,tolerance,0.24,,4.441,1.4097,50.0,1.0,0.195,1.077,6.601,1.0,10.0,1.0,,,,,TIMEOUT:timeout,UNKNOWN:start_not_certified_free,True,0.1,,,,gmc/results/aerial3dg/f4/sample/WWEST_pairs.json#F4X-02116,,gmc/results/aerial3dg/f4/diag/WWEST/cylinder/
cylinder,F4X-02129,WWEST,105,2280,UNKNOWN,goal_not_certified_free,EP-TOL,tolerance,0.24,,4.737,1.3437,50.0,1.0,0.195,20.0,1.43,10.0,1.0,1.0,,,,,REACHABLE:graph_path_lifted_and_verified,UNKNOWN:goal_not_certified_free,True,0.1,,,,gmc/results/aerial3dg/f4/sample/WWEST_pairs.json#F4X-02129,,gmc/results/aerial3dg/f4/diag/WWEST/cylinder/
cylinder,F4X-02133,WWEST,105,2468,UNKNOWN,goal_not_certified_free,EP-TOL,tolerance,0.22,,4.907,1.1952,100.0,1.5,0.195,12.207,1.962,10.0,1.5,1.5,,,,,REACHABLE:graph_path_lifted_and_verified,UNKNOWN:goal_not_certified_free,True,0.1,,,,gmc/results/aerial3dg/f4/sample/WWEST_pairs.json#F4X-02133,,gmc/results/aerial3dg/f4/diag/WWEST/cylinder/
cylinder,F4X-02134,WWEST,105,2476,UNKNOWN,start_not_certified_free,EP-TOL,tolerance,0.21,,3.345,1.1936,20.0,1.5,0.195,1.962,11.929,1.5,10.0,1.5,,,,,REACHABLE:graph_path_lifted_and_verified,UNKNOWN:start_not_certified_free,True,0.1,,,,gmc/results/aerial3dg/f4/sample/WWEST_pairs.json#F4X-02134,,gmc/results/aerial3dg/f4/diag/WWEST/cylinder/
cylinder,F4X-02135,WWEST,105,2493,UNKNOWN,start_not_certified_free,EP-TOL,tolerance,0.21,,3.153,1.0409,50.0,1.0,0.871,1.077,4.001,1.0,5.0,1.0,,,,,REACHABLE:graph_path_lifted_and_verified,UNKNOWN:start_not_certified_free,True,0.1,,,,gmc/results/aerial3dg/f4/sample/WWEST_pairs.json#F4X-02135,,gmc/results/aerial3dg/f4/diag/WWEST/cylinder/
cylinder,F4X-02136,WWEST,105,2495,TIMEOUT,query_exceeded_120s,METHOD-TIMEOUT,genuine,120.0,,3.244,1.6575,20.0,1.0,0.195,20.0,11.378,10.0,10.0,,,,,,,REACHABLE:graph_path_lifted_and_verified,True,238.8,REACHABLE:graph_path_lifted_and_verified,1.01,,gmc/results/aerial3dg/f4/sample/WWEST_pairs.json#F4X-02136,,gmc/results/aerial3dg/f4/diag/WWEST/cylinder/
cylinder,F4X-02138,WWEST,105,2554,UNKNOWN,start_not_certified_free,EP-TOL,tolerance,0.21,,4.401,1.2191,50.0,1.5,0.195,1.962,12.207,1.5,10.0,1.5,,,,,REACHABLE:graph_path_lifted_and_verified,UNKNOWN:start_not_certified_free,True,0.1,,,,gmc/results/aerial3dg/f4/sample/WWEST_pairs.json#F4X-02138,,gmc/results/aerial3dg/f4/diag/WWEST/cylinder/
cylinder,F4X-02144,WWEST,105,2642,TIMEOUT,query_exceeded_120s,METHOD-TIMEOUT,genuine,120.0,,6.298,1.2932,3.0,1.0,0.195,5.361,20.0,5.0,10.0,,,,,,,REACHABLE:graph_path_lifted_and_verified,True,185.6,REACHABLE:graph_path_lifted_and_verified,0.65,,gmc/results/aerial3dg/f4/sample/WWEST_pairs.json#F4X-02144,,gmc/results/aerial3dg/f4/diag/WWEST/cylinder/
cylinder,F4X-02145,WWEST,105,2649,UNKNOWN,shared_replay_failed,EXPORT-DOMAIN,export,113.39,CERTIFIED,5.681,1.033,1.5,1.5,0.344,20.0,7.948,10.0,5.0,,False,map_unknown,48.632,-9.938,,UNKNOWN:shared_replay_failed,True,143.6,,,,gmc/results/aerial3dg/f4/sample/WWEST_pairs.json#F4X-02145,,gmc/results/aerial3dg/f4/diag/WWEST/cylinder/
cylinder,F4X-02159,WWEST,105,2891,TIMEOUT,query_exceeded_120s,METHOD-TIMEOUT,genuine,120.0,,4.17,1.0902,10.0,1.5,0.344,1.06,4.001,2.0,10.0,,,,,,,REACHABLE:graph_path_lifted_and_verified,True,130.4,REACHABLE:graph_path_lifted_and_verified,2.77,,gmc/results/aerial3dg/f4/sample/WWEST_pairs.json#F4X-02159,,gmc/results/aerial3dg/f4/diag/WWEST/cylinder/
cylinder,F4X-02160,WWEST,105,2897,UNKNOWN,start_not_certified_free,EP-TOL,tolerance,0.24,,3.966,1.0837,50.0,1.0,0.195,1.974,19.43,1.5,10.0,1.5,,,,,REACHABLE:graph_path_lifted_and_verified,UNKNOWN:start_not_certified_free,True,0.1,,,,gmc/results/aerial3dg/f4/sample/WWEST_pairs.json#F4X-02160,,gmc/results/aerial3dg/f4/diag/WWEST/cylinder/
cylinder,F4X-02173,WWEST,105,3059,UNKNOWN,start_not_certified_free,EP-TOL,tolerance,0.22,,4.29,1.2388,50.0,1.0,0.195,1.962,12.207,1.5,10.0,1.5,,,,,REACHABLE:graph_path_lifted_and_verified,UNKNOWN:start_not_certified_free,True,0.1,,,,gmc/results/aerial3dg/f4/sample/WWEST_pairs.json#F4X-02173,,gmc/results/aerial3dg/f4/diag/WWEST/cylinder/
cylinder,F4X-02174,WWEST,105,3082,UNKNOWN,goal_not_certified_free,EP-TOL,tolerance,0.2,,4.024,1.5378,20.0,1.0,0.195,12.207,1.508,10.0,1.5,1.5,,,,,TIMEOUT:timeout,UNKNOWN:goal_not_certified_free,True,0.1,,,,gmc/results/aerial3dg/f4/sample/WWEST_pairs.json#F4X-02174,,gmc/results/aerial3dg/f4/diag/WWEST/cylinder/
cylinder,F4X-02177,WWEST,105,3133,UNKNOWN,shared_replay_failed,EXPORT-KIN,export,13.33,CERTIFIED,3.999,1.6457,100.0,1.0,0.01,16.458,2.993,10.0,5.0,,True,all_closed_edges_verified,-20.0,-20.0,,UNKNOWN:shared_replay_failed,True,17.3,,,,gmc/results/aerial3dg/f4/sample/WWEST_pairs.json#F4X-02177,,gmc/results/aerial3dg/f4/diag/WWEST/cylinder/
cylinder,F4X-02188,WWEST,105,3254,UNKNOWN,goal_not_certified_free,EP-TOL,tolerance,0.23,,4.468,1.1582,50.0,1.5,0.195,12.207,1.962,10.0,1.5,1.5,,,,,REACHABLE:graph_path_lifted_and_verified,UNKNOWN:goal_not_certified_free,True,0.1,,,,gmc/results/aerial3dg/f4/sample/WWEST_pairs.json#F4X-02188,,gmc/results/aerial3dg/f4/diag/WWEST/cylinder/
cylinder,F4X-02189,WWEST,105,3289,UNKNOWN,start_not_certified_free,EP-TOL,tolerance,0.21,,4.043,1.4984,20.0,1.0,0.195,1.034,5.916,1.0,10.0,1.0,,,,,TIMEOUT:timeout,UNKNOWN:start_not_certified_free,True,0.1,,,,gmc/results/aerial3dg/f4/sample/WWEST_pairs.json#F4X-02189,,gmc/results/aerial3dg/f4/diag/WWEST/cylinder/
cylinder,F4X-02193,WWEST,105,3320,TIMEOUT,query_exceeded_120s,METHOD-TIMEOUT,genuine,120.0,,7.315,1.299,20.0,1.0,0.195,1.948,1.957,5.0,10.0,,,,,,,,,,,,,gmc/results/aerial3dg/f4/sample/WWEST_pairs.json#F4X-02193,,gmc/results/aerial3dg/f4/diag/WWEST/cylinder/
cylinder,F4X-02195,WWEST,105,3333,TIMEOUT,query_exceeded_120s,METHOD-TIMEOUT,genuine,120.0,,7.302,1.1971,5.0,1.0,0.195,20.0,6.503,10.0,5.0,,,,,,,,,,,,,gmc/results/aerial3dg/f4/sample/WWEST_pairs.json#F4X-02195,,gmc/results/aerial3dg/f4/diag/WWEST/cylinder/
cylinder,F4X-02204,WWEST,105,3485,UNKNOWN,goal_not_certified_free,EP-TOL,tolerance,0.2,,3.501,1.5465,20.0,1.0,0.195,11.171,1.151,10.0,1.0,1.0,,,,,REACHABLE:graph_path_lifted_and_verified,UNKNOWN:goal_not_certified_free,True,0.1,,,,gmc/results/aerial3dg/f4/sample/WWEST_pairs.json#F4X-02204,,gmc/results/aerial3dg/f4/diag/WWEST/cylinder/
cylinder,F4X-02220,WWEST,105,3669,UNKNOWN,start_not_certified_free,EP-TOL,tolerance,0.21,,3.053,1.0475,100.0,1.5,0.195,1.962,3.292,1.5,10.0,1.5,,,,,REACHABLE:graph_path_lifted_and_verified,UNKNOWN:start_not_certified_free,True,0.1,,,,gmc/results/aerial3dg/f4/sample/WWEST_pairs.json#F4X-02220,,gmc/results/aerial3dg/f4/diag/WWEST/cylinder/
cylinder,F4X-02228,WWEST,105,3778,TIMEOUT,query_exceeded_120s,METHOD-TIMEOUT,genuine,120.0,,5.973,1.2655,3.0,1.5,0.195,1.974,1.806,3.0,3.0,,,,,,,,,,,,,gmc/results/aerial3dg/f4/sample/WWEST_pairs.json#F4X-02228,,gmc/results/aerial3dg/f4/diag/WWEST/cylinder/
cylinder,F4X-02231,WWEST,105,3828,UNKNOWN,shared_replay_failed,EXPORT-DOMAIN,export,55.57,CERTIFIED,4.078,1.3995,5.0,1.0,0.195,20.0,2.993,10.0,10.0,,False,map_unknown,3.402,-7.338,,UNKNOWN:shared_replay_failed,True,71.1,,,,gmc/results/aerial3dg/f4/sample/WWEST_pairs.json#F4X-02231,,gmc/results/aerial3dg/f4/diag/WWEST/cylinder/
cylinder,F4X-02233,WWEST,105,3854,UNKNOWN,goal_not_certified_free,EP-TOL,tolerance,0.24,,4.236,1.2134,100.0,1.5,0.195,12.207,1.974,10.0,1.5,1.5,,,,,REACHABLE:graph_path_lifted_and_verified,UNKNOWN:goal_not_certified_free,True,0.1,,,,gmc/results/aerial3dg/f4/sample/WWEST_pairs.json#F4X-02233,,gmc/results/aerial3dg/f4/diag/WWEST/cylinder/
cylinder,F4X-02234,WWEST,105,3858,TIMEOUT,query_exceeded_120s,METHOD-TIMEOUT,genuine,120.0,,4.707,1.6604,20.0,1.0,0.195,5.595,20.0,10.0,10.0,,,,,,,,,,,,,gmc/results/aerial3dg/f4/sample/WWEST_pairs.json#F4X-02234,,gmc/results/aerial3dg/f4/diag/WWEST/cylinder/
cylinder,F4X-02236,WWEST,105,3878,TIMEOUT,query_exceeded_120s,METHOD-TIMEOUT,genuine,120.0,,3.523,1.5124,10.0,1.0,0.195,11.378,16.213,10.0,10.0,,,,,,,,,,,,,gmc/results/aerial3dg/f4/sample/WWEST_pairs.json#F4X-02236,,gmc/results/aerial3dg/f4/diag/WWEST/cylinder/
cylinder,F4X-02244,WWEST,105,3998,UNKNOWN,goal_not_certified_free,EP-TOL,tolerance,0.23,,5.347,1.0826,1.5,1.5,0.058,2.993,1.036,2.0,1.5,1.5,,,,,REACHABLE:graph_path_lifted_and_verified,UNKNOWN:goal_not_certified_free,True,0.1,,,,gmc/results/aerial3dg/f4/sample/WWEST_pairs.json#F4X-02244,,gmc/results/aerial3dg/f4/diag/WWEST/cylinder/
cylinder,F4X-02245,WWEST,105,4008,UNKNOWN,goal_not_certified_free,EP-TOL,tolerance,0.19,,5.532,1.3999,20.0,1.5,0.195,1.806,1.962,5.0,1.5,1.5,,,,,TIMEOUT:timeout,UNKNOWN:goal_not_certified_free,True,0.1,,,,gmc/results/aerial3dg/f4/sample/WWEST_pairs.json#F4X-02245,,gmc/results/aerial3dg/f4/diag/WWEST/cylinder/
cylinder,F4X-02251,WWEST,105,4157,UNKNOWN,goal_not_certified_free,EP-TOL,tolerance,0.23,,5.118,1.1927,100.0,1.5,0.195,6.601,1.962,10.0,1.5,1.5,,,,,REACHABLE:graph_path_lifted_and_verified,UNKNOWN:goal_not_certified_free,True,0.1,,,,gmc/results/aerial3dg/f4/sample/WWEST_pairs.json#F4X-02251,,gmc/results/aerial3dg/f4/diag/WWEST/cylinder/
cylinder,F4X-02274,WWEST,105,4493,UNKNOWN,start_not_certified_free,EP-TOL,tolerance,0.21,,3.201,1.1476,50.0,1.0,0.195,1.974,16.213,1.5,10.0,1.5,,,,,REACHABLE:graph_path_lifted_and_verified,UNKNOWN:start_not_certified_free,True,0.1,,,,gmc/results/aerial3dg/f4/sample/WWEST_pairs.json#F4X-02274,,gmc/results/aerial3dg/f4/diag/WWEST/cylinder/
cylinder,F4X-02275,WWEST,105,4497,TIMEOUT,query_exceeded_120s,METHOD-TIMEOUT,genuine,120.0,,5.283,1.0648,5.0,1.5,0.344,1.032,7.356,2.0,10.0,,,,,,,REACHABLE:graph_path_lifted_and_verified,True,231.2,UNKNOWN:shared_replay_failed,3.09,,gmc/results/aerial3dg/f4/sample/WWEST_pairs.json#F4X-02275,,gmc/results/aerial3dg/f4/diag/WWEST/cylinder/
cylinder,F4X-02278,WWEST,105,4531,TIMEOUT,query_exceeded_120s,METHOD-TIMEOUT,genuine,120.0,,4.47,1.1189,1.5,1.0,0.195,7.356,3.74,10.0,5.0,,,,,,,,,,,,,gmc/results/aerial3dg/f4/sample/WWEST_pairs.json#F4X-02278,,gmc/results/aerial3dg/f4/diag/WWEST/cylinder/
cylinder,F4X-02283,WWEST,105,4637,UNKNOWN,start_not_certified_free,EP-TOL,tolerance,0.18,,5.031,1.1491,5.0,1.5,0.195,1.962,1.168,1.5,3.0,1.5,,,,,REACHABLE:graph_path_lifted_and_verified,UNKNOWN:start_not_certified_free,True,0.1,,,,gmc/results/aerial3dg/f4/sample/WWEST_pairs.json#F4X-02283,,gmc/results/aerial3dg/f4/diag/WWEST/cylinder/
cylinder,F4X-02286,WWEST,105,4662,TIMEOUT,query_exceeded_120s,METHOD-TIMEOUT,genuine,120.0,,3.866,1.6182,20.0,1.0,0.195,3.354,20.0,3.0,10.0,,,,,,,REACHABLE:graph_path_lifted_and_verified,True,181.4,REACHABLE:graph_path_lifted_and_verified,0.91,,gmc/results/aerial3dg/f4/sample/WWEST_pairs.json#F4X-02286,,gmc/results/aerial3dg/f4/diag/WWEST/cylinder/
cylinder,F4X-02288,WWEST,105,4691,UNKNOWN,start_not_certified_free,EP-TOL,tolerance,0.22,,4.06,1.2824,20.0,1.5,0.195,1.962,12.207,1.5,10.0,1.5,,,,,REACHABLE:graph_path_lifted_and_verified,UNKNOWN:start_not_certified_free,True,0.1,,,,gmc/results/aerial3dg/f4/sample/WWEST_pairs.json#F4X-02288,,gmc/results/aerial3dg/f4/diag/WWEST/cylinder/
cylinder,F4X-02291,WWEST,105,4795,TIMEOUT,query_exceeded_120s,METHOD-TIMEOUT,genuine,120.0,,6.925,1.3327,10.0,1.0,0.195,11.554,6.601,10.0,10.0,,,,,,,,,,,,,gmc/results/aerial3dg/f4/sample/WWEST_pairs.json#F4X-02291,,gmc/results/aerial3dg/f4/diag/WWEST/cylinder/
cylinder,F4X-02294,WWEST,105,4937,UNKNOWN,start_not_certified_free,EP-TOL,tolerance,0.23,,4.414,1.1993,50.0,1.5,0.195,1.962,12.207,1.5,10.0,1.5,,,,,REACHABLE:graph_path_lifted_and_verified,UNKNOWN:start_not_certified_free,True,0.1,,,,gmc/results/aerial3dg/f4/sample/WWEST_pairs.json#F4X-02294,,gmc/results/aerial3dg/f4/diag/WWEST/cylinder/
cylinder,F4X-02322,WWEST,105,5506,TIMEOUT,query_exceeded_120s,METHOD-TIMEOUT,genuine,120.0,,5.6,1.4706,10.0,1.0,0.195,3.991,11.171,10.0,10.0,,,,,,,,,,,,,gmc/results/aerial3dg/f4/sample/WWEST_pairs.json#F4X-02322,,gmc/results/aerial3dg/f4/diag/WWEST/cylinder/
cylinder,F4X-02328,WWEST,105,5616,UNKNOWN,start_not_certified_free,EP-TOL,tolerance,0.24,,4.816,1.1483,20.0,1.5,0.195,1.962,4.688,1.5,10.0,1.5,,,,,REACHABLE:graph_path_lifted_and_verified,UNKNOWN:start_not_certified_free,True,0.1,,,,gmc/results/aerial3dg/f4/sample/WWEST_pairs.json#F4X-02328,,gmc/results/aerial3dg/f4/diag/WWEST/cylinder/
cylinder,F4X-02334,WWEST,105,5745,TIMEOUT,query_exceeded_120s,METHOD-TIMEOUT,genuine,120.0,,7.097,1.2186,5.0,1.5,0.195,5.639,20.0,5.0,10.0,,,,,,,,,,,,,gmc/results/aerial3dg/f4/sample/WWEST_pairs.json#F4X-02334,,gmc/results/aerial3dg/f4/diag/WWEST/cylinder/
cylinder,F4X-02353,WWEST,105,6069,TIMEOUT,query_exceeded_120s,METHOD-TIMEOUT,genuine,120.0,,5.542,1.2985,10.0,1.0,0.195,3.991,12.751,10.0,10.0,,,,,,,,,,,,,gmc/results/aerial3dg/f4/sample/WWEST_pairs.json#F4X-02353,,gmc/results/aerial3dg/f4/diag/WWEST/cylinder/
cylinder,F4X-02356,WWEST,105,6116,UNKNOWN,start_not_certified_free,EP-TOL,tolerance,0.25,,4.236,1.13,50.0,1.5,0.195,1.974,17.518,1.5,10.0,1.5,,,,,REACHABLE:graph_path_lifted_and_verified,UNKNOWN:start_not_certified_free,True,0.1,,,,gmc/results/aerial3dg/f4/sample/WWEST_pairs.json#F4X-02356,,gmc/results/aerial3dg/f4/diag/WWEST/cylinder/
cylinder,F4X-02363,WWEST,105,6288,UNKNOWN,goal_not_certified_free,EP-TOL,tolerance,0.21,,4.074,1.3017,5.0,1.0,0.195,14.359,1.974,10.0,1.5,1.5,,,,,REACHABLE:graph_path_lifted_and_verified,UNKNOWN:goal_not_certified_free,True,0.1,,,,gmc/results/aerial3dg/f4/sample/WWEST_pairs.json#F4X-02363,,gmc/results/aerial3dg/f4/diag/WWEST/cylinder/
cylinder,F4X-02367,WWEST,105,6362,TIMEOUT,query_exceeded_120s,METHOD-TIMEOUT,genuine,120.0,,7.489,1.3532,3.0,1.0,0.195,1.806,2.878,10.0,3.0,,,,,,,TIMEOUT:query_exceeded_300s,True,300.0,UNKNOWN:shared_replay_failed,0.66,,gmc/results/aerial3dg/f4/sample/WWEST_pairs.json#F4X-02367,,gmc/results/aerial3dg/f4/diag/WWEST/cylinder/
cylinder,F4X-02373,WWEST,105,6463,UNKNOWN,start_not_certified_free,EP-TOL,tolerance,0.18,,3.217,1.7208,10.0,1.0,0.195,1.077,12.207,1.0,10.0,1.0,,,,,REACHABLE:graph_path_lifted_and_verified,UNKNOWN:start_not_certified_free,True,0.1,,,,gmc/results/aerial3dg/f4/sample/WWEST_pairs.json#F4X-02373,,gmc/results/aerial3dg/f4/diag/WWEST/cylinder/
cylinder,F4X-02382,WWEST,105,6636,UNKNOWN,start_not_certified_free,EP-TOL,tolerance,0.22,,3.038,1.0,1.5,1.0,1.962,1.067,3.694,1.0,10.0,1.0,,,,,REACHABLE:graph_path_lifted_and_verified,UNKNOWN:start_not_certified_free,True,0.1,,,,gmc/results/aerial3dg/f4/sample/WWEST_pairs.json#F4X-02382,,gmc/results/aerial3dg/f4/diag/WWEST/cylinder/
cylinder,F4X-02384,WWEST,105,6649,UNKNOWN,goal_not_certified_free,EP-TOL,tolerance,0.13,,4.755,1.157,100.0,1.0,0.195,6.268,1.962,10.0,1.5,1.5,,,,,REACHABLE:graph_path_lifted_and_verified,UNKNOWN:goal_not_certified_free,True,0.1,,,,gmc/results/aerial3dg/f4/sample/WWEST_pairs.json#F4X-02384,,gmc/results/aerial3dg/f4/diag/WWEST/cylinder/
cylinder,F4X-02385,WWEST,105,6652,TIMEOUT,query_exceeded_120s,METHOD-TIMEOUT,genuine,120.0,,5.297,1.1776,100.0,1.0,0.195,2.768,20.0,2.0,10.0,,,,,,,REACHABLE:graph_path_lifted_and_verified,True,252.6,UNKNOWN:shared_replay_failed,1.78,,gmc/results/aerial3dg/f4/sample/WWEST_pairs.json#F4X-02385,,gmc/results/aerial3dg/f4/diag/WWEST/cylinder/
cylinder,F4X-02391,WWEST,105,6721,UNKNOWN,shared_replay_failed,EXPORT-DOMAIN,export,0.08,CERTIFIED,3.118,1.0528,2.0,1.0,0.195,3.292,5.437,3.0,5.0,,False,map_unknown,10.947,-3.438,,UNKNOWN:shared_replay_failed,True,0.1,,,,gmc/results/aerial3dg/f4/sample/WWEST_pairs.json#F4X-02391,,gmc/results/aerial3dg/f4/diag/WWEST/cylinder/
cylinder,F4X-02394,WWEST,105,6820,UNKNOWN,start_not_certified_free,EP-TOL,tolerance,0.2,,4.591,1.4269,5.0,1.0,0.195,1.012,6.601,1.0,10.0,1.0,,,,,TIMEOUT:timeout,UNKNOWN:start_not_certified_free,True,0.1,,,,gmc/results/aerial3dg/f4/sample/WWEST_pairs.json#F4X-02394,,gmc/results/aerial3dg/f4/diag/WWEST/cylinder/
cylinder,F4X-02395,WWEST,105,6924,TIMEOUT,query_exceeded_120s,METHOD-TIMEOUT,genuine,120.0,,6.546,1.1565,50.0,1.5,0.195,1.222,12.207,2.0,10.0,,,,,,,TIMEOUT:query_exceeded_300s,True,300.0,UNKNOWN:shared_replay_failed,1.17,,gmc/results/aerial3dg/f4/sample/WWEST_pairs.json#F4X-02395,,gmc/results/aerial3dg/f4/diag/WWEST/cylinder/
cylinder,F4X-02403,WWEST,105,7122,TIMEOUT,query_exceeded_120s,METHOD-TIMEOUT,genuine,120.0,,6.122,1.3755,3.0,1.5,0.195,1.806,7.438,10.0,5.0,,,,,,,,,,,,,gmc/results/aerial3dg/f4/sample/WWEST_pairs.json#F4X-02403,,gmc/results/aerial3dg/f4/diag/WWEST/cylinder/
cylinder,F4X-02405,WWEST,105,7132,TIMEOUT,query_exceeded_120s,METHOD-TIMEOUT,genuine,120.0,,3.93,1.4766,5.0,1.0,0.195,18.514,11.378,10.0,10.0,,,,,,,,,,,,,gmc/results/aerial3dg/f4/sample/WWEST_pairs.json#F4X-02405,,gmc/results/aerial3dg/f4/diag/WWEST/cylinder/
cylinder,F4X-02408,WWEST,105,7197,TIMEOUT,query_exceeded_120s,METHOD-TIMEOUT,genuine,120.0,,4.187,1.125,5.0,2.0,0.344,1.747,11.641,2.0,10.0,,,,,,,,,,,,,gmc/results/aerial3dg/f4/sample/WWEST_pairs.json#F4X-02408,,gmc/results/aerial3dg/f4/diag/WWEST/cylinder/
cylinder,F4X-02415,WWEST,105,7363,TIMEOUT,query_exceeded_120s,METHOD-TIMEOUT,genuine,120.0,,3.299,2.0824,3.0,1.0,0.195,14.359,11.378,10.0,10.0,,,,,,,,,,,,,gmc/results/aerial3dg/f4/sample/WWEST_pairs.json#F4X-02415,,gmc/results/aerial3dg/f4/diag/WWEST/cylinder/
cylinder,F4X-02421,WWEST,105,7472,TIMEOUT,query_exceeded_120s,METHOD-TIMEOUT,genuine,120.0,,5.582,1.3899,1.5,1.0,0.01,20.0,15.996,10.0,10.0,,,,,,,,,,,,,gmc/results/aerial3dg/f4/sample/WWEST_pairs.json#F4X-02421,,gmc/results/aerial3dg/f4/diag/WWEST/cylinder/
cylinder,F4X-02422,WWEST,105,7492,TIMEOUT,query_exceeded_120s,METHOD-TIMEOUT,genuine,120.0,,7.196,1.1952,5.0,1.5,0.195,6.601,10.7,10.0,10.0,,,,,,,REACHABLE:graph_path_lifted_and_verified,True,148.5,REACHABLE:graph_path_lifted_and_verified,1.8,,gmc/results/aerial3dg/f4/sample/WWEST_pairs.json#F4X-02422,,gmc/results/aerial3dg/f4/diag/WWEST/cylinder/
cylinder,F4X-02429,WWEST,105,7587,TIMEOUT,query_exceeded_120s,METHOD-TIMEOUT,genuine,120.0,,6.803,1.3222,5.0,1.5,0.195,6.601,2.628,5.0,5.0,,,,,,,,,,,,,gmc/results/aerial3dg/f4/sample/WWEST_pairs.json#F4X-02429,,gmc/results/aerial3dg/f4/diag/WWEST/cylinder/
cylinder,F4X-02436,WWEST,105,7702,TIMEOUT,query_exceeded_120s,METHOD-TIMEOUT,genuine,120.0,,3.382,1.4818,20.0,5.0,1.046,7.356,20.0,10.0,10.0,,,,,,,TIMEOUT:query_exceeded_300s,True,300.0,REACHABLE:graph_path_lifted_and_verified,0.8,,gmc/results/aerial3dg/f4/sample/WWEST_pairs.json#F4X-02436,,gmc/results/aerial3dg/f4/diag/WWEST/cylinder/
cylinder,F4X-02442,WWEST,105,7814,UNKNOWN,goal_not_certified_free,EP-TOL,tolerance,0.2,,4.247,1.181,100.0,1.5,0.195,12.207,1.974,10.0,1.5,1.5,,,,,REACHABLE:graph_path_lifted_and_verified,UNKNOWN:goal_not_certified_free,True,0.1,,,,gmc/results/aerial3dg/f4/sample/WWEST_pairs.json#F4X-02442,,gmc/results/aerial3dg/f4/diag/WWEST/cylinder/
cylinder,F4X-02445,WWEST,105,7894,UNKNOWN,start_not_certified_free,EP-TOL,tolerance,0.19,,5.857,1.058,3.0,1.5,0.344,1.296,1.085,1.5,3.0,1.5,,,,,REACHABLE:graph_path_lifted_and_verified,UNKNOWN:start_not_certified_free,True,0.1,,,,gmc/results/aerial3dg/f4/sample/WWEST_pairs.json#F4X-02445,,gmc/results/aerial3dg/f4/diag/WWEST/cylinder/
cylinder,F4X-02454,WWEST,105,8098,ERROR,ZeroDivisionError: float division by zero @ query.py:217,METHOD-ERROR,genuine,0.27,,3.144,1.0987,20.0,1.5,0.195,2.559,1.347,10.0,10.0,,,,,,,ERROR:ZeroDivisionError: float division by zero @ query.py:217,True,0.3,,,,gmc/results/aerial3dg/f4/sample/WWEST_pairs.json#F4X-02454,,gmc/results/aerial3dg/f4/diag/WWEST/cylinder/
cylinder,F4X-02457,WWEST,105,8138,UNKNOWN,goal_not_certified_free,EP-TOL,tolerance,0.09,,3.047,1.1123,100.0,1.0,0.195,20.0,1.045,10.0,1.0,1.0,,,,,REACHABLE:graph_path_lifted_and_verified,UNKNOWN:goal_not_certified_free,True,0.1,,,,gmc/results/aerial3dg/f4/sample/WWEST_pairs.json#F4X-02457,,gmc/results/aerial3dg/f4/diag/WWEST/cylinder/
cylinder,F4X-02461,WWEST,105,8218,UNKNOWN,shared_replay_failed,EXPORT-DOMAIN,export,2.7,CERTIFIED,3.49,1.099,5.0,2.0,0.195,16.458,17.692,10.0,10.0,,False,map_unknown,15.215,-9.138,,UNKNOWN:shared_replay_failed,True,3.4,,,,gmc/results/aerial3dg/f4/sample/WWEST_pairs.json#F4X-02461,,gmc/results/aerial3dg/f4/diag/WWEST/cylinder/
cylinder,F4X-02462,WWEST,105,8273,UNKNOWN,start_not_certified_free,EP-TOL,tolerance,0.1,,4.405,1.1591,50.0,1.5,0.195,1.974,12.207,1.5,10.0,1.5,,,,,REACHABLE:graph_path_lifted_and_verified,UNKNOWN:start_not_certified_free,True,0.1,,,,gmc/results/aerial3dg/f4/sample/WWEST_pairs.json#F4X-02462,,gmc/results/aerial3dg/f4/diag/WWEST/cylinder/
cylinder,F4X-02466,WWEST,105,8296,TIMEOUT,query_exceeded_120s,METHOD-TIMEOUT,genuine,120.0,,4.666,1.3562,50.0,1.0,0.195,3.74,6.601,3.0,10.0,,,,,,,,,,,,,gmc/results/aerial3dg/f4/sample/WWEST_pairs.json#F4X-02466,,gmc/results/aerial3dg/f4/diag/WWEST/cylinder/
cylinder,F4X-02467,WWEST,105,8360,UNKNOWN,goal_not_certified_free,EP-TOL,tolerance,0.21,,5.634,1.1367,5.0,1.5,0.195,1.009,1.974,5.0,1.5,1.5,,,,,REACHABLE:graph_path_lifted_and_verified,UNKNOWN:goal_not_certified_free,True,0.1,,,,gmc/results/aerial3dg/f4/sample/WWEST_pairs.json#F4X-02467,,gmc/results/aerial3dg/f4/diag/WWEST/cylinder/
cylinder,F4X-02478,WWEST,105,8485,TIMEOUT,query_exceeded_120s,METHOD-TIMEOUT,genuine,120.0,,7.355,1.1477,3.0,1.0,0.195,10.053,2.768,10.0,2.0,,,,,,,,,,,,,gmc/results/aerial3dg/f4/sample/WWEST_pairs.json#F4X-02478,,gmc/results/aerial3dg/f4/diag/WWEST/cylinder/
cylinder,F4X-02482,WWEST,105,8555,TIMEOUT,query_exceeded_120s,METHOD-TIMEOUT,genuine,120.0,,3.199,1.4963,3.0,1.0,0.346,11.171,1.084,10.0,10.0,,,,,,,,,,,,,gmc/results/aerial3dg/f4/sample/WWEST_pairs.json#F4X-02482,,gmc/results/aerial3dg/f4/diag/WWEST/cylinder/
cylinder,F4X-02483,WWEST,105,8558,UNKNOWN,start_not_certified_free,EP-TOL,tolerance,0.11,,3.189,1.1683,50.0,1.5,0.195,1.974,20.0,1.5,10.0,1.5,,,,,REACHABLE:graph_path_lifted_and_verified,UNKNOWN:start_not_certified_free,True,0.1,,,,gmc/results/aerial3dg/f4/sample/WWEST_pairs.json#F4X-02483,,gmc/results/aerial3dg/f4/diag/WWEST/cylinder/
cylinder,F4X-02484,WWEST,105,8579,TIMEOUT,query_exceeded_120s,METHOD-TIMEOUT,genuine,120.0,,6.075,1.358,20.0,1.0,0.195,1.931,12.207,3.0,10.0,,,,,,,,,,,,,gmc/results/aerial3dg/f4/sample/WWEST_pairs.json#F4X-02484,,gmc/results/aerial3dg/f4/diag/WWEST/cylinder/
cylinder,F4X-02498,WWEST,105,8799,UNKNOWN,goal_not_certified_free,EP-TOL,tolerance,0.09,,4.604,1.341,50.0,1.0,0.195,20.0,1.962,10.0,1.5,1.5,,,,,REACHABLE:graph_path_lifted_and_verified,UNKNOWN:goal_not_certified_free,True,0.1,,,,gmc/results/aerial3dg/f4/sample/WWEST_pairs.json#F4X-02498,,gmc/results/aerial3dg/f4/diag/WWEST/cylinder/
sweeper,F4S-00029,S,101,64017,UNKNOWN,shared_replay_failed,EXPORT-KIN,export,0.03,CERTIFIED,3.254,1.076,2.0,1.5,1.512,5.0,5.0,5.0,5.0,,True,all_closed_edges_verified,-20.0,-20.0,,UNKNOWN:shared_replay_failed,True,0.0,,,,gmc/results/aerial3dg/f4/sample/S_pairs.json#F4S-00029,,gmc/results/aerial3dg/f4/diag/S/sweeper/
sweeper,F4S-00052,S,101,98496,UNKNOWN,goal_not_certified_free,EP-TOL,tolerance,0.01,,3.074,1.0958,10.0,1.5,1.512,5.0,1.512,5.0,1.5,1.5,,,,,REACHABLE:graph_path_lifted_and_verified,UNKNOWN:goal_not_certified_free,True,0.0,,,,gmc/results/aerial3dg/f4/sample/S_pairs.json#F4S-00052,,gmc/results/aerial3dg/f4/diag/S/sweeper/
sweeper,F4S-00084,S,101,147090,UNKNOWN,goal_not_certified_free,EP-TOL,tolerance,0.01,,3.08,1.0762,3.0,1.5,1.512,5.0,1.512,5.0,1.5,1.5,,,,,REACHABLE:graph_path_lifted_and_verified,UNKNOWN:goal_not_certified_free,True,0.0,,,,gmc/results/aerial3dg/f4/sample/S_pairs.json#F4S-00084,,gmc/results/aerial3dg/f4/diag/S/sweeper/
sweeper,F4S-00090,S,101,157595,UNKNOWN,shared_replay_failed,EXPORT-KIN,export,0.03,CERTIFIED,3.374,1.0772,3.0,1.5,1.512,3.046,5.0,5.0,5.0,,True,all_closed_edges_verified,-20.0,-20.0,,UNKNOWN:shared_replay_failed,True,0.0,,,,gmc/results/aerial3dg/f4/sample/S_pairs.json#F4S-00090,,gmc/results/aerial3dg/f4/diag/S/sweeper/
sweeper,F4S-00128,S,101,225241,UNKNOWN,start_not_certified_free,EP-TOL,tolerance,0.01,,3.024,1.0788,1.5,1.5,1.512,1.512,5.0,1.5,5.0,1.5,,,,,REACHABLE:graph_path_lifted_and_verified,UNKNOWN:start_not_certified_free,True,0.0,,,,gmc/results/aerial3dg/f4/sample/S_pairs.json#F4S-00128,,gmc/results/aerial3dg/f4/diag/S/sweeper/
sweeper,F4S-00165,S,101,298721,UNKNOWN,goal_not_certified_free,EP-TOL,tolerance,0.01,,3.05,1.078,1.0,1.5,1.512,5.0,1.512,5.0,1.5,1.5,,,,,REACHABLE:graph_path_lifted_and_verified,UNKNOWN:goal_not_certified_free,True,0.0,,,,gmc/results/aerial3dg/f4/sample/S_pairs.json#F4S-00165,,gmc/results/aerial3dg/f4/diag/S/sweeper/
sweeper,F4S-00198,S,101,360194,UNKNOWN,goal_not_certified_free,EP-TOL,tolerance,0.01,,3.018,1.0806,20.0,1.5,1.512,5.0,1.512,5.0,1.5,1.5,,,,,REACHABLE:graph_path_lifted_and_verified,UNKNOWN:goal_not_certified_free,True,0.0,,,,gmc/results/aerial3dg/f4/sample/S_pairs.json#F4S-00198,,gmc/results/aerial3dg/f4/diag/S/sweeper/
sweeper,F4S-00221,S,101,401298,UNKNOWN,start_not_certified_free,EP-TOL,tolerance,0.01,,3.024,1.0754,2.0,1.5,1.512,1.512,5.0,1.5,5.0,1.5,,,,,REACHABLE:graph_path_lifted_and_verified,UNKNOWN:start_not_certified_free,True,0.0,,,,gmc/results/aerial3dg/f4/sample/S_pairs.json#F4S-00221,,gmc/results/aerial3dg/f4/diag/S/sweeper/
sweeper,F4S-00242,S,101,435163,UNKNOWN,start_not_certified_free,EP-TOL,tolerance,0.01,,3.083,1.0796,20.0,1.5,1.512,1.512,5.0,1.5,5.0,1.5,,,,,REACHABLE:graph_path_lifted_and_verified,UNKNOWN:start_not_certified_free,True,0.0,,,,gmc/results/aerial3dg/f4/sample/S_pairs.json#F4S-00242,,gmc/results/aerial3dg/f4/diag/S/sweeper/
sweeper,F4S-00246,S,101,445424,UNKNOWN,goal_not_certified_free,EP-TOL,tolerance,0.01,,3.098,1.0738,20.0,1.5,1.512,5.0,1.512,5.0,1.5,1.5,,,,,REACHABLE:graph_path_lifted_and_verified,UNKNOWN:goal_not_certified_free,True,0.0,,,,gmc/results/aerial3dg/f4/sample/S_pairs.json#F4S-00246,,gmc/results/aerial3dg/f4/diag/S/sweeper/
sweeper,F4S-00256,S,101,465844,UNKNOWN,start_not_certified_free,EP-TOL,tolerance,0.01,,3.054,1.0794,0.5,1.5,1.512,1.512,5.0,1.5,5.0,1.5,,,,,REACHABLE:graph_path_lifted_and_verified,UNKNOWN:start_not_certified_free,True,0.0,,,,gmc/results/aerial3dg/f4/sample/S_pairs.json#F4S-00256,,gmc/results/aerial3dg/f4/diag/S/sweeper/
sweeper,F4S-00301,S,101,548124,UNKNOWN,goal_not_certified_free,EP-TOL,tolerance,0.01,,3.095,1.0861,20.0,1.5,1.512,5.0,1.512,5.0,1.5,1.5,,,,,REACHABLE:graph_path_lifted_and_verified,UNKNOWN:goal_not_certified_free,True,0.0,,,,gmc/results/aerial3dg/f4/sample/S_pairs.json#F4S-00301,,gmc/results/aerial3dg/f4/diag/S/sweeper/
sweeper,F4S-00384,S,101,678641,UNKNOWN,start_not_certified_free,EP-TOL,tolerance,0.01,,3.019,1.0888,2.0,1.5,1.512,1.512,5.0,1.5,5.0,1.5,,,,,REACHABLE:graph_path_lifted_and_verified,UNKNOWN:start_not_certified_free,True,0.0,,,,gmc/results/aerial3dg/f4/sample/S_pairs.json#F4S-00384,,gmc/results/aerial3dg/f4/diag/S/sweeper/
sweeper,F4S-00392,S,101,695163,UNKNOWN,start_not_certified_free,EP-TOL,tolerance,0.01,,3.076,1.1224,2.0,1.5,1.512,1.512,5.0,1.5,5.0,1.5,,,,,REACHABLE:graph_path_lifted_and_verified,UNKNOWN:start_not_certified_free,True,0.0,,,,gmc/results/aerial3dg/f4/sample/S_pairs.json#F4S-00392,,gmc/results/aerial3dg/f4/diag/S/sweeper/
sweeper,F4S-00508,S,101,922742,UNKNOWN,goal_not_certified_free,EP-TOL,tolerance,0.01,,3.038,1.0971,20.0,1.5,1.512,5.0,1.512,5.0,1.5,1.5,,,,,REACHABLE:graph_path_lifted_and_verified,UNKNOWN:goal_not_certified_free,True,0.0,,,,gmc/results/aerial3dg/f4/sample/S_pairs.json#F4S-00508,,gmc/results/aerial3dg/f4/diag/S/sweeper/
sweeper,F4S-00519,S,101,932642,UNKNOWN,goal_not_certified_free,EP-TOL,tolerance,0.01,,3.018,1.0784,50.0,1.5,1.512,5.0,1.512,5.0,1.5,1.5,,,,,REACHABLE:graph_path_lifted_and_verified,UNKNOWN:goal_not_certified_free,True,0.0,,,,gmc/results/aerial3dg/f4/sample/S_pairs.json#F4S-00519,,gmc/results/aerial3dg/f4/diag/S/sweeper/
sweeper,F4S-00540,S,101,961178,UNKNOWN,goal_not_certified_free,EP-TOL,tolerance,0.01,,3.023,1.0783,50.0,1.5,1.512,5.0,1.512,5.0,1.5,1.5,,,,,REACHABLE:graph_path_lifted_and_verified,UNKNOWN:goal_not_certified_free,True,0.0,,,,gmc/results/aerial3dg/f4/sample/S_pairs.json#F4S-00540,,gmc/results/aerial3dg/f4/diag/S/sweeper/
sweeper,F4S-00594,S,101,1061911,UNKNOWN,start_not_certified_free,EP-TOL,tolerance,0.01,,3.065,1.076,5.0,1.5,1.512,1.512,5.0,1.5,5.0,1.5,,,,,REACHABLE:graph_path_lifted_and_verified,UNKNOWN:start_not_certified_free,True,0.0,,,,gmc/results/aerial3dg/f4/sample/S_pairs.json#F4S-00594,,gmc/results/aerial3dg/f4/diag/S/sweeper/
sweeper,F4S-00611,S,101,1084195,UNKNOWN,goal_not_certified_free,EP-TOL,tolerance,0.01,,3.01,1.0721,3.0,1.5,1.512,5.0,1.512,5.0,1.5,1.5,,,,,REACHABLE:graph_path_lifted_and_verified,UNKNOWN:goal_not_certified_free,True,0.0,,,,gmc/results/aerial3dg/f4/sample/S_pairs.json#F4S-00611,,gmc/results/aerial3dg/f4/diag/S/sweeper/
sweeper,F4S-00620,S,101,1103922,UNKNOWN,goal_not_certified_free,EP-TOL,tolerance,0.01,,3.025,1.0717,3.0,1.5,1.512,5.0,1.512,5.0,1.5,1.5,,,,,REACHABLE:graph_path_lifted_and_verified,UNKNOWN:goal_not_certified_free,True,0.0,,,,gmc/results/aerial3dg/f4/sample/S_pairs.json#F4S-00620,,gmc/results/aerial3dg/f4/diag/S/sweeper/
sweeper,F4S-00632,S,101,1117261,UNKNOWN,start_not_certified_free,EP-TOL,tolerance,0.01,,3.02,1.0777,50.0,1.5,1.512,1.512,5.0,1.5,5.0,1.5,,,,,REACHABLE:graph_path_lifted_and_verified,UNKNOWN:start_not_certified_free,True,0.0,,,,gmc/results/aerial3dg/f4/sample/S_pairs.json#F4S-00632,,gmc/results/aerial3dg/f4/diag/S/sweeper/
sweeper,F4S-00633,S,101,1117704,UNKNOWN,start_not_certified_free,EP-TOL,tolerance,0.0,,3.066,1.0686,1.5,1.5,1.512,1.512,5.0,1.5,5.0,1.5,,,,,REACHABLE:graph_path_lifted_and_verified,UNKNOWN:start_not_certified_free,True,0.0,,,,gmc/results/aerial3dg/f4/sample/S_pairs.json#F4S-00633,,gmc/results/aerial3dg/f4/diag/S/sweeper/
sweeper,F4S-00655,S,101,1150089,UNKNOWN,goal_not_certified_free,EP-TOL,tolerance,0.01,,3.025,1.0798,20.0,1.5,1.512,5.0,1.512,5.0,1.5,1.5,,,,,REACHABLE:graph_path_lifted_and_verified,UNKNOWN:goal_not_certified_free,True,0.0,,,,gmc/results/aerial3dg/f4/sample/S_pairs.json#F4S-00655,,gmc/results/aerial3dg/f4/diag/S/sweeper/
sweeper,F4S-00656,S,101,1150624,UNKNOWN,goal_not_certified_free,EP-TOL,tolerance,0.01,,3.023,1.0773,50.0,1.5,1.512,5.0,1.512,5.0,1.5,1.5,,,,,REACHABLE:graph_path_lifted_and_verified,UNKNOWN:goal_not_certified_free,True,0.0,,,,gmc/results/aerial3dg/f4/sample/S_pairs.json#F4S-00656,,gmc/results/aerial3dg/f4/diag/S/sweeper/
sweeper,F4S-00686,S,101,1206360,UNKNOWN,goal_not_certified_free,EP-TOL,tolerance,0.01,,3.035,1.0788,20.0,1.5,1.512,5.0,1.512,5.0,1.5,1.5,,,,,REACHABLE:graph_path_lifted_and_verified,UNKNOWN:goal_not_certified_free,True,0.0,,,,gmc/results/aerial3dg/f4/sample/S_pairs.json#F4S-00686,,gmc/results/aerial3dg/f4/diag/S/sweeper/
sweeper,F4S-00704,S,101,1244995,UNKNOWN,start_not_certified_free,EP-TOL,tolerance,0.01,,3.008,1.0788,20.0,1.5,1.512,1.512,5.0,1.5,5.0,1.5,,,,,REACHABLE:graph_path_lifted_and_verified,UNKNOWN:start_not_certified_free,True,0.0,,,,gmc/results/aerial3dg/f4/sample/S_pairs.json#F4S-00704,,gmc/results/aerial3dg/f4/diag/S/sweeper/
sweeper,F4S-00771,S,101,1378102,UNKNOWN,start_not_certified_free,EP-TOL,tolerance,0.01,,3.017,1.0776,1.0,1.5,1.512,1.512,5.0,1.5,5.0,1.5,,,,,REACHABLE:graph_path_lifted_and_verified,UNKNOWN:start_not_certified_free,True,0.0,,,,gmc/results/aerial3dg/f4/sample/S_pairs.json#F4S-00771,,gmc/results/aerial3dg/f4/diag/S/sweeper/
sweeper,F4S-00798,S,101,1441816,UNKNOWN,goal_not_certified_free,EP-TOL,tolerance,0.01,,3.018,1.0758,10.0,1.5,1.512,5.0,1.512,5.0,1.5,1.5,,,,,REACHABLE:graph_path_lifted_and_verified,UNKNOWN:goal_not_certified_free,True,0.0,,,,gmc/results/aerial3dg/f4/sample/S_pairs.json#F4S-00798,,gmc/results/aerial3dg/f4/diag/S/sweeper/
sweeper,F4S-00839,S,101,1516767,UNKNOWN,start_not_certified_free,EP-TOL,tolerance,0.01,,3.036,1.078,0.0,1.5,1.512,1.512,5.0,1.5,5.0,1.5,,,,,REACHABLE:graph_path_lifted_and_verified,UNKNOWN:start_not_certified_free,True,0.0,,,,gmc/results/aerial3dg/f4/sample/S_pairs.json#F4S-00839,,gmc/results/aerial3dg/f4/diag/S/sweeper/
sweeper,F4S-00892,S,101,1599930,UNKNOWN,start_not_certified_free,EP-TOL,tolerance,0.01,,3.019,1.0717,3.0,1.5,1.512,1.512,5.0,1.5,5.0,1.5,,,,,REACHABLE:graph_path_lifted_and_verified,UNKNOWN:start_not_certified_free,True,0.0,,,,gmc/results/aerial3dg/f4/sample/S_pairs.json#F4S-00892,,gmc/results/aerial3dg/f4/diag/S/sweeper/
sweeper,F4S-00894,S,101,1605843,UNKNOWN,goal_not_certified_free,EP-TOL,tolerance,0.01,,3.03,1.0929,5.0,1.5,1.512,5.0,1.512,5.0,1.5,1.5,,,,,REACHABLE:graph_path_lifted_and_verified,UNKNOWN:goal_not_certified_free,True,0.0,,,,gmc/results/aerial3dg/f4/sample/S_pairs.json#F4S-00894,,gmc/results/aerial3dg/f4/diag/S/sweeper/
sweeper,F4S-00923,S,101,1647523,UNKNOWN,start_not_certified_free,EP-TOL,tolerance,0.0,,3.011,1.0886,0.0,1.5,1.512,1.512,1.67,1.5,5.0,1.5,,,,,REACHABLE:graph_path_lifted_and_verified,UNKNOWN:start_not_certified_free,True,0.0,,,,gmc/results/aerial3dg/f4/sample/S_pairs.json#F4S-00923,,gmc/results/aerial3dg/f4/diag/S/sweeper/
sweeper,F4S-00959,S,101,1714248,UNKNOWN,start_not_certified_free,EP-TOL,tolerance,0.01,,3.083,1.0776,1.0,1.5,1.512,1.512,5.0,1.5,5.0,1.5,,,,,REACHABLE:graph_path_lifted_and_verified,UNKNOWN:start_not_certified_free,True,0.0,,,,gmc/results/aerial3dg/f4/sample/S_pairs.json#F4S-00959,,gmc/results/aerial3dg/f4/diag/S/sweeper/
sweeper,F4S-00995,S,101,1784984,UNKNOWN,goal_not_certified_free,EP-TOL,tolerance,0.01,,3.103,1.0808,20.0,1.5,1.512,5.0,1.512,5.0,1.5,1.5,,,,,REACHABLE:graph_path_lifted_and_verified,UNKNOWN:goal_not_certified_free,True,0.0,,,,gmc/results/aerial3dg/f4/sample/S_pairs.json#F4S-00995,,gmc/results/aerial3dg/f4/diag/S/sweeper/
sweeper,F4W-00012,GAPW1,101,300,UNKNOWN,goal_not_certified_free,EP-TOL,tolerance,0.03,,3.475,1.0728,100.0,1.5,0.195,7.714,1.962,5.0,1.5,1.5,,,,,REACHABLE:graph_path_lifted_and_verified,UNKNOWN:goal_not_certified_free,True,0.0,,,,gmc/results/aerial3dg/f4/sample/GAPW1_pairs.json#F4W-00012,,gmc/results/aerial3dg/f4/diag/GAPW1/sweeper/
sweeper,F4W-00021,GAPW1,101,581,UNKNOWN,goal_not_certified_free,EP-TOL,tolerance,0.03,,3.296,1.0767,100.0,1.5,0.195,3.292,1.962,10.0,1.5,1.5,,,,,REACHABLE:graph_path_lifted_and_verified,UNKNOWN:goal_not_certified_free,True,0.0,,,,gmc/results/aerial3dg/f4/sample/GAPW1_pairs.json#F4W-00021,,gmc/results/aerial3dg/f4/diag/GAPW1/sweeper/
sweeper,F4W-00029,GAPW1,101,901,UNKNOWN,start_not_certified_free,EP-TOL,tolerance,0.02,,4.236,1.2063,50.0,1.0,0.195,1.962,12.207,1.5,10.0,1.5,,,,,REACHABLE:graph_path_lifted_and_verified,UNKNOWN:start_not_certified_free,True,0.0,,,,gmc/results/aerial3dg/f4/sample/GAPW1_pairs.json#F4W-00029,,gmc/results/aerial3dg/f4/diag/GAPW1/sweeper/
sweeper,F4W-00037,GAPW1,101,1114,UNKNOWN,start_not_certified_free,EP-TOL,tolerance,0.02,,3.709,1.1273,20.0,1.5,0.195,1.974,16.213,1.5,10.0,1.5,,,,,REACHABLE:graph_path_lifted_and_verified,UNKNOWN:start_not_certified_free,True,0.0,,,,gmc/results/aerial3dg/f4/sample/GAPW1_pairs.json#F4W-00037,,gmc/results/aerial3dg/f4/diag/GAPW1/sweeper/
sweeper,F4W-00047,GAPW1,101,1400,UNKNOWN,start_not_certified_free,EP-TOL,tolerance,0.02,,3.467,1.3989,100.0,1.5,0.195,1.962,20.0,1.5,10.0,1.5,,,,,REACHABLE:graph_path_lifted_and_verified,UNKNOWN:start_not_certified_free,True,0.0,,,,gmc/results/aerial3dg/f4/sample/GAPW1_pairs.json#F4W-00047,,gmc/results/aerial3dg/f4/diag/GAPW1/sweeper/
sweeper,F4W-00053,GAPW1,101,1578,UNKNOWN,start_not_certified_free,EP-TOL,tolerance,0.02,,4.227,1.2152,20.0,1.5,0.195,1.962,12.207,1.5,10.0,1.5,,,,,REACHABLE:graph_path_lifted_and_verified,UNKNOWN:start_not_certified_free,True,0.0,,,,gmc/results/aerial3dg/f4/sample/GAPW1_pairs.json#F4W-00053,,gmc/results/aerial3dg/f4/diag/GAPW1/sweeper/
sweeper,F4W-00094,GAPW1,101,2699,UNKNOWN,start_not_certified_free,EP-TOL,tolerance,0.03,,3.942,1.0733,5.0,1.5,0.195,1.962,13.973,1.5,10.0,1.5,,,,,REACHABLE:graph_path_lifted_and_verified,UNKNOWN:start_not_certified_free,True,0.0,,,,gmc/results/aerial3dg/f4/sample/GAPW1_pairs.json#F4W-00094,,gmc/results/aerial3dg/f4/diag/GAPW1/sweeper/
sweeper,F4W-00133,GAPW1,101,3655,UNKNOWN,goal_not_certified_free,EP-TOL,tolerance,0.03,,3.317,1.3809,20.0,1.0,0.195,16.458,1.974,10.0,1.5,1.5,,,,,REACHABLE:graph_path_lifted_and_verified,UNKNOWN:goal_not_certified_free,True,0.0,,,,gmc/results/aerial3dg/f4/sample/GAPW1_pairs.json#F4W-00133,,gmc/results/aerial3dg/f4/diag/GAPW1/sweeper/
sweeper,F4W-00139,GAPW1,101,3732,UNKNOWN,start_not_certified_free,EP-TOL,tolerance,0.03,,3.921,1.1549,20.0,1.5,0.195,1.974,12.207,1.5,10.0,1.5,,,,,REACHABLE:graph_path_lifted_and_verified,UNKNOWN:start_not_certified_free,True,0.0,,,,gmc/results/aerial3dg/f4/sample/GAPW1_pairs.json#F4W-00139,,gmc/results/aerial3dg/f4/diag/GAPW1/sweeper/
sweeper,F4W-00143,GAPW1,101,3805,UNKNOWN,goal_not_certified_free,EP-TOL,tolerance,0.02,,3.833,1.1172,100.0,1.0,0.195,12.207,1.974,10.0,1.5,1.5,,,,,REACHABLE:graph_path_lifted_and_verified,UNKNOWN:goal_not_certified_free,True,0.0,,,,gmc/results/aerial3dg/f4/sample/GAPW1_pairs.json#F4W-00143,,gmc/results/aerial3dg/f4/diag/GAPW1/sweeper/
sweeper,F4W-00153,GAPW1,101,4095,UNKNOWN,start_not_certified_free,EP-TOL,tolerance,0.02,,4.161,1.2213,5.0,1.5,0.195,1.974,14.359,1.5,10.0,1.5,,,,,REACHABLE:graph_path_lifted_and_verified,UNKNOWN:start_not_certified_free,True,0.1,,,,gmc/results/aerial3dg/f4/sample/GAPW1_pairs.json#F4W-00153,,gmc/results/aerial3dg/f4/diag/GAPW1/sweeper/
sweeper,F4W-00172,GAPW1,101,4449,UNKNOWN,goal_not_certified_free,EP-TOL,tolerance,0.02,,3.522,1.399,100.0,1.5,0.195,20.0,1.962,10.0,1.5,1.5,,,,,REACHABLE:graph_path_lifted_and_verified,UNKNOWN:goal_not_certified_free,True,0.0,,,,gmc/results/aerial3dg/f4/sample/GAPW1_pairs.json#F4W-00172,,gmc/results/aerial3dg/f4/diag/GAPW1/sweeper/
sweeper,F4W-00179,GAPW1,101,4635,UNKNOWN,goal_not_certified_free,EP-TOL,tolerance,0.02,,3.84,1.2005,100.0,1.5,0.195,16.213,1.962,10.0,1.5,1.5,,,,,REACHABLE:graph_path_lifted_and_verified,UNKNOWN:goal_not_certified_free,True,0.0,,,,gmc/results/aerial3dg/f4/sample/GAPW1_pairs.json#F4W-00179,,gmc/results/aerial3dg/f4/diag/GAPW1/sweeper/
sweeper,F4W-00192,GAPW1,101,5103,UNKNOWN,start_not_certified_free,EP-TOL,tolerance,0.02,,3.2,1.0566,20.0,1.5,0.195,1.974,7.356,1.5,10.0,1.5,,,,,REACHABLE:graph_path_lifted_and_verified,UNKNOWN:start_not_certified_free,True,0.0,,,,gmc/results/aerial3dg/f4/sample/GAPW1_pairs.json#F4W-00192,,gmc/results/aerial3dg/f4/diag/GAPW1/sweeper/
sweeper,F4W-00196,GAPW1,101,5169,UNKNOWN,start_not_certified_free,EP-TOL,tolerance,0.02,,3.894,1.0785,3.0,1.5,0.195,1.962,13.973,1.5,10.0,1.5,,,,,REACHABLE:graph_path_lifted_and_verified,UNKNOWN:start_not_certified_free,True,0.0,,,,gmc/results/aerial3dg/f4/sample/GAPW1_pairs.json#F4W-00196,,gmc/results/aerial3dg/f4/diag/GAPW1/sweeper/
sweeper,F4W-00205,GAPW1,101,5366,UNKNOWN,goal_not_certified_free,EP-TOL,tolerance,0.02,,3.612,1.4053,100.0,1.0,0.195,12.207,1.962,10.0,1.5,1.5,,,,,REACHABLE:graph_path_lifted_and_verified,UNKNOWN:goal_not_certified_free,True,0.0,,,,gmc/results/aerial3dg/f4/sample/GAPW1_pairs.json#F4W-00205,,gmc/results/aerial3dg/f4/diag/GAPW1/sweeper/
sweeper,F4W-00206,GAPW1,101,5378,UNKNOWN,start_not_certified_free,EP-TOL,tolerance,0.02,,4.038,1.1326,20.0,1.5,0.195,1.974,12.207,1.5,10.0,1.5,,,,,REACHABLE:graph_path_lifted_and_verified,UNKNOWN:start_not_certified_free,True,0.0,,,,gmc/results/aerial3dg/f4/sample/GAPW1_pairs.json#F4W-00206,,gmc/results/aerial3dg/f4/diag/GAPW1/sweeper/
sweeper,F4W-00341,GAPW1,101,8840,UNKNOWN,goal_not_certified_free,EP-TOL,tolerance,0.03,,3.289,1.0417,50.0,1.0,0.344,7.356,1.974,10.0,1.5,1.5,,,,,REACHABLE:graph_path_lifted_and_verified,UNKNOWN:goal_not_certified_free,True,0.0,,,,gmc/results/aerial3dg/f4/sample/GAPW1_pairs.json#F4W-00341,,gmc/results/aerial3dg/f4/diag/GAPW1/sweeper/
sweeper,F4W-00382,GAPW1,101,10085,UNKNOWN,start_not_certified_free,EP-TOL,tolerance,0.03,,3.349,1.3998,5.0,1.0,0.01,1.043,12.207,1.0,10.0,1.0,,,,,REACHABLE:graph_path_lifted_and_verified,UNKNOWN:start_not_certified_free,True,0.0,,,,gmc/results/aerial3dg/f4/sample/GAPW1_pairs.json#F4W-00382,,gmc/results/aerial3dg/f4/diag/GAPW1/sweeper/
sweeper,F4W-00389,GAPW1,101,10416,UNKNOWN,start_not_certified_free,EP-TOL,tolerance,0.02,,3.079,1.2713,100.0,1.5,0.195,1.974,20.0,1.5,10.0,1.5,,,,,REACHABLE:graph_path_lifted_and_verified,UNKNOWN:start_not_certified_free,True,0.0,,,,gmc/results/aerial3dg/f4/sample/GAPW1_pairs.json#F4W-00389,,gmc/results/aerial3dg/f4/diag/GAPW1/sweeper/
sweeper,F4W-00396,GAPW1,101,10508,UNKNOWN,start_not_certified_free,EP-TOL,tolerance,0.02,,3.085,1.0593,100.0,1.5,0.195,1.974,3.292,1.5,3.0,1.5,,,,,REACHABLE:graph_path_lifted_and_verified,UNKNOWN:start_not_certified_free,True,0.0,,,,gmc/results/aerial3dg/f4/sample/GAPW1_pairs.json#F4W-00396,,gmc/results/aerial3dg/f4/diag/GAPW1/sweeper/
sweeper,F4W-00399,GAPW1,101,10686,UNKNOWN,start_not_certified_free,EP-TOL,tolerance,0.02,,4.125,1.361,10.0,1.0,0.195,1.962,14.359,1.5,10.0,1.5,,,,,REACHABLE:graph_path_lifted_and_verified,UNKNOWN:start_not_certified_free,True,0.0,,,,gmc/results/aerial3dg/f4/sample/GAPW1_pairs.json#F4W-00399,,gmc/results/aerial3dg/f4/diag/GAPW1/sweeper/
sweeper,F4W-00414,GAPW1,101,10964,UNKNOWN,start_not_certified_free,EP-TOL,tolerance,0.03,,4.378,1.1633,10.0,1.5,0.195,1.974,12.207,1.5,10.0,1.5,,,,,REACHABLE:graph_path_lifted_and_verified,UNKNOWN:start_not_certified_free,True,0.0,,,,gmc/results/aerial3dg/f4/sample/GAPW1_pairs.json#F4W-00414,,gmc/results/aerial3dg/f4/diag/GAPW1/sweeper/
sweeper,F4W-00417,GAPW1,101,11070,UNKNOWN,goal_not_certified_free,EP-TOL,tolerance,0.03,,4.102,1.1172,100.0,1.0,0.195,12.207,1.974,10.0,1.5,1.5,,,,,REACHABLE:graph_path_lifted_and_verified,UNKNOWN:goal_not_certified_free,True,0.0,,,,gmc/results/aerial3dg/f4/sample/GAPW1_pairs.json#F4W-00417,,gmc/results/aerial3dg/f4/diag/GAPW1/sweeper/
sweeper,F4W-00445,GAPW1,101,11907,UNKNOWN,goal_not_certified_free,EP-TOL,tolerance,0.03,,3.177,1.2535,100.0,1.0,0.195,20.0,1.974,10.0,1.5,1.5,,,,,REACHABLE:graph_path_lifted_and_verified,UNKNOWN:goal_not_certified_free,True,0.0,,,,gmc/results/aerial3dg/f4/sample/GAPW1_pairs.json#F4W-00445,,gmc/results/aerial3dg/f4/diag/GAPW1/sweeper/
sweeper,F4W-00447,GAPW1,101,11925,UNKNOWN,start_not_certified_free,EP-TOL,tolerance,0.03,,4.292,1.0605,20.0,1.0,0.195,1.962,2.754,1.5,3.0,1.5,,,,,REACHABLE:graph_path_lifted_and_verified,UNKNOWN:start_not_certified_free,True,0.0,,,,gmc/results/aerial3dg/f4/sample/GAPW1_pairs.json#F4W-00447,,gmc/results/aerial3dg/f4/diag/GAPW1/sweeper/
sweeper,F4W-00453,GAPW1,101,12260,UNKNOWN,goal_not_certified_free,EP-TOL,tolerance,0.03,,3.04,1.5424,100.0,1.5,0.195,20.0,1.962,10.0,1.5,1.5,,,,,REACHABLE:graph_path_lifted_and_verified,UNKNOWN:goal_not_certified_free,True,0.0,,,,gmc/results/aerial3dg/f4/sample/GAPW1_pairs.json#F4W-00453,,gmc/results/aerial3dg/f4/diag/GAPW1/sweeper/
sweeper,F4W-00460,GAPW1,101,12610,UNKNOWN,start_not_certified_free,EP-TOL,tolerance,0.03,,3.369,1.2146,50.0,1.5,0.195,1.974,19.43,1.5,10.0,1.5,,,,,REACHABLE:graph_path_lifted_and_verified,UNKNOWN:start_not_certified_free,True,0.0,,,,gmc/results/aerial3dg/f4/sample/GAPW1_pairs.json#F4W-00460,,gmc/results/aerial3dg/f4/diag/GAPW1/sweeper/
sweeper,F4W-00461,GAPW1,101,12614,UNKNOWN,goal_not_certified_free,EP-TOL,tolerance,0.02,,4.049,1.31,100.0,1.5,0.195,12.207,1.962,10.0,1.5,1.5,,,,,REACHABLE:graph_path_lifted_and_verified,UNKNOWN:goal_not_certified_free,True,0.0,,,,gmc/results/aerial3dg/f4/sample/GAPW1_pairs.json#F4W-00461,,gmc/results/aerial3dg/f4/diag/GAPW1/sweeper/
sweeper,F4W-00475,GAPW1,101,12954,UNKNOWN,start_not_certified_free,EP-TOL,tolerance,0.03,,3.916,1.1646,50.0,1.5,0.195,1.974,12.207,1.5,10.0,1.5,,,,,REACHABLE:graph_path_lifted_and_verified,UNKNOWN:start_not_certified_free,True,0.0,,,,gmc/results/aerial3dg/f4/sample/GAPW1_pairs.json#F4W-00475,,gmc/results/aerial3dg/f4/diag/GAPW1/sweeper/
sweeper,F4W-00478,GAPW1,101,12978,UNKNOWN,start_not_certified_free,EP-TOL,tolerance,0.03,,3.781,1.1007,50.0,1.0,0.195,1.974,4.675,1.5,10.0,1.5,,,,,REACHABLE:graph_path_lifted_and_verified,UNKNOWN:start_not_certified_free,True,0.0,,,,gmc/results/aerial3dg/f4/sample/GAPW1_pairs.json#F4W-00478,,gmc/results/aerial3dg/f4/diag/GAPW1/sweeper/
sweeper,F4W-00485,GAPW1,101,13137,UNKNOWN,goal_not_certified_free,EP-TOL,tolerance,0.03,,3.815,1.081,20.0,1.5,0.195,13.727,1.974,10.0,1.5,1.5,,,,,REACHABLE:graph_path_lifted_and_verified,UNKNOWN:goal_not_certified_free,True,0.0,,,,gmc/results/aerial3dg/f4/sample/GAPW1_pairs.json#F4W-00485,,gmc/results/aerial3dg/f4/diag/GAPW1/sweeper/
sweeper,F4W-00487,GAPW1,101,13165,UNKNOWN,start_not_certified_free,EP-TOL,tolerance,0.03,,4.109,1.1848,20.0,1.5,0.195,1.962,19.43,1.5,10.0,1.5,,,,,REACHABLE:graph_path_lifted_and_verified,UNKNOWN:start_not_certified_free,True,0.0,,,,gmc/results/aerial3dg/f4/sample/GAPW1_pairs.json#F4W-00487,,gmc/results/aerial3dg/f4/diag/GAPW1/sweeper/
sweeper,F4W-00501,GAPW1,101,13658,UNKNOWN,start_not_certified_free,EP-TOL,tolerance,0.03,,3.241,1.3942,100.0,1.5,0.195,1.962,20.0,1.5,10.0,1.5,,,,,REACHABLE:graph_path_lifted_and_verified,UNKNOWN:start_not_certified_free,True,0.0,,,,gmc/results/aerial3dg/f4/sample/GAPW1_pairs.json#F4W-00501,,gmc/results/aerial3dg/f4/diag/GAPW1/sweeper/
sweeper,F4W-00535,GAPW1,101,14538,UNKNOWN,start_not_certified_free,EP-TOL,tolerance,0.02,,3.578,1.2074,100.0,1.0,0.195,1.962,16.213,1.5,10.0,1.5,,,,,REACHABLE:graph_path_lifted_and_verified,UNKNOWN:start_not_certified_free,True,0.0,,,,gmc/results/aerial3dg/f4/sample/GAPW1_pairs.json#F4W-00535,,gmc/results/aerial3dg/f4/diag/GAPW1/sweeper/
sweeper,F4W-00578,GAPW1,101,15628,UNKNOWN,goal_not_certified_free,EP-TOL,tolerance,0.03,,3.049,1.2507,100.0,1.0,0.195,20.0,1.974,10.0,1.5,1.5,,,,,REACHABLE:graph_path_lifted_and_verified,UNKNOWN:goal_not_certified_free,True,0.0,,,,gmc/results/aerial3dg/f4/sample/GAPW1_pairs.json#F4W-00578,,gmc/results/aerial3dg/f4/diag/GAPW1/sweeper/
sweeper,F4W-00584,GAPW1,101,15857,UNKNOWN,goal_not_certified_free,EP-TOL,tolerance,0.03,,3.456,1.2671,100.0,1.5,0.195,16.458,1.974,10.0,1.5,1.5,,,,,REACHABLE:graph_path_lifted_and_verified,UNKNOWN:goal_not_certified_free,True,0.0,,,,gmc/results/aerial3dg/f4/sample/GAPW1_pairs.json#F4W-00584,,gmc/results/aerial3dg/f4/diag/GAPW1/sweeper/
sweeper,F4W-00592,GAPW1,101,15971,UNKNOWN,goal_not_certified_free,EP-TOL,tolerance,0.03,,4.255,1.0651,50.0,1.5,0.346,7.356,1.962,10.0,1.5,1.5,,,,,REACHABLE:graph_path_lifted_and_verified,UNKNOWN:goal_not_certified_free,True,0.0,,,,gmc/results/aerial3dg/f4/sample/GAPW1_pairs.json#F4W-00592,,gmc/results/aerial3dg/f4/diag/GAPW1/sweeper/
sweeper,F4W-00602,GAPW1,101,16181,UNKNOWN,goal_not_certified_free,EP-TOL,tolerance,0.03,,3.339,1.041,3.0,1.5,0.344,7.356,1.974,10.0,1.5,1.5,,,,,REACHABLE:graph_path_lifted_and_verified,UNKNOWN:goal_not_certified_free,True,0.0,,,,gmc/results/aerial3dg/f4/sample/GAPW1_pairs.json#F4W-00602,,gmc/results/aerial3dg/f4/diag/GAPW1/sweeper/
sweeper,F4W-00613,GAPW1,101,16537,UNKNOWN,start_not_certified_free,EP-TOL,tolerance,0.03,,4.165,1.2103,50.0,1.5,0.195,1.974,12.207,1.5,10.0,1.5,,,,,REACHABLE:graph_path_lifted_and_verified,UNKNOWN:start_not_certified_free,True,0.0,,,,gmc/results/aerial3dg/f4/sample/GAPW1_pairs.json#F4W-00613,,gmc/results/aerial3dg/f4/diag/GAPW1/sweeper/
sweeper,F4W-00621,GAPW1,101,16746,UNKNOWN,goal_not_certified_free,EP-TOL,tolerance,0.03,,3.087,1.0757,100.0,1.5,1.962,3.292,1.962,10.0,1.5,1.5,,,,,REACHABLE:graph_path_lifted_and_verified,UNKNOWN:goal_not_certified_free,True,0.0,,,,gmc/results/aerial3dg/f4/sample/GAPW1_pairs.json#F4W-00621,,gmc/results/aerial3dg/f4/diag/GAPW1/sweeper/
sweeper,F4W-00646,GAPW1,101,17279,UNKNOWN,start_not_certified_free,EP-TOL,tolerance,0.02,,3.042,1.651,20.0,1.0,0.01,1.119,12.207,1.0,10.0,1.0,,,,,REACHABLE:graph_path_lifted_and_verified,UNKNOWN:start_not_certified_free,True,0.0,,,,gmc/results/aerial3dg/f4/sample/GAPW1_pairs.json#F4W-00646,,gmc/results/aerial3dg/f4/diag/GAPW1/sweeper/
sweeper,F4W-00722,GAPW1,101,19256,UNKNOWN,start_not_certified_free,EP-TOL,tolerance,0.03,,3.237,1.3042,100.0,1.0,0.195,1.974,20.0,1.5,10.0,1.5,,,,,REACHABLE:graph_path_lifted_and_verified,UNKNOWN:start_not_certified_free,True,0.0,,,,gmc/results/aerial3dg/f4/sample/GAPW1_pairs.json#F4W-00722,,gmc/results/aerial3dg/f4/diag/GAPW1/sweeper/
sweeper,F4W-00738,GAPW1,101,19863,UNKNOWN,start_not_certified_free,EP-TOL,tolerance,0.03,,3.603,1.1527,20.0,1.5,0.195,1.974,19.43,1.5,10.0,1.5,,,,,REACHABLE:graph_path_lifted_and_verified,UNKNOWN:start_not_certified_free,True,0.0,,,,gmc/results/aerial3dg/f4/sample/GAPW1_pairs.json#F4W-00738,,gmc/results/aerial3dg/f4/diag/GAPW1/sweeper/
sweeper,F4W-00779,GAPW1,102,644,UNKNOWN,start_not_certified_free,EP-TOL,tolerance,0.03,,3.479,1.1776,100.0,1.0,0.195,1.974,19.43,1.5,10.0,1.5,,,,,REACHABLE:graph_path_lifted_and_verified,UNKNOWN:start_not_certified_free,True,0.0,,,,gmc/results/aerial3dg/f4/sample/GAPW1_pairs.json#F4W-00779,,gmc/results/aerial3dg/f4/diag/GAPW1/sweeper/
sweeper,F4W-00791,GAPW1,102,904,UNKNOWN,goal_not_certified_free,EP-TOL,tolerance,0.03,,3.946,1.2788,100.0,1.0,0.195,12.207,1.962,10.0,1.5,1.5,,,,,REACHABLE:graph_path_lifted_and_verified,UNKNOWN:goal_not_certified_free,True,0.0,,,,gmc/results/aerial3dg/f4/sample/GAPW1_pairs.json#F4W-00791,,gmc/results/aerial3dg/f4/diag/GAPW1/sweeper/
sweeper,F4W-00817,GAPW1,102,1436,UNKNOWN,start_not_certified_free,EP-TOL,tolerance,0.03,,3.151,1.6567,50.0,1.5,0.195,1.962,3.267,1.5,10.0,1.5,,,,,REACHABLE:graph_path_lifted_and_verified,UNKNOWN:start_not_certified_free,True,0.0,,,,gmc/results/aerial3dg/f4/sample/GAPW1_pairs.json#F4W-00817,,gmc/results/aerial3dg/f4/diag/GAPW1/sweeper/
sweeper,F4W-00838,GAPW1,102,2122,UNKNOWN,goal_not_certified_free,EP-TOL,tolerance,0.03,,3.012,1.3714,5.0,1.0,0.195,1.333,1.154,3.0,1.0,1.0,,,,,REACHABLE:graph_path_lifted_and_verified,UNKNOWN:goal_not_certified_free,True,0.0,,,,gmc/results/aerial3dg/f4/sample/GAPW1_pairs.json#F4W-00838,,gmc/results/aerial3dg/f4/diag/GAPW1/sweeper/
sweeper,F4W-00845,GAPW1,102,2379,UNKNOWN,goal_not_certified_free,EP-TOL,tolerance,0.03,,3.08,1.4217,100.0,1.0,0.195,20.0,1.962,10.0,1.5,1.5,,,,,REACHABLE:graph_path_lifted_and_verified,UNKNOWN:goal_not_certified_free,True,0.0,,,,gmc/results/aerial3dg/f4/sample/GAPW1_pairs.json#F4W-00845,,gmc/results/aerial3dg/f4/diag/GAPW1/sweeper/
sweeper,F4W-00846,GAPW1,102,2438,UNKNOWN,start_not_certified_free,EP-TOL,tolerance,0.03,,3.015,1.2355,100.0,1.5,0.195,1.974,20.0,1.5,10.0,1.5,,,,,REACHABLE:graph_path_lifted_and_verified,UNKNOWN:start_not_certified_free,True,0.0,,,,gmc/results/aerial3dg/f4/sample/GAPW1_pairs.json#F4W-00846,,gmc/results/aerial3dg/f4/diag/GAPW1/sweeper/
sweeper,F4W-00866,GAPW1,102,2933,UNKNOWN,start_not_certified_free,EP-TOL,tolerance,0.03,,3.911,1.0765,50.0,1.0,0.195,1.962,7.356,1.5,10.0,1.5,,,,,REACHABLE:graph_path_lifted_and_verified,UNKNOWN:start_not_certified_free,True,0.0,,,,gmc/results/aerial3dg/f4/sample/GAPW1_pairs.json#F4W-00866,,gmc/results/aerial3dg/f4/diag/GAPW1/sweeper/
sweeper,F4W-00871,GAPW1,102,3258,UNKNOWN,start_not_certified_free,EP-TOL,tolerance,0.03,,3.459,1.3838,100.0,1.5,0.195,1.962,20.0,1.5,10.0,1.5,,,,,REACHABLE:graph_path_lifted_and_verified,UNKNOWN:start_not_certified_free,True,0.0,,,,gmc/results/aerial3dg/f4/sample/GAPW1_pairs.json#F4W-00871,,gmc/results/aerial3dg/f4/diag/GAPW1/sweeper/
sweeper,F4W-00878,GAPW1,102,3433,UNKNOWN,start_not_certified_free,EP-TOL,tolerance,0.03,,3.127,1.122,50.0,1.5,0.195,1.974,16.213,1.5,10.0,1.5,,,,,REACHABLE:graph_path_lifted_and_verified,UNKNOWN:start_not_certified_free,True,0.0,,,,gmc/results/aerial3dg/f4/sample/GAPW1_pairs.json#F4W-00878,,gmc/results/aerial3dg/f4/diag/GAPW1/sweeper/
sweeper,F4W-00895,GAPW1,102,3854,UNKNOWN,start_not_certified_free,EP-TOL,tolerance,0.03,,3.846,1.3695,50.0,1.5,0.195,1.962,12.207,1.5,10.0,1.5,,,,,REACHABLE:graph_path_lifted_and_verified,UNKNOWN:start_not_certified_free,True,0.0,,,,gmc/results/aerial3dg/f4/sample/GAPW1_pairs.json#F4W-00895,,gmc/results/aerial3dg/f4/diag/GAPW1/sweeper/
sweeper,F4W-00929,GAPW1,102,4605,UNKNOWN,start_not_certified_free,EP-TOL,tolerance,0.03,,3.374,1.5624,100.0,1.5,0.195,1.962,16.458,1.5,10.0,1.5,,,,,REACHABLE:graph_path_lifted_and_verified,UNKNOWN:start_not_certified_free,True,0.0,,,,gmc/results/aerial3dg/f4/sample/GAPW1_pairs.json#F4W-00929,,gmc/results/aerial3dg/f4/diag/GAPW1/sweeper/
sweeper,F4W-00944,GAPW1,102,5123,UNKNOWN,start_not_certified_free,EP-TOL,tolerance,0.02,,3.086,1.0788,5.0,1.0,0.344,1.962,3.292,1.5,5.0,1.5,,,,,REACHABLE:graph_path_lifted_and_verified,UNKNOWN:start_not_certified_free,True,0.0,,,,gmc/results/aerial3dg/f4/sample/GAPW1_pairs.json#F4W-00944,,gmc/results/aerial3dg/f4/diag/GAPW1/sweeper/
sweeper,F4W-00951,GAPW1,102,5318,UNKNOWN,goal_not_certified_free,EP-TOL,tolerance,0.03,,4.381,1.2544,20.0,1.0,0.195,14.359,1.974,10.0,1.5,1.5,,,,,REACHABLE:graph_path_lifted_and_verified,UNKNOWN:goal_not_certified_free,True,0.0,,,,gmc/results/aerial3dg/f4/sample/GAPW1_pairs.json#F4W-00951,,gmc/results/aerial3dg/f4/diag/GAPW1/sweeper/
sweeper,F4W-00956,GAPW1,102,5409,UNKNOWN,start_not_certified_free,EP-TOL,tolerance,0.02,,3.958,1.2584,20.0,1.0,0.195,1.962,12.207,1.5,10.0,1.5,,,,,REACHABLE:graph_path_lifted_and_verified,UNKNOWN:start_not_certified_free,True,0.0,,,,gmc/results/aerial3dg/f4/sample/GAPW1_pairs.json#F4W-00956,,gmc/results/aerial3dg/f4/diag/GAPW1/sweeper/
sweeper,F4W-00973,GAPW1,102,5798,UNKNOWN,goal_not_certified_free,EP-TOL,tolerance,0.03,,3.11,1.0776,20.0,1.5,0.344,3.292,1.962,3.0,1.5,1.5,,,,,REACHABLE:graph_path_lifted_and_verified,UNKNOWN:goal_not_certified_free,True,0.0,,,,gmc/results/aerial3dg/f4/sample/GAPW1_pairs.json#F4W-00973,,gmc/results/aerial3dg/f4/diag/GAPW1/sweeper/
sweeper,F4W-00980,GAPW1,102,6099,UNKNOWN,goal_not_certified_free,EP-TOL,tolerance,0.03,,4.212,1.2168,20.0,1.5,0.195,12.207,1.962,10.0,1.5,1.5,,,,,REACHABLE:graph_path_lifted_and_verified,UNKNOWN:goal_not_certified_free,True,0.0,,,,gmc/results/aerial3dg/f4/sample/GAPW1_pairs.json#F4W-00980,,gmc/results/aerial3dg/f4/diag/GAPW1/sweeper/
sweeper,F4W-00981,GAPW1,102,6103,UNKNOWN,start_not_certified_free,EP-TOL,tolerance,0.02,,3.939,1.386,50.0,1.0,0.01,1.962,12.207,1.5,10.0,1.5,,,,,REACHABLE:graph_path_lifted_and_verified,UNKNOWN:start_not_certified_free,True,0.0,,,,gmc/results/aerial3dg/f4/sample/GAPW1_pairs.json#F4W-00981,,gmc/results/aerial3dg/f4/diag/GAPW1/sweeper/
sweeper,F4W-01003,GAPW1,102,6896,UNKNOWN,goal_not_certified_free,EP-TOL,tolerance,0.03,,3.518,1.0495,10.0,1.5,0.195,7.356,1.962,5.0,1.5,1.5,,,,,REACHABLE:graph_path_lifted_and_verified,UNKNOWN:goal_not_certified_free,True,0.0,,,,gmc/results/aerial3dg/f4/sample/GAPW1_pairs.json#F4W-01003,,gmc/results/aerial3dg/f4/diag/GAPW1/sweeper/
sweeper,F4W-01009,GAPW1,102,7026,UNKNOWN,start_not_certified_free,EP-TOL,tolerance,0.02,,3.576,1.4549,100.0,1.5,0.195,1.962,13.982,1.5,10.0,1.5,,,,,REACHABLE:graph_path_lifted_and_verified,UNKNOWN:start_not_certified_free,True,0.0,,,,gmc/results/aerial3dg/f4/sample/GAPW1_pairs.json#F4W-01009,,gmc/results/aerial3dg/f4/diag/GAPW1/sweeper/
sweeper,F4W-01011,GAPW1,102,7047,UNKNOWN,goal_not_certified_free,EP-TOL,tolerance,0.03,,4.046,1.4321,5.0,1.0,0.195,14.359,1.962,10.0,1.5,1.5,,,,,REACHABLE:graph_path_lifted_and_verified,UNKNOWN:goal_not_certified_free,True,0.0,,,,gmc/results/aerial3dg/f4/sample/GAPW1_pairs.json#F4W-01011,,gmc/results/aerial3dg/f4/diag/GAPW1/sweeper/
sweeper,F4W-01013,GAPW1,102,7106,UNKNOWN,goal_not_certified_free,EP-TOL,tolerance,0.02,,3.689,1.2258,100.0,1.5,0.195,12.207,1.974,10.0,1.5,1.5,,,,,REACHABLE:graph_path_lifted_and_verified,UNKNOWN:goal_not_certified_free,True,0.0,,,,gmc/results/aerial3dg/f4/sample/GAPW1_pairs.json#F4W-01013,,gmc/results/aerial3dg/f4/diag/GAPW1/sweeper/
sweeper,F4W-01048,GAPW1,102,7860,UNKNOWN,start_not_certified_free,EP-TOL,tolerance,0.03,,3.345,1.57,5.0,1.0,0.195,1.255,12.207,1.0,10.0,1.0,,,,,REACHABLE:graph_path_lifted_and_verified,UNKNOWN:start_not_certified_free,True,0.0,,,,gmc/results/aerial3dg/f4/sample/GAPW1_pairs.json#F4W-01048,,gmc/results/aerial3dg/f4/diag/GAPW1/sweeper/
sweeper,F4W-01050,GAPW1,102,7918,UNKNOWN,start_not_certified_free,EP-TOL,tolerance,0.02,,4.219,1.2526,20.0,1.5,0.195,1.974,4.812,1.5,10.0,1.5,,,,,REACHABLE:graph_path_lifted_and_verified,UNKNOWN:start_not_certified_free,True,0.0,,,,gmc/results/aerial3dg/f4/sample/GAPW1_pairs.json#F4W-01050,,gmc/results/aerial3dg/f4/diag/GAPW1/sweeper/
sweeper,F4W-01052,GAPW1,102,7991,UNKNOWN,start_not_certified_free,EP-TOL,tolerance,0.03,,3.427,1.2602,100.0,1.5,0.195,1.974,20.0,1.5,10.0,1.5,,,,,REACHABLE:graph_path_lifted_and_verified,UNKNOWN:start_not_certified_free,True,0.0,,,,gmc/results/aerial3dg/f4/sample/GAPW1_pairs.json#F4W-01052,,gmc/results/aerial3dg/f4/diag/GAPW1/sweeper/
sweeper,F4W-01086,GAPW1,102,8912,UNKNOWN,start_not_certified_free,EP-TOL,tolerance,0.03,,3.446,1.1248,3.0,1.0,0.195,1.006,7.356,1.0,10.0,1.0,,,,,REACHABLE:graph_path_lifted_and_verified,UNKNOWN:start_not_certified_free,True,0.0,,,,gmc/results/aerial3dg/f4/sample/GAPW1_pairs.json#F4W-01086,,gmc/results/aerial3dg/f4/diag/GAPW1/sweeper/
sweeper,F4W-01091,GAPW1,102,9050,UNKNOWN,start_not_certified_free,EP-TOL,tolerance,0.03,,3.512,1.49,5.0,1.5,0.195,1.962,5.81,1.5,5.0,1.5,,,,,REACHABLE:graph_path_lifted_and_verified,UNKNOWN:start_not_certified_free,True,0.0,,,,gmc/results/aerial3dg/f4/sample/GAPW1_pairs.json#F4W-01091,,gmc/results/aerial3dg/f4/diag/GAPW1/sweeper/
sweeper,F4W-01110,GAPW1,102,9655,UNKNOWN,start_not_certified_free,EP-TOL,tolerance,0.03,,3.358,1.2726,100.0,1.5,0.195,1.962,20.0,1.5,10.0,1.5,,,,,REACHABLE:graph_path_lifted_and_verified,UNKNOWN:start_not_certified_free,True,0.0,,,,gmc/results/aerial3dg/f4/sample/GAPW1_pairs.json#F4W-01110,,gmc/results/aerial3dg/f4/diag/GAPW1/sweeper/
sweeper,F4W-01132,GAPW1,102,10237,UNKNOWN,start_not_certified_free,EP-TOL,tolerance,0.03,,4.021,1.1034,50.0,1.0,0.195,1.974,14.743,1.5,10.0,1.5,,,,,REACHABLE:graph_path_lifted_and_verified,UNKNOWN:start_not_certified_free,True,0.0,,,,gmc/results/aerial3dg/f4/sample/GAPW1_pairs.json#F4W-01132,,gmc/results/aerial3dg/f4/diag/GAPW1/sweeper/
sweeper,F4W-01134,GAPW1,102,10291,UNKNOWN,start_not_certified_free,EP-TOL,tolerance,0.03,,3.604,1.1322,20.0,1.5,0.195,1.974,19.43,1.5,10.0,1.5,,,,,REACHABLE:graph_path_lifted_and_verified,UNKNOWN:start_not_certified_free,True,0.0,,,,gmc/results/aerial3dg/f4/sample/GAPW1_pairs.json#F4W-01134,,gmc/results/aerial3dg/f4/diag/GAPW1/sweeper/
sweeper,F4W-01138,GAPW1,102,10372,UNKNOWN,goal_not_certified_free,EP-TOL,tolerance,0.03,,3.201,1.102,50.0,1.5,0.195,16.213,1.974,10.0,1.5,1.5,,,,,REACHABLE:graph_path_lifted_and_verified,UNKNOWN:goal_not_certified_free,True,0.0,,,,gmc/results/aerial3dg/f4/sample/GAPW1_pairs.json#F4W-01138,,gmc/results/aerial3dg/f4/diag/GAPW1/sweeper/
sweeper,F4W-01150,GAPW1,102,10567,UNKNOWN,start_not_certified_free,EP-TOL,tolerance,0.03,,3.419,1.0789,50.0,1.5,0.344,1.962,3.292,1.5,3.0,1.5,,,,,REACHABLE:graph_path_lifted_and_verified,UNKNOWN:start_not_certified_free,True,0.0,,,,gmc/results/aerial3dg/f4/sample/GAPW1_pairs.json#F4W-01150,,gmc/results/aerial3dg/f4/diag/GAPW1/sweeper/
sweeper,F4W-01208,GAPW1,102,12193,UNKNOWN,goal_not_certified_free,EP-TOL,tolerance,0.03,,3.719,1.1671,100.0,1.5,0.195,16.213,1.962,10.0,1.5,1.5,,,,,REACHABLE:graph_path_lifted_and_verified,UNKNOWN:goal_not_certified_free,True,0.0,,,,gmc/results/aerial3dg/f4/sample/GAPW1_pairs.json#F4W-01208,,gmc/results/aerial3dg/f4/diag/GAPW1/sweeper/
sweeper,F4W-01219,GAPW1,102,12540,UNKNOWN,start_not_certified_free,EP-TOL,tolerance,0.03,,3.571,1.121,2.0,1.0,0.01,1.04,15.231,1.0,10.0,1.0,,,,,REACHABLE:graph_path_lifted_and_verified,UNKNOWN:start_not_certified_free,True,0.0,,,,gmc/results/aerial3dg/f4/sample/GAPW1_pairs.json#F4W-01219,,gmc/results/aerial3dg/f4/diag/GAPW1/sweeper/
sweeper,F4W-01230,GAPW1,102,12832,UNKNOWN,goal_not_certified_free,EP-TOL,tolerance,0.03,,3.094,1.0758,100.0,1.5,1.962,3.292,1.962,10.0,1.5,1.5,,,,,REACHABLE:graph_path_lifted_and_verified,UNKNOWN:goal_not_certified_free,True,0.0,,,,gmc/results/aerial3dg/f4/sample/GAPW1_pairs.json#F4W-01230,,gmc/results/aerial3dg/f4/diag/GAPW1/sweeper/
sweeper,F4W-01258,GAPW1,102,13690,UNKNOWN,start_not_certified_free,EP-TOL,tolerance,0.03,,3.795,1.172,20.0,1.5,0.195,1.974,12.207,1.5,10.0,1.5,,,,,REACHABLE:graph_path_lifted_and_verified,UNKNOWN:start_not_certified_free,True,0.0,,,,gmc/results/aerial3dg/f4/sample/GAPW1_pairs.json#F4W-01258,,gmc/results/aerial3dg/f4/diag/GAPW1/sweeper/
sweeper,F4W-01261,GAPW1,102,13788,UNKNOWN,start_not_certified_free,EP-TOL,tolerance,0.03,,4.243,1.1882,20.0,1.5,0.195,1.962,8.931,1.5,10.0,1.5,,,,,REACHABLE:graph_path_lifted_and_verified,UNKNOWN:start_not_certified_free,True,0.0,,,,gmc/results/aerial3dg/f4/sample/GAPW1_pairs.json#F4W-01261,,gmc/results/aerial3dg/f4/diag/GAPW1/sweeper/
sweeper,F4W-01297,GAPW1,102,14638,UNKNOWN,start_not_certified_free,EP-TOL,tolerance,0.03,,4.094,1.1074,20.0,1.5,0.195,1.974,2.066,1.5,10.0,1.5,,,,,REACHABLE:graph_path_lifted_and_verified,UNKNOWN:start_not_certified_free,True,0.0,,,,gmc/results/aerial3dg/f4/sample/GAPW1_pairs.json#F4W-01297,,gmc/results/aerial3dg/f4/diag/GAPW1/sweeper/
sweeper,F4W-01327,GAPW1,102,15744,UNKNOWN,start_not_certified_free,EP-TOL,tolerance,0.03,,4.155,1.1962,20.0,1.0,0.195,1.962,2.719,1.5,10.0,1.5,,,,,REACHABLE:graph_path_lifted_and_verified,UNKNOWN:start_not_certified_free,True,0.0,,,,gmc/results/aerial3dg/f4/sample/GAPW1_pairs.json#F4W-01327,,gmc/results/aerial3dg/f4/diag/GAPW1/sweeper/
sweeper,F4W-01328,GAPW1,102,15769,UNKNOWN,goal_not_certified_free,EP-TOL,tolerance,0.03,,3.58,1.2542,100.0,1.5,0.195,16.458,1.974,10.0,1.5,1.5,,,,,REACHABLE:graph_path_lifted_and_verified,UNKNOWN:goal_not_certified_free,True,0.0,,,,gmc/results/aerial3dg/f4/sample/GAPW1_pairs.json#F4W-01328,,gmc/results/aerial3dg/f4/diag/GAPW1/sweeper/
sweeper,F4W-01337,GAPW1,102,16004,UNKNOWN,goal_not_certified_free,EP-TOL,tolerance,0.03,,4.001,1.2411,100.0,1.5,0.195,12.207,1.962,10.0,1.5,1.5,,,,,REACHABLE:graph_path_lifted_and_verified,UNKNOWN:goal_not_certified_free,True,0.0,,,,gmc/results/aerial3dg/f4/sample/GAPW1_pairs.json#F4W-01337,,gmc/results/aerial3dg/f4/diag/GAPW1/sweeper/
sweeper,F4W-01356,GAPW1,102,16485,UNKNOWN,start_not_certified_free,EP-TOL,tolerance,0.02,,3.73,1.3339,100.0,1.0,0.195,1.962,12.207,1.5,10.0,1.5,,,,,REACHABLE:graph_path_lifted_and_verified,UNKNOWN:start_not_certified_free,True,0.0,,,,gmc/results/aerial3dg/f4/sample/GAPW1_pairs.json#F4W-01356,,gmc/results/aerial3dg/f4/diag/GAPW1/sweeper/
sweeper,F4W-01460,GAPW1,102,19292,UNKNOWN,start_not_certified_free,EP-TOL,tolerance,0.03,,3.893,1.2043,50.0,1.5,0.195,1.962,16.213,1.5,10.0,1.5,,,,,REACHABLE:graph_path_lifted_and_verified,UNKNOWN:start_not_certified_free,True,0.0,,,,gmc/results/aerial3dg/f4/sample/GAPW1_pairs.json#F4W-01460,,gmc/results/aerial3dg/f4/diag/GAPW1/sweeper/
sweeper,F4W-01489,GAPW1,102,20212,UNKNOWN,goal_not_certified_free,EP-TOL,tolerance,0.03,,3.48,1.0709,100.0,1.5,0.344,13.973,1.962,10.0,1.5,1.5,,,,,REACHABLE:graph_path_lifted_and_verified,UNKNOWN:goal_not_certified_free,True,0.0,,,,gmc/results/aerial3dg/f4/sample/GAPW1_pairs.json#F4W-01489,,gmc/results/aerial3dg/f4/diag/GAPW1/sweeper/
sweeper,F4X-00024,WWEST,101,553,UNKNOWN,goal_not_certified_free,EP-TOL,tolerance,0.05,,4.661,1.0818,50.0,1.5,0.195,12.207,1.974,10.0,1.5,1.5,,,,,REACHABLE:graph_path_lifted_and_verified,UNKNOWN:goal_not_certified_free,True,0.1,,,,gmc/results/aerial3dg/f4/sample/WWEST_pairs.json#F4X-00024,,gmc/results/aerial3dg/f4/diag/WWEST/sweeper/
sweeper,F4X-00086,WWEST,101,1600,UNKNOWN,goal_not_certified_free,EP-TOL,tolerance,0.04,,3.195,1.0568,20.0,1.5,0.344,13.973,1.974,10.0,1.5,1.5,,,,,REACHABLE:graph_path_lifted_and_verified,UNKNOWN:goal_not_certified_free,True,0.0,,,,gmc/results/aerial3dg/f4/sample/WWEST_pairs.json#F4X-00086,,gmc/results/aerial3dg/f4/diag/WWEST/sweeper/
sweeper,F4X-00150,WWEST,101,2754,UNKNOWN,shared_replay_failed,EXPORT-KIN,export,0.14,CERTIFIED,6.608,1.0941,20.0,1.5,0.195,2.768,6.601,2.0,10.0,,True,all_closed_edges_verified,-20.0,-20.0,,UNKNOWN:shared_replay_failed,True,0.1,,,,gmc/results/aerial3dg/f4/sample/WWEST_pairs.json#F4X-00150,,gmc/results/aerial3dg/f4/diag/WWEST/sweeper/
sweeper,F4X-00202,WWEST,101,3732,UNKNOWN,goal_not_certified_free,EP-TOL,tolerance,0.05,,3.114,1.0402,50.0,1.0,0.871,4.001,1.038,5.0,1.0,1.0,,,,,REACHABLE:graph_path_lifted_and_verified,UNKNOWN:goal_not_certified_free,True,0.0,,,,gmc/results/aerial3dg/f4/sample/WWEST_pairs.json#F4X-00202,,gmc/results/aerial3dg/f4/diag/WWEST/sweeper/
sweeper,F4X-00205,WWEST,101,3784,UNKNOWN,goal_not_certified_free,EP-TOL,tolerance,0.05,,4.337,1.3581,50.0,1.0,0.195,7.621,1.077,10.0,1.0,1.0,,,,,REACHABLE:graph_path_lifted_and_verified,UNKNOWN:goal_not_certified_free,True,0.0,,,,gmc/results/aerial3dg/f4/sample/WWEST_pairs.json#F4X-00205,,gmc/results/aerial3dg/f4/diag/WWEST/sweeper/
sweeper,F4X-00213,WWEST,101,3907,UNKNOWN,start_not_certified_free,EP-TOL,tolerance,0.04,,3.454,1.0743,10.0,1.5,1.962,1.974,2.878,1.5,5.0,1.5,,,,,REACHABLE:graph_path_lifted_and_verified,UNKNOWN:start_not_certified_free,True,0.1,,,,gmc/results/aerial3dg/f4/sample/WWEST_pairs.json#F4X-00213,,gmc/results/aerial3dg/f4/diag/WWEST/sweeper/
sweeper,F4X-00271,WWEST,101,5264,UNKNOWN,start_not_certified_free,EP-TOL,tolerance,0.05,,3.12,1.0,20.0,1.0,0.871,1.255,2.768,1.0,2.0,1.5,,,,,REACHABLE:graph_path_lifted_and_verified,UNKNOWN:start_not_certified_free,True,0.0,,,,gmc/results/aerial3dg/f4/sample/WWEST_pairs.json#F4X-00271,,gmc/results/aerial3dg/f4/diag/WWEST/sweeper/
sweeper,F4X-00300,WWEST,101,5648,UNKNOWN,start_not_certified_free,EP-TOL,tolerance,0.04,,3.098,1.662,100.0,1.5,0.195,1.962,16.458,1.5,10.0,1.5,,,,,REACHABLE:graph_path_lifted_and_verified,UNKNOWN:start_not_certified_free,True,0.0,,,,gmc/results/aerial3dg/f4/sample/WWEST_pairs.json#F4X-00300,,gmc/results/aerial3dg/f4/diag/WWEST/sweeper/
sweeper,F4X-00428,WWEST,101,8143,UNKNOWN,start_not_certified_free,EP-TOL,tolerance,0.05,,4.542,1.1794,20.0,1.5,0.195,1.974,12.207,1.5,10.0,1.5,,,,,REACHABLE:graph_path_lifted_and_verified,UNKNOWN:start_not_certified_free,True,0.0,,,,gmc/results/aerial3dg/f4/sample/WWEST_pairs.json#F4X-00428,,gmc/results/aerial3dg/f4/diag/WWEST/sweeper/
sweeper,F4X-00449,WWEST,101,8566,UNKNOWN,start_not_certified_free,EP-TOL,tolerance,0.04,,4.572,1.1754,20.0,1.0,0.195,1.962,12.207,1.5,10.0,1.5,,,,,REACHABLE:graph_path_lifted_and_verified,UNKNOWN:start_not_certified_free,True,0.0,,,,gmc/results/aerial3dg/f4/sample/WWEST_pairs.json#F4X-00449,,gmc/results/aerial3dg/f4/diag/WWEST/sweeper/
sweeper,F4X-00552,WWEST,102,1005,UNKNOWN,start_not_certified_free,EP-TOL,tolerance,0.04,,3.973,1.2849,50.0,1.0,0.195,1.974,12.207,1.5,10.0,1.5,,,,,REACHABLE:graph_path_lifted_and_verified,UNKNOWN:start_not_certified_free,True,0.0,,,,gmc/results/aerial3dg/f4/sample/WWEST_pairs.json#F4X-00552,,gmc/results/aerial3dg/f4/diag/WWEST/sweeper/
sweeper,F4X-00563,WWEST,102,1212,UNKNOWN,goal_not_certified_free,EP-TOL,tolerance,0.05,,4.053,1.2774,3.0,1.5,0.195,2.5,1.974,10.0,1.5,1.5,,,,,REACHABLE:graph_path_lifted_and_verified,UNKNOWN:goal_not_certified_free,True,0.0,,,,gmc/results/aerial3dg/f4/sample/WWEST_pairs.json#F4X-00563,,gmc/results/aerial3dg/f4/diag/WWEST/sweeper/
sweeper,F4X-00574,WWEST,102,1430,UNKNOWN,start_not_certified_free,EP-TOL,tolerance,0.05,,4.506,1.5463,5.0,1.0,0.195,1.255,1.806,1.0,10.0,1.0,,,,,REACHABLE:graph_path_lifted_and_verified,UNKNOWN:start_not_certified_free,True,0.0,,,,gmc/results/aerial3dg/f4/sample/WWEST_pairs.json#F4X-00574,,gmc/results/aerial3dg/f4/diag/WWEST/sweeper/
sweeper,F4X-00647,WWEST,102,2698,UNKNOWN,goal_not_certified_free,EP-TOL,tolerance,0.05,,3.881,1.3542,3.0,1.0,0.195,7.621,1.021,10.0,1.0,1.0,,,,,REACHABLE:graph_path_lifted_and_verified,UNKNOWN:goal_not_certified_free,True,0.0,,,,gmc/results/aerial3dg/f4/sample/WWEST_pairs.json#F4X-00647,,gmc/results/aerial3dg/f4/diag/WWEST/sweeper/
sweeper,F4X-00684,WWEST,102,3343,UNKNOWN,goal_not_certified_free,EP-TOL,tolerance,0.05,,3.552,1.3486,20.0,1.0,0.195,19.43,1.059,10.0,1.0,1.0,,,,,REACHABLE:graph_path_lifted_and_verified,UNKNOWN:goal_not_certified_free,True,0.0,,,,gmc/results/aerial3dg/f4/sample/WWEST_pairs.json#F4X-00684,,gmc/results/aerial3dg/f4/diag/WWEST/sweeper/
sweeper,F4X-00808,WWEST,102,5108,UNKNOWN,goal_not_certified_free,EP-TOL,tolerance,0.05,,3.09,1.5285,10.0,1.0,0.01,12.207,1.076,10.0,1.0,1.0,,,,,REACHABLE:graph_path_lifted_and_verified,UNKNOWN:goal_not_certified_free,True,0.0,,,,gmc/results/aerial3dg/f4/sample/WWEST_pairs.json#F4X-00808,,gmc/results/aerial3dg/f4/diag/WWEST/sweeper/
sweeper,F4X-00844,WWEST,102,5745,UNKNOWN,shared_replay_failed,EXPORT-KIN,export,4.65,CERTIFIED,5.833,1.3083,10.0,1.0,0.195,3.023,3.354,10.0,5.0,,True,all_closed_edges_verified,-20.0,-20.0,,UNKNOWN:shared_replay_failed,True,4.2,,,,gmc/results/aerial3dg/f4/sample/WWEST_pairs.json#F4X-00844,,gmc/results/aerial3dg/f4/diag/WWEST/sweeper/
sweeper,F4X-00856,WWEST,102,5872,UNKNOWN,goal_not_certified_free,EP-TOL,tolerance,0.05,,3.245,1.0719,100.0,1.5,1.962,3.292,1.962,10.0,1.5,1.5,,,,,REACHABLE:graph_path_lifted_and_verified,UNKNOWN:goal_not_certified_free,True,0.0,,,,gmc/results/aerial3dg/f4/sample/WWEST_pairs.json#F4X-00856,,gmc/results/aerial3dg/f4/diag/WWEST/sweeper/
sweeper,F4X-00930,WWEST,102,6903,UNKNOWN,start_not_certified_free,EP-TOL,tolerance,0.05,,3.518,1.2056,50.0,1.5,0.195,1.974,20.0,1.5,10.0,1.5,,,,,REACHABLE:graph_path_lifted_and_verified,UNKNOWN:start_not_certified_free,True,0.0,,,,gmc/results/aerial3dg/f4/sample/WWEST_pairs.json#F4X-00930,,gmc/results/aerial3dg/f4/diag/WWEST/sweeper/
sweeper,F4X-00942,WWEST,102,7041,UNKNOWN,start_not_certified_free,EP-TOL,tolerance,0.04,,5.011,1.1988,50.0,1.5,0.195,1.974,20.0,1.5,10.0,1.5,,,,,REACHABLE:graph_path_lifted_and_verified,UNKNOWN:start_not_certified_free,True,0.0,,,,gmc/results/aerial3dg/f4/sample/WWEST_pairs.json#F4X-00942,,gmc/results/aerial3dg/f4/diag/WWEST/sweeper/
sweeper,F4X-00949,WWEST,102,7207,UNKNOWN,goal_not_certified_free,EP-TOL,tolerance,0.05,,4.133,1.2479,100.0,1.5,0.195,12.207,1.962,10.0,1.5,1.5,,,,,REACHABLE:graph_path_lifted_and_verified,UNKNOWN:goal_not_certified_free,True,0.0,,,,gmc/results/aerial3dg/f4/sample/WWEST_pairs.json#F4X-00949,,gmc/results/aerial3dg/f4/diag/WWEST/sweeper/
sweeper,F4X-00952,WWEST,102,7244,UNKNOWN,start_not_certified_free,EP-TOL,tolerance,0.05,,3.13,1.728,20.0,1.0,0.195,1.037,12.207,1.0,10.0,1.0,,,,,REACHABLE:graph_path_lifted_and_verified,UNKNOWN:start_not_certified_free,True,0.0,,,,gmc/results/aerial3dg/f4/sample/WWEST_pairs.json#F4X-00952,,gmc/results/aerial3dg/f4/diag/WWEST/sweeper/
sweeper,F4X-01001,WWEST,103,10,UNKNOWN,goal_not_certified_free,EP-TOL,tolerance,0.05,,5.35,1.2684,3.0,1.5,0.195,20.0,1.962,10.0,1.5,1.5,,,,,REACHABLE:graph_path_lifted_and_verified,UNKNOWN:goal_not_certified_free,True,0.0,,,,gmc/results/aerial3dg/f4/sample/WWEST_pairs.json#F4X-01001,,gmc/results/aerial3dg/f4/diag/WWEST/sweeper/
sweeper,F4X-01024,WWEST,103,512,UNKNOWN,start_not_certified_free,EP-TOL,tolerance,0.05,,3.7,1.5227,5.0,1.0,0.195,1.255,1.454,1.0,3.0,1.0,,,,,REACHABLE:graph_path_lifted_and_verified,UNKNOWN:start_not_certified_free,True,0.0,,,,gmc/results/aerial3dg/f4/sample/WWEST_pairs.json#F4X-01024,,gmc/results/aerial3dg/f4/diag/WWEST/sweeper/
sweeper,F4X-01043,WWEST,103,736,UNKNOWN,goal_not_certified_free,EP-TOL,tolerance,0.05,,3.133,1.0712,10.0,1.0,0.544,12.082,1.028,10.0,1.0,1.0,,,,,REACHABLE:graph_path_lifted_and_verified,UNKNOWN:goal_not_certified_free,True,0.0,,,,gmc/results/aerial3dg/f4/sample/WWEST_pairs.json#F4X-01043,,gmc/results/aerial3dg/f4/diag/WWEST/sweeper/
sweeper,F4X-01060,WWEST,103,1095,UNKNOWN,goal_not_certified_free,EP-TOL,tolerance,0.05,,5.044,1.1802,100.0,1.5,0.195,20.0,1.974,10.0,1.5,1.5,,,,,REACHABLE:graph_path_lifted_and_verified,UNKNOWN:goal_not_certified_free,True,0.0,,,,gmc/results/aerial3dg/f4/sample/WWEST_pairs.json#F4X-01060,,gmc/results/aerial3dg/f4/diag/WWEST/sweeper/
sweeper,F4X-01133,WWEST,103,2483,UNKNOWN,start_not_certified_free,EP-TOL,tolerance,0.05,,3.111,1.0794,100.0,1.5,0.344,1.962,3.292,1.5,10.0,1.5,,,,,REACHABLE:graph_path_lifted_and_verified,UNKNOWN:start_not_certified_free,True,0.0,,,,gmc/results/aerial3dg/f4/sample/WWEST_pairs.json#F4X-01133,,gmc/results/aerial3dg/f4/diag/WWEST/sweeper/
sweeper,F4X-01196,WWEST,103,3504,UNKNOWN,start_not_certified_free,EP-TOL,tolerance,0.05,,5.713,1.3026,10.0,1.5,0.195,1.962,20.0,1.5,10.0,1.5,,,,,REACHABLE:graph_path_lifted_and_verified,UNKNOWN:start_not_certified_free,True,0.0,,,,gmc/results/aerial3dg/f4/sample/WWEST_pairs.json#F4X-01196,,gmc/results/aerial3dg/f4/diag/WWEST/sweeper/
sweeper,F4X-01234,WWEST,103,4181,UNKNOWN,goal_not_certified_free,EP-TOL,tolerance,0.04,,3.183,1.3731,100.0,1.5,0.195,20.0,1.962,10.0,1.5,1.5,,,,,REACHABLE:graph_path_lifted_and_verified,UNKNOWN:goal_not_certified_free,True,0.0,,,,gmc/results/aerial3dg/f4/sample/WWEST_pairs.json#F4X-01234,,gmc/results/aerial3dg/f4/diag/WWEST/sweeper/
sweeper,F4X-01478,WWEST,103,8255,UNKNOWN,start_not_certified_free,EP-TOL,tolerance,0.04,,3.054,1.0793,20.0,1.5,0.344,1.962,3.292,1.5,3.0,1.5,,,,,REACHABLE:graph_path_lifted_and_verified,UNKNOWN:start_not_certified_free,True,0.0,,,,gmc/results/aerial3dg/f4/sample/WWEST_pairs.json#F4X-01478,,gmc/results/aerial3dg/f4/diag/WWEST/sweeper/
sweeper,F4X-01525,WWEST,104,433,UNKNOWN,start_not_certified_free,EP-TOL,tolerance,0.04,,4.423,1.499,3.0,1.0,0.195,1.042,20.0,1.0,10.0,1.0,,,,,REACHABLE:graph_path_lifted_and_verified,UNKNOWN:start_not_certified_free,True,0.0,,,,gmc/results/aerial3dg/f4/sample/WWEST_pairs.json#F4X-01525,,gmc/results/aerial3dg/f4/diag/WWEST/sweeper/
sweeper,F4X-01540,WWEST,104,674,UNKNOWN,goal_not_certified_free,EP-TOL,tolerance,0.04,,3.731,1.0705,20.0,1.5,0.195,1.011,1.962,5.0,1.5,1.5,,,,,REACHABLE:graph_path_lifted_and_verified,UNKNOWN:goal_not_certified_free,True,0.0,,,,gmc/results/aerial3dg/f4/sample/WWEST_pairs.json#F4X-01540,,gmc/results/aerial3dg/f4/diag/WWEST/sweeper/
sweeper,F4X-01591,WWEST,104,1643,UNKNOWN,goal_not_certified_free,EP-TOL,tolerance,0.05,,3.304,1.0424,5.0,1.0,0.544,2.768,1.0,2.0,1.0,1.0,,,,,REACHABLE:graph_path_lifted_and_verified,UNKNOWN:goal_not_certified_free,True,0.0,,,,gmc/results/aerial3dg/f4/sample/WWEST_pairs.json#F4X-01591,,gmc/results/aerial3dg/f4/diag/WWEST/sweeper/
sweeper,F4X-01612,WWEST,104,1912,UNKNOWN,start_not_certified_free,EP-TOL,tolerance,0.05,,3.401,1.07,100.0,1.5,0.195,1.962,7.356,1.5,5.0,1.5,,,,,REACHABLE:graph_path_lifted_and_verified,UNKNOWN:start_not_certified_free,True,0.0,,,,gmc/results/aerial3dg/f4/sample/WWEST_pairs.json#F4X-01612,,gmc/results/aerial3dg/f4/diag/WWEST/sweeper/
sweeper,F4X-01661,WWEST,104,2879,UNKNOWN,start_not_certified_free,EP-TOL,tolerance,0.05,,3.194,1.0838,20.0,1.0,0.344,1.036,5.935,1.0,5.0,1.0,,,,,REACHABLE:graph_path_lifted_and_verified,UNKNOWN:start_not_certified_free,True,0.0,,,,gmc/results/aerial3dg/f4/sample/WWEST_pairs.json#F4X-01661,,gmc/results/aerial3dg/f4/diag/WWEST/sweeper/
sweeper,F4X-01685,WWEST,104,3121,UNKNOWN,goal_not_certified_free,EP-TOL,tolerance,0.05,,3.512,1.0365,100.0,1.5,0.344,7.356,1.974,10.0,1.5,1.5,,,,,REACHABLE:graph_path_lifted_and_verified,UNKNOWN:goal_not_certified_free,True,0.0,,,,gmc/results/aerial3dg/f4/sample/WWEST_pairs.json#F4X-01685,,gmc/results/aerial3dg/f4/diag/WWEST/sweeper/
sweeper,F4X-01706,WWEST,104,3511,UNKNOWN,goal_not_certified_free,EP-TOL,tolerance,0.05,,3.454,1.5831,20.0,1.0,0.195,14.359,1.011,10.0,1.0,1.5,,,,,REACHABLE:graph_path_lifted_and_verified,UNKNOWN:goal_not_certified_free,True,0.0,,,,gmc/results/aerial3dg/f4/sample/WWEST_pairs.json#F4X-01706,,gmc/results/aerial3dg/f4/diag/WWEST/sweeper/
sweeper,F4X-01727,WWEST,104,4010,UNKNOWN,start_not_certified_free,EP-TOL,tolerance,0.05,,3.871,1.3461,100.0,1.5,0.195,1.962,12.207,1.5,10.0,1.5,,,,,REACHABLE:graph_path_lifted_and_verified,UNKNOWN:start_not_certified_free,True,0.0,,,,gmc/results/aerial3dg/f4/sample/WWEST_pairs.json#F4X-01727,,gmc/results/aerial3dg/f4/diag/WWEST/sweeper/
sweeper,F4X-01741,WWEST,104,4252,UNKNOWN,goal_not_certified_free,EP-TOL,tolerance,0.05,,4.868,1.0808,50.0,1.5,0.195,17.518,1.974,10.0,1.5,1.5,,,,,REACHABLE:graph_path_lifted_and_verified,UNKNOWN:goal_not_certified_free,True,0.0,,,,gmc/results/aerial3dg/f4/sample/WWEST_pairs.json#F4X-01741,,gmc/results/aerial3dg/f4/diag/WWEST/sweeper/
sweeper,F4X-01790,WWEST,104,4933,UNKNOWN,start_not_certified_free,EP-TOL,tolerance,0.05,,3.042,1.1683,20.0,1.0,0.195,1.077,4.001,1.0,10.0,1.0,,,,,REACHABLE:graph_path_lifted_and_verified,UNKNOWN:start_not_certified_free,True,0.0,,,,gmc/results/aerial3dg/f4/sample/WWEST_pairs.json#F4X-01790,,gmc/results/aerial3dg/f4/diag/WWEST/sweeper/
sweeper,F4X-01791,WWEST,104,4957,UNKNOWN,start_not_certified_free,EP-TOL,tolerance,0.05,,3.356,1.5436,100.0,1.5,0.195,1.962,6.57,1.5,10.0,1.5,,,,,REACHABLE:graph_path_lifted_and_verified,UNKNOWN:start_not_certified_free,True,0.0,,,,gmc/results/aerial3dg/f4/sample/WWEST_pairs.json#F4X-01791,,gmc/results/aerial3dg/f4/diag/WWEST/sweeper/
sweeper,F4X-01832,WWEST,104,5688,UNKNOWN,start_not_certified_free,EP-TOL,tolerance,0.05,,4.597,1.1435,50.0,1.5,0.195,1.974,11.171,1.5,10.0,1.5,,,,,REACHABLE:graph_path_lifted_and_verified,UNKNOWN:start_not_certified_free,True,0.0,,,,gmc/results/aerial3dg/f4/sample/WWEST_pairs.json#F4X-01832,,gmc/results/aerial3dg/f4/diag/WWEST/sweeper/
sweeper,F4X-01833,WWEST,104,5728,UNKNOWN,start_not_certified_free,EP-TOL,tolerance,0.05,,3.517,1.2502,100.0,1.0,0.195,1.974,20.0,1.5,10.0,1.5,,,,,REACHABLE:graph_path_lifted_and_verified,UNKNOWN:start_not_certified_free,True,0.0,,,,gmc/results/aerial3dg/f4/sample/WWEST_pairs.json#F4X-01833,,gmc/results/aerial3dg/f4/diag/WWEST/sweeper/
sweeper,F4X-01858,WWEST,104,6140,UNKNOWN,start_not_certified_free,EP-TOL,tolerance,0.04,,3.488,1.5308,20.0,1.0,0.195,1.045,12.207,1.0,10.0,1.0,,,,,REACHABLE:graph_path_lifted_and_verified,UNKNOWN:start_not_certified_free,True,0.0,,,,gmc/results/aerial3dg/f4/sample/WWEST_pairs.json#F4X-01858,,gmc/results/aerial3dg/f4/diag/WWEST/sweeper/
sweeper,F4X-01884,WWEST,104,6688,UNKNOWN,goal_not_certified_free,EP-TOL,tolerance,0.05,,5.251,1.1912,20.0,1.5,0.195,9.604,1.974,10.0,1.5,1.5,,,,,REACHABLE:graph_path_lifted_and_verified,UNKNOWN:goal_not_certified_free,True,0.0,,,,gmc/results/aerial3dg/f4/sample/WWEST_pairs.json#F4X-01884,,gmc/results/aerial3dg/f4/diag/WWEST/sweeper/
sweeper,F4X-01929,WWEST,104,7445,UNKNOWN,start_not_certified_free,EP-TOL,tolerance,0.05,,4.028,1.3441,100.0,1.5,0.195,1.962,12.207,1.5,10.0,1.5,,,,,REACHABLE:graph_path_lifted_and_verified,UNKNOWN:start_not_certified_free,True,0.0,,,,gmc/results/aerial3dg/f4/sample/WWEST_pairs.json#F4X-01929,,gmc/results/aerial3dg/f4/diag/WWEST/sweeper/
sweeper,F4X-01947,WWEST,104,7791,UNKNOWN,start_not_certified_free,EP-TOL,tolerance,0.04,,4.703,1.1695,50.0,1.5,0.195,1.962,17.518,1.5,10.0,1.5,,,,,REACHABLE:graph_path_lifted_and_verified,UNKNOWN:start_not_certified_free,True,0.0,,,,gmc/results/aerial3dg/f4/sample/WWEST_pairs.json#F4X-01947,,gmc/results/aerial3dg/f4/diag/WWEST/sweeper/
sweeper,F4X-01997,WWEST,104,8669,UNKNOWN,goal_not_certified_free,EP-TOL,tolerance,0.05,,5.469,1.3926,5.0,1.5,0.195,1.806,1.962,5.0,1.5,1.5,,,,,REACHABLE:graph_path_lifted_and_verified,UNKNOWN:goal_not_certified_free,True,0.0,,,,gmc/results/aerial3dg/f4/sample/WWEST_pairs.json#F4X-01997,,gmc/results/aerial3dg/f4/diag/WWEST/sweeper/
sweeper,F4X-02037,WWEST,105,593,UNKNOWN,start_not_certified_free,EP-TOL,tolerance,0.05,,3.034,1.0757,20.0,1.5,1.962,1.974,12.839,1.5,10.0,1.5,,,,,REACHABLE:graph_path_lifted_and_verified,UNKNOWN:start_not_certified_free,True,0.0,,,,gmc/results/aerial3dg/f4/sample/WWEST_pairs.json#F4X-02037,,gmc/results/aerial3dg/f4/diag/WWEST/sweeper/
sweeper,F4X-02049,WWEST,105,823,UNKNOWN,goal_not_certified_free,EP-TOL,tolerance,0.05,,4.578,1.1809,20.0,1.0,0.195,12.207,1.962,10.0,1.5,1.5,,,,,REACHABLE:graph_path_lifted_and_verified,UNKNOWN:goal_not_certified_free,True,0.0,,,,gmc/results/aerial3dg/f4/sample/WWEST_pairs.json#F4X-02049,,gmc/results/aerial3dg/f4/diag/WWEST/sweeper/
sweeper,F4X-02116,WWEST,105,1990,UNKNOWN,start_not_certified_free,EP-TOL,tolerance,0.05,,4.441,1.4097,50.0,1.0,0.195,1.077,6.601,1.0,10.0,1.0,,,,,REACHABLE:graph_path_lifted_and_verified,UNKNOWN:start_not_certified_free,True,0.0,,,,gmc/results/aerial3dg/f4/sample/WWEST_pairs.json#F4X-02116,,gmc/results/aerial3dg/f4/diag/WWEST/sweeper/
sweeper,F4X-02135,WWEST,105,2493,UNKNOWN,start_not_certified_free,EP-TOL,tolerance,0.04,,3.153,1.0409,50.0,1.0,0.871,1.077,4.001,1.0,5.0,1.5,,,,,REACHABLE:graph_path_lifted_and_verified,UNKNOWN:start_not_certified_free,True,0.0,,,,gmc/results/aerial3dg/f4/sample/WWEST_pairs.json#F4X-02135,,gmc/results/aerial3dg/f4/diag/WWEST/sweeper/
sweeper,F4X-02189,WWEST,105,3289,UNKNOWN,start_not_certified_free,EP-TOL,tolerance,0.05,,4.043,1.4984,20.0,1.0,0.195,1.034,5.916,1.0,10.0,1.0,,,,,REACHABLE:graph_path_lifted_and_verified,UNKNOWN:start_not_certified_free,True,0.0,,,,gmc/results/aerial3dg/f4/sample/WWEST_pairs.json#F4X-02189,,gmc/results/aerial3dg/f4/diag/WWEST/sweeper/
sweeper,F4X-02204,WWEST,105,3485,UNKNOWN,goal_not_certified_free,EP-TOL,tolerance,0.05,,3.501,1.5465,20.0,1.0,0.195,11.171,1.151,10.0,1.0,1.0,,,,,REACHABLE:graph_path_lifted_and_verified,UNKNOWN:goal_not_certified_free,True,0.0,,,,gmc/results/aerial3dg/f4/sample/WWEST_pairs.json#F4X-02204,,gmc/results/aerial3dg/f4/diag/WWEST/sweeper/
sweeper,F4X-02233,WWEST,105,3854,UNKNOWN,goal_not_certified_free,EP-TOL,tolerance,0.05,,4.236,1.2134,100.0,1.5,0.195,12.207,1.974,10.0,1.5,1.5,,,,,REACHABLE:graph_path_lifted_and_verified,UNKNOWN:goal_not_certified_free,True,0.0,,,,gmc/results/aerial3dg/f4/sample/WWEST_pairs.json#F4X-02233,,gmc/results/aerial3dg/f4/diag/WWEST/sweeper/
sweeper,F4X-02245,WWEST,105,4008,UNKNOWN,goal_not_certified_free,EP-GENUINE,genuine,0.05,,5.532,1.3999,20.0,1.5,0.195,1.806,1.962,5.0,1.5,2.1,,,,,REACHABLE:graph_path_lifted_and_verified,UNKNOWN:goal_not_certified_free,True,0.0,,,,gmc/results/aerial3dg/f4/sample/WWEST_pairs.json#F4X-02245,,gmc/results/aerial3dg/f4/diag/WWEST/sweeper/
sweeper,F4X-02294,WWEST,105,4937,UNKNOWN,start_not_certified_free,EP-TOL,tolerance,0.04,,4.414,1.1993,50.0,1.5,0.195,1.962,12.207,1.5,10.0,1.5,,,,,REACHABLE:graph_path_lifted_and_verified,UNKNOWN:start_not_certified_free,True,0.0,,,,gmc/results/aerial3dg/f4/sample/WWEST_pairs.json#F4X-02294,,gmc/results/aerial3dg/f4/diag/WWEST/sweeper/
sweeper,F4X-02442,WWEST,105,7814,UNKNOWN,goal_not_certified_free,EP-TOL,tolerance,0.05,,4.247,1.181,100.0,1.5,0.195,12.207,1.974,10.0,1.5,1.5,,,,,REACHABLE:graph_path_lifted_and_verified,UNKNOWN:goal_not_certified_free,True,0.0,,,,gmc/results/aerial3dg/f4/sample/WWEST_pairs.json#F4X-02442,,gmc/results/aerial3dg/f4/diag/WWEST/sweeper/
sweeper,F4X-02462,WWEST,105,8273,UNKNOWN,start_not_certified_free,EP-TOL,tolerance,0.04,,4.405,1.1591,50.0,1.5,0.195,1.974,12.207,1.5,10.0,1.5,,,,,REACHABLE:graph_path_lifted_and_verified,UNKNOWN:start_not_certified_free,True,0.0,,,,gmc/results/aerial3dg/f4/sample/WWEST_pairs.json#F4X-02462,,gmc/results/aerial3dg/f4/diag/WWEST/sweeper/
sweeper,F4X-02483,WWEST,105,8558,UNKNOWN,start_not_certified_free,EP-TOL,tolerance,0.04,,3.189,1.1683,50.0,1.5,0.195,1.974,20.0,1.5,10.0,1.5,,,,,REACHABLE:graph_path_lifted_and_verified,UNKNOWN:start_not_certified_free,True,0.0,,,,gmc/results/aerial3dg/f4/sample/WWEST_pairs.json#F4X-02483,,gmc/results/aerial3dg/f4/diag/WWEST/sweeper/
