case_id,source,region,robot,pair_id,f4_class,mechanism,group,under_buffer0,cause,code,gmc_orig,a_astar_replay,a_replayed_from,a_clearance3d_mm,b_reproduced,b_requery,b_requery_wall_s,compile_id,c_start_mm,c_goal_mm,c_route_lateral_mm,c_locus_mm,c_locus_def,c_by_tolerance,probe_verdict_only,probe_verdict_only_wall_s,probe_budget60,probe_budget60_wall_s,probe_guard,probe_buffer0,replay_floors,endpoint_end,figure,post_shortcut_accepts,post_shortcut_s,post_tighten_accepts,post_tighten_s,post_merge_corners_accepts,post_merge_corners_s,post_stage_at_end,vo_path_cells,vo_vertices,probe_verdict_only_floors
GAPW1-F4W-01351,F4,GAPW1,cylinder,F4W-01351,EP-GENUINE,EP-SLACK,genuine,,"start is 2.25 mm clear of floor splat 5337920 (2σ top 18.04 mm); GMC's refined gap 0.962 mm ≤ buffer 1 mm + slack -> no endpoint cell; clearance > margin + buffer, so the envelope gap is the conservative part",aerial3d/cells.py:121-126 (grow_cell) -> aerial3d/api.py:330-333; gap from envelopes.refine_gap,UNKNOWN:start_not_certified_free,PASS,stored_route_uv_0.1mm,1.255,True,UNKNOWN:start_not_certified_free,0.05,abfa278e193c88d4,2.246,19.99,56.812,2.246,"start endpoint oracle clearance (row robot, 0.01 mm bisection)",False,,,,,,REACHABLE:graph_path_lifted_and_verified,,start,,,,,,,,,,,
WWEST-F4X-02245,F4,WWEST,sweeper,F4X-02245,EP-GENUINE,EP-SLACK,genuine,,"goal is 2.31 mm clear of floor splat 5337920 (2σ top 18.04 mm); GMC's refined gap 0.962 mm ≤ buffer 1 mm + slack -> no endpoint cell; clearance > margin + buffer, so the envelope gap is the conservative part",aerial3d/cells.py:121-126 (grow_cell) -> aerial3d/api.py:330-333; gap from envelopes.refine_gap,UNKNOWN:goal_not_certified_free,PASS,stored_route_uv_0.1mm,1.102,True,UNKNOWN:goal_not_certified_free,0.03,29e3d020cb81ffa1,19.99,2.314,100.0,2.314,"goal endpoint oracle clearance (row robot, 0.01 mm bisection)",False,,,,,,REACHABLE:graph_path_lifted_and_verified,,goal,,,,,,,,,,,
WWEST-F4X-00001,F4,WWEST,cylinder,F4X-00001,METHOD-TIMEOUT,POST-TIMEOUT,genuine,,"120 s alarm inside shortcut (post-processing: shortcut 103 accepts 113 s, tighten 578 accepts 7 s); verdict-only UNKNOWN in 0.8 s; 60 s post budget -> REACHABLE","aerial3d/api.py:374-392 (shortcut / tighten / merge_corners -> query.py:225-326, each accept() = verify_segment) under G2's 120 s alarm (aerial3dg_batch._alarm)",TIMEOUT:query_exceeded_120s,PASS,stored_route_uv_0.1mm,1.077,True,TIMEOUT:query_exceeded_120s,120.0,549453247f5cf37a,14.912,19.99,5.92,5.92,"A* route lateral clearance (row robot, chassis +3 mm, margin 0)",False,UNKNOWN,0.7562919158954173,REACHABLE,60.71599497995339,,,,,,103,112.79,578,6.58,,,shortcut,20,21,True
WWEST-F4X-00005,F4,WWEST,cylinder,F4X-00005,METHOD-TIMEOUT,POST-TIMEOUT,genuine,,"120 s alarm inside shortcut (post-processing: shortcut 50 accepts 113 s, tighten 386 accepts 6 s); verdict-only UNKNOWN in 0.9 s; 60 s post budget -> REACHABLE","aerial3d/api.py:374-392 (shortcut / tighten / merge_corners -> query.py:225-326, each accept() = verify_segment) under G2's 120 s alarm (aerial3dg_batch._alarm)",TIMEOUT:query_exceeded_120s,PASS,stored_route_uv_0.1mm,1.011,True,TIMEOUT:query_exceeded_120s,120.0,549453247f5cf37a,17.402,19.99,9.155,9.155,"A* route lateral clearance (row robot, chassis +3 mm, margin 0)",False,UNKNOWN,0.9193273088894784,REACHABLE,61.25040096696466,,,,,,50,113.2,386,6.5,,,shortcut,14,15,True
WWEST-F4X-00007,F4,WWEST,cylinder,F4X-00007,METHOD-TIMEOUT,POST-TIMEOUT,genuine,,120 s alarm inside shortcut (post-processing: shortcut 39 accepts 119 s); verdict-only REACHABLE in 1.4 s; 60 s post budget -> REACHABLE,"aerial3d/api.py:374-392 (shortcut / tighten / merge_corners -> query.py:225-326, each accept() = verify_segment) under G2's 120 s alarm (aerial3dg_batch._alarm)",TIMEOUT:query_exceeded_120s,PASS,stored_route_uv_0.1mm,1.0,True,TIMEOUT:query_exceeded_120s,120.0,549453247f5cf37a,12.598,19.99,2.899,2.899,"A* route lateral clearance (row robot, chassis +3 mm, margin 0)",False,REACHABLE,1.362662160070613,REACHABLE,65.184579689987,,,,,,39,118.84,,,,,shortcut,20,21,
WWEST-F4X-00030,F4,WWEST,cylinder,F4X-00030,METHOD-TIMEOUT,POST-TIMEOUT,genuine,,120 s alarm inside shortcut (post-processing: shortcut 32 accepts 120 s); verdict-only UNKNOWN in 0.4 s; 60 s post budget -> UNKNOWN,"aerial3d/api.py:374-392 (shortcut / tighten / merge_corners -> query.py:225-326, each accept() = verify_segment) under G2's 120 s alarm (aerial3dg_batch._alarm)",TIMEOUT:query_exceeded_120s,PASS,stored_route_uv_0.1mm,1.816,True,TIMEOUT:query_exceeded_120s,120.0,549453247f5cf37a,19.99,3.213,0.848,0.848,"A* route lateral clearance (row robot, chassis +3 mm, margin 0)",True,UNKNOWN,0.3755272179841995,UNKNOWN,68.68432850693353,,,,,,32,119.75,,,,,shortcut,13,14,False
WWEST-F4X-00040,F4,WWEST,cylinder,F4X-00040,METHOD-TIMEOUT,POST-TIMEOUT,genuine,,"120 s alarm inside shortcut (post-processing: shortcut 125 accepts 116 s, tighten 365 accepts 3 s); verdict-only REACHABLE in 1.3 s; 60 s post budget -> REACHABLE","aerial3d/api.py:374-392 (shortcut / tighten / merge_corners -> query.py:225-326, each accept() = verify_segment) under G2's 120 s alarm (aerial3dg_batch._alarm)",TIMEOUT:query_exceeded_120s,PASS,stored_route_uv_0.1mm,1.216,True,TIMEOUT:query_exceeded_120s,120.0,549453247f5cf37a,19.99,6.104,19.855,19.855,"A* route lateral clearance (row robot, chassis +3 mm, margin 0)",False,REACHABLE,1.2830316859763116,REACHABLE,66.98293285514228,,,,,,125,116.33,365,3.45,,,shortcut,14,15,
WWEST-F4X-00066,F4,WWEST,cylinder,F4X-00066,METHOD-TIMEOUT,POST-TIMEOUT,genuine,,"120 s alarm inside shortcut (post-processing: shortcut 110 accepts 114 s, tighten 522 accepts 6 s); verdict-only REACHABLE in 0.8 s; 60 s post budget -> REACHABLE","aerial3d/api.py:374-392 (shortcut / tighten / merge_corners -> query.py:225-326, each accept() = verify_segment) under G2's 120 s alarm (aerial3dg_batch._alarm)",TIMEOUT:query_exceeded_120s,PASS,stored_route_uv_0.1mm,1.014,True,TIMEOUT:query_exceeded_120s,120.0,549453247f5cf37a,15.82,15.908,18.866,18.866,"A* route lateral clearance (row robot, chassis +3 mm, margin 0)",False,REACHABLE,0.75572714000009,REACHABLE,62.75559239787981,,,,,,110,113.85,522,5.58,,,shortcut,19,20,
WWEST-F4X-00098,F4,WWEST,cylinder,F4X-00098,METHOD-TIMEOUT,POST-TIMEOUT,genuine,,"120 s alarm inside shortcut (post-processing: shortcut 146 accepts 115 s, tighten 465 accepts 4 s); verdict-only REACHABLE in 1.2 s; 60 s post budget -> REACHABLE","aerial3d/api.py:374-392 (shortcut / tighten / merge_corners -> query.py:225-326, each accept() = verify_segment) under G2's 120 s alarm (aerial3dg_batch._alarm)",TIMEOUT:query_exceeded_120s,PASS,stored_route_uv_0.1mm,1.016,True,TIMEOUT:query_exceeded_120s,120.0,549453247f5cf37a,4.326,2.764,10.699,10.699,"A* route lateral clearance (row robot, chassis +3 mm, margin 0)",False,REACHABLE,1.1918211199808866,REACHABLE,61.56746963900514,,,,,,146,115.4,465,4.44,,,shortcut,15,16,
WWEST-F4X-00123,F4,WWEST,cylinder,F4X-00123,METHOD-TIMEOUT,POST-TIMEOUT,genuine,,"120 s alarm inside shortcut (post-processing: shortcut 71 accepts 107 s, tighten 790 accepts 12 s); verdict-only UNKNOWN in 1.0 s; 60 s post budget -> REACHABLE","aerial3d/api.py:374-392 (shortcut / tighten / merge_corners -> query.py:225-326, each accept() = verify_segment) under G2's 120 s alarm (aerial3dg_batch._alarm)",TIMEOUT:query_exceeded_120s,PASS,stored_route_uv_0.1mm,1.019,True,TIMEOUT:query_exceeded_120s,120.0,549453247f5cf37a,19.834,5.664,8.142,8.142,"A* route lateral clearance (row robot, chassis +3 mm, margin 0)",False,UNKNOWN,1.033457016106695,REACHABLE,61.89029763289727,,,,,,71,107.16,790,11.87,,,shortcut,19,20,True
WWEST-F4X-00138,F4,WWEST,cylinder,F4X-00138,METHOD-TIMEOUT,POST-TIMEOUT,genuine,,"120 s alarm inside shortcut (post-processing: shortcut 69 accepts 108 s, tighten 593 accepts 12 s); verdict-only REACHABLE in 1.1 s; 60 s post budget -> REACHABLE","aerial3d/api.py:374-392 (shortcut / tighten / merge_corners -> query.py:225-326, each accept() = verify_segment) under G2's 120 s alarm (aerial3dg_batch._alarm)",TIMEOUT:query_exceeded_120s,PASS,stored_route_uv_0.1mm,1.002,True,TIMEOUT:query_exceeded_120s,120.0,549453247f5cf37a,14.941,6.592,2.344,2.344,"A* route lateral clearance (row robot, chassis +3 mm, margin 0)",False,REACHABLE,1.10205800505355,REACHABLE,63.06602638796903,,,,,,69,107.97,593,11.58,,,shortcut,16,17,
WWEST-F4X-00147,F4,WWEST,cylinder,F4X-00147,METHOD-TIMEOUT,POST-TIMEOUT,genuine,,"120 s alarm inside shortcut (post-processing: shortcut 98 accepts 117 s, tighten 279 accepts 3 s); verdict-only REACHABLE in 0.8 s; 60 s post budget -> REACHABLE","aerial3d/api.py:374-392 (shortcut / tighten / merge_corners -> query.py:225-326, each accept() = verify_segment) under G2's 120 s alarm (aerial3dg_batch._alarm)",TIMEOUT:query_exceeded_120s,PASS,stored_route_uv_0.1mm,1.049,True,TIMEOUT:query_exceeded_120s,120.0,549453247f5cf37a,3.73,19.424,29.84,29.84,"A* route lateral clearance (row robot, chassis +3 mm, margin 0)",False,REACHABLE,0.8245324119925499,REACHABLE,63.76140373200178,,,,,,98,116.81,279,2.52,,,shortcut,17,18,
WWEST-F4X-00150,F4,WWEST,cylinder,F4X-00150,METHOD-TIMEOUT,POST-TIMEOUT,genuine,,"120 s alarm inside shortcut (post-processing: shortcut 71 accepts 112 s, tighten 588 accepts 7 s); verdict-only UNKNOWN in 1.2 s; 60 s post budget -> REACHABLE","aerial3d/api.py:374-392 (shortcut / tighten / merge_corners -> query.py:225-326, each accept() = verify_segment) under G2's 120 s alarm (aerial3dg_batch._alarm)",TIMEOUT:query_exceeded_120s,PASS,stored_route_uv_0.1mm,1.581,True,TIMEOUT:query_exceeded_120s,120.0,549453247f5cf37a,2.764,19.99,29.065,29.065,"A* route lateral clearance (row robot, chassis +3 mm, margin 0)",False,UNKNOWN,1.1940632450859994,REACHABLE,61.45893200393766,,,,,,71,112.42,588,7.33,,,shortcut,15,16,True
WWEST-F4X-00175,F4,WWEST,cylinder,F4X-00175,METHOD-TIMEOUT,POST-TIMEOUT,genuine,,"120 s alarm inside merge_corners (post-processing: shortcut 116 accepts 101 s, tighten 388 accepts 12 s, merge_corners 2 accepts 6 s); verdict-only UNKNOWN in 2.8 s; 60 s post budget -> REACHABLE","aerial3d/api.py:374-392 (shortcut / tighten / merge_corners -> query.py:225-326, each accept() = verify_segment) under G2's 120 s alarm (aerial3dg_batch._alarm)",TIMEOUT:query_exceeded_120s,PASS,stored_route_uv_0.1mm,1.654,True,TIMEOUT:query_exceeded_120s,120.0,549453247f5cf37a,2.764,19.99,39.618,39.618,"A* route lateral clearance (row robot, chassis +3 mm, margin 0)",False,UNKNOWN,2.7728393259458244,REACHABLE,67.7381508029066,,,,,,116,101.1,388,11.8,2,6.11,merge_corners,21,22,True
WWEST-F4X-00194,F4,WWEST,cylinder,F4X-00194,METHOD-TIMEOUT,POST-TIMEOUT,genuine,,"120 s alarm inside shortcut (post-processing: shortcut 206 accepts 113 s, tighten 549 accepts 7 s); verdict-only REACHABLE in 1.5 s; 60 s post budget -> REACHABLE","aerial3d/api.py:374-392 (shortcut / tighten / merge_corners -> query.py:225-326, each accept() = verify_segment) under G2's 120 s alarm (aerial3dg_batch._alarm)",TIMEOUT:query_exceeded_120s,PASS,stored_route_uv_0.1mm,1.001,True,TIMEOUT:query_exceeded_120s,120.0,549453247f5cf37a,19.99,2.764,41.455,41.455,"A* route lateral clearance (row robot, chassis +3 mm, margin 0)",False,REACHABLE,1.5293299912009388,REACHABLE,63.011210090946406,,,,,,206,112.72,549,6.94,,,shortcut,16,17,
WWEST-F4X-00196,F4,WWEST,cylinder,F4X-00196,METHOD-TIMEOUT,POST-TIMEOUT,genuine,,120 s alarm inside shortcut (post-processing: shortcut 56 accepts 118 s); verdict-only REACHABLE in 2.2 s; 60 s post budget -> REACHABLE,"aerial3d/api.py:374-392 (shortcut / tighten / merge_corners -> query.py:225-326, each accept() = verify_segment) under G2's 120 s alarm (aerial3dg_batch._alarm)",TIMEOUT:query_exceeded_120s,PASS,stored_route_uv_0.1mm,1.0,True,TIMEOUT:query_exceeded_120s,120.0,549453247f5cf37a,14.355,11.377,9.772,9.772,"A* route lateral clearance (row robot, chassis +3 mm, margin 0)",False,REACHABLE,2.249133134027943,REACHABLE,63.95362827600911,,,,,,56,117.93,,,,,shortcut,25,26,
WWEST-F4X-00221,F4,WWEST,cylinder,F4X-00221,METHOD-TIMEOUT,POST-TIMEOUT,genuine,,120 s alarm inside shortcut (post-processing: shortcut 63 accepts 120 s); verdict-only UNKNOWN in 0.6 s; 60 s post budget -> REACHABLE,"aerial3d/api.py:374-392 (shortcut / tighten / merge_corners -> query.py:225-326, each accept() = verify_segment) under G2's 120 s alarm (aerial3dg_batch._alarm)",TIMEOUT:query_exceeded_120s,PASS,stored_route_uv_0.1mm,1.255,True,TIMEOUT:query_exceeded_120s,120.0,549453247f5cf37a,6.592,8.438,2.173,2.173,"A* route lateral clearance (row robot, chassis +3 mm, margin 0)",False,UNKNOWN,0.5933154169470072,REACHABLE,63.09075034013949,,,,,,63,119.52,,,,,shortcut,18,19,True
WWEST-F4X-00222,F4,WWEST,cylinder,F4X-00222,METHOD-TIMEOUT,POST-TIMEOUT,genuine,,"120 s alarm inside shortcut (post-processing: shortcut 54 accepts 93 s, tighten 476 accepts 27 s); verdict-only UNKNOWN in 2.7 s; 60 s post budget -> REACHABLE","aerial3d/api.py:374-392 (shortcut / tighten / merge_corners -> query.py:225-326, each accept() = verify_segment) under G2's 120 s alarm (aerial3dg_batch._alarm)",TIMEOUT:query_exceeded_120s,PASS,stored_route_uv_0.1mm,1.021,True,TIMEOUT:query_exceeded_120s,120.0,549453247f5cf37a,19.99,3.154,15.649,15.649,"A* route lateral clearance (row robot, chassis +3 mm, margin 0)",False,UNKNOWN,2.670682562980801,REACHABLE,63.48790260683745,,,,,,54,92.56,476,27.0,,,shortcut,15,16,True
WWEST-F4X-00244,F4,WWEST,cylinder,F4X-00244,METHOD-TIMEOUT,POST-TIMEOUT,genuine,,"120 s alarm inside shortcut (post-processing: shortcut 66 accepts 100 s, tighten 662 accepts 19 s); verdict-only UNKNOWN in 2.3 s; 60 s post budget -> REACHABLE","aerial3d/api.py:374-392 (shortcut / tighten / merge_corners -> query.py:225-326, each accept() = verify_segment) under G2's 120 s alarm (aerial3dg_batch._alarm)",TIMEOUT:query_exceeded_120s,PASS,stored_route_uv_0.1mm,1.001,True,TIMEOUT:query_exceeded_120s,120.0,549453247f5cf37a,3.154,8.35,42.731,42.731,"A* route lateral clearance (row robot, chassis +3 mm, margin 0)",False,UNKNOWN,2.33998517296277,REACHABLE,62.38763880589977,,,,,,66,100.33,662,19.18,,,shortcut,16,17,True
WWEST-F4X-00289,F4,WWEST,cylinder,F4X-00289,METHOD-TIMEOUT,POST-TIMEOUT,genuine,,120 s alarm inside shortcut (post-processing: shortcut 48 accepts 118 s); verdict-only REACHABLE in 2.1 s; 60 s post budget -> REACHABLE,"aerial3d/api.py:374-392 (shortcut / tighten / merge_corners -> query.py:225-326, each accept() = verify_segment) under G2's 120 s alarm (aerial3dg_batch._alarm)",TIMEOUT:query_exceeded_120s,PASS,stored_route_uv_0.1mm,1.074,True,TIMEOUT:query_exceeded_120s,120.0,549453247f5cf37a,19.99,3.73,29.376,29.376,"A* route lateral clearance (row robot, chassis +3 mm, margin 0)",False,REACHABLE,2.1126533069182187,REACHABLE,63.04176926589571,,,,,,48,118.14,,,,,shortcut,25,26,
WWEST-F4X-00301,F4,WWEST,cylinder,F4X-00301,METHOD-TIMEOUT,POST-TIMEOUT,genuine,,"120 s alarm inside shortcut (post-processing: shortcut 92 accepts 114 s, tighten 438 accepts 6 s); verdict-only REACHABLE in 0.8 s; 60 s post budget -> REACHABLE","aerial3d/api.py:374-392 (shortcut / tighten / merge_corners -> query.py:225-326, each accept() = verify_segment) under G2's 120 s alarm (aerial3dg_batch._alarm)",TIMEOUT:query_exceeded_120s,PASS,stored_route_uv_0.1mm,1.012,True,TIMEOUT:query_exceeded_120s,120.0,549453247f5cf37a,7.422,19.99,23.364,23.364,"A* route lateral clearance (row robot, chassis +3 mm, margin 0)",False,REACHABLE,0.7874663749244064,REACHABLE,62.073362320894375,,,,,,92,113.83,438,5.54,,,shortcut,17,17,
WWEST-F4X-00303,F4,WWEST,cylinder,F4X-00303,METHOD-TIMEOUT,POST-TIMEOUT,genuine,,"120 s alarm inside shortcut (post-processing: shortcut 126 accepts 113 s, tighten 472 accepts 6 s); verdict-only UNKNOWN in 1.3 s; 60 s post budget -> UNKNOWN","aerial3d/api.py:374-392 (shortcut / tighten / merge_corners -> query.py:225-326, each accept() = verify_segment) under G2's 120 s alarm (aerial3dg_batch._alarm)",TIMEOUT:query_exceeded_120s,PASS,stored_route_uv_0.1mm,1.763,True,TIMEOUT:query_exceeded_120s,120.0,549453247f5cf37a,19.99,8.711,14.758,14.758,"A* route lateral clearance (row robot, chassis +3 mm, margin 0)",False,UNKNOWN,1.27140070986934,UNKNOWN,68.08614891208708,,,,,,126,112.82,472,6.06,,,shortcut,20,21,
WWEST-F4X-00313,F4,WWEST,cylinder,F4X-00313,METHOD-TIMEOUT,POST-TIMEOUT,genuine,,"120 s alarm inside shortcut (post-processing: shortcut 52 accepts 114 s, tighten 466 accepts 5 s); verdict-only UNKNOWN in 1.0 s; 60 s post budget -> REACHABLE","aerial3d/api.py:374-392 (shortcut / tighten / merge_corners -> query.py:225-326, each accept() = verify_segment) under G2's 120 s alarm (aerial3dg_batch._alarm)",TIMEOUT:query_exceeded_120s,PASS,stored_route_uv_0.1mm,1.019,True,TIMEOUT:query_exceeded_120s,120.0,549453247f5cf37a,19.99,3.73,80.145,80.145,"A* route lateral clearance (row robot, chassis +3 mm, margin 0)",False,UNKNOWN,1.0392768699675798,REACHABLE,64.25971481297165,,,,,,52,114.06,466,5.05,,,shortcut,17,17,True
WWEST-F4X-00328,F4,WWEST,cylinder,F4X-00328,METHOD-TIMEOUT,POST-TIMEOUT,genuine,,120 s alarm inside shortcut (post-processing: shortcut 57 accepts 120 s); verdict-only UNKNOWN in 0.6 s; 60 s post budget -> REACHABLE,"aerial3d/api.py:374-392 (shortcut / tighten / merge_corners -> query.py:225-326, each accept() = verify_segment) under G2's 120 s alarm (aerial3dg_batch._alarm)",TIMEOUT:query_exceeded_120s,PASS,stored_route_uv_0.1mm,1.127,True,TIMEOUT:query_exceeded_120s,120.0,549453247f5cf37a,19.99,7.432,3.973,3.973,"A* route lateral clearance (row robot, chassis +3 mm, margin 0)",False,UNKNOWN,0.5693950050044805,REACHABLE,88.8371540599037,,,,,,57,119.63,,,,,shortcut,17,18,True
WWEST-F4X-00336,F4,WWEST,cylinder,F4X-00336,METHOD-TIMEOUT,POST-TIMEOUT,genuine,,"120 s alarm inside shortcut (post-processing: shortcut 59 accepts 113 s, tighten 596 accepts 6 s); verdict-only UNKNOWN in 2.1 s; 60 s post budget -> REACHABLE","aerial3d/api.py:374-392 (shortcut / tighten / merge_corners -> query.py:225-326, each accept() = verify_segment) under G2's 120 s alarm (aerial3dg_batch._alarm)",TIMEOUT:query_exceeded_120s,PASS,stored_route_uv_0.1mm,1.013,True,TIMEOUT:query_exceeded_120s,120.0,549453247f5cf37a,2.764,6.992,12.012,12.012,"A* route lateral clearance (row robot, chassis +3 mm, margin 0)",False,UNKNOWN,2.132833548123017,REACHABLE,62.23637928813696,,,,,,59,113.03,596,6.08,,,shortcut,14,15,True
WWEST-F4X-00354,F4,WWEST,cylinder,F4X-00354,METHOD-TIMEOUT,POST-TIMEOUT,genuine,,120 s alarm inside shortcut (post-processing: shortcut 71 accepts 120 s); verdict-only UNKNOWN in 0.6 s; 60 s post budget -> REACHABLE,"aerial3d/api.py:374-392 (shortcut / tighten / merge_corners -> query.py:225-326, each accept() = verify_segment) under G2's 120 s alarm (aerial3dg_batch._alarm)",TIMEOUT:query_exceeded_120s,PASS,stored_route_uv_0.1mm,1.006,True,TIMEOUT:query_exceeded_120s,120.0,549453247f5cf37a,19.99,11.377,13.855,13.855,"A* route lateral clearance (row robot, chassis +3 mm, margin 0)",False,UNKNOWN,0.5880115050822496,REACHABLE,65.54120172606781,,,,,,71,119.64,,,,,shortcut,19,20,True
WWEST-F4X-00359,F4,WWEST,cylinder,F4X-00359,METHOD-TIMEOUT,POST-TIMEOUT,genuine,,"120 s alarm inside shortcut (post-processing: shortcut 69 accepts 114 s, tighten 509 accepts 5 s); verdict-only REACHABLE in 1.1 s; 60 s post budget -> REACHABLE","aerial3d/api.py:374-392 (shortcut / tighten / merge_corners -> query.py:225-326, each accept() = verify_segment) under G2's 120 s alarm (aerial3dg_batch._alarm)",TIMEOUT:query_exceeded_120s,PASS,stored_route_uv_0.1mm,1.034,True,TIMEOUT:query_exceeded_120s,120.0,549453247f5cf37a,19.99,3.73,50.873,50.873,"A* route lateral clearance (row robot, chassis +3 mm, margin 0)",False,REACHABLE,1.1159152169711888,REACHABLE,62.315086578950286,,,,,,69,113.97,509,5.08,,,shortcut,17,18,
WWEST-F4X-00367,F4,WWEST,cylinder,F4X-00367,METHOD-TIMEOUT,POST-TIMEOUT,genuine,,120 s alarm inside shortcut (post-processing: shortcut 50 accepts 120 s); verdict-only UNKNOWN in 0.6 s; 60 s post budget -> REACHABLE,"aerial3d/api.py:374-392 (shortcut / tighten / merge_corners -> query.py:225-326, each accept() = verify_segment) under G2's 120 s alarm (aerial3dg_batch._alarm)",TIMEOUT:query_exceeded_120s,PASS,stored_route_uv_0.1mm,1.216,True,TIMEOUT:query_exceeded_120s,120.0,549453247f5cf37a,6.592,12.021,12.732,12.732,"A* route lateral clearance (row robot, chassis +3 mm, margin 0)",False,UNKNOWN,0.6468520339112729,REACHABLE,96.19340604590252,,,,,,50,119.58,,,,,shortcut,19,20,True
WWEST-F4X-00372,F4,WWEST,cylinder,F4X-00372,METHOD-TIMEOUT,POST-TIMEOUT,genuine,,"120 s alarm inside shortcut (post-processing: shortcut 152 accepts 111 s, tighten 652 accepts 8 s); verdict-only UNKNOWN in 0.9 s; 60 s post budget -> REACHABLE","aerial3d/api.py:374-392 (shortcut / tighten / merge_corners -> query.py:225-326, each accept() = verify_segment) under G2's 120 s alarm (aerial3dg_batch._alarm)",TIMEOUT:query_exceeded_120s,PASS,stored_route_uv_0.1mm,1.003,True,TIMEOUT:query_exceeded_120s,120.0,549453247f5cf37a,6.592,8.438,10.15,10.15,"A* route lateral clearance (row robot, chassis +3 mm, margin 0)",False,UNKNOWN,0.8786298208869994,REACHABLE,64.36545351985842,,,,,,152,110.73,652,8.48,,,shortcut,19,20,True
WWEST-F4X-00394,F4,WWEST,cylinder,F4X-00394,METHOD-TIMEOUT,POST-TIMEOUT,genuine,,120 s alarm inside shortcut (post-processing: shortcut 15 accepts 120 s); verdict-only UNKNOWN in 0.6 s; 60 s post budget -> REACHABLE,"aerial3d/api.py:374-392 (shortcut / tighten / merge_corners -> query.py:225-326, each accept() = verify_segment) under G2's 120 s alarm (aerial3dg_batch._alarm)",TIMEOUT:query_exceeded_120s,PASS,stored_route_uv_0.1mm,1.01,True,TIMEOUT:query_exceeded_120s,120.0,549453247f5cf37a,15.117,19.99,31.396,31.396,"A* route lateral clearance (row robot, chassis +3 mm, margin 0)",False,UNKNOWN,0.6001439560204744,REACHABLE,71.53098500799388,,,,,,15,119.58,,,,,shortcut,15,16,True
WWEST-F4X-00397,F4,WWEST,cylinder,F4X-00397,METHOD-TIMEOUT,POST-TIMEOUT,genuine,,"120 s alarm inside shortcut (post-processing: shortcut 61 accepts 111 s, tighten 586 accepts 9 s); verdict-only UNKNOWN in 1.4 s; 60 s post budget -> REACHABLE","aerial3d/api.py:374-392 (shortcut / tighten / merge_corners -> query.py:225-326, each accept() = verify_segment) under G2's 120 s alarm (aerial3dg_batch._alarm)",TIMEOUT:query_exceeded_120s,PASS,stored_route_uv_0.1mm,1.002,True,TIMEOUT:query_exceeded_120s,120.0,549453247f5cf37a,3.174,14.912,3.18,3.18,"A* route lateral clearance (row robot, chassis +3 mm, margin 0)",False,UNKNOWN,1.3777236118912697,REACHABLE,67.25829297490418,,,,,,61,110.59,586,8.51,,,shortcut,14,15,True
WWEST-F4X-00417,F4,WWEST,cylinder,F4X-00417,METHOD-TIMEOUT,POST-TIMEOUT,genuine,,"120 s alarm inside shortcut (post-processing: shortcut 37 accepts 116 s, tighten 389 accepts 4 s); verdict-only UNKNOWN in 1.2 s; 60 s post budget -> REACHABLE","aerial3d/api.py:374-392 (shortcut / tighten / merge_corners -> query.py:225-326, each accept() = verify_segment) under G2's 120 s alarm (aerial3dg_batch._alarm)",TIMEOUT:query_exceeded_120s,PASS,stored_route_uv_0.1mm,1.002,True,TIMEOUT:query_exceeded_120s,120.0,549453247f5cf37a,2.764,19.99,10.62,10.62,"A* route lateral clearance (row robot, chassis +3 mm, margin 0)",False,UNKNOWN,1.224737917073071,REACHABLE,67.63752902997658,,,,,,37,116.17,389,3.62,,,shortcut,10,11,True
WWEST-F4X-00445,F4,WWEST,cylinder,F4X-00445,METHOD-TIMEOUT,POST-TIMEOUT,genuine,,"120 s alarm inside shortcut (post-processing: shortcut 104 accepts 113 s, tighten 460 accepts 6 s); verdict-only REACHABLE in 1.3 s; 60 s post budget -> REACHABLE","aerial3d/api.py:374-392 (shortcut / tighten / merge_corners -> query.py:225-326, each accept() = verify_segment) under G2's 120 s alarm (aerial3dg_batch._alarm)",TIMEOUT:query_exceeded_120s,PASS,stored_route_uv_0.1mm,1.0,True,TIMEOUT:query_exceeded_120s,120.0,549453247f5cf37a,3.73,19.99,39.941,39.941,"A* route lateral clearance (row robot, chassis +3 mm, margin 0)",False,REACHABLE,1.3353299179580063,REACHABLE,61.62751674698666,,,,,,104,113.03,460,6.03,,,shortcut,18,19,
WWEST-F4X-00459,F4,WWEST,cylinder,F4X-00459,METHOD-TIMEOUT,POST-TIMEOUT,genuine,,"120 s alarm inside shortcut (post-processing: shortcut 36 accepts 88 s, tighten 434 accepts 32 s); verdict-only UNKNOWN in 1.4 s; 60 s post budget -> UNKNOWN","aerial3d/api.py:374-392 (shortcut / tighten / merge_corners -> query.py:225-326, each accept() = verify_segment) under G2's 120 s alarm (aerial3dg_batch._alarm)",TIMEOUT:query_exceeded_120s,PASS,stored_route_uv_0.1mm,1.004,True,TIMEOUT:query_exceeded_120s,120.0,549453247f5cf37a,19.99,19.99,5.353,5.353,"A* route lateral clearance (row robot, chassis +3 mm, margin 0)",False,UNKNOWN,1.4351464870851487,UNKNOWN,71.29284007800743,,,,,,36,87.78,434,31.95,,,shortcut,9,10,False
WWEST-F4X-00467,F4,WWEST,cylinder,F4X-00467,METHOD-TIMEOUT,POST-TIMEOUT,genuine,,"120 s alarm inside shortcut (post-processing: shortcut 74 accepts 85 s, tighten 594 accepts 35 s); verdict-only REACHABLE in 1.1 s; 60 s post budget -> REACHABLE","aerial3d/api.py:374-392 (shortcut / tighten / merge_corners -> query.py:225-326, each accept() = verify_segment) under G2's 120 s alarm (aerial3dg_batch._alarm)",TIMEOUT:query_exceeded_120s,PASS,stored_route_uv_0.1mm,1.01,True,TIMEOUT:query_exceeded_120s,120.0,549453247f5cf37a,6.592,15.342,22.937,22.937,"A* route lateral clearance (row robot, chassis +3 mm, margin 0)",False,REACHABLE,1.13488437095657,REACHABLE,64.91637268592604,,,,,,74,84.89,594,34.73,,,shortcut,15,16,
WWEST-F4X-00474,F4,WWEST,cylinder,F4X-00474,METHOD-TIMEOUT,POST-TIMEOUT,genuine,,"120 s alarm inside shortcut (post-processing: shortcut 46 accepts 109 s, tighten 415 accepts 10 s); verdict-only UNKNOWN in 1.3 s; 60 s post budget -> REACHABLE","aerial3d/api.py:374-392 (shortcut / tighten / merge_corners -> query.py:225-326, each accept() = verify_segment) under G2's 120 s alarm (aerial3dg_batch._alarm)",TIMEOUT:query_exceeded_120s,PASS,stored_route_uv_0.1mm,1.077,True,TIMEOUT:query_exceeded_120s,120.0,549453247f5cf37a,19.99,19.99,3.888,3.888,"A* route lateral clearance (row robot, chassis +3 mm, margin 0)",False,UNKNOWN,1.3391933909151703,REACHABLE,66.86221090191975,,,,,,46,108.58,415,10.3,,,shortcut,22,23,True
WWEST-F4X-00511,F4,WWEST,cylinder,F4X-00511,METHOD-TIMEOUT,POST-TIMEOUT,genuine,,"120 s alarm inside shortcut (post-processing: shortcut 59 accepts 113 s, tighten 565 accepts 5 s); verdict-only REACHABLE in 2.0 s; 60 s post budget -> REACHABLE","aerial3d/api.py:374-392 (shortcut / tighten / merge_corners -> query.py:225-326, each accept() = verify_segment) under G2's 120 s alarm (aerial3dg_batch._alarm)",TIMEOUT:query_exceeded_120s,PASS,stored_route_uv_0.1mm,1.004,True,TIMEOUT:query_exceeded_120s,120.0,549453247f5cf37a,14.355,12.598,26.135,26.135,"A* route lateral clearance (row robot, chassis +3 mm, margin 0)",False,REACHABLE,2.0409779159817845,REACHABLE,62.112560452893376,,,,,,59,112.85,565,5.34,,,shortcut,23,24,
WWEST-F4X-00513,F4,WWEST,cylinder,F4X-00513,METHOD-TIMEOUT,POST-TIMEOUT,genuine,,"120 s alarm inside shortcut (post-processing: shortcut 70 accepts 107 s, tighten 239 accepts 13 s); verdict-only UNKNOWN in 3.8 s; 60 s post budget -> REACHABLE","aerial3d/api.py:374-392 (shortcut / tighten / merge_corners -> query.py:225-326, each accept() = verify_segment) under G2's 120 s alarm (aerial3dg_batch._alarm)",TIMEOUT:query_exceeded_120s,PASS,stored_route_uv_0.1mm,1.004,True,TIMEOUT:query_exceeded_120s,120.0,549453247f5cf37a,17.686,2.764,8.673,8.673,"A* route lateral clearance (row robot, chassis +3 mm, margin 0)",False,UNKNOWN,3.826856839004904,REACHABLE,64.25303102913313,,,,,,70,106.78,239,13.13,,,shortcut,11,11,True
WWEST-F4X-00524,F4,WWEST,cylinder,F4X-00524,METHOD-TIMEOUT,POST-TIMEOUT,genuine,,120 s alarm inside shortcut (post-processing: shortcut 26 accepts 118 s); verdict-only REACHABLE in 2.1 s; 60 s post budget -> REACHABLE,"aerial3d/api.py:374-392 (shortcut / tighten / merge_corners -> query.py:225-326, each accept() = verify_segment) under G2's 120 s alarm (aerial3dg_batch._alarm)",TIMEOUT:query_exceeded_120s,PASS,stored_route_uv_0.1mm,1.073,True,TIMEOUT:query_exceeded_120s,120.0,549453247f5cf37a,19.99,8.613,28.821,28.821,"A* route lateral clearance (row robot, chassis +3 mm, margin 0)",False,REACHABLE,2.057782798074186,REACHABLE,63.16606346797198,,,,,,26,118.27,,,,,shortcut,24,25,
WWEST-F4X-00525,F4,WWEST,cylinder,F4X-00525,METHOD-TIMEOUT,POST-TIMEOUT,genuine,,120 s alarm inside shortcut (post-processing: shortcut 30 accepts 118 s); verdict-only UNKNOWN in 2.7 s; 60 s post budget -> REACHABLE,"aerial3d/api.py:374-392 (shortcut / tighten / merge_corners -> query.py:225-326, each accept() = verify_segment) under G2's 120 s alarm (aerial3dg_batch._alarm)",TIMEOUT:query_exceeded_120s,PASS,stored_route_uv_0.1mm,1.077,True,TIMEOUT:query_exceeded_120s,120.0,549453247f5cf37a,3.984,7.061,4.041,4.041,"A* route lateral clearance (row robot, chassis +3 mm, margin 0)",False,UNKNOWN,2.7239532549865544,REACHABLE,70.4742307770066,,,,,,30,117.56,,,,,shortcut,29,29,True
WWEST-F4X-00530,F4,WWEST,cylinder,F4X-00530,METHOD-TIMEOUT,POST-TIMEOUT,genuine,,120 s alarm inside shortcut (post-processing: shortcut 72 accepts 119 s); verdict-only UNKNOWN in 0.8 s; 60 s post budget -> REACHABLE,"aerial3d/api.py:374-392 (shortcut / tighten / merge_corners -> query.py:225-326, each accept() = verify_segment) under G2's 120 s alarm (aerial3dg_batch._alarm)",TIMEOUT:query_exceeded_120s,PASS,stored_route_uv_0.1mm,1.032,True,TIMEOUT:query_exceeded_120s,120.0,549453247f5cf37a,7.422,19.99,19.745,19.745,"A* route lateral clearance (row robot, chassis +3 mm, margin 0)",False,UNKNOWN,0.8233694219961762,REACHABLE,63.60420268215239,,,,,,72,119.44,,,,,shortcut,19,20,True
WWEST-F4X-00534,F4,WWEST,cylinder,F4X-00534,METHOD-TIMEOUT,POST-TIMEOUT,genuine,,"120 s alarm inside shortcut (post-processing: shortcut 170 accepts 113 s, tighten 477 accepts 6 s); verdict-only REACHABLE in 1.2 s; 60 s post budget -> REACHABLE","aerial3d/api.py:374-392 (shortcut / tighten / merge_corners -> query.py:225-326, each accept() = verify_segment) under G2's 120 s alarm (aerial3dg_batch._alarm)",TIMEOUT:query_exceeded_120s,PASS,stored_route_uv_0.1mm,1.255,True,TIMEOUT:query_exceeded_120s,120.0,549453247f5cf37a,19.99,8.652,19.513,19.513,"A* route lateral clearance (row robot, chassis +3 mm, margin 0)",False,REACHABLE,1.2371973909903318,REACHABLE,62.42120238998905,,,,,,170,112.65,477,6.35,,,shortcut,20,21,
WWEST-F4X-00535,F4,WWEST,cylinder,F4X-00535,METHOD-TIMEOUT,POST-TIMEOUT,genuine,,"120 s alarm inside shortcut (post-processing: shortcut 67 accepts 116 s, tighten 270 accepts 3 s); verdict-only REACHABLE in 1.4 s; 60 s post budget -> REACHABLE","aerial3d/api.py:374-392 (shortcut / tighten / merge_corners -> query.py:225-326, each accept() = verify_segment) under G2's 120 s alarm (aerial3dg_batch._alarm)",TIMEOUT:query_exceeded_120s,PASS,stored_route_uv_0.1mm,1.01,True,TIMEOUT:query_exceeded_120s,120.0,549453247f5cf37a,7.705,12.598,36.926,36.926,"A* route lateral clearance (row robot, chassis +3 mm, margin 0)",False,REACHABLE,1.352026334963739,REACHABLE,63.36374908988364,,,,,,67,116.03,270,2.82,,,shortcut,19,20,
WWEST-F4X-00537,F4,WWEST,cylinder,F4X-00537,METHOD-TIMEOUT,POST-TIMEOUT,genuine,,"120 s alarm inside shortcut (post-processing: shortcut 67 accepts 114 s, tighten 468 accepts 6 s); verdict-only REACHABLE in 1.0 s; 60 s post budget -> REACHABLE","aerial3d/api.py:374-392 (shortcut / tighten / merge_corners -> query.py:225-326, each accept() = verify_segment) under G2's 120 s alarm (aerial3dg_batch._alarm)",TIMEOUT:query_exceeded_120s,PASS,stored_route_uv_0.1mm,1.077,True,TIMEOUT:query_exceeded_120s,120.0,549453247f5cf37a,19.99,3.73,87.909,87.909,"A* route lateral clearance (row robot, chassis +3 mm, margin 0)",False,REACHABLE,1.0164547599852085,REACHABLE,64.86103482800536,,,,,,67,113.59,468,5.59,,,shortcut,16,17,
WWEST-F4X-00543,F4,WWEST,cylinder,F4X-00543,METHOD-TIMEOUT,POST-TIMEOUT,genuine,,120 s alarm inside shortcut (post-processing: shortcut 26 accepts 119 s); verdict-only REACHABLE in 1.8 s; 60 s post budget -> REACHABLE,"aerial3d/api.py:374-392 (shortcut / tighten / merge_corners -> query.py:225-326, each accept() = verify_segment) under G2's 120 s alarm (aerial3dg_batch._alarm)",TIMEOUT:query_exceeded_120s,PASS,stored_route_uv_0.1mm,1.005,True,TIMEOUT:query_exceeded_120s,120.0,549453247f5cf37a,3.73,19.99,16.302,16.302,"A* route lateral clearance (row robot, chassis +3 mm, margin 0)",False,REACHABLE,1.8481906210072339,REACHABLE,67.4181921989657,,,,,,26,118.71,,,,,shortcut,20,21,
WWEST-F4X-00565,F4,WWEST,cylinder,F4X-00565,METHOD-TIMEOUT,POST-TIMEOUT,genuine,,120 s alarm inside shortcut (post-processing: shortcut 72 accepts 119 s); verdict-only REACHABLE in 1.5 s; 60 s post budget -> REACHABLE,"aerial3d/api.py:374-392 (shortcut / tighten / merge_corners -> query.py:225-326, each accept() = verify_segment) under G2's 120 s alarm (aerial3dg_batch._alarm)",TIMEOUT:query_exceeded_120s,PASS,stored_route_uv_0.1mm,1.003,True,TIMEOUT:query_exceeded_120s,120.0,549453247f5cf37a,19.99,7.422,24.377,24.377,"A* route lateral clearance (row robot, chassis +3 mm, margin 0)",False,REACHABLE,1.4993553929962218,REACHABLE,66.76304084411822,,,,,,72,118.94,,,,,shortcut,19,19,
WWEST-F4X-00573,F4,WWEST,cylinder,F4X-00573,METHOD-TIMEOUT,POST-TIMEOUT,genuine,,"120 s alarm inside shortcut (post-processing: shortcut 71 accepts 86 s, tighten 397 accepts 33 s); verdict-only REACHABLE in 2.1 s; 60 s post budget -> REACHABLE","aerial3d/api.py:374-392 (shortcut / tighten / merge_corners -> query.py:225-326, each accept() = verify_segment) under G2's 120 s alarm (aerial3dg_batch._alarm)",TIMEOUT:query_exceeded_120s,PASS,stored_route_uv_0.1mm,1.004,True,TIMEOUT:query_exceeded_120s,120.0,549453247f5cf37a,2.08,15.986,18.158,18.158,"A* route lateral clearance (row robot, chassis +3 mm, margin 0)",False,REACHABLE,2.1319864890538156,REACHABLE,63.75153038301505,,,,,,71,86.16,397,33.07,,,shortcut,11,12,
WWEST-F4X-00579,F4,WWEST,cylinder,F4X-00579,METHOD-TIMEOUT,POST-TIMEOUT,genuine,,120 s alarm inside shortcut (post-processing: shortcut 37 accepts 119 s); verdict-only REACHABLE in 1.4 s; 60 s post budget -> REACHABLE,"aerial3d/api.py:374-392 (shortcut / tighten / merge_corners -> query.py:225-326, each accept() = verify_segment) under G2's 120 s alarm (aerial3dg_batch._alarm)",TIMEOUT:query_exceeded_120s,PASS,stored_route_uv_0.1mm,1.043,True,TIMEOUT:query_exceeded_120s,120.0,549453247f5cf37a,14.824,14.355,55.859,55.859,"A* route lateral clearance (row robot, chassis +3 mm, margin 0)",False,REACHABLE,1.350575879914686,REACHABLE,62.90836553880945,,,,,,37,118.9,,,,,shortcut,20,21,
WWEST-F4X-00609,F4,WWEST,cylinder,F4X-00609,METHOD-TIMEOUT,POST-TIMEOUT,genuine,,"120 s alarm inside shortcut (post-processing: shortcut 53 accepts 101 s, tighten 547 accepts 18 s); verdict-only UNKNOWN in 2.0 s; 60 s post budget -> REACHABLE","aerial3d/api.py:374-392 (shortcut / tighten / merge_corners -> query.py:225-326, each accept() = verify_segment) under G2's 120 s alarm (aerial3dg_batch._alarm)",TIMEOUT:query_exceeded_120s,PASS,stored_route_uv_0.1mm,1.007,True,TIMEOUT:query_exceeded_120s,120.0,549453247f5cf37a,12.178,19.99,1.74,1.74,"A* route lateral clearance (row robot, chassis +3 mm, margin 0)",True,UNKNOWN,1.9723183210007846,REACHABLE,62.60840888507664,,,,,,53,101.23,547,18.29,,,shortcut,15,15,True
WWEST-F4X-00636,F4,WWEST,cylinder,F4X-00636,METHOD-TIMEOUT,POST-TIMEOUT,genuine,,120 s alarm inside shortcut (post-processing: shortcut 43 accepts 119 s); verdict-only REACHABLE in 1.5 s; 60 s post budget -> REACHABLE,"aerial3d/api.py:374-392 (shortcut / tighten / merge_corners -> query.py:225-326, each accept() = verify_segment) under G2's 120 s alarm (aerial3dg_batch._alarm)",TIMEOUT:query_exceeded_120s,PASS,stored_route_uv_0.1mm,1.015,True,TIMEOUT:query_exceeded_120s,120.0,549453247f5cf37a,7.324,18.887,6.238,6.238,"A* route lateral clearance (row robot, chassis +3 mm, margin 0)",False,REACHABLE,1.5121084919665009,REACHABLE,63.90401438600384,,,,,,43,118.7,,,,,shortcut,22,23,
WWEST-F4X-00638,F4,WWEST,cylinder,F4X-00638,METHOD-TIMEOUT,POST-TIMEOUT,genuine,,120 s alarm inside shortcut (post-processing: shortcut 68 accepts 119 s); verdict-only REACHABLE in 1.2 s; 60 s post budget -> REACHABLE,"aerial3d/api.py:374-392 (shortcut / tighten / merge_corners -> query.py:225-326, each accept() = verify_segment) under G2's 120 s alarm (aerial3dg_batch._alarm)",TIMEOUT:query_exceeded_120s,PASS,stored_route_uv_0.1mm,1.005,True,TIMEOUT:query_exceeded_120s,120.0,549453247f5cf37a,12.598,19.99,18.353,18.353,"A* route lateral clearance (row robot, chassis +3 mm, margin 0)",False,REACHABLE,1.1952328810002655,REACHABLE,61.7804153310135,,,,,,68,119.06,,,,,shortcut,20,21,
WWEST-F4X-00648,F4,WWEST,cylinder,F4X-00648,METHOD-TIMEOUT,POST-TIMEOUT,genuine,,120 s alarm inside shortcut (post-processing: shortcut 29 accepts 120 s); verdict-only UNKNOWN in 0.5 s; 60 s post budget -> REACHABLE,"aerial3d/api.py:374-392 (shortcut / tighten / merge_corners -> query.py:225-326, each accept() = verify_segment) under G2's 120 s alarm (aerial3dg_batch._alarm)",TIMEOUT:query_exceeded_120s,PASS,stored_route_uv_0.1mm,1.962,True,TIMEOUT:query_exceeded_120s,120.0,549453247f5cf37a,19.99,7.432,86.133,86.133,"A* route lateral clearance (row robot, chassis +3 mm, margin 0)",False,UNKNOWN,0.5294657920021564,REACHABLE,75.2581134471111,,,,,,29,119.63,,,,,shortcut,16,16,True
WWEST-F4X-00657,F4,WWEST,cylinder,F4X-00657,METHOD-TIMEOUT,POST-TIMEOUT,genuine,,"120 s alarm inside shortcut (post-processing: shortcut 109 accepts 114 s, tighten 395 accepts 5 s); verdict-only REACHABLE in 0.6 s; 60 s post budget -> REACHABLE","aerial3d/api.py:374-392 (shortcut / tighten / merge_corners -> query.py:225-326, each accept() = verify_segment) under G2's 120 s alarm (aerial3dg_batch._alarm)",TIMEOUT:query_exceeded_120s,PASS,stored_route_uv_0.1mm,1.004,True,TIMEOUT:query_exceeded_120s,120.0,549453247f5cf37a,5.293,18.311,9.674,9.674,"A* route lateral clearance (row robot, chassis +3 mm, margin 0)",False,REACHABLE,0.5555541648063809,REACHABLE,61.650642526103184,,,,,,109,114.14,395,5.31,,,shortcut,17,18,
WWEST-F4X-00664,F4,WWEST,cylinder,F4X-00664,METHOD-TIMEOUT,POST-TIMEOUT,genuine,,120 s alarm inside shortcut (post-processing: shortcut 49 accepts 119 s); verdict-only REACHABLE in 1.5 s; 60 s post budget -> REACHABLE,"aerial3d/api.py:374-392 (shortcut / tighten / merge_corners -> query.py:225-326, each accept() = verify_segment) under G2's 120 s alarm (aerial3dg_batch._alarm)",TIMEOUT:query_exceeded_120s,PASS,stored_route_uv_0.1mm,1.025,True,TIMEOUT:query_exceeded_120s,120.0,549453247f5cf37a,3.984,19.99,3.278,3.278,"A* route lateral clearance (row robot, chassis +3 mm, margin 0)",False,REACHABLE,1.4989424580708146,REACHABLE,63.181150760967284,,,,,,49,118.76,,,,,shortcut,23,24,
WWEST-F4X-00676,F4,WWEST,cylinder,F4X-00676,METHOD-TIMEOUT,POST-TIMEOUT,genuine,,"120 s alarm inside shortcut (post-processing: shortcut 40 accepts 116 s, tighten 266 accepts 4 s); verdict-only REACHABLE in 2.6 s; 60 s post budget -> REACHABLE","aerial3d/api.py:374-392 (shortcut / tighten / merge_corners -> query.py:225-326, each accept() = verify_segment) under G2's 120 s alarm (aerial3dg_batch._alarm)",TIMEOUT:query_exceeded_120s,PASS,stored_route_uv_0.1mm,1.01,True,TIMEOUT:query_exceeded_120s,120.0,549453247f5cf37a,11.641,2.764,14.539,14.539,"A* route lateral clearance (row robot, chassis +3 mm, margin 0)",False,REACHABLE,2.6091108119580895,REACHABLE,63.93134467699565,,,,,,40,115.89,266,4.01,,,shortcut,13,14,
WWEST-F4X-00677,F4,WWEST,cylinder,F4X-00677,METHOD-TIMEOUT,POST-TIMEOUT,genuine,,"120 s alarm inside shortcut (post-processing: shortcut 103 accepts 114 s, tighten 435 accepts 4 s); verdict-only REACHABLE in 1.5 s; 60 s post budget -> REACHABLE","aerial3d/api.py:374-392 (shortcut / tighten / merge_corners -> query.py:225-326, each accept() = verify_segment) under G2's 120 s alarm (aerial3dg_batch._alarm)",TIMEOUT:query_exceeded_120s,PASS,stored_route_uv_0.1mm,1.438,True,TIMEOUT:query_exceeded_120s,120.0,549453247f5cf37a,8.096,18.34,19.11,19.11,"A* route lateral clearance (row robot, chassis +3 mm, margin 0)",False,REACHABLE,1.546259380877018,REACHABLE,64.929599521216,,,,,,103,114.19,435,4.37,,,shortcut,23,24,
WWEST-F4X-00689,F4,WWEST,cylinder,F4X-00689,METHOD-TIMEOUT,POST-TIMEOUT,genuine,,"120 s alarm inside shortcut (post-processing: shortcut 68 accepts 103 s, tighten 361 accepts 17 s); verdict-only REACHABLE in 2.5 s; 60 s post budget -> REACHABLE","aerial3d/api.py:374-392 (shortcut / tighten / merge_corners -> query.py:225-326, each accept() = verify_segment) under G2's 120 s alarm (aerial3dg_batch._alarm)",TIMEOUT:query_exceeded_120s,PASS,stored_route_uv_0.1mm,1.0,True,TIMEOUT:query_exceeded_120s,120.0,549453247f5cf37a,19.99,3.154,6.97,6.97,"A* route lateral clearance (row robot, chassis +3 mm, margin 0)",False,REACHABLE,2.547119311057031,REACHABLE,62.83139297901653,,,,,,68,102.6,361,17.14,,,shortcut,13,14,
WWEST-F4X-00703,F4,WWEST,cylinder,F4X-00703,METHOD-TIMEOUT,POST-TIMEOUT,genuine,,"120 s alarm inside tighten (post-processing: shortcut 75 accepts 88 s, tighten 161 accepts 31 s); verdict-only UNKNOWN in 5.2 s; 60 s post budget -> REACHABLE","aerial3d/api.py:374-392 (shortcut / tighten / merge_corners -> query.py:225-326, each accept() = verify_segment) under G2's 120 s alarm (aerial3dg_batch._alarm)",TIMEOUT:query_exceeded_120s,PASS,stored_route_uv_0.1mm,1.024,True,TIMEOUT:query_exceeded_120s,120.0,549453247f5cf37a,14.902,3.154,1.147,1.147,"A* route lateral clearance (row robot, chassis +3 mm, margin 0)",True,UNKNOWN,5.243617411004379,REACHABLE,68.3057264010422,,,,,,75,88.47,161,31.0,,,tighten,21,22,True
WWEST-F4X-00704,F4,WWEST,cylinder,F4X-00704,METHOD-TIMEOUT,POST-TIMEOUT,genuine,,"120 s alarm inside shortcut (post-processing: shortcut 131 accepts 113 s, tighten 407 accepts 6 s); verdict-only REACHABLE in 1.1 s; 60 s post budget -> REACHABLE","aerial3d/api.py:374-392 (shortcut / tighten / merge_corners -> query.py:225-326, each accept() = verify_segment) under G2's 120 s alarm (aerial3dg_batch._alarm)",TIMEOUT:query_exceeded_120s,PASS,stored_route_uv_0.1mm,1.046,True,TIMEOUT:query_exceeded_120s,120.0,549453247f5cf37a,3.984,19.424,45.197,45.197,"A* route lateral clearance (row robot, chassis +3 mm, margin 0)",False,REACHABLE,1.1191325918771327,REACHABLE,67.22107427287847,,,,,,131,113.27,407,5.82,,,shortcut,19,19,
WWEST-F4X-00728,F4,WWEST,cylinder,F4X-00728,METHOD-TIMEOUT,POST-TIMEOUT,genuine,,"120 s alarm inside shortcut (post-processing: shortcut 53 accepts 119 s, tighten 87 accepts 1 s); verdict-only UNKNOWN in 2.9 s; 60 s post budget -> UNKNOWN","aerial3d/api.py:374-392 (shortcut / tighten / merge_corners -> query.py:225-326, each accept() = verify_segment) under G2's 120 s alarm (aerial3dg_batch._alarm)",TIMEOUT:query_exceeded_120s,PASS,stored_route_uv_0.1mm,1.011,True,TIMEOUT:query_exceeded_120s,120.0,549453247f5cf37a,2.764,19.99,8.679,8.679,"A* route lateral clearance (row robot, chassis +3 mm, margin 0)",False,UNKNOWN,2.9282276721205562,UNKNOWN,65.60083149396814,,,,,,53,118.83,87,0.96,,,shortcut,16,15,False
WWEST-F4X-00763,F4,WWEST,cylinder,F4X-00763,METHOD-TIMEOUT,POST-TIMEOUT,genuine,,"120 s alarm inside shortcut (post-processing: shortcut 119 accepts 110 s, tighten 788 accepts 10 s); verdict-only REACHABLE in 0.8 s; 60 s post budget -> REACHABLE","aerial3d/api.py:374-392 (shortcut / tighten / merge_corners -> query.py:225-326, each accept() = verify_segment) under G2's 120 s alarm (aerial3dg_batch._alarm)",TIMEOUT:query_exceeded_120s,PASS,stored_route_uv_0.1mm,1.087,True,TIMEOUT:query_exceeded_120s,120.0,549453247f5cf37a,6.592,5.977,6.732,6.732,"A* route lateral clearance (row robot, chassis +3 mm, margin 0)",False,REACHABLE,0.76009581098333,REACHABLE,62.09318226785399,,,,,,119,109.75,788,9.51,,,shortcut,18,19,
WWEST-F4X-00778,F4,WWEST,cylinder,F4X-00778,METHOD-TIMEOUT,POST-TIMEOUT,genuine,,120 s alarm inside shortcut (post-processing: shortcut 57 accepts 118 s); verdict-only REACHABLE in 1.9 s; 60 s post budget -> REACHABLE,"aerial3d/api.py:374-392 (shortcut / tighten / merge_corners -> query.py:225-326, each accept() = verify_segment) under G2's 120 s alarm (aerial3dg_batch._alarm)",TIMEOUT:query_exceeded_120s,PASS,stored_route_uv_0.1mm,1.077,True,TIMEOUT:query_exceeded_120s,120.0,549453247f5cf37a,19.99,14.355,8.105,8.105,"A* route lateral clearance (row robot, chassis +3 mm, margin 0)",False,REACHABLE,1.9324400799814612,REACHABLE,66.32571008708328,,,,,,57,118.37,,,,,shortcut,27,28,
WWEST-F4X-00793,F4,WWEST,cylinder,F4X-00793,METHOD-TIMEOUT,POST-TIMEOUT,genuine,,"120 s alarm inside shortcut (post-processing: shortcut 114 accepts 114 s, tighten 537 accepts 5 s); verdict-only REACHABLE in 1.4 s; 60 s post budget -> REACHABLE","aerial3d/api.py:374-392 (shortcut / tighten / merge_corners -> query.py:225-326, each accept() = verify_segment) under G2's 120 s alarm (aerial3dg_batch._alarm)",TIMEOUT:query_exceeded_120s,PASS,stored_route_uv_0.1mm,1.671,True,TIMEOUT:query_exceeded_120s,120.0,549453247f5cf37a,10.176,19.99,8.777,8.777,"A* route lateral clearance (row robot, chassis +3 mm, margin 0)",False,REACHABLE,1.4214008119888604,REACHABLE,63.361966020893306,,,,,,114,113.87,537,4.89,,,shortcut,22,23,
WWEST-F4X-00798,F4,WWEST,cylinder,F4X-00798,METHOD-TIMEOUT,POST-TIMEOUT,genuine,,"120 s alarm inside shortcut (post-processing: shortcut 60 accepts 115 s, tighten 411 accepts 4 s); verdict-only UNKNOWN in 0.4 s; 60 s post budget -> REACHABLE","aerial3d/api.py:374-392 (shortcut / tighten / merge_corners -> query.py:225-326, each accept() = verify_segment) under G2's 120 s alarm (aerial3dg_batch._alarm)",TIMEOUT:query_exceeded_120s,PASS,stored_route_uv_0.1mm,1.012,True,TIMEOUT:query_exceeded_120s,120.0,549453247f5cf37a,3.73,13.545,28.912,28.912,"A* route lateral clearance (row robot, chassis +3 mm, margin 0)",False,UNKNOWN,0.42424207902513444,REACHABLE,69.82618736289442,,,,,,60,115.45,411,4.15,,,shortcut,14,15,True
WWEST-F4X-00805,F4,WWEST,cylinder,F4X-00805,METHOD-TIMEOUT,POST-TIMEOUT,genuine,,120 s alarm inside shortcut (post-processing: shortcut 75 accepts 119 s); verdict-only REACHABLE in 1.6 s; 60 s post budget -> REACHABLE,"aerial3d/api.py:374-392 (shortcut / tighten / merge_corners -> query.py:225-326, each accept() = verify_segment) under G2's 120 s alarm (aerial3dg_batch._alarm)",TIMEOUT:query_exceeded_120s,PASS,stored_route_uv_0.1mm,1.066,True,TIMEOUT:query_exceeded_120s,120.0,549453247f5cf37a,19.99,19.014,15.527,15.527,"A* route lateral clearance (row robot, chassis +3 mm, margin 0)",False,REACHABLE,1.5567017779685557,REACHABLE,63.87907851394266,,,,,,75,118.87,,,,,shortcut,24,25,
WWEST-F4X-00816,F4,WWEST,cylinder,F4X-00816,METHOD-TIMEOUT,POST-TIMEOUT,genuine,,120 s alarm inside shortcut (post-processing: shortcut 98 accepts 119 s); verdict-only REACHABLE in 0.9 s; 60 s post budget -> REACHABLE,"aerial3d/api.py:374-392 (shortcut / tighten / merge_corners -> query.py:225-326, each accept() = verify_segment) under G2's 120 s alarm (aerial3dg_batch._alarm)",TIMEOUT:query_exceeded_120s,PASS,stored_route_uv_0.1mm,1.0,True,TIMEOUT:query_exceeded_120s,120.0,549453247f5cf37a,3.73,19.99,24.188,24.188,"A* route lateral clearance (row robot, chassis +3 mm, margin 0)",False,REACHABLE,0.9488339389208704,REACHABLE,64.33508331794292,,,,,,98,119.29,,,,,shortcut,19,20,
WWEST-F4X-00825,F4,WWEST,cylinder,F4X-00825,METHOD-TIMEOUT,POST-TIMEOUT,genuine,,"120 s alarm inside shortcut (post-processing: shortcut 35 accepts 111 s, tighten 411 accepts 8 s); verdict-only REACHABLE in 1.1 s; 60 s post budget -> REACHABLE","aerial3d/api.py:374-392 (shortcut / tighten / merge_corners -> query.py:225-326, each accept() = verify_segment) under G2's 120 s alarm (aerial3dg_batch._alarm)",TIMEOUT:query_exceeded_120s,PASS,stored_route_uv_0.1mm,1.056,True,TIMEOUT:query_exceeded_120s,120.0,549453247f5cf37a,18.887,19.99,44.446,44.446,"A* route lateral clearance (row robot, chassis +3 mm, margin 0)",False,REACHABLE,1.077534870011732,REACHABLE,63.55604951805435,,,,,,35,111.45,411,7.62,,,shortcut,21,21,
WWEST-F4X-00838,F4,WWEST,cylinder,F4X-00838,METHOD-TIMEOUT,POST-TIMEOUT,genuine,,"120 s alarm inside shortcut (post-processing: shortcut 268 accepts 114 s, tighten 645 accepts 6 s); verdict-only REACHABLE in 0.8 s; 60 s post budget -> REACHABLE","aerial3d/api.py:374-392 (shortcut / tighten / merge_corners -> query.py:225-326, each accept() = verify_segment) under G2's 120 s alarm (aerial3dg_batch._alarm)",TIMEOUT:query_exceeded_120s,PASS,stored_route_uv_0.1mm,1.014,True,TIMEOUT:query_exceeded_120s,120.0,549453247f5cf37a,6.592,14.297,1.208,1.208,"A* route lateral clearance (row robot, chassis +3 mm, margin 0)",True,REACHABLE,0.8225898989476264,REACHABLE,61.96898754290305,,,,,,268,113.62,645,5.68,,,shortcut,20,21,
WWEST-F4X-00844,F4,WWEST,cylinder,F4X-00844,METHOD-TIMEOUT,POST-TIMEOUT,genuine,,"120 s alarm inside shortcut (post-processing: shortcut 114 accepts 106 s, tighten 459 accepts 13 s); verdict-only REACHABLE in 1.4 s; 60 s post budget -> REACHABLE","aerial3d/api.py:374-392 (shortcut / tighten / merge_corners -> query.py:225-326, each accept() = verify_segment) under G2's 120 s alarm (aerial3dg_batch._alarm)",TIMEOUT:query_exceeded_120s,PASS,stored_route_uv_0.1mm,1.07,True,TIMEOUT:query_exceeded_120s,120.0,549453247f5cf37a,19.99,9.502,17.572,17.572,"A* route lateral clearance (row robot, chassis +3 mm, margin 0)",False,REACHABLE,1.3985542848240584,REACHABLE,61.53611121815629,,,,,,114,105.79,459,12.98,,,shortcut,24,25,
WWEST-F4X-00862,F4,WWEST,cylinder,F4X-00862,METHOD-TIMEOUT,POST-TIMEOUT,genuine,,"re-query REACHABLE in 111 s (post-processing: shortcut 123 accepts 96 s, tighten 209 accepts 9 s, merge_corners 22 accepts 3 s); verdict-only REACHABLE in 2.2 s; 60 s post budget -> REACHABLE","aerial3d/api.py:374-392 (shortcut / tighten / merge_corners -> query.py:225-326, each accept() = verify_segment) under G2's 120 s alarm (aerial3dg_batch._alarm)",TIMEOUT:query_exceeded_120s,PASS,stored_route_uv_0.1mm,1.01,False,REACHABLE:graph_path_lifted_and_verified,111.22,549453247f5cf37a,17.656,7.705,2.93,2.93,"A* route lateral clearance (row robot, chassis +3 mm, margin 0)",False,REACHABLE,2.158716744976118,REACHABLE,62.309370558010414,,,,,,123,95.75,209,9.19,22,3.03,,18,19,
WWEST-F4X-00865,F4,WWEST,cylinder,F4X-00865,METHOD-TIMEOUT,POST-TIMEOUT,genuine,,"120 s alarm inside shortcut (post-processing: shortcut 161 accepts 117 s, tighten 224 accepts 2 s); verdict-only UNKNOWN in 1.2 s; 60 s post budget -> REACHABLE","aerial3d/api.py:374-392 (shortcut / tighten / merge_corners -> query.py:225-326, each accept() = verify_segment) under G2's 120 s alarm (aerial3dg_batch._alarm)",TIMEOUT:query_exceeded_120s,PASS,stored_route_uv_0.1mm,1.077,True,TIMEOUT:query_exceeded_120s,120.0,549453247f5cf37a,3.984,19.99,27.887,27.887,"A* route lateral clearance (row robot, chassis +3 mm, margin 0)",False,UNKNOWN,1.159426440950483,REACHABLE,62.59844650304876,,,,,,161,116.73,224,2.32,,,shortcut,22,23,True
WWEST-F4X-00874,F4,WWEST,cylinder,F4X-00874,METHOD-TIMEOUT,POST-TIMEOUT,genuine,,"120 s alarm inside shortcut (post-processing: shortcut 274 accepts 114 s, tighten 638 accepts 6 s); verdict-only REACHABLE in 0.3 s; 60 s post budget -> REACHABLE","aerial3d/api.py:374-392 (shortcut / tighten / merge_corners -> query.py:225-326, each accept() = verify_segment) under G2's 120 s alarm (aerial3dg_batch._alarm)",TIMEOUT:query_exceeded_120s,PASS,stored_route_uv_0.1mm,1.254,True,TIMEOUT:query_exceeded_120s,120.0,549453247f5cf37a,6.592,5.352,6.519,6.519,"A* route lateral clearance (row robot, chassis +3 mm, margin 0)",False,REACHABLE,0.34532661619596183,REACHABLE,60.376968706957996,,,,,,274,114.16,638,5.6,,,shortcut,16,17,
WWEST-F4X-00906,F4,WWEST,cylinder,F4X-00906,METHOD-TIMEOUT,POST-TIMEOUT,genuine,,"120 s alarm inside shortcut (post-processing: shortcut 49 accepts 117 s, tighten 368 accepts 2 s); verdict-only UNKNOWN in 0.9 s; 60 s post budget -> REACHABLE","aerial3d/api.py:374-392 (shortcut / tighten / merge_corners -> query.py:225-326, each accept() = verify_segment) under G2's 120 s alarm (aerial3dg_batch._alarm)",TIMEOUT:query_exceeded_120s,PASS,stored_route_uv_0.1mm,1.001,True,TIMEOUT:query_exceeded_120s,120.0,549453247f5cf37a,2.764,5.0,1.678,1.678,"A* route lateral clearance (row robot, chassis +3 mm, margin 0)",True,UNKNOWN,0.8897647899575531,REACHABLE,63.83482408407144,,,,,,49,117.41,368,2.49,,,shortcut,10,11,True
WWEST-F4X-00947,F4,WWEST,cylinder,F4X-00947,METHOD-TIMEOUT,POST-TIMEOUT,genuine,,"120 s alarm inside shortcut (post-processing: shortcut 116 accepts 117 s, tighten 361 accepts 2 s); verdict-only REACHABLE in 0.8 s; 60 s post budget -> REACHABLE","aerial3d/api.py:374-392 (shortcut / tighten / merge_corners -> query.py:225-326, each accept() = verify_segment) under G2's 120 s alarm (aerial3dg_batch._alarm)",TIMEOUT:query_exceeded_120s,PASS,stored_route_uv_0.1mm,1.001,True,TIMEOUT:query_exceeded_120s,120.0,549453247f5cf37a,3.447,4.297,4.895,4.895,"A* route lateral clearance (row robot, chassis +3 mm, margin 0)",False,REACHABLE,0.8132370868697762,REACHABLE,63.534390524961054,,,,,,116,117.0,361,1.78,,,shortcut,15,16,
WWEST-F4X-00950,F4,WWEST,cylinder,F4X-00950,METHOD-TIMEOUT,POST-TIMEOUT,genuine,,"120 s alarm inside shortcut (post-processing: shortcut 79 accepts 115 s, tighten 485 accepts 4 s); verdict-only REACHABLE in 1.2 s; 60 s post budget -> REACHABLE","aerial3d/api.py:374-392 (shortcut / tighten / merge_corners -> query.py:225-326, each accept() = verify_segment) under G2's 120 s alarm (aerial3dg_batch._alarm)",TIMEOUT:query_exceeded_120s,PASS,stored_route_uv_0.1mm,1.077,True,TIMEOUT:query_exceeded_120s,120.0,549453247f5cf37a,19.99,3.73,47.839,47.839,"A* route lateral clearance (row robot, chassis +3 mm, margin 0)",False,REACHABLE,1.1867518059443682,REACHABLE,61.18092587706633,,,,,,79,114.98,485,4.07,,,shortcut,19,20,
WWEST-F4X-00954,F4,WWEST,cylinder,F4X-00954,METHOD-TIMEOUT,POST-TIMEOUT,genuine,,"120 s alarm inside shortcut (post-processing: shortcut 91 accepts 113 s, tighten 692 accepts 6 s); verdict-only REACHABLE in 1.8 s; 60 s post budget -> REACHABLE","aerial3d/api.py:374-392 (shortcut / tighten / merge_corners -> query.py:225-326, each accept() = verify_segment) under G2's 120 s alarm (aerial3dg_batch._alarm)",TIMEOUT:query_exceeded_120s,PASS,stored_route_uv_0.1mm,1.004,True,TIMEOUT:query_exceeded_120s,120.0,549453247f5cf37a,6.836,7.646,6.842,6.842,"A* route lateral clearance (row robot, chassis +3 mm, margin 0)",False,REACHABLE,1.841320866951719,REACHABLE,68.00863590487279,,,,,,91,113.15,692,5.71,,,shortcut,22,23,
WWEST-F4X-00977,F4,WWEST,cylinder,F4X-00977,METHOD-TIMEOUT,POST-TIMEOUT,genuine,,120 s alarm inside shortcut (post-processing: shortcut 71 accepts 118 s); verdict-only REACHABLE in 2.1 s; 60 s post budget -> REACHABLE,"aerial3d/api.py:374-392 (shortcut / tighten / merge_corners -> query.py:225-326, each accept() = verify_segment) under G2's 120 s alarm (aerial3dg_batch._alarm)",TIMEOUT:query_exceeded_120s,PASS,stored_route_uv_0.1mm,1.051,True,TIMEOUT:query_exceeded_120s,120.0,549453247f5cf37a,4.658,11.162,6.702,6.702,"A* route lateral clearance (row robot, chassis +3 mm, margin 0)",False,REACHABLE,2.118695363169536,REACHABLE,66.7327935048379,,,,,,71,118.01,,,,,shortcut,27,28,
WWEST-F4X-00991,F4,WWEST,cylinder,F4X-00991,METHOD-TIMEOUT,POST-TIMEOUT,genuine,,120 s alarm inside shortcut (post-processing: shortcut 38 accepts 120 s); verdict-only UNKNOWN in 0.5 s; 60 s post budget -> REACHABLE,"aerial3d/api.py:374-392 (shortcut / tighten / merge_corners -> query.py:225-326, each accept() = verify_segment) under G2's 120 s alarm (aerial3dg_batch._alarm)",TIMEOUT:query_exceeded_120s,PASS,stored_route_uv_0.1mm,1.058,True,TIMEOUT:query_exceeded_120s,120.0,549453247f5cf37a,8.994,8.613,31.586,31.586,"A* route lateral clearance (row robot, chassis +3 mm, margin 0)",False,UNKNOWN,0.5216121817938983,REACHABLE,72.12253357889131,,,,,,38,119.63,,,,,shortcut,19,20,True
WWEST-F4X-01002,F4,WWEST,cylinder,F4X-01002,METHOD-TIMEOUT,POST-TIMEOUT,genuine,,"120 s alarm inside shortcut (post-processing: shortcut 102 accepts 113 s, tighten 370 accepts 7 s); verdict-only REACHABLE in 1.1 s; 60 s post budget -> REACHABLE","aerial3d/api.py:374-392 (shortcut / tighten / merge_corners -> query.py:225-326, each accept() = verify_segment) under G2's 120 s alarm (aerial3dg_batch._alarm)",TIMEOUT:query_exceeded_120s,PASS,stored_route_uv_0.1mm,1.01,True,TIMEOUT:query_exceeded_120s,120.0,549453247f5cf37a,7.705,19.99,2.594,2.594,"A* route lateral clearance (row robot, chassis +3 mm, margin 0)",False,REACHABLE,1.0600155889987946,REACHABLE,63.767790692159906,,,,,,102,112.55,370,7.18,,,shortcut,13,14,
WWEST-F4X-01018,F4,WWEST,cylinder,F4X-01018,METHOD-TIMEOUT,POST-TIMEOUT,genuine,,"120 s alarm inside shortcut (post-processing: shortcut 112 accepts 115 s, tighten 368 accepts 3 s); verdict-only REACHABLE in 2.0 s; 60 s post budget -> REACHABLE","aerial3d/api.py:374-392 (shortcut / tighten / merge_corners -> query.py:225-326, each accept() = verify_segment) under G2's 120 s alarm (aerial3dg_batch._alarm)",TIMEOUT:query_exceeded_120s,PASS,stored_route_uv_0.1mm,1.077,True,TIMEOUT:query_exceeded_120s,120.0,549453247f5cf37a,19.99,3.35,13.574,13.574,"A* route lateral clearance (row robot, chassis +3 mm, margin 0)",False,REACHABLE,2.0055683949030936,REACHABLE,61.97751294495538,,,,,,112,114.78,368,3.45,,,shortcut,28,29,
WWEST-F4X-01032,F4,WWEST,cylinder,F4X-01032,METHOD-TIMEOUT,POST-TIMEOUT,genuine,,"120 s alarm inside shortcut (post-processing: shortcut 74 accepts 114 s, tighten 583 accepts 6 s); verdict-only REACHABLE in 0.6 s; 60 s post budget -> REACHABLE","aerial3d/api.py:374-392 (shortcut / tighten / merge_corners -> query.py:225-326, each accept() = verify_segment) under G2's 120 s alarm (aerial3dg_batch._alarm)",TIMEOUT:query_exceeded_120s,PASS,stored_route_uv_0.1mm,1.014,True,TIMEOUT:query_exceeded_120s,120.0,549453247f5cf37a,7.959,19.99,9.277,9.277,"A* route lateral clearance (row robot, chassis +3 mm, margin 0)",False,REACHABLE,0.5664939479902387,REACHABLE,64.8815233008936,,,,,,74,114.01,583,5.55,,,shortcut,15,16,
WWEST-F4X-01033,F4,WWEST,cylinder,F4X-01033,METHOD-TIMEOUT,POST-TIMEOUT,genuine,,120 s alarm inside shortcut (post-processing: shortcut 56 accepts 119 s); verdict-only REACHABLE in 1.2 s; 60 s post budget -> REACHABLE,"aerial3d/api.py:374-392 (shortcut / tighten / merge_corners -> query.py:225-326, each accept() = verify_segment) under G2's 120 s alarm (aerial3dg_batch._alarm)",TIMEOUT:query_exceeded_120s,PASS,stored_route_uv_0.1mm,1.077,True,TIMEOUT:query_exceeded_120s,120.0,549453247f5cf37a,7.412,14.355,8.136,8.136,"A* route lateral clearance (row robot, chassis +3 mm, margin 0)",False,REACHABLE,1.2103073140606284,REACHABLE,62.16362335300073,,,,,,56,118.95,,,,,shortcut,24,25,
WWEST-F4X-01061,F4,WWEST,cylinder,F4X-01061,METHOD-TIMEOUT,POST-TIMEOUT,genuine,,120 s alarm inside shortcut (post-processing: shortcut 77 accepts 120 s); verdict-only UNKNOWN in 0.5 s; 60 s post budget -> REACHABLE,"aerial3d/api.py:374-392 (shortcut / tighten / merge_corners -> query.py:225-326, each accept() = verify_segment) under G2's 120 s alarm (aerial3dg_batch._alarm)",TIMEOUT:query_exceeded_120s,PASS,stored_route_uv_0.1mm,1.255,True,TIMEOUT:query_exceeded_120s,120.01,549453247f5cf37a,19.99,14.912,27.679,27.679,"A* route lateral clearance (row robot, chassis +3 mm, margin 0)",False,UNKNOWN,0.5330379498191178,REACHABLE,60.78380280197598,,,,,,77,119.65,,,,,shortcut,20,21,True
WWEST-F4X-01101,F4,WWEST,cylinder,F4X-01101,METHOD-TIMEOUT,POST-TIMEOUT,genuine,,"120 s alarm inside shortcut (post-processing: shortcut 48 accepts 116 s, tighten 433 accepts 4 s); verdict-only UNKNOWN in 1.1 s; 60 s post budget -> REACHABLE","aerial3d/api.py:374-392 (shortcut / tighten / merge_corners -> query.py:225-326, each accept() = verify_segment) under G2's 120 s alarm (aerial3dg_batch._alarm)",TIMEOUT:query_exceeded_120s,PASS,stored_route_uv_0.1mm,1.505,True,TIMEOUT:query_exceeded_120s,120.0,549453247f5cf37a,2.764,12.207,26.379,26.379,"A* route lateral clearance (row robot, chassis +3 mm, margin 0)",False,UNKNOWN,1.0551793770864606,REACHABLE,64.19578850083053,,,,,,48,116.14,433,3.68,,,shortcut,12,13,True
WWEST-F4X-01116,F4,WWEST,cylinder,F4X-01116,METHOD-TIMEOUT,POST-TIMEOUT,genuine,,"120 s alarm inside shortcut (post-processing: shortcut 95 accepts 115 s, tighten 441 accepts 4 s); verdict-only UNKNOWN in 1.0 s; 60 s post budget -> REACHABLE","aerial3d/api.py:374-392 (shortcut / tighten / merge_corners -> query.py:225-326, each accept() = verify_segment) under G2's 120 s alarm (aerial3dg_batch._alarm)",TIMEOUT:query_exceeded_120s,PASS,stored_route_uv_0.1mm,1.077,True,TIMEOUT:query_exceeded_120s,120.0,549453247f5cf37a,12.207,3.73,27.087,27.087,"A* route lateral clearance (row robot, chassis +3 mm, margin 0)",False,UNKNOWN,0.9967708617914468,REACHABLE,70.2854342139326,,,,,,95,115.28,441,3.94,,,shortcut,19,20,True
WWEST-F4X-01118,F4,WWEST,cylinder,F4X-01118,METHOD-TIMEOUT,POST-TIMEOUT,genuine,,"120 s alarm inside shortcut (post-processing: shortcut 38 accepts 116 s, tighten 222 accepts 3 s); verdict-only UNKNOWN in 0.2 s; 60 s post budget -> UNKNOWN","aerial3d/api.py:374-392 (shortcut / tighten / merge_corners -> query.py:225-326, each accept() = verify_segment) under G2's 120 s alarm (aerial3dg_batch._alarm)",TIMEOUT:query_exceeded_120s,PASS,stored_route_uv_0.1mm,1.0,True,TIMEOUT:query_exceeded_120s,120.0,549453247f5cf37a,3.291,2.764,11.053,11.053,"A* route lateral clearance (row robot, chassis +3 mm, margin 0)",False,UNKNOWN,0.1697002521250397,UNKNOWN,66.54906967980787,,,,,,38,116.43,222,3.47,,,shortcut,13,14,False
WWEST-F4X-01129,F4,WWEST,cylinder,F4X-01129,METHOD-TIMEOUT,POST-TIMEOUT,genuine,,120 s alarm inside shortcut (post-processing: shortcut 54 accepts 118 s); verdict-only REACHABLE in 1.9 s; 60 s post budget -> REACHABLE,"aerial3d/api.py:374-392 (shortcut / tighten / merge_corners -> query.py:225-326, each accept() = verify_segment) under G2's 120 s alarm (aerial3dg_batch._alarm)",TIMEOUT:query_exceeded_120s,PASS,stored_route_uv_0.1mm,1.077,True,TIMEOUT:query_exceeded_120s,120.0,549453247f5cf37a,6.592,18.584,3.186,3.186,"A* route lateral clearance (row robot, chassis +3 mm, margin 0)",False,REACHABLE,1.8549296748824418,REACHABLE,65.53326242999174,,,,,,54,118.35,,,,,shortcut,26,27,
WWEST-F4X-01143,F4,WWEST,cylinder,F4X-01143,METHOD-TIMEOUT,POST-TIMEOUT,genuine,,120 s alarm inside shortcut (post-processing: shortcut 68 accepts 119 s); verdict-only REACHABLE in 1.2 s; 60 s post budget -> REACHABLE,"aerial3d/api.py:374-392 (shortcut / tighten / merge_corners -> query.py:225-326, each accept() = verify_segment) under G2's 120 s alarm (aerial3dg_batch._alarm)",TIMEOUT:query_exceeded_120s,PASS,stored_route_uv_0.1mm,1.01,True,TIMEOUT:query_exceeded_120s,120.0,549453247f5cf37a,19.99,3.984,18.28,18.28,"A* route lateral clearance (row robot, chassis +3 mm, margin 0)",False,REACHABLE,1.2082383870147169,REACHABLE,66.63784925197251,,,,,,68,119.03,,,,,shortcut,20,21,
WWEST-F4X-01146,F4,WWEST,cylinder,F4X-01146,METHOD-TIMEOUT,POST-TIMEOUT,genuine,,120 s alarm inside shortcut (post-processing: shortcut 49 accepts 119 s); verdict-only REACHABLE in 1.7 s; 60 s post budget -> REACHABLE,"aerial3d/api.py:374-392 (shortcut / tighten / merge_corners -> query.py:225-326, each accept() = verify_segment) under G2's 120 s alarm (aerial3dg_batch._alarm)",TIMEOUT:query_exceeded_120s,PASS,stored_route_uv_0.1mm,1.077,True,TIMEOUT:query_exceeded_120s,120.0,549453247f5cf37a,14.951,19.99,10.828,10.828,"A* route lateral clearance (row robot, chassis +3 mm, margin 0)",False,REACHABLE,1.6569717570673674,REACHABLE,63.76222424698062,,,,,,49,118.55,,,,,shortcut,24,25,
WWEST-F4X-01150,F4,WWEST,cylinder,F4X-01150,METHOD-TIMEOUT,POST-TIMEOUT,genuine,,"120 s alarm inside shortcut (post-processing: shortcut 118 accepts 111 s, tighten 556 accepts 8 s); verdict-only REACHABLE in 2.1 s; 60 s post budget -> REACHABLE","aerial3d/api.py:374-392 (shortcut / tighten / merge_corners -> query.py:225-326, each accept() = verify_segment) under G2's 120 s alarm (aerial3dg_batch._alarm)",TIMEOUT:query_exceeded_120s,PASS,stored_route_uv_0.1mm,1.004,True,TIMEOUT:query_exceeded_120s,120.0,549453247f5cf37a,19.99,3.926,5.267,5.267,"A* route lateral clearance (row robot, chassis +3 mm, margin 0)",False,REACHABLE,2.0850947808939964,REACHABLE,66.20230146008544,,,,,,118,110.93,556,8.15,,,shortcut,15,16,
WWEST-F4X-01240,F4,WWEST,cylinder,F4X-01240,METHOD-TIMEOUT,POST-TIMEOUT,genuine,,"120 s alarm inside shortcut (post-processing: shortcut 51 accepts 115 s, tighten 559 accepts 5 s); verdict-only REACHABLE in 1.8 s; 60 s post budget -> REACHABLE","aerial3d/api.py:374-392 (shortcut / tighten / merge_corners -> query.py:225-326, each accept() = verify_segment) under G2's 120 s alarm (aerial3dg_batch._alarm)",TIMEOUT:query_exceeded_120s,PASS,stored_route_uv_0.1mm,1.004,True,TIMEOUT:query_exceeded_120s,120.0,549453247f5cf37a,2.363,19.99,15.875,15.875,"A* route lateral clearance (row robot, chassis +3 mm, margin 0)",False,REACHABLE,1.7834430381190032,REACHABLE,63.50744585087523,,,,,,51,114.83,559,4.79,,,shortcut,14,15,
WWEST-F4X-01245,F4,WWEST,cylinder,F4X-01245,METHOD-TIMEOUT,POST-TIMEOUT,genuine,,"120 s alarm inside shortcut (post-processing: shortcut 96 accepts 102 s, tighten 387 accepts 18 s); verdict-only UNKNOWN in 0.9 s; 60 s post budget -> REACHABLE","aerial3d/api.py:374-392 (shortcut / tighten / merge_corners -> query.py:225-326, each accept() = verify_segment) under G2's 120 s alarm (aerial3dg_batch._alarm)",TIMEOUT:query_exceeded_120s,PASS,stored_route_uv_0.1mm,1.031,True,TIMEOUT:query_exceeded_120s,120.0,549453247f5cf37a,8.213,19.99,3.876,3.876,"A* route lateral clearance (row robot, chassis +3 mm, margin 0)",False,UNKNOWN,0.9026696810033172,REACHABLE,62.63553085597232,,,,,,96,101.71,387,18.0,,,shortcut,15,15,True
WWEST-F4X-01246,F4,WWEST,cylinder,F4X-01246,METHOD-TIMEOUT,POST-TIMEOUT,genuine,,"120 s alarm inside shortcut (post-processing: shortcut 184 accepts 115 s, tighten 498 accepts 4 s); verdict-only REACHABLE in 0.9 s; 60 s post budget -> REACHABLE","aerial3d/api.py:374-392 (shortcut / tighten / merge_corners -> query.py:225-326, each accept() = verify_segment) under G2's 120 s alarm (aerial3dg_batch._alarm)",TIMEOUT:query_exceeded_120s,PASS,stored_route_uv_0.1mm,1.011,True,TIMEOUT:query_exceeded_120s,120.0,549453247f5cf37a,19.99,4.287,74.609,74.609,"A* route lateral clearance (row robot, chassis +3 mm, margin 0)",False,REACHABLE,0.9446420918684453,REACHABLE,61.17043693200685,,,,,,184,114.97,498,4.23,,,shortcut,17,18,
WWEST-F4X-01255,F4,WWEST,cylinder,F4X-01255,METHOD-TIMEOUT,POST-TIMEOUT,genuine,,"120 s alarm inside shortcut (post-processing: shortcut 106 accepts 110 s, tighten 401 accepts 9 s); verdict-only REACHABLE in 1.0 s; 60 s post budget -> REACHABLE","aerial3d/api.py:374-392 (shortcut / tighten / merge_corners -> query.py:225-326, each accept() = verify_segment) under G2's 120 s alarm (aerial3dg_batch._alarm)",TIMEOUT:query_exceeded_120s,PASS,stored_route_uv_0.1mm,1.077,True,TIMEOUT:query_exceeded_120s,120.0,549453247f5cf37a,3.984,19.99,57.129,57.129,"A* route lateral clearance (row robot, chassis +3 mm, margin 0)",False,REACHABLE,1.0071766909677535,REACHABLE,61.50569769111462,,,,,,106,110.47,401,8.71,,,shortcut,18,19,
WWEST-F4X-01258,F4,WWEST,cylinder,F4X-01258,METHOD-TIMEOUT,POST-TIMEOUT,genuine,,"120 s alarm inside tighten (post-processing: shortcut 52 accepts 89 s, tighten 366 accepts 31 s); verdict-only REACHABLE in 2.2 s; 60 s post budget -> REACHABLE","aerial3d/api.py:374-392 (shortcut / tighten / merge_corners -> query.py:225-326, each accept() = verify_segment) under G2's 120 s alarm (aerial3dg_batch._alarm)",TIMEOUT:query_exceeded_120s,PASS,stored_route_uv_0.1mm,1.003,True,TIMEOUT:query_exceeded_120s,120.0,549453247f5cf37a,19.99,8.057,11.7,11.7,"A* route lateral clearance (row robot, chassis +3 mm, margin 0)",False,REACHABLE,2.185769225936383,REACHABLE,63.66233749687672,,,,,,52,88.96,366,30.63,,,tighten,15,16,
WWEST-F4X-01270,F4,WWEST,cylinder,F4X-01270,METHOD-TIMEOUT,POST-TIMEOUT,genuine,,"120 s alarm inside shortcut (post-processing: shortcut 115 accepts 115 s, tighten 504 accepts 4 s); verdict-only REACHABLE in 0.9 s; 60 s post budget -> REACHABLE","aerial3d/api.py:374-392 (shortcut / tighten / merge_corners -> query.py:225-326, each accept() = verify_segment) under G2's 120 s alarm (aerial3dg_batch._alarm)",TIMEOUT:query_exceeded_120s,PASS,stored_route_uv_0.1mm,1.001,True,TIMEOUT:query_exceeded_120s,120.0,549453247f5cf37a,12.598,4.541,24.341,24.341,"A* route lateral clearance (row robot, chassis +3 mm, margin 0)",False,REACHABLE,0.9060817020945251,REACHABLE,61.047226266004145,,,,,,115,114.81,504,4.44,,,shortcut,17,18,
WWEST-F4X-01273,F4,WWEST,cylinder,F4X-01273,METHOD-TIMEOUT,POST-TIMEOUT,genuine,,120 s alarm inside shortcut (post-processing: shortcut 79 accepts 119 s); verdict-only UNKNOWN in 1.4 s; 60 s post budget -> REACHABLE,"aerial3d/api.py:374-392 (shortcut / tighten / merge_corners -> query.py:225-326, each accept() = verify_segment) under G2's 120 s alarm (aerial3dg_batch._alarm)",TIMEOUT:query_exceeded_120s,PASS,stored_route_uv_0.1mm,1.077,True,TIMEOUT:query_exceeded_120s,120.0,549453247f5cf37a,19.99,3.35,37.97,37.97,"A* route lateral clearance (row robot, chassis +3 mm, margin 0)",False,UNKNOWN,1.4444888879079372,REACHABLE,66.38972768606618,,,,,,79,118.8,,,,,shortcut,26,27,True
WWEST-F4X-01281,F4,WWEST,cylinder,F4X-01281,METHOD-TIMEOUT,POST-TIMEOUT,genuine,,120 s alarm inside shortcut (post-processing: shortcut 18 accepts 120 s); verdict-only UNKNOWN in 0.5 s; 60 s post budget -> REACHABLE,"aerial3d/api.py:374-392 (shortcut / tighten / merge_corners -> query.py:225-326, each accept() = verify_segment) under G2's 120 s alarm (aerial3dg_batch._alarm)",TIMEOUT:query_exceeded_120s,PASS,stored_route_uv_0.1mm,1.044,True,TIMEOUT:query_exceeded_120s,120.0,549453247f5cf37a,19.99,15.82,2.667,2.667,"A* route lateral clearance (row robot, chassis +3 mm, margin 0)",False,UNKNOWN,0.47692837892100215,REACHABLE,72.97029631002806,,,,,,18,119.69,,,,,shortcut,16,17,True
WWEST-F4X-01325,F4,WWEST,cylinder,F4X-01325,METHOD-TIMEOUT,POST-TIMEOUT,genuine,,120 s alarm inside shortcut (post-processing: shortcut 33 accepts 118 s); verdict-only REACHABLE in 2.0 s; 60 s post budget -> REACHABLE,"aerial3d/api.py:374-392 (shortcut / tighten / merge_corners -> query.py:225-326, each accept() = verify_segment) under G2's 120 s alarm (aerial3dg_batch._alarm)",TIMEOUT:query_exceeded_120s,PASS,stored_route_uv_0.1mm,1.028,True,TIMEOUT:query_exceeded_120s,120.0,549453247f5cf37a,3.73,6.592,1.324,1.324,"A* route lateral clearance (row robot, chassis +3 mm, margin 0)",True,REACHABLE,1.973132531857118,REACHABLE,83.80515179107897,,,,,,33,118.24,,,,,shortcut,25,25,
WWEST-F4X-01364,F4,WWEST,cylinder,F4X-01364,METHOD-TIMEOUT,POST-TIMEOUT,genuine,,120 s alarm inside shortcut (post-processing: shortcut 40 accepts 118 s); verdict-only REACHABLE in 2.6 s; 60 s post budget -> REACHABLE,"aerial3d/api.py:374-392 (shortcut / tighten / merge_corners -> query.py:225-326, each accept() = verify_segment) under G2's 120 s alarm (aerial3dg_batch._alarm)",TIMEOUT:query_exceeded_120s,PASS,stored_route_uv_0.1mm,1.008,True,TIMEOUT:query_exceeded_120s,120.0,549453247f5cf37a,12.598,19.99,10.59,10.59,"A* route lateral clearance (row robot, chassis +3 mm, margin 0)",False,REACHABLE,2.5952484149020165,REACHABLE,64.33817468001507,,,,,,40,117.69,,,,,shortcut,27,28,
WWEST-F4X-01369,F4,WWEST,cylinder,F4X-01369,METHOD-TIMEOUT,POST-TIMEOUT,genuine,,"120 s alarm inside shortcut (post-processing: shortcut 153 accepts 112 s, tighten 514 accepts 7 s); verdict-only REACHABLE in 1.2 s; 60 s post budget -> REACHABLE","aerial3d/api.py:374-392 (shortcut / tighten / merge_corners -> query.py:225-326, each accept() = verify_segment) under G2's 120 s alarm (aerial3dg_batch._alarm)",TIMEOUT:query_exceeded_120s,PASS,stored_route_uv_0.1mm,1.003,True,TIMEOUT:query_exceeded_120s,120.0,549453247f5cf37a,19.355,14.58,23.059,23.059,"A* route lateral clearance (row robot, chassis +3 mm, margin 0)",False,REACHABLE,1.1878239850047976,REACHABLE,61.15252680587582,,,,,,153,112.42,514,7.11,,,shortcut,20,20,
WWEST-F4X-01373,F4,WWEST,cylinder,F4X-01373,METHOD-TIMEOUT,POST-TIMEOUT,genuine,,120 s alarm inside shortcut (post-processing: shortcut 41 accepts 118 s); verdict-only UNKNOWN in 2.4 s; 60 s post budget -> REACHABLE,"aerial3d/api.py:374-392 (shortcut / tighten / merge_corners -> query.py:225-326, each accept() = verify_segment) under G2's 120 s alarm (aerial3dg_batch._alarm)",TIMEOUT:query_exceeded_120s,PASS,stored_route_uv_0.1mm,1.004,True,TIMEOUT:query_exceeded_120s,120.0,549453247f5cf37a,12.637,14.707,1.898,1.898,"A* route lateral clearance (row robot, chassis +3 mm, margin 0)",True,UNKNOWN,2.3642843200359493,REACHABLE,73.39454862009734,,,,,,41,117.9,,,,,shortcut,26,27,True
WWEST-F4X-01389,F4,WWEST,cylinder,F4X-01389,METHOD-TIMEOUT,POST-TIMEOUT,genuine,,120 s alarm inside shortcut (post-processing: shortcut 6 accepts 119 s); verdict-only REACHABLE in 1.2 s; 60 s post budget -> REACHABLE,"aerial3d/api.py:374-392 (shortcut / tighten / merge_corners -> query.py:225-326, each accept() = verify_segment) under G2's 120 s alarm (aerial3dg_batch._alarm)",TIMEOUT:query_exceeded_120s,PASS,stored_route_uv_0.1mm,1.036,True,TIMEOUT:query_exceeded_120s,120.0,549453247f5cf37a,8.438,19.99,25.745,25.745,"A* route lateral clearance (row robot, chassis +3 mm, margin 0)",False,REACHABLE,1.1565574330743402,REACHABLE,67.74138542101718,,,,,,6,119.05,,,,,shortcut,20,20,
WWEST-F4X-01392,F4,WWEST,cylinder,F4X-01392,METHOD-TIMEOUT,POST-TIMEOUT,genuine,,"120 s alarm inside shortcut (post-processing: shortcut 65 accepts 112 s, tighten 557 accepts 7 s); verdict-only UNKNOWN in 1.0 s; 60 s post budget -> REACHABLE","aerial3d/api.py:374-392 (shortcut / tighten / merge_corners -> query.py:225-326, each accept() = verify_segment) under G2's 120 s alarm (aerial3dg_batch._alarm)",TIMEOUT:query_exceeded_120s,PASS,stored_route_uv_0.1mm,1.01,True,TIMEOUT:query_exceeded_120s,120.0,549453247f5cf37a,19.99,3.73,88.312,88.312,"A* route lateral clearance (row robot, chassis +3 mm, margin 0)",False,UNKNOWN,1.0267912950366735,REACHABLE,61.24988897098228,,,,,,65,111.91,557,7.24,,,shortcut,20,20,True
WWEST-F4X-01403,F4,WWEST,cylinder,F4X-01403,METHOD-TIMEOUT,POST-TIMEOUT,genuine,,"120 s alarm inside shortcut (post-processing: shortcut 40 accepts 115 s, tighten 490 accepts 5 s); verdict-only REACHABLE in 1.2 s; 60 s post budget -> REACHABLE","aerial3d/api.py:374-392 (shortcut / tighten / merge_corners -> query.py:225-326, each accept() = verify_segment) under G2's 120 s alarm (aerial3dg_batch._alarm)",TIMEOUT:query_exceeded_120s,PASS,stored_route_uv_0.1mm,1.614,True,TIMEOUT:query_exceeded_120s,120.0,549453247f5cf37a,2.764,19.99,43.243,43.243,"A* route lateral clearance (row robot, chassis +3 mm, margin 0)",False,REACHABLE,1.239080609055236,REACHABLE,63.469583278056234,,,,,,40,114.68,490,5.03,,,shortcut,11,12,
WWEST-F4X-01424,F4,WWEST,cylinder,F4X-01424,METHOD-TIMEOUT,POST-TIMEOUT,genuine,,120 s alarm inside shortcut (post-processing: shortcut 87 accepts 119 s); verdict-only UNKNOWN in 1.7 s; 60 s post budget -> REACHABLE,"aerial3d/api.py:374-392 (shortcut / tighten / merge_corners -> query.py:225-326, each accept() = verify_segment) under G2's 120 s alarm (aerial3dg_batch._alarm)",TIMEOUT:query_exceeded_120s,PASS,stored_route_uv_0.1mm,1.045,True,TIMEOUT:query_exceeded_120s,120.0,549453247f5cf37a,19.99,3.73,3.613,3.613,"A* route lateral clearance (row robot, chassis +3 mm, margin 0)",False,UNKNOWN,1.6863638828508556,REACHABLE,62.74114809394814,,,,,,87,118.56,,,,,shortcut,24,25,True
WWEST-F4X-01425,F4,WWEST,cylinder,F4X-01425,METHOD-TIMEOUT,POST-TIMEOUT,genuine,,"120 s alarm inside shortcut (post-processing: shortcut 108 accepts 117 s, tighten 269 accepts 3 s); verdict-only REACHABLE in 2.6 s; 60 s post budget -> REACHABLE","aerial3d/api.py:374-392 (shortcut / tighten / merge_corners -> query.py:225-326, each accept() = verify_segment) under G2's 120 s alarm (aerial3dg_batch._alarm)",TIMEOUT:query_exceeded_120s,PASS,stored_route_uv_0.1mm,1.002,True,TIMEOUT:query_exceeded_120s,120.0,549453247f5cf37a,6.865,11.641,6.885,6.885,"A* route lateral clearance (row robot, chassis +3 mm, margin 0)",False,REACHABLE,2.63983457791619,REACHABLE,63.39953502896242,,,,,,108,116.68,269,3.16,,,shortcut,17,18,
WWEST-F4X-01437,F4,WWEST,cylinder,F4X-01437,METHOD-TIMEOUT,POST-TIMEOUT,genuine,,"120 s alarm inside shortcut (post-processing: shortcut 126 accepts 96 s, tighten 472 accepts 24 s); verdict-only UNKNOWN in 2.3 s; 60 s post budget -> REACHABLE","aerial3d/api.py:374-392 (shortcut / tighten / merge_corners -> query.py:225-326, each accept() = verify_segment) under G2's 120 s alarm (aerial3dg_batch._alarm)",TIMEOUT:query_exceeded_120s,PASS,stored_route_uv_0.1mm,1.001,True,TIMEOUT:query_exceeded_120s,120.0,549453247f5cf37a,19.99,3.154,41.73,41.73,"A* route lateral clearance (row robot, chassis +3 mm, margin 0)",False,UNKNOWN,2.3258619240950793,REACHABLE,62.479379671858624,,,,,,126,95.56,472,23.91,,,shortcut,17,18,True
WWEST-F4X-01438,F4,WWEST,cylinder,F4X-01438,METHOD-TIMEOUT,POST-TIMEOUT,genuine,,120 s alarm inside shortcut (post-processing: shortcut 55 accepts 120 s); verdict-only UNKNOWN in 0.5 s; 60 s post budget -> REACHABLE,"aerial3d/api.py:374-392 (shortcut / tighten / merge_corners -> query.py:225-326, each accept() = verify_segment) under G2's 120 s alarm (aerial3dg_batch._alarm)",TIMEOUT:query_exceeded_120s,PASS,stored_route_uv_0.1mm,1.02,True,TIMEOUT:query_exceeded_120s,120.0,549453247f5cf37a,6.592,10.039,8.539,8.539,"A* route lateral clearance (row robot, chassis +3 mm, margin 0)",False,UNKNOWN,0.5316936289891601,REACHABLE,63.05369847314432,,,,,,55,119.64,,,,,shortcut,16,17,True
WWEST-F4X-01439,F4,WWEST,cylinder,F4X-01439,METHOD-TIMEOUT,POST-TIMEOUT,genuine,,"120 s alarm inside shortcut (post-processing: shortcut 76 accepts 113 s, tighten 493 accepts 7 s); verdict-only UNKNOWN in 0.6 s; 60 s post budget -> REACHABLE","aerial3d/api.py:374-392 (shortcut / tighten / merge_corners -> query.py:225-326, each accept() = verify_segment) under G2's 120 s alarm (aerial3dg_batch._alarm)",TIMEOUT:query_exceeded_120s,PASS,stored_route_uv_0.1mm,1.077,True,TIMEOUT:query_exceeded_120s,120.0,549453247f5cf37a,19.99,12.754,12.134,12.134,"A* route lateral clearance (row robot, chassis +3 mm, margin 0)",False,UNKNOWN,0.5507404869422317,REACHABLE,63.677031425060704,,,,,,76,113.03,493,6.6,,,shortcut,18,19,True
WWEST-F4X-01440,F4,WWEST,cylinder,F4X-01440,METHOD-TIMEOUT,POST-TIMEOUT,genuine,,120 s alarm inside shortcut (post-processing: shortcut 53 accepts 119 s); verdict-only REACHABLE in 1.5 s; 60 s post budget -> REACHABLE,"aerial3d/api.py:374-392 (shortcut / tighten / merge_corners -> query.py:225-326, each accept() = verify_segment) under G2's 120 s alarm (aerial3dg_batch._alarm)",TIMEOUT:query_exceeded_120s,PASS,stored_route_uv_0.1mm,1.077,True,TIMEOUT:query_exceeded_120s,120.0,549453247f5cf37a,19.99,3.73,33.954,33.954,"A* route lateral clearance (row robot, chassis +3 mm, margin 0)",False,REACHABLE,1.4967658931855112,REACHABLE,80.85850917408243,,,,,,53,118.62,,,,,shortcut,25,26,
WWEST-F4X-01442,F4,WWEST,cylinder,F4X-01442,METHOD-TIMEOUT,POST-TIMEOUT,genuine,,"120 s alarm inside shortcut (post-processing: shortcut 49 accepts 115 s, tighten 363 accepts 5 s); verdict-only UNKNOWN in 0.5 s; 60 s post budget -> REACHABLE","aerial3d/api.py:374-392 (shortcut / tighten / merge_corners -> query.py:225-326, each accept() = verify_segment) under G2's 120 s alarm (aerial3dg_batch._alarm)",TIMEOUT:query_exceeded_120s,PASS,stored_route_uv_0.1mm,1.019,True,TIMEOUT:query_exceeded_120s,120.0,549453247f5cf37a,3.73,19.99,20.581,20.581,"A* route lateral clearance (row robot, chassis +3 mm, margin 0)",False,UNKNOWN,0.45203234907239676,REACHABLE,69.588391948957,,,,,,49,115.09,363,4.61,,,shortcut,15,15,True
WWEST-F4X-01450,F4,WWEST,cylinder,F4X-01450,METHOD-TIMEOUT,POST-TIMEOUT,genuine,,"120 s alarm inside shortcut (post-processing: shortcut 72 accepts 114 s, tighten 507 accepts 5 s); verdict-only UNKNOWN in 2.2 s; 60 s post budget -> REACHABLE","aerial3d/api.py:374-392 (shortcut / tighten / merge_corners -> query.py:225-326, each accept() = verify_segment) under G2's 120 s alarm (aerial3dg_batch._alarm)",TIMEOUT:query_exceeded_120s,PASS,stored_route_uv_0.1mm,1.073,True,TIMEOUT:query_exceeded_120s,120.0,549453247f5cf37a,2.764,19.99,29.468,29.468,"A* route lateral clearance (row robot, chassis +3 mm, margin 0)",False,UNKNOWN,2.220445695100352,REACHABLE,64.24991739494726,,,,,,72,114.31,507,5.08,,,shortcut,19,20,True
WWEST-F4X-01464,F4,WWEST,cylinder,F4X-01464,METHOD-TIMEOUT,POST-TIMEOUT,genuine,,"120 s alarm inside shortcut (post-processing: shortcut 80 accepts 114 s, tighten 529 accepts 6 s); verdict-only UNKNOWN in 0.5 s; 60 s post budget -> REACHABLE","aerial3d/api.py:374-392 (shortcut / tighten / merge_corners -> query.py:225-326, each accept() = verify_segment) under G2's 120 s alarm (aerial3dg_batch._alarm)",TIMEOUT:query_exceeded_120s,PASS,stored_route_uv_0.1mm,1.077,True,TIMEOUT:query_exceeded_120s,120.0,549453247f5cf37a,12.607,7.217,7.214,7.214,"A* route lateral clearance (row robot, chassis +3 mm, margin 0)",False,UNKNOWN,0.5306370318867266,REACHABLE,62.137909415178,,,,,,80,113.95,529,5.58,,,shortcut,15,16,True
WWEST-F4X-01479,F4,WWEST,cylinder,F4X-01479,METHOD-TIMEOUT,POST-TIMEOUT,genuine,,"120 s alarm inside shortcut (post-processing: shortcut 108 accepts 109 s, tighten 818 accepts 10 s); verdict-only REACHABLE in 1.6 s; 60 s post budget -> REACHABLE","aerial3d/api.py:374-392 (shortcut / tighten / merge_corners -> query.py:225-326, each accept() = verify_segment) under G2's 120 s alarm (aerial3dg_batch._alarm)",TIMEOUT:query_exceeded_120s,PASS,stored_route_uv_0.1mm,1.01,True,TIMEOUT:query_exceeded_120s,120.0,549453247f5cf37a,2.354,3.73,2.356,2.356,"A* route lateral clearance (row robot, chassis +3 mm, margin 0)",False,REACHABLE,1.6343054329045117,REACHABLE,62.71816539694555,,,,,,108,108.99,818,9.84,,,shortcut,19,20,
WWEST-F4X-01482,F4,WWEST,cylinder,F4X-01482,METHOD-TIMEOUT,POST-TIMEOUT,genuine,,"120 s alarm inside shortcut (post-processing: shortcut 69 accepts 115 s, tighten 501 accepts 5 s); verdict-only REACHABLE in 0.5 s; 60 s post budget -> REACHABLE","aerial3d/api.py:374-392 (shortcut / tighten / merge_corners -> query.py:225-326, each accept() = verify_segment) under G2's 120 s alarm (aerial3dg_batch._alarm)",TIMEOUT:query_exceeded_120s,PASS,stored_route_uv_0.1mm,1.008,True,TIMEOUT:query_exceeded_120s,120.0,549453247f5cf37a,7.959,19.99,10.498,10.498,"A* route lateral clearance (row robot, chassis +3 mm, margin 0)",False,REACHABLE,0.4889754250179976,REACHABLE,66.4153977620881,,,,,,69,114.94,501,4.72,,,shortcut,14,15,
WWEST-F4X-01508,F4,WWEST,cylinder,F4X-01508,METHOD-TIMEOUT,POST-TIMEOUT,genuine,,"120 s alarm inside shortcut (post-processing: shortcut 42 accepts 116 s, tighten 433 accepts 3 s); verdict-only REACHABLE in 1.5 s; 60 s post budget -> REACHABLE","aerial3d/api.py:374-392 (shortcut / tighten / merge_corners -> query.py:225-326, each accept() = verify_segment) under G2's 120 s alarm (aerial3dg_batch._alarm)",TIMEOUT:query_exceeded_120s,PASS,stored_route_uv_0.1mm,1.023,True,TIMEOUT:query_exceeded_120s,120.0,549453247f5cf37a,2.764,15.527,10.126,10.126,"A* route lateral clearance (row robot, chassis +3 mm, margin 0)",False,REACHABLE,1.5391290460247546,REACHABLE,61.740232961950824,,,,,,42,116.37,433,3.43,,,shortcut,12,13,
WWEST-F4X-01522,F4,WWEST,cylinder,F4X-01522,METHOD-TIMEOUT,POST-TIMEOUT,genuine,,"120 s alarm inside shortcut (post-processing: shortcut 140 accepts 94 s, tighten 535 accepts 25 s); verdict-only UNKNOWN in 2.4 s; 60 s post budget -> REACHABLE","aerial3d/api.py:374-392 (shortcut / tighten / merge_corners -> query.py:225-326, each accept() = verify_segment) under G2's 120 s alarm (aerial3dg_batch._alarm)",TIMEOUT:query_exceeded_120s,PASS,stored_route_uv_0.1mm,1.003,True,TIMEOUT:query_exceeded_120s,120.0,549453247f5cf37a,19.424,3.154,21.472,21.472,"A* route lateral clearance (row robot, chassis +3 mm, margin 0)",False,UNKNOWN,2.3946992089040577,REACHABLE,62.59008367010392,,,,,,140,94.14,535,25.41,,,shortcut,17,18,True
WWEST-F4X-01535,F4,WWEST,cylinder,F4X-01535,METHOD-TIMEOUT,POST-TIMEOUT,genuine,,"120 s alarm inside shortcut (post-processing: shortcut 66 accepts 104 s, tighten 579 accepts 16 s); verdict-only REACHABLE in 2.5 s; 60 s post budget -> REACHABLE","aerial3d/api.py:374-392 (shortcut / tighten / merge_corners -> query.py:225-326, each accept() = verify_segment) under G2's 120 s alarm (aerial3dg_batch._alarm)",TIMEOUT:query_exceeded_120s,PASS,stored_route_uv_0.1mm,1.002,True,TIMEOUT:query_exceeded_120s,120.0,549453247f5cf37a,3.154,19.99,5.157,5.157,"A* route lateral clearance (row robot, chassis +3 mm, margin 0)",False,REACHABLE,2.4776947090867907,REACHABLE,62.72557703591883,,,,,,66,104.01,579,15.6,,,shortcut,16,17,
WWEST-F4X-01542,F4,WWEST,cylinder,F4X-01542,METHOD-TIMEOUT,POST-TIMEOUT,genuine,,"120 s alarm inside tighten (post-processing: shortcut 74 accepts 113 s, tighten 345 accepts 6 s); verdict-only REACHABLE in 1.5 s; 60 s post budget -> REACHABLE","aerial3d/api.py:374-392 (shortcut / tighten / merge_corners -> query.py:225-326, each accept() = verify_segment) under G2's 120 s alarm (aerial3dg_batch._alarm)",TIMEOUT:query_exceeded_120s,PASS,stored_route_uv_0.1mm,1.003,True,TIMEOUT:query_exceeded_120s,120.0,549453247f5cf37a,19.99,11.387,3.839,3.839,"A* route lateral clearance (row robot, chassis +3 mm, margin 0)",False,REACHABLE,1.4759403518401086,REACHABLE,64.43310832697898,,,,,,74,113.16,345,5.67,,,tighten,21,22,
WWEST-F4X-01544,F4,WWEST,cylinder,F4X-01544,METHOD-TIMEOUT,POST-TIMEOUT,genuine,,"120 s alarm inside shortcut (post-processing: shortcut 78 accepts 109 s, tighten 382 accepts 10 s); verdict-only REACHABLE in 1.2 s; 60 s post budget -> REACHABLE","aerial3d/api.py:374-392 (shortcut / tighten / merge_corners -> query.py:225-326, each accept() = verify_segment) under G2's 120 s alarm (aerial3dg_batch._alarm)",TIMEOUT:query_exceeded_120s,PASS,stored_route_uv_0.1mm,1.076,True,TIMEOUT:query_exceeded_120s,120.0,549453247f5cf37a,3.984,19.99,58.936,58.936,"A* route lateral clearance (row robot, chassis +3 mm, margin 0)",False,REACHABLE,1.2139780391007662,REACHABLE,63.90787481004372,,,,,,78,109.3,382,9.74,,,shortcut,20,21,
WWEST-F4X-01558,F4,WWEST,cylinder,F4X-01558,METHOD-TIMEOUT,POST-TIMEOUT,genuine,,"re-query REACHABLE in 112 s (post-processing: shortcut 192 accepts 100 s, tighten 369 accepts 11 s, merge_corners 41 accepts 1 s); verdict-only REACHABLE in 1.2 s; 60 s post budget -> REACHABLE","aerial3d/api.py:374-392 (shortcut / tighten / merge_corners -> query.py:225-326, each accept() = verify_segment) under G2's 120 s alarm (aerial3dg_batch._alarm)",TIMEOUT:query_exceeded_120s,PASS,stored_route_uv_0.1mm,1.003,False,REACHABLE:graph_path_lifted_and_verified,112.44,549453247f5cf37a,19.99,19.99,9.412,9.412,"A* route lateral clearance (row robot, chassis +3 mm, margin 0)",False,REACHABLE,1.2206643698737025,REACHABLE,64.3460975389462,,,,,,192,99.56,369,10.97,41,0.7,,21,21,
WWEST-F4X-01571,F4,WWEST,cylinder,F4X-01571,METHOD-TIMEOUT,POST-TIMEOUT,genuine,,"120 s alarm inside shortcut (post-processing: shortcut 101 accepts 108 s, tighten 324 accepts 11 s); verdict-only UNKNOWN in 2.0 s; 60 s post budget -> REACHABLE","aerial3d/api.py:374-392 (shortcut / tighten / merge_corners -> query.py:225-326, each accept() = verify_segment) under G2's 120 s alarm (aerial3dg_batch._alarm)",TIMEOUT:query_exceeded_120s,PASS,stored_route_uv_0.1mm,1.085,True,TIMEOUT:query_exceeded_120s,120.0,549453247f5cf37a,19.99,2.764,33.783,33.783,"A* route lateral clearance (row robot, chassis +3 mm, margin 0)",False,UNKNOWN,2.0163035260047764,REACHABLE,64.08971013687551,,,,,,101,108.23,324,11.44,,,shortcut,17,18,True
WWEST-F4X-01577,F4,WWEST,cylinder,F4X-01577,METHOD-TIMEOUT,POST-TIMEOUT,genuine,,"120 s alarm inside shortcut (post-processing: shortcut 105 accepts 115 s, tighten 369 accepts 4 s); verdict-only REACHABLE in 1.0 s; 60 s post budget -> REACHABLE","aerial3d/api.py:374-392 (shortcut / tighten / merge_corners -> query.py:225-326, each accept() = verify_segment) under G2's 120 s alarm (aerial3dg_batch._alarm)",TIMEOUT:query_exceeded_120s,PASS,stored_route_uv_0.1mm,1.001,True,TIMEOUT:query_exceeded_120s,120.0,549453247f5cf37a,9.238,19.99,6.14,6.14,"A* route lateral clearance (row robot, chassis +3 mm, margin 0)",False,REACHABLE,0.977542940992862,REACHABLE,60.99331728485413,,,,,,105,115.37,369,3.81,,,shortcut,18,19,
WWEST-F4X-01602,F4,WWEST,cylinder,F4X-01602,METHOD-TIMEOUT,POST-TIMEOUT,genuine,,"120 s alarm inside shortcut (post-processing: shortcut 95 accepts 116 s, tighten 349 accepts 3 s); verdict-only REACHABLE in 0.5 s; 60 s post budget -> REACHABLE","aerial3d/api.py:374-392 (shortcut / tighten / merge_corners -> query.py:225-326, each accept() = verify_segment) under G2's 120 s alarm (aerial3dg_batch._alarm)",TIMEOUT:query_exceeded_120s,PASS,stored_route_uv_0.1mm,1.015,True,TIMEOUT:query_exceeded_120s,120.0,549453247f5cf37a,3.73,19.99,31.073,31.073,"A* route lateral clearance (row robot, chassis +3 mm, margin 0)",False,REACHABLE,0.48631887207739055,REACHABLE,60.485959738027304,,,,,,95,116.3,349,3.2,,,shortcut,16,17,
WWEST-F4X-01606,F4,WWEST,cylinder,F4X-01606,METHOD-TIMEOUT,POST-TIMEOUT,genuine,,"120 s alarm inside shortcut (post-processing: shortcut 73 accepts 117 s, tighten 333 accepts 3 s); verdict-only REACHABLE in 1.9 s; 60 s post budget -> REACHABLE","aerial3d/api.py:374-392 (shortcut / tighten / merge_corners -> query.py:225-326, each accept() = verify_segment) under G2's 120 s alarm (aerial3dg_batch._alarm)",TIMEOUT:query_exceeded_120s,PASS,stored_route_uv_0.1mm,1.023,True,TIMEOUT:query_exceeded_120s,120.0,549453247f5cf37a,7.354,3.73,10.999,10.999,"A* route lateral clearance (row robot, chassis +3 mm, margin 0)",False,REACHABLE,1.888034967938438,REACHABLE,64.61277933302335,,,,,,73,116.98,333,2.83,,,shortcut,16,17,
WWEST-F4X-01619,F4,WWEST,cylinder,F4X-01619,METHOD-TIMEOUT,POST-TIMEOUT,genuine,,"120 s alarm inside shortcut (post-processing: shortcut 72 accepts 103 s, tighten 505 accepts 17 s); verdict-only UNKNOWN in 1.7 s; 60 s post budget -> REACHABLE","aerial3d/api.py:374-392 (shortcut / tighten / merge_corners -> query.py:225-326, each accept() = verify_segment) under G2's 120 s alarm (aerial3dg_batch._alarm)",TIMEOUT:query_exceeded_120s,PASS,stored_route_uv_0.1mm,1.009,True,TIMEOUT:query_exceeded_120s,120.0,549453247f5cf37a,16.641,19.99,6.848,6.848,"A* route lateral clearance (row robot, chassis +3 mm, margin 0)",False,UNKNOWN,1.6713634100742638,REACHABLE,68.74546072585508,,,,,,72,102.97,505,16.62,,,shortcut,17,18,True
WWEST-F4X-01620,F4,WWEST,cylinder,F4X-01620,METHOD-TIMEOUT,POST-TIMEOUT,genuine,,"120 s alarm inside shortcut (post-processing: shortcut 126 accepts 117 s, tighten 308 accepts 3 s); verdict-only UNKNOWN in 0.6 s; 60 s post budget -> REACHABLE","aerial3d/api.py:374-392 (shortcut / tighten / merge_corners -> query.py:225-326, each accept() = verify_segment) under G2's 120 s alarm (aerial3dg_batch._alarm)",TIMEOUT:query_exceeded_120s,PASS,stored_route_uv_0.1mm,1.077,True,TIMEOUT:query_exceeded_120s,120.0,549453247f5cf37a,3.73,19.99,51.239,51.239,"A* route lateral clearance (row robot, chassis +3 mm, margin 0)",False,UNKNOWN,0.6151734529994428,REACHABLE,61.598885213024914,,,,,,126,116.7,308,2.73,,,shortcut,17,18,True
WWEST-F4X-01645,F4,WWEST,cylinder,F4X-01645,METHOD-TIMEOUT,POST-TIMEOUT,genuine,,120 s alarm inside shortcut (post-processing: shortcut 77 accepts 119 s); verdict-only REACHABLE in 1.6 s; 60 s post budget -> REACHABLE,"aerial3d/api.py:374-392 (shortcut / tighten / merge_corners -> query.py:225-326, each accept() = verify_segment) under G2's 120 s alarm (aerial3dg_batch._alarm)",TIMEOUT:query_exceeded_120s,PASS,stored_route_uv_0.1mm,1.006,True,TIMEOUT:query_exceeded_120s,120.0,549453247f5cf37a,3.984,19.99,53.003,53.003,"A* route lateral clearance (row robot, chassis +3 mm, margin 0)",False,REACHABLE,1.5740533769130707,REACHABLE,62.582459938013926,,,,,,77,118.66,,,,,shortcut,24,25,
WWEST-F4X-01647,F4,WWEST,cylinder,F4X-01647,METHOD-TIMEOUT,POST-TIMEOUT,genuine,,"120 s alarm inside tighten (post-processing: shortcut 46 accepts 118 s, tighten 141 accepts 2 s); verdict-only REACHABLE in 0.4 s; 60 s post budget -> REACHABLE","aerial3d/api.py:374-392 (shortcut / tighten / merge_corners -> query.py:225-326, each accept() = verify_segment) under G2's 120 s alarm (aerial3dg_batch._alarm)",TIMEOUT:query_exceeded_120s,PASS,stored_route_uv_0.1mm,1.191,True,TIMEOUT:query_exceeded_120s,120.0,549453247f5cf37a,19.99,7.432,21.1,21.1,"A* route lateral clearance (row robot, chassis +3 mm, margin 0)",False,REACHABLE,0.4138428717851639,REACHABLE,69.78339662007056,,,,,,46,117.76,141,1.95,,,tighten,13,14,
WWEST-F4X-01650,F4,WWEST,cylinder,F4X-01650,METHOD-TIMEOUT,POST-TIMEOUT,genuine,,"120 s alarm inside shortcut (post-processing: shortcut 98 accepts 113 s, tighten 557 accepts 5 s); verdict-only REACHABLE in 1.1 s; 60 s post budget -> REACHABLE","aerial3d/api.py:374-392 (shortcut / tighten / merge_corners -> query.py:225-326, each accept() = verify_segment) under G2's 120 s alarm (aerial3dg_batch._alarm)",TIMEOUT:query_exceeded_120s,PASS,stored_route_uv_0.1mm,1.073,True,TIMEOUT:query_exceeded_120s,120.0,549453247f5cf37a,19.99,19.99,2.191,2.191,"A* route lateral clearance (row robot, chassis +3 mm, margin 0)",False,REACHABLE,1.1425139610655606,REACHABLE,61.357796899043024,,,,,,98,113.42,557,5.46,,,shortcut,22,23,
WWEST-F4X-01657,F4,WWEST,cylinder,F4X-01657,METHOD-TIMEOUT,POST-TIMEOUT,genuine,,"120 s alarm inside shortcut (post-processing: shortcut 178 accepts 112 s, tighten 733 accepts 7 s); verdict-only REACHABLE in 1.2 s; 60 s post budget -> REACHABLE","aerial3d/api.py:374-392 (shortcut / tighten / merge_corners -> query.py:225-326, each accept() = verify_segment) under G2's 120 s alarm (aerial3dg_batch._alarm)",TIMEOUT:query_exceeded_120s,PASS,stored_route_uv_0.1mm,1.018,True,TIMEOUT:query_exceeded_120s,120.0,549453247f5cf37a,19.99,8.711,28.705,28.705,"A* route lateral clearance (row robot, chassis +3 mm, margin 0)",False,REACHABLE,1.243919906904921,REACHABLE,61.349578101886436,,,,,,178,112.09,733,6.83,,,shortcut,22,23,
WWEST-F4X-01662,F4,WWEST,cylinder,F4X-01662,METHOD-TIMEOUT,POST-TIMEOUT,genuine,,"120 s alarm inside shortcut (post-processing: shortcut 87 accepts 119 s, tighten 128 accepts 1 s); verdict-only REACHABLE in 0.6 s; 60 s post budget -> REACHABLE","aerial3d/api.py:374-392 (shortcut / tighten / merge_corners -> query.py:225-326, each accept() = verify_segment) under G2's 120 s alarm (aerial3dg_batch._alarm)",TIMEOUT:query_exceeded_120s,PASS,stored_route_uv_0.1mm,1.046,True,TIMEOUT:query_exceeded_120s,120.0,549453247f5cf37a,3.73,19.99,24.683,24.683,"A* route lateral clearance (row robot, chassis +3 mm, margin 0)",False,REACHABLE,0.5699694030918181,REACHABLE,61.079419422894716,,,,,,87,118.66,128,1.06,,,shortcut,16,15,
WWEST-F4X-01692,F4,WWEST,cylinder,F4X-01692,METHOD-TIMEOUT,POST-TIMEOUT,genuine,,120 s alarm inside shortcut (post-processing: shortcut 57 accepts 119 s); verdict-only REACHABLE in 1.1 s; 60 s post budget -> REACHABLE,"aerial3d/api.py:374-392 (shortcut / tighten / merge_corners -> query.py:225-326, each accept() = verify_segment) under G2's 120 s alarm (aerial3dg_batch._alarm)",TIMEOUT:query_exceeded_120s,PASS,stored_route_uv_0.1mm,1.008,True,TIMEOUT:query_exceeded_120s,120.0,549453247f5cf37a,12.598,19.99,3.296,3.296,"A* route lateral clearance (row robot, chassis +3 mm, margin 0)",False,REACHABLE,1.1335593960247934,REACHABLE,62.880328129045665,,,,,,57,119.04,,,,,shortcut,21,22,
WWEST-F4X-01701,F4,WWEST,cylinder,F4X-01701,METHOD-TIMEOUT,POST-TIMEOUT,genuine,,120 s alarm inside shortcut (post-processing: shortcut 27 accepts 119 s); verdict-only REACHABLE in 1.3 s; 60 s post budget -> REACHABLE,"aerial3d/api.py:374-392 (shortcut / tighten / merge_corners -> query.py:225-326, each accept() = verify_segment) under G2's 120 s alarm (aerial3dg_batch._alarm)",TIMEOUT:query_exceeded_120s,PASS,stored_route_uv_0.1mm,1.006,True,TIMEOUT:query_exceeded_120s,120.0,549453247f5cf37a,19.99,2.988,24.518,24.518,"A* route lateral clearance (row robot, chassis +3 mm, margin 0)",False,REACHABLE,1.265017433091998,REACHABLE,81.16874410095625,,,,,,27,118.94,,,,,shortcut,23,24,
WWEST-F4X-01707,F4,WWEST,cylinder,F4X-01707,METHOD-TIMEOUT,POST-TIMEOUT,genuine,,120 s alarm inside shortcut (post-processing: shortcut 87 accepts 120 s); verdict-only UNKNOWN in 0.5 s; 60 s post budget -> REACHABLE,"aerial3d/api.py:374-392 (shortcut / tighten / merge_corners -> query.py:225-326, each accept() = verify_segment) under G2's 120 s alarm (aerial3dg_batch._alarm)",TIMEOUT:query_exceeded_120s,PASS,stored_route_uv_0.1mm,1.003,True,TIMEOUT:query_exceeded_120s,120.0,549453247f5cf37a,3.73,19.99,14.478,14.478,"A* route lateral clearance (row robot, chassis +3 mm, margin 0)",False,UNKNOWN,0.45665451884269714,REACHABLE,61.620596267981455,,,,,,87,119.6,,,,,shortcut,17,17,True
WWEST-F4X-01719,F4,WWEST,cylinder,F4X-01719,METHOD-TIMEOUT,POST-TIMEOUT,genuine,,"120 s alarm inside shortcut (post-processing: shortcut 171 accepts 116 s, tighten 387 accepts 3 s); verdict-only REACHABLE in 1.1 s; 60 s post budget -> REACHABLE","aerial3d/api.py:374-392 (shortcut / tighten / merge_corners -> query.py:225-326, each accept() = verify_segment) under G2's 120 s alarm (aerial3dg_batch._alarm)",TIMEOUT:query_exceeded_120s,PASS,stored_route_uv_0.1mm,1.027,True,TIMEOUT:query_exceeded_120s,120.0,549453247f5cf37a,19.99,3.984,17.908,17.908,"A* route lateral clearance (row robot, chassis +3 mm, margin 0)",False,REACHABLE,1.0509448959492147,REACHABLE,61.16962499800138,,,,,,171,115.67,387,3.34,,,shortcut,21,22,
WWEST-F4X-01722,F4,WWEST,cylinder,F4X-01722,METHOD-TIMEOUT,POST-TIMEOUT,genuine,,120 s alarm inside shortcut (post-processing: shortcut 51 accepts 120 s); verdict-only UNKNOWN in 0.4 s; 60 s post budget -> REACHABLE,"aerial3d/api.py:374-392 (shortcut / tighten / merge_corners -> query.py:225-326, each accept() = verify_segment) under G2's 120 s alarm (aerial3dg_batch._alarm)",TIMEOUT:query_exceeded_120s,PASS,stored_route_uv_0.1mm,1.121,True,TIMEOUT:query_exceeded_120s,120.0,549453247f5cf37a,6.592,19.99,2.13,2.13,"A* route lateral clearance (row robot, chassis +3 mm, margin 0)",False,UNKNOWN,0.4408648549579084,REACHABLE,70.64629214187153,,,,,,51,119.74,,,,,shortcut,18,19,True
WWEST-F4X-01731,F4,WWEST,cylinder,F4X-01731,METHOD-TIMEOUT,POST-TIMEOUT,genuine,,"120 s alarm inside after_merge_corners (post-processing: shortcut 101 accepts 103 s, tighten 316 accepts 16 s, merge_corners 32 accepts 1 s); verdict-only REACHABLE in 1.8 s; 60 s post budget -> REACHABLE","aerial3d/api.py:374-392 (shortcut / tighten / merge_corners -> query.py:225-326, each accept() = verify_segment) under G2's 120 s alarm (aerial3dg_batch._alarm)",TIMEOUT:query_exceeded_120s,PASS,stored_route_uv_0.1mm,1.014,True,TIMEOUT:query_exceeded_120s,120.0,549453247f5cf37a,3.154,11.641,14.905,14.905,"A* route lateral clearance (row robot, chassis +3 mm, margin 0)",False,REACHABLE,1.7806810489855707,REACHABLE,66.10472610406578,,,,,,101,103.49,316,15.6,32,0.55,after_merge_corners,14,15,
WWEST-F4X-01740,F4,WWEST,cylinder,F4X-01740,METHOD-TIMEOUT,POST-TIMEOUT,genuine,,"120 s alarm inside shortcut (post-processing: shortcut 411 accepts 112 s, tighten 828 accepts 6 s); verdict-only REACHABLE in 2.0 s; 60 s post budget -> REACHABLE","aerial3d/api.py:374-392 (shortcut / tighten / merge_corners -> query.py:225-326, each accept() = verify_segment) under G2's 120 s alarm (aerial3dg_batch._alarm)",TIMEOUT:query_exceeded_120s,PASS,stored_route_uv_0.1mm,1.008,True,TIMEOUT:query_exceeded_120s,120.0,549453247f5cf37a,7.217,18.789,17.291,17.291,"A* route lateral clearance (row robot, chassis +3 mm, margin 0)",False,REACHABLE,1.9789568029809743,REACHABLE,62.67029933189042,,,,,,411,111.85,828,6.41,,,shortcut,27,28,
WWEST-F4X-01747,F4,WWEST,cylinder,F4X-01747,METHOD-TIMEOUT,POST-TIMEOUT,genuine,,"re-query REACHABLE in 104 s (post-processing: shortcut 243 accepts 98 s, tighten 491 accepts 4 s, merge_corners 16 accepts 0 s); verdict-only REACHABLE in 0.7 s; 60 s post budget -> REACHABLE","aerial3d/api.py:374-392 (shortcut / tighten / merge_corners -> query.py:225-326, each accept() = verify_segment) under G2's 120 s alarm (aerial3dg_batch._alarm)",TIMEOUT:query_exceeded_120s,PASS,stored_route_uv_0.1mm,1.255,False,REACHABLE:graph_path_lifted_and_verified,103.54,549453247f5cf37a,8.438,19.99,30.219,30.219,"A* route lateral clearance (row robot, chassis +3 mm, margin 0)",False,REACHABLE,0.7276807038579136,REACHABLE,62.98458138899878,,,,,,243,98.43,491,4.32,16,0.21,,18,18,
WWEST-F4X-01772,F4,WWEST,cylinder,F4X-01772,METHOD-TIMEOUT,POST-TIMEOUT,genuine,,"120 s alarm inside shortcut (post-processing: shortcut 105 accepts 115 s, tighten 472 accepts 4 s); verdict-only UNKNOWN in 1.1 s; 60 s post budget -> REACHABLE","aerial3d/api.py:374-392 (shortcut / tighten / merge_corners -> query.py:225-326, each accept() = verify_segment) under G2's 120 s alarm (aerial3dg_batch._alarm)",TIMEOUT:query_exceeded_120s,PASS,stored_route_uv_0.1mm,1.048,True,TIMEOUT:query_exceeded_120s,120.0,549453247f5cf37a,9.863,19.99,11.133,11.133,"A* route lateral clearance (row robot, chassis +3 mm, margin 0)",False,UNKNOWN,1.0599120759870857,REACHABLE,66.06239365809597,,,,,,105,115.44,472,4.13,,,shortcut,20,21,True
WWEST-F4X-01789,F4,WWEST,cylinder,F4X-01789,METHOD-TIMEOUT,POST-TIMEOUT,genuine,,"re-query REACHABLE in 104 s (post-processing: shortcut 183 accepts 87 s, tighten 403 accepts 7 s, merge_corners 58 accepts 9 s); verdict-only REACHABLE in 1.0 s; 60 s post budget -> REACHABLE","aerial3d/api.py:374-392 (shortcut / tighten / merge_corners -> query.py:225-326, each accept() = verify_segment) under G2's 120 s alarm (aerial3dg_batch._alarm)",TIMEOUT:query_exceeded_120s,PASS,stored_route_uv_0.1mm,1.077,False,REACHABLE:graph_path_lifted_and_verified,103.55,549453247f5cf37a,19.424,4.297,11.243,11.243,"A* route lateral clearance (row robot, chassis +3 mm, margin 0)",False,REACHABLE,0.9802529728040099,REACHABLE,63.021405215142295,,,,,,183,86.72,403,6.83,58,8.86,,21,22,
WWEST-F4X-01798,F4,WWEST,cylinder,F4X-01798,METHOD-TIMEOUT,POST-TIMEOUT,genuine,,"120 s alarm inside shortcut (post-processing: shortcut 67 accepts 110 s, tighten 410 accepts 10 s); verdict-only REACHABLE in 0.8 s; 60 s post budget -> REACHABLE","aerial3d/api.py:374-392 (shortcut / tighten / merge_corners -> query.py:225-326, each accept() = verify_segment) under G2's 120 s alarm (aerial3dg_batch._alarm)",TIMEOUT:query_exceeded_120s,PASS,stored_route_uv_0.1mm,1.077,True,TIMEOUT:query_exceeded_120s,120.0,549453247f5cf37a,3.984,19.99,68.5,68.5,"A* route lateral clearance (row robot, chassis +3 mm, margin 0)",False,REACHABLE,0.8027348010800779,REACHABLE,61.16005479404703,,,,,,67,109.81,410,9.62,,,shortcut,17,18,
WWEST-F4X-01806,F4,WWEST,cylinder,F4X-01806,METHOD-TIMEOUT,POST-TIMEOUT,genuine,,"120 s alarm inside shortcut (post-processing: shortcut 145 accepts 116 s, tighten 354 accepts 4 s); verdict-only UNKNOWN in 3.6 s; 60 s post budget -> REACHABLE","aerial3d/api.py:374-392 (shortcut / tighten / merge_corners -> query.py:225-326, each accept() = verify_segment) under G2's 120 s alarm (aerial3dg_batch._alarm)",TIMEOUT:query_exceeded_120s,PASS,stored_route_uv_0.1mm,1.008,True,TIMEOUT:query_exceeded_120s,120.0,549453247f5cf37a,14.502,2.939,2.203,2.203,"A* route lateral clearance (row robot, chassis +3 mm, margin 0)",False,UNKNOWN,3.5512420278973877,REACHABLE,63.19580699200742,,,,,,145,115.83,354,3.86,,,shortcut,20,21,True
WWEST-F4X-01827,F4,WWEST,cylinder,F4X-01827,METHOD-TIMEOUT,POST-TIMEOUT,genuine,,"120 s alarm inside shortcut (post-processing: shortcut 61 accepts 116 s, tighten 510 accepts 4 s); verdict-only UNKNOWN in 0.8 s; 60 s post budget -> REACHABLE","aerial3d/api.py:374-392 (shortcut / tighten / merge_corners -> query.py:225-326, each accept() = verify_segment) under G2's 120 s alarm (aerial3dg_batch._alarm)",TIMEOUT:query_exceeded_120s,PASS,stored_route_uv_0.1mm,1.05,True,TIMEOUT:query_exceeded_120s,120.0,549453247f5cf37a,3.818,12.207,24.255,24.255,"A* route lateral clearance (row robot, chassis +3 mm, margin 0)",False,UNKNOWN,0.832973042037338,REACHABLE,62.367930374108255,,,,,,61,116.32,510,3.51,,,shortcut,11,12,True
WWEST-F4X-01857,F4,WWEST,cylinder,F4X-01857,METHOD-TIMEOUT,POST-TIMEOUT,genuine,,"120 s alarm inside shortcut (post-processing: shortcut 124 accepts 114 s, tighten 505 accepts 4 s); verdict-only REACHABLE in 1.7 s; 60 s post budget -> REACHABLE","aerial3d/api.py:374-392 (shortcut / tighten / merge_corners -> query.py:225-326, each accept() = verify_segment) under G2's 120 s alarm (aerial3dg_batch._alarm)",TIMEOUT:query_exceeded_120s,PASS,stored_route_uv_0.1mm,1.016,True,TIMEOUT:query_exceeded_120s,120.0,549453247f5cf37a,5.244,8.74,12.72,12.72,"A* route lateral clearance (row robot, chassis +3 mm, margin 0)",False,REACHABLE,1.7261775929946452,REACHABLE,61.714970651082695,,,,,,124,114.35,505,4.06,,,shortcut,20,21,
WWEST-F4X-01869,F4,WWEST,cylinder,F4X-01869,METHOD-TIMEOUT,POST-TIMEOUT,genuine,,120 s alarm inside shortcut (post-processing: shortcut 58 accepts 120 s); verdict-only REACHABLE in 0.5 s; 60 s post budget -> REACHABLE,"aerial3d/api.py:374-392 (shortcut / tighten / merge_corners -> query.py:225-326, each accept() = verify_segment) under G2's 120 s alarm (aerial3dg_batch._alarm)",TIMEOUT:query_exceeded_120s,PASS,stored_route_uv_0.1mm,1.186,True,TIMEOUT:query_exceeded_120s,120.0,549453247f5cf37a,19.99,12.852,20.343,20.343,"A* route lateral clearance (row robot, chassis +3 mm, margin 0)",False,REACHABLE,0.498702592914924,REACHABLE,63.39297484490089,,,,,,58,119.68,,,,,shortcut,17,18,
WWEST-F4X-01904,F4,WWEST,cylinder,F4X-01904,METHOD-TIMEOUT,POST-TIMEOUT,genuine,,"120 s alarm inside shortcut (post-processing: shortcut 60 accepts 101 s, tighten 362 accepts 18 s); verdict-only UNKNOWN in 1.3 s; 60 s post budget -> REACHABLE","aerial3d/api.py:374-392 (shortcut / tighten / merge_corners -> query.py:225-326, each accept() = verify_segment) under G2's 120 s alarm (aerial3dg_batch._alarm)",TIMEOUT:query_exceeded_120s,PASS,stored_route_uv_0.1mm,1.077,True,TIMEOUT:query_exceeded_120s,120.0,549453247f5cf37a,19.99,19.99,1.508,1.508,"A* route lateral clearance (row robot, chassis +3 mm, margin 0)",True,UNKNOWN,1.3367072420660406,REACHABLE,66.42343230289407,,,,,,60,101.19,362,17.69,,,shortcut,23,23,True
WWEST-F4X-01928,F4,WWEST,cylinder,F4X-01928,METHOD-TIMEOUT,POST-TIMEOUT,genuine,,120 s alarm inside shortcut (post-processing: shortcut 62 accepts 119 s); verdict-only UNKNOWN in 1.3 s; 60 s post budget -> REACHABLE,"aerial3d/api.py:374-392 (shortcut / tighten / merge_corners -> query.py:225-326, each accept() = verify_segment) under G2's 120 s alarm (aerial3dg_batch._alarm)",TIMEOUT:query_exceeded_120s,PASS,stored_route_uv_0.1mm,1.255,True,TIMEOUT:query_exceeded_120s,120.0,549453247f5cf37a,6.592,8.799,17.017,17.017,"A* route lateral clearance (row robot, chassis +3 mm, margin 0)",False,UNKNOWN,1.2862463048659265,REACHABLE,79.27223933604546,,,,,,62,118.93,,,,,shortcut,22,23,True
WWEST-F4X-01967,F4,WWEST,cylinder,F4X-01967,METHOD-TIMEOUT,POST-TIMEOUT,genuine,,"120 s alarm inside shortcut (post-processing: shortcut 65 accepts 114 s, tighten 465 accepts 5 s); verdict-only REACHABLE in 1.1 s; 60 s post budget -> REACHABLE","aerial3d/api.py:374-392 (shortcut / tighten / merge_corners -> query.py:225-326, each accept() = verify_segment) under G2's 120 s alarm (aerial3dg_batch._alarm)",TIMEOUT:query_exceeded_120s,PASS,stored_route_uv_0.1mm,1.012,True,TIMEOUT:query_exceeded_120s,120.0,549453247f5cf37a,19.99,3.73,88.373,88.373,"A* route lateral clearance (row robot, chassis +3 mm, margin 0)",False,REACHABLE,1.1476802879478782,REACHABLE,61.823717737803236,,,,,,65,114.05,465,5.01,,,shortcut,18,19,
WWEST-F4X-01970,F4,WWEST,cylinder,F4X-01970,METHOD-TIMEOUT,POST-TIMEOUT,genuine,,"120 s alarm inside shortcut (post-processing: shortcut 156 accepts 113 s, tighten 536 accepts 7 s); verdict-only UNKNOWN in 1.1 s; 60 s post budget -> REACHABLE","aerial3d/api.py:374-392 (shortcut / tighten / merge_corners -> query.py:225-326, each accept() = verify_segment) under G2's 120 s alarm (aerial3dg_batch._alarm)",TIMEOUT:query_exceeded_120s,PASS,stored_route_uv_0.1mm,1.077,True,TIMEOUT:query_exceeded_120s,120.0,549453247f5cf37a,19.99,3.984,26.013,26.013,"A* route lateral clearance (row robot, chassis +3 mm, margin 0)",False,UNKNOWN,1.1064284080639482,REACHABLE,63.7317969519645,,,,,,156,112.53,536,6.54,,,shortcut,20,21,True
WWEST-F4X-01982,F4,WWEST,cylinder,F4X-01982,METHOD-TIMEOUT,POST-TIMEOUT,genuine,,"120 s alarm inside shortcut (post-processing: shortcut 71 accepts 115 s, tighten 387 accepts 4 s); verdict-only REACHABLE in 0.9 s; 60 s post budget -> REACHABLE","aerial3d/api.py:374-392 (shortcut / tighten / merge_corners -> query.py:225-326, each accept() = verify_segment) under G2's 120 s alarm (aerial3dg_batch._alarm)",TIMEOUT:query_exceeded_120s,PASS,stored_route_uv_0.1mm,1.077,True,TIMEOUT:query_exceeded_120s,120.0,549453247f5cf37a,12.207,3.73,38.08,38.08,"A* route lateral clearance (row robot, chassis +3 mm, margin 0)",False,REACHABLE,0.8953948579728603,REACHABLE,62.238542889012024,,,,,,71,115.38,387,3.87,,,shortcut,17,18,
WWEST-F4X-01988,F4,WWEST,cylinder,F4X-01988,METHOD-TIMEOUT,POST-TIMEOUT,genuine,,"120 s alarm inside shortcut (post-processing: shortcut 171 accepts 116 s, tighten 373 accepts 3 s); verdict-only UNKNOWN in 1.1 s; 60 s post budget -> REACHABLE","aerial3d/api.py:374-392 (shortcut / tighten / merge_corners -> query.py:225-326, each accept() = verify_segment) under G2's 120 s alarm (aerial3dg_batch._alarm)",TIMEOUT:query_exceeded_120s,PASS,stored_route_uv_0.1mm,1.386,True,TIMEOUT:query_exceeded_120s,120.0,549453247f5cf37a,19.99,3.818,14.496,14.496,"A* route lateral clearance (row robot, chassis +3 mm, margin 0)",False,UNKNOWN,1.088377155829221,REACHABLE,61.76178676192649,,,,,,171,116.38,373,3.43,,,shortcut,12,12,True
WWEST-F4X-02000,F4,WWEST,cylinder,F4X-02000,METHOD-TIMEOUT,POST-TIMEOUT,genuine,,"120 s alarm inside shortcut (post-processing: shortcut 63 accepts 105 s, tighten 383 accepts 14 s); verdict-only REACHABLE in 2.0 s; 60 s post budget -> REACHABLE","aerial3d/api.py:374-392 (shortcut / tighten / merge_corners -> query.py:225-326, each accept() = verify_segment) under G2's 120 s alarm (aerial3dg_batch._alarm)",TIMEOUT:query_exceeded_120s,PASS,stored_route_uv_0.1mm,1.013,True,TIMEOUT:query_exceeded_120s,120.0,549453247f5cf37a,3.291,8.877,8.514,8.514,"A* route lateral clearance (row robot, chassis +3 mm, margin 0)",False,REACHABLE,1.963849453954026,REACHABLE,67.07092784717679,,,,,,63,105.25,383,14.48,,,shortcut,13,14,
WWEST-F4X-02002,F4,WWEST,cylinder,F4X-02002,METHOD-TIMEOUT,POST-TIMEOUT,genuine,,"120 s alarm inside shortcut (post-processing: shortcut 119 accepts 117 s, tighten 286 accepts 3 s); verdict-only UNKNOWN in 2.0 s; 60 s post budget -> REACHABLE","aerial3d/api.py:374-392 (shortcut / tighten / merge_corners -> query.py:225-326, each accept() = verify_segment) under G2's 120 s alarm (aerial3dg_batch._alarm)",TIMEOUT:query_exceeded_120s,PASS,stored_route_uv_0.1mm,1.097,True,TIMEOUT:query_exceeded_120s,120.0,549453247f5cf37a,19.99,2.764,25.97,25.97,"A* route lateral clearance (row robot, chassis +3 mm, margin 0)",False,UNKNOWN,1.9807912991382182,REACHABLE,64.09547907090746,,,,,,119,116.7,286,3.08,,,shortcut,16,17,True
WWEST-F4X-02012,F4,WWEST,cylinder,F4X-02012,METHOD-TIMEOUT,POST-TIMEOUT,genuine,,"120 s alarm inside shortcut (post-processing: shortcut 415 accepts 110 s, tighten 572 accepts 9 s); verdict-only UNKNOWN in 3.0 s; 60 s post budget -> REACHABLE","aerial3d/api.py:374-392 (shortcut / tighten / merge_corners -> query.py:225-326, each accept() = verify_segment) under G2's 120 s alarm (aerial3dg_batch._alarm)",TIMEOUT:query_exceeded_120s,PASS,stored_route_uv_0.1mm,1.806,True,TIMEOUT:query_exceeded_120s (alarm surfaced as TypeError),120.0,549453247f5cf37a,19.99,3.945,8.74,8.74,"A* route lateral clearance (row robot, chassis +3 mm, margin 0)",False,UNKNOWN,3.0120171578601003,REACHABLE,63.5179011169821,,,,,,415,109.89,572,8.77,,,shortcut,27,28,True
WWEST-F4X-02014,F4,WWEST,cylinder,F4X-02014,METHOD-TIMEOUT,POST-TIMEOUT,genuine,,120 s alarm inside shortcut (post-processing: shortcut 55 accepts 119 s); verdict-only REACHABLE in 1.1 s; 60 s post budget -> REACHABLE,"aerial3d/api.py:374-392 (shortcut / tighten / merge_corners -> query.py:225-326, each accept() = verify_segment) under G2's 120 s alarm (aerial3dg_batch._alarm)",TIMEOUT:query_exceeded_120s,PASS,stored_route_uv_0.1mm,1.017,True,TIMEOUT:query_exceeded_120s,120.0,549453247f5cf37a,3.73,19.99,27.515,27.515,"A* route lateral clearance (row robot, chassis +3 mm, margin 0)",False,REACHABLE,1.0848288720007986,REACHABLE,63.38003158289939,,,,,,55,119.12,,,,,shortcut,20,20,
WWEST-F4X-02032,F4,WWEST,cylinder,F4X-02032,METHOD-TIMEOUT,POST-TIMEOUT,genuine,,120 s alarm inside shortcut (post-processing: shortcut 58 accepts 119 s); verdict-only UNKNOWN in 1.3 s; 60 s post budget -> REACHABLE,"aerial3d/api.py:374-392 (shortcut / tighten / merge_corners -> query.py:225-326, each accept() = verify_segment) under G2's 120 s alarm (aerial3dg_batch._alarm)",TIMEOUT:query_exceeded_120s,PASS,stored_route_uv_0.1mm,1.005,True,TIMEOUT:query_exceeded_120s,120.0,549453247f5cf37a,12.656,19.99,15.881,15.881,"A* route lateral clearance (row robot, chassis +3 mm, margin 0)",False,UNKNOWN,1.2548036891967058,REACHABLE,61.978230147855356,,,,,,58,118.97,,,,,shortcut,21,22,True
WWEST-F4X-02043,F4,WWEST,cylinder,F4X-02043,METHOD-TIMEOUT,POST-TIMEOUT,genuine,,"120 s alarm inside shortcut (post-processing: shortcut 62 accepts 108 s, tighten 553 accepts 12 s); verdict-only REACHABLE in 0.9 s; 60 s post budget -> REACHABLE","aerial3d/api.py:374-392 (shortcut / tighten / merge_corners -> query.py:225-326, each accept() = verify_segment) under G2's 120 s alarm (aerial3dg_batch._alarm)",TIMEOUT:query_exceeded_120s,PASS,stored_route_uv_0.1mm,1.011,True,TIMEOUT:query_exceeded_120s,120.0,549453247f5cf37a,14.219,6.631,8.801,8.801,"A* route lateral clearance (row robot, chassis +3 mm, margin 0)",False,REACHABLE,0.9183094231411815,REACHABLE,61.77252767817117,,,,,,62,107.95,553,11.73,,,shortcut,15,16,
WWEST-F4X-02055,F4,WWEST,cylinder,F4X-02055,METHOD-TIMEOUT,POST-TIMEOUT,genuine,,"re-query REACHABLE in 117 s (post-processing: shortcut 101 accepts 98 s, tighten 350 accepts 14 s, merge_corners 22 accepts 3 s); verdict-only REACHABLE in 0.8 s; 60 s post budget -> REACHABLE","aerial3d/api.py:374-392 (shortcut / tighten / merge_corners -> query.py:225-326, each accept() = verify_segment) under G2's 120 s alarm (aerial3dg_batch._alarm)",TIMEOUT:query_exceeded_120s,PASS,stored_route_uv_0.1mm,1.002,False,REACHABLE:graph_path_lifted_and_verified,117.32,549453247f5cf37a,14.18,12.656,9.717,9.717,"A* route lateral clearance (row robot, chassis +3 mm, margin 0)",False,REACHABLE,0.8283487858716398,REACHABLE,64.25915026315488,,,,,,101,98.45,350,13.98,22,3.16,,14,14,
WWEST-F4X-02057,F4,WWEST,cylinder,F4X-02057,METHOD-TIMEOUT,POST-TIMEOUT,genuine,,"120 s alarm inside shortcut (post-processing: shortcut 70 accepts 112 s, tighten 316 accepts 6 s); verdict-only REACHABLE in 2.3 s; 60 s post budget -> REACHABLE","aerial3d/api.py:374-392 (shortcut / tighten / merge_corners -> query.py:225-326, each accept() = verify_segment) under G2's 120 s alarm (aerial3dg_batch._alarm)",TIMEOUT:query_exceeded_120s,PASS,stored_route_uv_0.1mm,1.003,True,TIMEOUT:query_exceeded_120s,120.0,549453247f5cf37a,14.355,19.99,9.399,9.399,"A* route lateral clearance (row robot, chassis +3 mm, margin 0)",False,REACHABLE,2.285636382875964,REACHABLE,62.13852318003774,,,,,,70,112.16,316,6.29,,,shortcut,27,28,
WWEST-F4X-02061,F4,WWEST,cylinder,F4X-02061,METHOD-TIMEOUT,POST-TIMEOUT,genuine,,"re-query REACHABLE in 113 s (post-processing: shortcut 228 accepts 88 s, tighten 412 accepts 4 s, merge_corners 29 accepts 20 s); verdict-only UNKNOWN in 0.3 s; 60 s post budget -> REACHABLE","aerial3d/api.py:374-392 (shortcut / tighten / merge_corners -> query.py:225-326, each accept() = verify_segment) under G2's 120 s alarm (aerial3dg_batch._alarm)",TIMEOUT:query_exceeded_120s,PASS,stored_route_uv_0.1mm,1.71,False,REACHABLE:graph_path_lifted_and_verified,112.69,549453247f5cf37a,19.99,5.352,5.78,5.78,"A* route lateral clearance (row robot, chassis +3 mm, margin 0)",False,UNKNOWN,0.34580068988725543,REACHABLE,60.96988043398596,,,,,,228,88.42,412,3.8,29,20.13,,13,14,True
WWEST-F4X-02088,F4,WWEST,cylinder,F4X-02088,METHOD-TIMEOUT,POST-TIMEOUT,genuine,,120 s alarm inside shortcut (post-processing: shortcut 59 accepts 119 s); verdict-only REACHABLE in 1.2 s; 60 s post budget -> REACHABLE,"aerial3d/api.py:374-392 (shortcut / tighten / merge_corners -> query.py:225-326, each accept() = verify_segment) under G2's 120 s alarm (aerial3dg_batch._alarm)",TIMEOUT:query_exceeded_120s,PASS,stored_route_uv_0.1mm,1.007,True,TIMEOUT:query_exceeded_120s,120.0,549453247f5cf37a,3.984,19.99,82.208,82.208,"A* route lateral clearance (row robot, chassis +3 mm, margin 0)",False,REACHABLE,1.1906617020722479,REACHABLE,65.65832164208405,,,,,,59,118.98,,,,,shortcut,22,23,
WWEST-F4X-02093,F4,WWEST,cylinder,F4X-02093,METHOD-TIMEOUT,POST-TIMEOUT,genuine,,"120 s alarm inside shortcut (post-processing: shortcut 209 accepts 116 s, tighten 476 accepts 4 s); verdict-only UNKNOWN in 0.4 s; 60 s post budget -> REACHABLE","aerial3d/api.py:374-392 (shortcut / tighten / merge_corners -> query.py:225-326, each accept() = verify_segment) under G2's 120 s alarm (aerial3dg_batch._alarm)",TIMEOUT:query_exceeded_120s,PASS,stored_route_uv_0.1mm,1.342,True,TIMEOUT:query_exceeded_120s,120.0,549453247f5cf37a,19.99,18.516,7.495,7.495,"A* route lateral clearance (row robot, chassis +3 mm, margin 0)",False,UNKNOWN,0.40173238585703075,REACHABLE,61.19461687607691,,,,,,209,115.51,476,4.2,,,shortcut,18,18,True
WWEST-F4X-02104,F4,WWEST,cylinder,F4X-02104,METHOD-TIMEOUT,POST-TIMEOUT,genuine,,"120 s alarm inside merge_corners (post-processing: shortcut 217 accepts 113 s, tighten 336 accepts 2 s, merge_corners 4 accepts 5 s); verdict-only REACHABLE in 0.5 s; 60 s post budget -> REACHABLE","aerial3d/api.py:374-392 (shortcut / tighten / merge_corners -> query.py:225-326, each accept() = verify_segment) under G2's 120 s alarm (aerial3dg_batch._alarm)",TIMEOUT:query_exceeded_120s,PASS,stored_route_uv_0.1mm,1.006,True,TIMEOUT:query_exceeded_120s,120.0,549453247f5cf37a,2.158,3.994,9.033,9.033,"A* route lateral clearance (row robot, chassis +3 mm, margin 0)",False,REACHABLE,0.4510071559343487,REACHABLE,60.830983347957954,,,,,,217,112.62,336,1.96,4,4.96,merge_corners,15,16,
WWEST-F4X-02136,F4,WWEST,cylinder,F4X-02136,METHOD-TIMEOUT,POST-TIMEOUT,genuine,,"120 s alarm inside shortcut (post-processing: shortcut 174 accepts 116 s, tighten 502 accepts 3 s); verdict-only REACHABLE in 0.8 s; 60 s post budget -> REACHABLE","aerial3d/api.py:374-392 (shortcut / tighten / merge_corners -> query.py:225-326, each accept() = verify_segment) under G2's 120 s alarm (aerial3dg_batch._alarm)",TIMEOUT:query_exceeded_120s,PASS,stored_route_uv_0.1mm,1.054,True,TIMEOUT:query_exceeded_120s,120.0,549453247f5cf37a,19.99,11.377,34.454,34.454,"A* route lateral clearance (row robot, chassis +3 mm, margin 0)",False,REACHABLE,0.8396404550876468,REACHABLE,62.16319321305491,,,,,,174,116.04,502,3.24,,,shortcut,18,19,
WWEST-F4X-02144,F4,WWEST,cylinder,F4X-02144,METHOD-TIMEOUT,POST-TIMEOUT,genuine,,"120 s alarm inside shortcut (post-processing: shortcut 66 accepts 115 s, tighten 485 accepts 4 s); verdict-only REACHABLE in 0.4 s; 60 s post budget -> REACHABLE","aerial3d/api.py:374-392 (shortcut / tighten / merge_corners -> query.py:225-326, each accept() = verify_segment) under G2's 120 s alarm (aerial3dg_batch._alarm)",TIMEOUT:query_exceeded_120s,PASS,stored_route_uv_0.1mm,1.024,True,TIMEOUT:query_exceeded_120s,120.0,549453247f5cf37a,8.232,19.99,3.333,3.333,"A* route lateral clearance (row robot, chassis +3 mm, margin 0)",False,REACHABLE,0.43745447299443185,REACHABLE,64.39630145090632,,,,,,66,115.44,485,4.23,,,shortcut,16,16,
WWEST-F4X-02159,F4,WWEST,cylinder,F4X-02159,METHOD-TIMEOUT,POST-TIMEOUT,genuine,,"re-query REACHABLE in 108 s (post-processing: shortcut 97 accepts 97 s, tighten 193 accepts 2 s, merge_corners 7 accepts 6 s); verdict-only REACHABLE in 2.4 s; 60 s post budget -> REACHABLE","aerial3d/api.py:374-392 (shortcut / tighten / merge_corners -> query.py:225-326, each accept() = verify_segment) under G2's 120 s alarm (aerial3dg_batch._alarm)",TIMEOUT:query_exceeded_120s,PASS,stored_route_uv_0.1mm,1.002,False,REACHABLE:graph_path_lifted_and_verified,108.0,549453247f5cf37a,2.764,19.99,15.222,15.222,"A* route lateral clearance (row robot, chassis +3 mm, margin 0)",False,REACHABLE,2.3700329039711505,REACHABLE,64.14984997990541,,,,,,97,97.44,193,1.92,7,6.03,,13,14,
WWEST-F4X-02193,F4,WWEST,cylinder,F4X-02193,METHOD-TIMEOUT,POST-TIMEOUT,genuine,,"120 s alarm inside shortcut (post-processing: shortcut 69 accepts 102 s, tighten 707 accepts 18 s); verdict-only UNKNOWN in 2.0 s; 60 s post budget -> REACHABLE","aerial3d/api.py:374-392 (shortcut / tighten / merge_corners -> query.py:225-326, each accept() = verify_segment) under G2's 120 s alarm (aerial3dg_batch._alarm)",TIMEOUT:query_exceeded_120s,PASS,stored_route_uv_0.1mm,1.007,True,TIMEOUT:query_exceeded_120s,120.0,549453247f5cf37a,5.146,19.99,20.349,20.349,"A* route lateral clearance (row robot, chassis +3 mm, margin 0)",False,UNKNOWN,2.0065751001238823,REACHABLE,63.33613831107505,,,,,,69,101.95,707,17.68,,,shortcut,17,18,True
WWEST-F4X-02195,F4,WWEST,cylinder,F4X-02195,METHOD-TIMEOUT,POST-TIMEOUT,genuine,,"120 s alarm inside shortcut (post-processing: shortcut 260 accepts 113 s, tighten 747 accepts 6 s); verdict-only REACHABLE in 0.9 s; 60 s post budget -> REACHABLE","aerial3d/api.py:374-392 (shortcut / tighten / merge_corners -> query.py:225-326, each accept() = verify_segment) under G2's 120 s alarm (aerial3dg_batch._alarm)",TIMEOUT:query_exceeded_120s,PASS,stored_route_uv_0.1mm,1.001,True,TIMEOUT:query_exceeded_120s,120.0,549453247f5cf37a,19.99,7.754,5.951,5.951,"A* route lateral clearance (row robot, chassis +3 mm, margin 0)",False,REACHABLE,0.9436111322138458,REACHABLE,62.669498587958515,,,,,,260,113.0,747,6.2,,,shortcut,19,20,
WWEST-F4X-02228,F4,WWEST,cylinder,F4X-02228,METHOD-TIMEOUT,POST-TIMEOUT,genuine,,"120 s alarm inside shortcut (post-processing: shortcut 100 accepts 113 s, tighten 589 accepts 7 s); verdict-only UNKNOWN in 0.9 s; 60 s post budget -> REACHABLE","aerial3d/api.py:374-392 (shortcut / tighten / merge_corners -> query.py:225-326, each accept() = verify_segment) under G2's 120 s alarm (aerial3dg_batch._alarm)",TIMEOUT:query_exceeded_120s,PASS,stored_route_uv_0.1mm,1.806,True,TIMEOUT:query_exceeded_120s,120.0,549453247f5cf37a,3.359,3.145,4.401,4.401,"A* route lateral clearance (row robot, chassis +3 mm, margin 0)",False,UNKNOWN,0.9412153139710426,REACHABLE,61.550614442909136,,,,,,100,112.59,589,6.54,,,shortcut,17,18,True
WWEST-F4X-02234,F4,WWEST,cylinder,F4X-02234,METHOD-TIMEOUT,POST-TIMEOUT,genuine,,"120 s alarm inside shortcut (post-processing: shortcut 118 accepts 113 s, tighten 407 accepts 6 s); verdict-only REACHABLE in 2.1 s; 60 s post budget -> REACHABLE","aerial3d/api.py:374-392 (shortcut / tighten / merge_corners -> query.py:225-326, each accept() = verify_segment) under G2's 120 s alarm (aerial3dg_batch._alarm)",TIMEOUT:query_exceeded_120s,PASS,stored_route_uv_0.1mm,1.077,True,TIMEOUT:query_exceeded_120s,120.0,549453247f5cf37a,19.99,19.99,23.199,23.199,"A* route lateral clearance (row robot, chassis +3 mm, margin 0)",False,REACHABLE,2.136941611999646,REACHABLE,66.52598157105967,,,,,,118,113.48,407,6.0,,,shortcut,17,17,
WWEST-F4X-02236,F4,WWEST,cylinder,F4X-02236,METHOD-TIMEOUT,POST-TIMEOUT,genuine,,"120 s alarm inside shortcut (post-processing: shortcut 106 accepts 114 s, tighten 501 accepts 5 s); verdict-only UNKNOWN in 0.8 s; 60 s post budget -> REACHABLE","aerial3d/api.py:374-392 (shortcut / tighten / merge_corners -> query.py:225-326, each accept() = verify_segment) under G2's 120 s alarm (aerial3dg_batch._alarm)",TIMEOUT:query_exceeded_120s,PASS,stored_route_uv_0.1mm,1.004,True,TIMEOUT:query_exceeded_120s,120.0,549453247f5cf37a,12.598,19.99,17.883,17.883,"A* route lateral clearance (row robot, chassis +3 mm, margin 0)",False,UNKNOWN,0.7603983569424599,REACHABLE,61.2242468460463,,,,,,106,113.93,501,5.49,,,shortcut,18,19,True
WWEST-F4X-02275,F4,WWEST,cylinder,F4X-02275,METHOD-TIMEOUT,POST-TIMEOUT,genuine,,120 s alarm inside shortcut (post-processing: shortcut 24 accepts 120 s); verdict-only UNKNOWN in 3.0 s; 60 s post budget -> REACHABLE,"aerial3d/api.py:374-392 (shortcut / tighten / merge_corners -> query.py:225-326, each accept() = verify_segment) under G2's 120 s alarm (aerial3dg_batch._alarm)",TIMEOUT:query_exceeded_120s,PASS,stored_route_uv_0.1mm,1.007,True,TIMEOUT:query_exceeded_120s,120.0,549453247f5cf37a,2.764,19.99,8.026,8.026,"A* route lateral clearance (row robot, chassis +3 mm, margin 0)",False,UNKNOWN,3.0323542680125684,REACHABLE,64.21026408509351,,,,,,24,119.89,,,,,shortcut,17,18,True
WWEST-F4X-02278,F4,WWEST,cylinder,F4X-02278,METHOD-TIMEOUT,POST-TIMEOUT,genuine,,"120 s alarm inside shortcut (post-processing: shortcut 96 accepts 118 s, tighten 242 accepts 2 s); verdict-only UNKNOWN in 0.4 s; 60 s post budget -> UNKNOWN","aerial3d/api.py:374-392 (shortcut / tighten / merge_corners -> query.py:225-326, each accept() = verify_segment) under G2's 120 s alarm (aerial3dg_batch._alarm)",TIMEOUT:query_exceeded_120s,PASS,stored_route_uv_0.1mm,1.013,True,TIMEOUT:query_exceeded_120s,120.0,549453247f5cf37a,14.043,5.742,1.672,1.672,"A* route lateral clearance (row robot, chassis +3 mm, margin 0)",True,UNKNOWN,0.3595850779674947,UNKNOWN,60.46811178093776,,,,,,96,118.14,242,1.55,,,shortcut,16,15,False
WWEST-F4X-02286,F4,WWEST,cylinder,F4X-02286,METHOD-TIMEOUT,POST-TIMEOUT,genuine,,"120 s alarm inside shortcut (post-processing: shortcut 150 accepts 117 s, tighten 264 accepts 2 s); verdict-only REACHABLE in 0.8 s; 60 s post budget -> REACHABLE","aerial3d/api.py:374-392 (shortcut / tighten / merge_corners -> query.py:225-326, each accept() = verify_segment) under G2's 120 s alarm (aerial3dg_batch._alarm)",TIMEOUT:query_exceeded_120s,PASS,stored_route_uv_0.1mm,1.077,True,TIMEOUT:query_exceeded_120s,120.0,549453247f5cf37a,3.35,19.99,40.143,40.143,"A* route lateral clearance (row robot, chassis +3 mm, margin 0)",False,REACHABLE,0.7971955290995538,REACHABLE,63.02709927898832,,,,,,150,116.97,264,2.35,,,shortcut,19,20,
WWEST-F4X-02291,F4,WWEST,cylinder,F4X-02291,METHOD-TIMEOUT,POST-TIMEOUT,genuine,,"120 s alarm inside shortcut (post-processing: shortcut 87 accepts 114 s, tighten 606 accepts 5 s); verdict-only UNKNOWN in 0.6 s; 60 s post budget -> REACHABLE","aerial3d/api.py:374-392 (shortcut / tighten / merge_corners -> query.py:225-326, each accept() = verify_segment) under G2's 120 s alarm (aerial3dg_batch._alarm)",TIMEOUT:query_exceeded_120s,PASS,stored_route_uv_0.1mm,1.016,True,TIMEOUT:query_exceeded_120s,120.0,549453247f5cf37a,19.99,11.24,12.109,12.109,"A* route lateral clearance (row robot, chassis +3 mm, margin 0)",False,UNKNOWN,0.6068286148365587,REACHABLE,61.01064355089329,,,,,,87,114.27,606,5.26,,,shortcut,19,20,True
WWEST-F4X-02322,F4,WWEST,cylinder,F4X-02322,METHOD-TIMEOUT,POST-TIMEOUT,genuine,,"120 s alarm inside shortcut (post-processing: shortcut 74 accepts 112 s, tighten 324 accepts 7 s); verdict-only REACHABLE in 1.1 s; 60 s post budget -> REACHABLE","aerial3d/api.py:374-392 (shortcut / tighten / merge_corners -> query.py:225-326, each accept() = verify_segment) under G2's 120 s alarm (aerial3dg_batch._alarm)",TIMEOUT:query_exceeded_120s,PASS,stored_route_uv_0.1mm,1.023,True,TIMEOUT:query_exceeded_120s,120.0,549453247f5cf37a,14.355,19.99,10.48,10.48,"A* route lateral clearance (row robot, chassis +3 mm, margin 0)",False,REACHABLE,1.107154245954007,REACHABLE,61.88176903501153,,,,,,74,112.15,324,6.87,,,shortcut,23,24,
WWEST-F4X-02334,F4,WWEST,cylinder,F4X-02334,METHOD-TIMEOUT,POST-TIMEOUT,genuine,,"120 s alarm inside shortcut (post-processing: shortcut 190 accepts 114 s, tighten 643 accepts 5 s); verdict-only REACHABLE in 1.2 s; 60 s post budget -> REACHABLE","aerial3d/api.py:374-392 (shortcut / tighten / merge_corners -> query.py:225-326, each accept() = verify_segment) under G2's 120 s alarm (aerial3dg_batch._alarm)",TIMEOUT:query_exceeded_120s,PASS,stored_route_uv_0.1mm,1.838,True,TIMEOUT:query_exceeded_120s,120.0,549453247f5cf37a,8.711,19.99,9.625,9.625,"A* route lateral clearance (row robot, chassis +3 mm, margin 0)",False,REACHABLE,1.2278379229828715,REACHABLE,63.298260336974636,,,,,,190,113.73,643,5.17,,,shortcut,23,24,
WWEST-F4X-02353,F4,WWEST,cylinder,F4X-02353,METHOD-TIMEOUT,POST-TIMEOUT,genuine,,"120 s alarm inside shortcut (post-processing: shortcut 134 accepts 112 s, tighten 223 accepts 7 s); verdict-only REACHABLE in 1.2 s; 60 s post budget -> REACHABLE","aerial3d/api.py:374-392 (shortcut / tighten / merge_corners -> query.py:225-326, each accept() = verify_segment) under G2's 120 s alarm (aerial3dg_batch._alarm)",TIMEOUT:query_exceeded_120s,PASS,stored_route_uv_0.1mm,1.077,True,TIMEOUT:query_exceeded_120s,120.0,549453247f5cf37a,14.355,19.99,18.549,18.549,"A* route lateral clearance (row robot, chassis +3 mm, margin 0)",False,REACHABLE,1.2279787119477987,REACHABLE,61.65536635206081,,,,,,134,112.29,223,6.68,,,shortcut,23,24,
WWEST-F4X-02367,F4,WWEST,cylinder,F4X-02367,METHOD-TIMEOUT,POST-TIMEOUT,genuine,,120 s alarm inside shortcut (post-processing: shortcut 46 accepts 120 s); verdict-only UNKNOWN in 0.6 s; 60 s post budget -> UNKNOWN,"aerial3d/api.py:374-392 (shortcut / tighten / merge_corners -> query.py:225-326, each accept() = verify_segment) under G2's 120 s alarm (aerial3dg_batch._alarm)",TIMEOUT:query_exceeded_120s,PASS,stored_route_uv_0.1mm,1.056,True,TIMEOUT:query_exceeded_120s,120.0,549453247f5cf37a,19.99,3.701,3.711,3.711,"A* route lateral clearance (row robot, chassis +3 mm, margin 0)",False,UNKNOWN,0.5977524439804256,UNKNOWN,79.93746895808727,,,,,,46,119.6,,,,,shortcut,22,23,False
WWEST-F4X-02385,F4,WWEST,cylinder,F4X-02385,METHOD-TIMEOUT,POST-TIMEOUT,genuine,,"120 s alarm inside shortcut (post-processing: shortcut 47 accepts 110 s, tighten 291 accepts 9 s); verdict-only UNKNOWN in 1.6 s; 60 s post budget -> REACHABLE","aerial3d/api.py:374-392 (shortcut / tighten / merge_corners -> query.py:225-326, each accept() = verify_segment) under G2's 120 s alarm (aerial3dg_batch._alarm)",TIMEOUT:query_exceeded_120s,PASS,stored_route_uv_0.1mm,1.093,True,TIMEOUT:query_exceeded_120s,120.0,549453247f5cf37a,2.764,19.99,100.0,100.0,"A* route lateral clearance (row robot, chassis +3 mm, margin 0)",False,UNKNOWN,1.5600427510216832,REACHABLE,62.77508032997139,,,,,,47,110.31,291,9.46,,,shortcut,16,17,True
WWEST-F4X-02395,F4,WWEST,cylinder,F4X-02395,METHOD-TIMEOUT,POST-TIMEOUT,genuine,,"120 s alarm inside shortcut (post-processing: shortcut 68 accepts 117 s, tighten 436 accepts 3 s); verdict-only UNKNOWN in 1.1 s; 60 s post budget -> REACHABLE","aerial3d/api.py:374-392 (shortcut / tighten / merge_corners -> query.py:225-326, each accept() = verify_segment) under G2's 120 s alarm (aerial3dg_batch._alarm)",TIMEOUT:query_exceeded_120s,PASS,stored_route_uv_0.1mm,1.222,True,TIMEOUT:query_exceeded_120s,120.0,549453247f5cf37a,2.764,19.99,64.014,64.014,"A* route lateral clearance (row robot, chassis +3 mm, margin 0)",False,UNKNOWN,1.0638117198832333,REACHABLE,62.86814357480034,,,,,,68,116.65,436,3.13,,,shortcut,14,15,True
WWEST-F4X-02403,F4,WWEST,cylinder,F4X-02403,METHOD-TIMEOUT,POST-TIMEOUT,genuine,,"120 s alarm inside tighten (post-processing: shortcut 80 accepts 115 s, tighten 443 accepts 4 s); verdict-only REACHABLE in 0.4 s; 60 s post budget -> UNKNOWN","aerial3d/api.py:374-392 (shortcut / tighten / merge_corners -> query.py:225-326, each accept() = verify_segment) under G2's 120 s alarm (aerial3dg_batch._alarm)",TIMEOUT:query_exceeded_120s,PASS,stored_route_uv_0.1mm,1.017,True,TIMEOUT:query_exceeded_120s,120.0,549453247f5cf37a,15.244,8.154,4.376,4.376,"A* route lateral clearance (row robot, chassis +3 mm, margin 0)",False,REACHABLE,0.3837928520515561,UNKNOWN,61.154527890030295,,,,,,80,115.19,443,4.47,,,tighten,16,17,
WWEST-F4X-02405,F4,WWEST,cylinder,F4X-02405,METHOD-TIMEOUT,POST-TIMEOUT,genuine,,"120 s alarm inside shortcut (post-processing: shortcut 90 accepts 113 s, tighten 512 accepts 6 s); verdict-only REACHABLE in 1.2 s; 60 s post budget -> REACHABLE","aerial3d/api.py:374-392 (shortcut / tighten / merge_corners -> query.py:225-326, each accept() = verify_segment) under G2's 120 s alarm (aerial3dg_batch._alarm)",TIMEOUT:query_exceeded_120s,PASS,stored_route_uv_0.1mm,1.001,True,TIMEOUT:query_exceeded_120s,120.0,549453247f5cf37a,19.99,11.377,8.337,8.337,"A* route lateral clearance (row robot, chassis +3 mm, margin 0)",False,REACHABLE,1.179049646947533,REACHABLE,61.27678139996715,,,,,,90,112.88,512,6.15,,,shortcut,20,21,
WWEST-F4X-02408,F4,WWEST,cylinder,F4X-02408,METHOD-TIMEOUT,POST-TIMEOUT,genuine,,"120 s alarm inside shortcut (post-processing: shortcut 51 accepts 115 s, tighten 230 accepts 5 s); verdict-only UNKNOWN in 2.4 s; 60 s post budget -> REACHABLE","aerial3d/api.py:374-392 (shortcut / tighten / merge_corners -> query.py:225-326, each accept() = verify_segment) under G2's 120 s alarm (aerial3dg_batch._alarm)",TIMEOUT:query_exceeded_120s,PASS,stored_route_uv_0.1mm,1.003,True,TIMEOUT:query_exceeded_120s,120.0,549453247f5cf37a,2.764,11.641,7.69,7.69,"A* route lateral clearance (row robot, chassis +3 mm, margin 0)",False,UNKNOWN,2.4415555961895734,REACHABLE,68.89093322912231,,,,,,51,115.18,230,4.74,,,shortcut,13,14,True
WWEST-F4X-02415,F4,WWEST,cylinder,F4X-02415,METHOD-TIMEOUT,POST-TIMEOUT,genuine,,120 s alarm inside shortcut (post-processing: shortcut 67 accepts 119 s); verdict-only REACHABLE in 1.4 s; 60 s post budget -> REACHABLE,"aerial3d/api.py:374-392 (shortcut / tighten / merge_corners -> query.py:225-326, each accept() = verify_segment) under G2's 120 s alarm (aerial3dg_batch._alarm)",TIMEOUT:query_exceeded_120s,PASS,stored_route_uv_0.1mm,1.001,True,TIMEOUT:query_exceeded_120s,120.0,549453247f5cf37a,19.99,12.598,4.529,4.529,"A* route lateral clearance (row robot, chassis +3 mm, margin 0)",False,REACHABLE,1.4249337899964303,REACHABLE,61.754967337008566,,,,,,67,118.71,,,,,shortcut,24,25,
WWEST-F4X-02421,F4,WWEST,cylinder,F4X-02421,METHOD-TIMEOUT,POST-TIMEOUT,genuine,,"120 s alarm inside shortcut (post-processing: shortcut 176 accepts 115 s, tighten 448 accepts 4 s); verdict-only REACHABLE in 0.9 s; 60 s post budget -> REACHABLE","aerial3d/api.py:374-392 (shortcut / tighten / merge_corners -> query.py:225-326, each accept() = verify_segment) under G2's 120 s alarm (aerial3dg_batch._alarm)",TIMEOUT:query_exceeded_120s,PASS,stored_route_uv_0.1mm,1.018,True,TIMEOUT:query_exceeded_120s,120.0,549453247f5cf37a,19.99,19.99,1.874,1.874,"A* route lateral clearance (row robot, chassis +3 mm, margin 0)",True,REACHABLE,0.914266524836421,REACHABLE,61.373617972945794,,,,,,176,115.13,448,4.1,,,shortcut,21,22,
WWEST-F4X-02422,F4,WWEST,cylinder,F4X-02422,METHOD-TIMEOUT,POST-TIMEOUT,genuine,,"120 s alarm inside shortcut (post-processing: shortcut 227 accepts 101 s, tighten 460 accepts 19 s); verdict-only REACHABLE in 1.5 s; 60 s post budget -> REACHABLE","aerial3d/api.py:374-392 (shortcut / tighten / merge_corners -> query.py:225-326, each accept() = verify_segment) under G2's 120 s alarm (aerial3dg_batch._alarm)",TIMEOUT:query_exceeded_120s,PASS,stored_route_uv_0.1mm,1.02,True,TIMEOUT:query_exceeded_120s,120.0,549453247f5cf37a,19.99,19.99,8.435,8.435,"A* route lateral clearance (row robot, chassis +3 mm, margin 0)",False,REACHABLE,1.5444742569234222,REACHABLE,61.659112243913114,,,,,,227,100.72,460,18.58,,,shortcut,19,20,
WWEST-F4X-02429,F4,WWEST,cylinder,F4X-02429,METHOD-TIMEOUT,POST-TIMEOUT,genuine,,"120 s alarm inside merge_corners (post-processing: shortcut 347 accepts 90 s, tighten 716 accepts 8 s, merge_corners 18 accepts 21 s); verdict-only REACHABLE in 1.3 s; 60 s post budget -> REACHABLE","aerial3d/api.py:374-392 (shortcut / tighten / merge_corners -> query.py:225-326, each accept() = verify_segment) under G2's 120 s alarm (aerial3dg_batch._alarm)",TIMEOUT:query_exceeded_120s,PASS,stored_route_uv_0.1mm,1.023,True,TIMEOUT:query_exceeded_120s,120.0,549453247f5cf37a,6.592,8.711,5.658,5.658,"A* route lateral clearance (row robot, chassis +3 mm, margin 0)",False,REACHABLE,1.328007326927036,REACHABLE,61.49457421991974,,,,,,347,90.26,716,7.98,18,20.5,merge_corners,22,23,
WWEST-F4X-02436,F4,WWEST,cylinder,F4X-02436,METHOD-TIMEOUT,POST-TIMEOUT,genuine,,"120 s alarm inside shortcut (post-processing: shortcut 54 accepts 112 s, tighten 452 accepts 7 s); verdict-only REACHABLE in 0.9 s; 60 s post budget -> REACHABLE","aerial3d/api.py:374-392 (shortcut / tighten / merge_corners -> query.py:225-326, each accept() = verify_segment) under G2's 120 s alarm (aerial3dg_batch._alarm)",TIMEOUT:query_exceeded_120s,PASS,stored_route_uv_0.1mm,1.006,True,TIMEOUT:query_exceeded_120s,120.0,549453247f5cf37a,19.99,19.99,25.092,25.092,"A* route lateral clearance (row robot, chassis +3 mm, margin 0)",False,REACHABLE,0.8764925140421838,REACHABLE,61.484003043035045,,,,,,54,112.28,452,7.49,,,shortcut,14,14,
WWEST-F4X-02466,F4,WWEST,cylinder,F4X-02466,METHOD-TIMEOUT,POST-TIMEOUT,genuine,,120 s alarm inside shortcut (post-processing: shortcut 90 accepts 119 s); verdict-only REACHABLE in 1.0 s; 60 s post budget -> REACHABLE,"aerial3d/api.py:374-392 (shortcut / tighten / merge_corners -> query.py:225-326, each accept() = verify_segment) under G2's 120 s alarm (aerial3dg_batch._alarm)",TIMEOUT:query_exceeded_120s,PASS,stored_route_uv_0.1mm,1.066,True,TIMEOUT:query_exceeded_120s,120.0,549453247f5cf37a,3.73,19.99,52.13,52.13,"A* route lateral clearance (row robot, chassis +3 mm, margin 0)",False,REACHABLE,0.9511608369648457,REACHABLE,65.59171883319505,,,,,,90,119.23,,,,,shortcut,20,21,
WWEST-F4X-02478,F4,WWEST,cylinder,F4X-02478,METHOD-TIMEOUT,POST-TIMEOUT,genuine,,"120 s alarm inside shortcut (post-processing: shortcut 366 accepts 115 s, tighten 540 accepts 4 s); verdict-only UNKNOWN in 1.4 s; 60 s post budget -> REACHABLE","aerial3d/api.py:374-392 (shortcut / tighten / merge_corners -> query.py:225-326, each accept() = verify_segment) under G2's 120 s alarm (aerial3dg_batch._alarm)",TIMEOUT:query_exceeded_120s,PASS,stored_route_uv_0.1mm,1.154,True,TIMEOUT:query_exceeded_120s,120.0,549453247f5cf37a,19.99,2.764,3.418,3.418,"A* route lateral clearance (row robot, chassis +3 mm, margin 0)",False,UNKNOWN,1.4185345419682562,REACHABLE,63.996764363953844,,,,,,366,114.78,540,4.49,,,shortcut,21,22,True
WWEST-F4X-02482,F4,WWEST,cylinder,F4X-02482,METHOD-TIMEOUT,POST-TIMEOUT,genuine,,"120 s alarm inside shortcut (post-processing: shortcut 32 accepts 77 s, tighten 555 accepts 42 s); verdict-only REACHABLE in 1.6 s; 60 s post budget -> UNKNOWN","aerial3d/api.py:374-392 (shortcut / tighten / merge_corners -> query.py:225-326, each accept() = verify_segment) under G2's 120 s alarm (aerial3dg_batch._alarm)",TIMEOUT:query_exceeded_120s,PASS,stored_route_uv_0.1mm,1.013,True,TIMEOUT:query_exceeded_120s,120.0,549453247f5cf37a,19.99,11.699,3.003,3.003,"A* route lateral clearance (row robot, chassis +3 mm, margin 0)",False,REACHABLE,1.6235110850539058,UNKNOWN,62.051663051126525,,,,,,32,77.45,555,42.23,,,shortcut,11,11,
WWEST-F4X-02484,F4,WWEST,cylinder,F4X-02484,METHOD-TIMEOUT,POST-TIMEOUT,genuine,,"120 s alarm inside shortcut (post-processing: shortcut 59 accepts 99 s, tighten 581 accepts 21 s); verdict-only UNKNOWN in 2.4 s; 60 s post budget -> REACHABLE","aerial3d/api.py:374-392 (shortcut / tighten / merge_corners -> query.py:225-326, each accept() = verify_segment) under G2's 120 s alarm (aerial3dg_batch._alarm)",TIMEOUT:query_exceeded_120s,PASS,stored_route_uv_0.1mm,1.005,True,TIMEOUT:query_exceeded_120s,120.0,549453247f5cf37a,4.668,14.355,26.202,26.202,"A* route lateral clearance (row robot, chassis +3 mm, margin 0)",False,UNKNOWN,2.4288837648928165,REACHABLE,66.78023064299487,,,,,,59,98.95,581,20.55,,,shortcut,16,16,True
WWEST-F4X-02454,F4,WWEST,cylinder,F4X-02454,METHOD-ERROR,SIMPLIFY-ZERODIV,genuine,,"lifted polyline has an a -> b -> a spike (|ab| = 4.5 nm, vertex 8), so ac.ac = 0 in simplify; guarded simplify -> REACHABLE","aerial3d/query.py:217 (simplify: t = ab.ac / ac.ac with a == c), called at aerial3d/api.py:364",ERROR:ZeroDivisionError: float division by zero @ query.py:217,PASS,stored_route_uv_0.1mm,1.038,True,ERROR:ZeroDivisionError: float division by zero @ query.py:217,0.32,549453247f5cf37a,14.678,19.99,22.241,22.241,"A* route lateral clearance (row robot, chassis +3 mm, margin 0)",False,,,,,REACHABLE,,,,,,,,,,,,,,
GAPW1-F4W-00000,F4,GAPW1,cylinder,F4W-00000,EP-TOL,EP-FLOOR,by-tolerance,,goal is 1.25 mm clear of floor splat 5371648 (2σ top 18.75 mm); GMC's refined gap 0.255 mm ≤ buffer 1 mm + slack -> no endpoint cell,aerial3d/cells.py:121-126 (grow_cell: refine_gap <= buffer + slack -> None) -> aerial3d/api.py:330-333,UNKNOWN:goal_not_certified_free,PASS,stored_route_uv_0.1mm,1.255,True,UNKNOWN:goal_not_certified_free,0.05,abfa278e193c88d4,9.297,1.25,71.075,1.25,"goal endpoint oracle clearance (row robot, 0.01 mm bisection)",True,,,,,,,,goal,,,,,,,,,,,
GAPW1-F4W-00012,F4,GAPW1,cylinder,F4W-00012,EP-TOL,EP-FLOOR,by-tolerance,,goal is 1.95 mm clear of floor splat 5337920 (2σ top 18.04 mm); GMC's refined gap 0.962 mm ≤ buffer 1 mm + slack -> no endpoint cell,aerial3d/cells.py:121-126 (grow_cell: refine_gap <= buffer + slack -> None) -> aerial3d/api.py:330-333,UNKNOWN:goal_not_certified_free,PASS,stored_route_uv_0.1mm,1.962,True,UNKNOWN:goal_not_certified_free,0.05,abfa278e193c88d4,7.705,1.953,100.0,1.953,"goal endpoint oracle clearance (row robot, 0.01 mm bisection)",True,,,,,,,,goal,,,,,,,,,,,
GAPW1-F4W-00018,F4,GAPW1,cylinder,F4W-00018,EP-TOL,EP-FLOOR,by-tolerance,,start is 1.97 mm clear of floor splat 5496444 (2σ top 18.03 mm); GMC's refined gap 0.974 mm ≤ buffer 1 mm + slack -> no endpoint cell,aerial3d/cells.py:121-126 (grow_cell: refine_gap <= buffer + slack -> None) -> aerial3d/api.py:330-333,UNKNOWN:start_not_certified_free,PASS,stored_route_uv_0.1mm,1.974,True,UNKNOWN:start_not_certified_free,0.05,abfa278e193c88d4,1.973,14.189,4.449,1.973,"start endpoint oracle clearance (row robot, 0.01 mm bisection)",True,,,,,,,,start,,,,,,,,,,,
GAPW1-F4W-00021,F4,GAPW1,cylinder,F4W-00021,EP-TOL,EP-FLOOR,by-tolerance,,goal is 1.95 mm clear of floor splat 5337920 (2σ top 18.04 mm); GMC's refined gap 0.962 mm ≤ buffer 1 mm + slack -> no endpoint cell,aerial3d/cells.py:121-126 (grow_cell: refine_gap <= buffer + slack -> None) -> aerial3d/api.py:330-333,UNKNOWN:goal_not_certified_free,PASS,stored_route_uv_0.1mm,1.962,True,UNKNOWN:goal_not_certified_free,0.05,abfa278e193c88d4,16.836,1.953,100.0,1.953,"goal endpoint oracle clearance (row robot, 0.01 mm bisection)",True,,,,,,,,goal,,,,,,,,,,,
GAPW1-F4W-00026,F4,GAPW1,cylinder,F4W-00026,EP-TOL,EP-FLOOR,by-tolerance,,goal is 1.95 mm clear of floor splat 5337920 (2σ top 18.04 mm); GMC's refined gap 0.962 mm ≤ buffer 1 mm + slack -> no endpoint cell,aerial3d/cells.py:121-126 (grow_cell: refine_gap <= buffer + slack -> None) -> aerial3d/api.py:330-333,UNKNOWN:goal_not_certified_free,PASS,stored_route_uv_0.1mm,1.019,True,UNKNOWN:goal_not_certified_free,0.05,abfa278e193c88d4,7.705,1.953,4.163,1.953,"goal endpoint oracle clearance (row robot, 0.01 mm bisection)",True,,,,,,,,goal,,,,,,,,,,,
GAPW1-F4W-00029,F4,GAPW1,cylinder,F4W-00029,EP-TOL,EP-FLOOR,by-tolerance,,start is 1.95 mm clear of floor splat 5337920 (2σ top 18.04 mm); GMC's refined gap 0.962 mm ≤ buffer 1 mm + slack -> no endpoint cell,aerial3d/cells.py:121-126 (grow_cell: refine_gap <= buffer + slack -> None) -> aerial3d/api.py:330-333,UNKNOWN:start_not_certified_free,PASS,stored_route_uv_0.1mm,1.023,True,UNKNOWN:start_not_certified_free,0.06,abfa278e193c88d4,1.953,19.424,80.548,1.953,"start endpoint oracle clearance (row robot, 0.01 mm bisection)",True,,,,,,,,start,,,,,,,,,,,
GAPW1-F4W-00033,F4,GAPW1,cylinder,F4W-00033,EP-TOL,EP-FLOOR,by-tolerance,,goal is 1.95 mm clear of floor splat 5337920 (2σ top 18.04 mm); GMC's refined gap 0.962 mm ≤ buffer 1 mm + slack -> no endpoint cell,aerial3d/cells.py:121-126 (grow_cell: refine_gap <= buffer + slack -> None) -> aerial3d/api.py:330-333,UNKNOWN:goal_not_certified_free,PASS,stored_route_uv_0.1mm,1.962,True,UNKNOWN:goal_not_certified_free,0.05,abfa278e193c88d4,12.207,1.953,100.0,1.953,"goal endpoint oracle clearance (row robot, 0.01 mm bisection)",True,,,,,,,,goal,,,,,,,,,,,
GAPW1-F4W-00037,F4,GAPW1,cylinder,F4W-00037,EP-TOL,EP-FLOOR,by-tolerance,,start is 1.97 mm clear of floor splat 5496444 (2σ top 18.03 mm); GMC's refined gap 0.974 mm ≤ buffer 1 mm + slack -> no endpoint cell,aerial3d/cells.py:121-126 (grow_cell: refine_gap <= buffer + slack -> None) -> aerial3d/api.py:330-333,UNKNOWN:start_not_certified_free,PASS,stored_route_uv_0.1mm,1.088,True,UNKNOWN:start_not_certified_free,0.05,abfa278e193c88d4,1.973,19.99,23.975,1.973,"start endpoint oracle clearance (row robot, 0.01 mm bisection)",True,,,,,,,,start,,,,,,,,,,,
GAPW1-F4W-00047,F4,GAPW1,cylinder,F4W-00047,EP-TOL,EP-FLOOR,by-tolerance,,start is 1.95 mm clear of floor splat 5337920 (2σ top 18.04 mm); GMC's refined gap 0.962 mm ≤ buffer 1 mm + slack -> no endpoint cell,aerial3d/cells.py:121-126 (grow_cell: refine_gap <= buffer + slack -> None) -> aerial3d/api.py:330-333,UNKNOWN:start_not_certified_free,PASS,stored_route_uv_0.1mm,1.701,True,UNKNOWN:start_not_certified_free,0.06,abfa278e193c88d4,1.953,19.99,100.0,1.953,"start endpoint oracle clearance (row robot, 0.01 mm bisection)",True,,,,,,,,start,,,,,,,,,,,
GAPW1-F4W-00053,F4,GAPW1,cylinder,F4W-00053,EP-TOL,EP-FLOOR,by-tolerance,,start is 1.95 mm clear of floor splat 5337920 (2σ top 18.04 mm); GMC's refined gap 0.962 mm ≤ buffer 1 mm + slack -> no endpoint cell,aerial3d/cells.py:121-126 (grow_cell: refine_gap <= buffer + slack -> None) -> aerial3d/api.py:330-333,UNKNOWN:start_not_certified_free,PASS,stored_route_uv_0.1mm,1.962,True,UNKNOWN:start_not_certified_free,0.09,abfa278e193c88d4,1.953,12.207,41.943,1.953,"start endpoint oracle clearance (row robot, 0.01 mm bisection)",True,,,,,,,,start,,,,,,,,,,,
GAPW1-F4W-00076,F4,GAPW1,cylinder,F4W-00076,EP-TOL,EP-FLOOR,by-tolerance,,start is 1.97 mm clear of floor splat 5496444 (2σ top 18.03 mm); GMC's refined gap 0.974 mm ≤ buffer 1 mm + slack -> no endpoint cell,aerial3d/cells.py:121-126 (grow_cell: refine_gap <= buffer + slack -> None) -> aerial3d/api.py:330-333,UNKNOWN:start_not_certified_free,PASS,stored_route_uv_0.1mm,1.24,True,UNKNOWN:start_not_certified_free,0.05,abfa278e193c88d4,1.973,19.99,100.0,1.973,"start endpoint oracle clearance (row robot, 0.01 mm bisection)",True,,,,,,,,start,,,,,,,,,,,
GAPW1-F4W-00086,F4,GAPW1,cylinder,F4W-00086,EP-TOL,EP-FLOOR,by-tolerance,,start is 1.97 mm clear of floor splat 5496444 (2σ top 18.03 mm); GMC's refined gap 0.974 mm ≤ buffer 1 mm + slack -> no endpoint cell,aerial3d/cells.py:121-126 (grow_cell: refine_gap <= buffer + slack -> None) -> aerial3d/api.py:330-333,UNKNOWN:start_not_certified_free,PASS,stored_route_uv_0.1mm,1.974,True,UNKNOWN:start_not_certified_free,0.05,abfa278e193c88d4,1.973,19.99,92.078,1.973,"start endpoint oracle clearance (row robot, 0.01 mm bisection)",True,,,,,,,,start,,,,,,,,,,,
GAPW1-F4W-00094,F4,GAPW1,cylinder,F4W-00094,EP-TOL,EP-FLOOR,by-tolerance,,start is 1.95 mm clear of floor splat 5337920 (2σ top 18.04 mm); GMC's refined gap 0.962 mm ≤ buffer 1 mm + slack -> no endpoint cell,aerial3d/cells.py:121-126 (grow_cell: refine_gap <= buffer + slack -> None) -> aerial3d/api.py:330-333,UNKNOWN:start_not_certified_free,PASS,stored_route_uv_0.1mm,1.448,True,UNKNOWN:start_not_certified_free,0.05,abfa278e193c88d4,1.953,19.99,5.212,1.953,"start endpoint oracle clearance (row robot, 0.01 mm bisection)",True,,,,,,,,start,,,,,,,,,,,
GAPW1-F4W-00110,F4,GAPW1,cylinder,F4W-00110,EP-TOL,EP-FLOOR,by-tolerance,,goal is 1.95 mm clear of floor splat 5337920 (2σ top 18.04 mm); GMC's refined gap 0.962 mm ≤ buffer 1 mm + slack -> no endpoint cell,aerial3d/cells.py:121-126 (grow_cell: refine_gap <= buffer + slack -> None) -> aerial3d/api.py:330-333,UNKNOWN:goal_not_certified_free,PASS,stored_route_uv_0.1mm,1.153,True,UNKNOWN:goal_not_certified_free,0.05,abfa278e193c88d4,4.15,1.953,62.341,1.953,"goal endpoint oracle clearance (row robot, 0.01 mm bisection)",True,,,,,,,,goal,,,,,,,,,,,
GAPW1-F4W-00121,F4,GAPW1,cylinder,F4W-00121,EP-TOL,EP-FLOOR,by-tolerance,,goal is 1.97 mm clear of floor splat 5496444 (2σ top 18.03 mm); GMC's refined gap 0.974 mm ≤ buffer 1 mm + slack -> no endpoint cell,aerial3d/cells.py:121-126 (grow_cell: refine_gap <= buffer + slack -> None) -> aerial3d/api.py:330-333,UNKNOWN:goal_not_certified_free,PASS,stored_route_uv_0.1mm,1.088,True,UNKNOWN:goal_not_certified_free,0.05,abfa278e193c88d4,5.938,1.973,17.517,1.973,"goal endpoint oracle clearance (row robot, 0.01 mm bisection)",True,,,,,,,,goal,,,,,,,,,,,
GAPW1-F4W-00128,F4,GAPW1,cylinder,F4W-00128,EP-TOL,EP-FLOOR,by-tolerance,,goal is 1.07 mm clear of floor splat 5371715 (2σ top 18.92 mm); GMC's refined gap 0.077 mm ≤ buffer 1 mm + slack -> no endpoint cell,aerial3d/cells.py:121-126 (grow_cell: refine_gap <= buffer + slack -> None) -> aerial3d/api.py:330-333,UNKNOWN:goal_not_certified_free,PASS,stored_route_uv_0.1mm,1.077,True,UNKNOWN:goal_not_certified_free,0.05,abfa278e193c88d4,19.424,1.074,18.396,1.074,"goal endpoint oracle clearance (row robot, 0.01 mm bisection)",True,,,,,,,,goal,,,,,,,,,,,
GAPW1-F4W-00133,F4,GAPW1,cylinder,F4W-00133,EP-TOL,EP-FLOOR,by-tolerance,,goal is 1.97 mm clear of floor splat 5496444 (2σ top 18.03 mm); GMC's refined gap 0.974 mm ≤ buffer 1 mm + slack -> no endpoint cell,aerial3d/cells.py:121-126 (grow_cell: refine_gap <= buffer + slack -> None) -> aerial3d/api.py:330-333,UNKNOWN:goal_not_certified_free,PASS,stored_route_uv_0.1mm,1.067,True,UNKNOWN:goal_not_certified_free,0.05,abfa278e193c88d4,16.465,1.973,33.173,1.973,"goal endpoint oracle clearance (row robot, 0.01 mm bisection)",True,,,,,,,,goal,,,,,,,,,,,
GAPW1-F4W-00139,F4,GAPW1,cylinder,F4W-00139,EP-TOL,EP-FLOOR,by-tolerance,,start is 1.97 mm clear of floor splat 5496444 (2σ top 18.03 mm); GMC's refined gap 0.974 mm ≤ buffer 1 mm + slack -> no endpoint cell,aerial3d/cells.py:121-126 (grow_cell: refine_gap <= buffer + slack -> None) -> aerial3d/api.py:330-333,UNKNOWN:start_not_certified_free,PASS,stored_route_uv_0.1mm,1.652,True,UNKNOWN:start_not_certified_free,0.06,abfa278e193c88d4,1.973,12.207,26.215,1.973,"start endpoint oracle clearance (row robot, 0.01 mm bisection)",True,,,,,,,,start,,,,,,,,,,,
GAPW1-F4W-00143,F4,GAPW1,cylinder,F4W-00143,EP-TOL,EP-FLOOR,by-tolerance,,goal is 1.97 mm clear of floor splat 5496444 (2σ top 18.03 mm); GMC's refined gap 0.974 mm ≤ buffer 1 mm + slack -> no endpoint cell,aerial3d/cells.py:121-126 (grow_cell: refine_gap <= buffer + slack -> None) -> aerial3d/api.py:330-333,UNKNOWN:goal_not_certified_free,PASS,stored_route_uv_0.1mm,1.003,True,UNKNOWN:goal_not_certified_free,0.05,abfa278e193c88d4,19.424,1.973,100.0,1.973,"goal endpoint oracle clearance (row robot, 0.01 mm bisection)",True,,,,,,,,goal,,,,,,,,,,,
GAPW1-F4W-00147,F4,GAPW1,cylinder,F4W-00147,EP-TOL,EP-FLOOR,by-tolerance,,goal is 1.95 mm clear of floor splat 5337920 (2σ top 18.04 mm); GMC's refined gap 0.962 mm ≤ buffer 1 mm + slack -> no endpoint cell,aerial3d/cells.py:121-126 (grow_cell: refine_gap <= buffer + slack -> None) -> aerial3d/api.py:330-333,UNKNOWN:goal_not_certified_free,PASS,stored_route_uv_0.1mm,1.027,True,UNKNOWN:goal_not_certified_free,0.05,abfa278e193c88d4,12.207,1.953,93.085,1.953,"goal endpoint oracle clearance (row robot, 0.01 mm bisection)",True,,,,,,,,goal,,,,,,,,,,,
GAPW1-F4W-00148,F4,GAPW1,cylinder,F4W-00148,EP-TOL,EP-FLOOR,by-tolerance,,start is 1.95 mm clear of floor splat 5337920 (2σ top 18.04 mm); GMC's refined gap 0.962 mm ≤ buffer 1 mm + slack -> no endpoint cell,aerial3d/cells.py:121-126 (grow_cell: refine_gap <= buffer + slack -> None) -> aerial3d/api.py:330-333,UNKNOWN:start_not_certified_free,PASS,stored_route_uv_0.1mm,1.255,True,UNKNOWN:start_not_certified_free,0.06,abfa278e193c88d4,1.953,19.424,90.1,1.953,"start endpoint oracle clearance (row robot, 0.01 mm bisection)",True,,,,,,,,start,,,,,,,,,,,
GAPW1-F4W-00152,F4,GAPW1,cylinder,F4W-00152,EP-TOL,EP-FLOOR,by-tolerance,,goal is 1.97 mm clear of floor splat 5496444 (2σ top 18.03 mm); GMC's refined gap 0.974 mm ≤ buffer 1 mm + slack -> no endpoint cell,aerial3d/cells.py:121-126 (grow_cell: refine_gap <= buffer + slack -> None) -> aerial3d/api.py:330-333,UNKNOWN:goal_not_certified_free,PASS,stored_route_uv_0.1mm,1.942,True,UNKNOWN:goal_not_certified_free,0.05,abfa278e193c88d4,19.99,1.973,100.0,1.973,"goal endpoint oracle clearance (row robot, 0.01 mm bisection)",True,,,,,,,,goal,,,,,,,,,,,
GAPW1-F4W-00153,F4,GAPW1,cylinder,F4W-00153,EP-TOL,EP-FLOOR,by-tolerance,,start is 1.97 mm clear of floor splat 5496444 (2σ top 18.03 mm); GMC's refined gap 0.974 mm ≤ buffer 1 mm + slack -> no endpoint cell,aerial3d/cells.py:121-126 (grow_cell: refine_gap <= buffer + slack -> None) -> aerial3d/api.py:330-333,UNKNOWN:start_not_certified_free,PASS,stored_route_uv_0.1mm,1.974,True,UNKNOWN:start_not_certified_free,0.06,abfa278e193c88d4,1.973,14.355,5.75,1.973,"start endpoint oracle clearance (row robot, 0.01 mm bisection)",True,,,,,,,,start,,,,,,,,,,,
GAPW1-F4W-00155,F4,GAPW1,cylinder,F4W-00155,EP-TOL,EP-FLOOR,by-tolerance,,start is 1.25 mm clear of floor splat 5371648 (2σ top 18.75 mm); GMC's refined gap 0.255 mm ≤ buffer 1 mm + slack -> no endpoint cell,aerial3d/cells.py:121-126 (grow_cell: refine_gap <= buffer + slack -> None) -> aerial3d/api.py:330-333,UNKNOWN:start_not_certified_free,PASS,stored_route_uv_0.1mm,1.046,True,UNKNOWN:start_not_certified_free,0.05,abfa278e193c88d4,1.25,19.99,22.443,1.25,"start endpoint oracle clearance (row robot, 0.01 mm bisection)",True,,,,,,,,start,,,,,,,,,,,
GAPW1-F4W-00156,F4,GAPW1,cylinder,F4W-00156,EP-TOL,EP-FLOOR,by-tolerance,,goal is 1.95 mm clear of floor splat 5337920 (2σ top 18.04 mm); GMC's refined gap 0.962 mm ≤ buffer 1 mm + slack -> no endpoint cell,aerial3d/cells.py:121-126 (grow_cell: refine_gap <= buffer + slack -> None) -> aerial3d/api.py:330-333,UNKNOWN:goal_not_certified_free,PASS,stored_route_uv_0.1mm,1.962,True,UNKNOWN:goal_not_certified_free,0.05,abfa278e193c88d4,17.305,1.953,100.0,1.953,"goal endpoint oracle clearance (row robot, 0.01 mm bisection)",True,,,,,,,,goal,,,,,,,,,,,
GAPW1-F4W-00158,F4,GAPW1,cylinder,F4W-00158,EP-TOL,EP-FLOOR,by-tolerance,,start is 1.95 mm clear of floor splat 5337920 (2σ top 18.04 mm); GMC's refined gap 0.962 mm ≤ buffer 1 mm + slack -> no endpoint cell,aerial3d/cells.py:121-126 (grow_cell: refine_gap <= buffer + slack -> None) -> aerial3d/api.py:330-333,UNKNOWN:start_not_certified_free,PASS,stored_route_uv_0.1mm,1.093,True,UNKNOWN:start_not_certified_free,0.05,abfa278e193c88d4,1.953,19.424,74.329,1.953,"start endpoint oracle clearance (row robot, 0.01 mm bisection)",True,,,,,,,,start,,,,,,,,,,,
GAPW1-F4W-00172,F4,GAPW1,cylinder,F4W-00172,EP-TOL,EP-FLOOR,by-tolerance,,goal is 1.95 mm clear of floor splat 5337920 (2σ top 18.04 mm); GMC's refined gap 0.962 mm ≤ buffer 1 mm + slack -> no endpoint cell,aerial3d/cells.py:121-126 (grow_cell: refine_gap <= buffer + slack -> None) -> aerial3d/api.py:330-333,UNKNOWN:goal_not_certified_free,PASS,stored_route_uv_0.1mm,1.643,True,UNKNOWN:goal_not_certified_free,0.05,abfa278e193c88d4,19.99,1.953,100.0,1.953,"goal endpoint oracle clearance (row robot, 0.01 mm bisection)",True,,,,,,,,goal,,,,,,,,,,,
GAPW1-F4W-00174,F4,GAPW1,cylinder,F4W-00174,EP-TOL,EP-FLOOR,by-tolerance,,goal is 1.95 mm clear of floor splat 5337920 (2σ top 18.04 mm); GMC's refined gap 0.962 mm ≤ buffer 1 mm + slack -> no endpoint cell,aerial3d/cells.py:121-126 (grow_cell: refine_gap <= buffer + slack -> None) -> aerial3d/api.py:330-333,UNKNOWN:goal_not_certified_free,PASS,stored_route_uv_0.1mm,1.962,True,UNKNOWN:goal_not_certified_free,0.05,abfa278e193c88d4,7.705,1.953,47.4,1.953,"goal endpoint oracle clearance (row robot, 0.01 mm bisection)",True,,,,,,,,goal,,,,,,,,,,,
GAPW1-F4W-00179,F4,GAPW1,cylinder,F4W-00179,EP-TOL,EP-FLOOR,by-tolerance,,goal is 1.95 mm clear of floor splat 5337920 (2σ top 18.04 mm); GMC's refined gap 0.962 mm ≤ buffer 1 mm + slack -> no endpoint cell,aerial3d/cells.py:121-126 (grow_cell: refine_gap <= buffer + slack -> None) -> aerial3d/api.py:330-333,UNKNOWN:goal_not_certified_free,PASS,stored_route_uv_0.1mm,1.023,True,UNKNOWN:goal_not_certified_free,0.05,abfa278e193c88d4,19.99,1.953,100.0,1.953,"goal endpoint oracle clearance (row robot, 0.01 mm bisection)",True,,,,,,,,goal,,,,,,,,,,,
GAPW1-F4W-00180,F4,GAPW1,cylinder,F4W-00180,EP-TOL,EP-FLOOR,by-tolerance,,goal is 1.97 mm clear of floor splat 5496444 (2σ top 18.03 mm); GMC's refined gap 0.974 mm ≤ buffer 1 mm + slack -> no endpoint cell,aerial3d/cells.py:121-126 (grow_cell: refine_gap <= buffer + slack -> None) -> aerial3d/api.py:330-333,UNKNOWN:goal_not_certified_free,PASS,stored_route_uv_0.1mm,1.046,True,UNKNOWN:goal_not_certified_free,0.05,abfa278e193c88d4,19.99,1.973,72.015,1.973,"goal endpoint oracle clearance (row robot, 0.01 mm bisection)",True,,,,,,,,goal,,,,,,,,,,,
GAPW1-F4W-00186,F4,GAPW1,cylinder,F4W-00186,EP-TOL,EP-FLOOR,by-tolerance,,start is 1.97 mm clear of floor splat 5496444 (2σ top 18.03 mm); GMC's refined gap 0.974 mm ≤ buffer 1 mm + slack -> no endpoint cell,aerial3d/cells.py:121-126 (grow_cell: refine_gap <= buffer + slack -> None) -> aerial3d/api.py:330-333,UNKNOWN:start_not_certified_free,PASS,stored_route_uv_0.1mm,1.036,True,UNKNOWN:start_not_certified_free,0.06,abfa278e193c88d4,1.973,19.99,41.699,1.973,"start endpoint oracle clearance (row robot, 0.01 mm bisection)",True,,,,,,,,start,,,,,,,,,,,
GAPW1-F4W-00188,F4,GAPW1,cylinder,F4W-00188,EP-TOL,EP-FLOOR,by-tolerance,,goal is 1.97 mm clear of floor splat 5496444 (2σ top 18.03 mm); GMC's refined gap 0.974 mm ≤ buffer 1 mm + slack -> no endpoint cell,aerial3d/cells.py:121-126 (grow_cell: refine_gap <= buffer + slack -> None) -> aerial3d/api.py:330-333,UNKNOWN:goal_not_certified_free,PASS,stored_route_uv_0.1mm,1.046,True,UNKNOWN:goal_not_certified_free,0.05,abfa278e193c88d4,19.99,1.973,100.0,1.973,"goal endpoint oracle clearance (row robot, 0.01 mm bisection)",True,,,,,,,,goal,,,,,,,,,,,
GAPW1-F4W-00192,F4,GAPW1,cylinder,F4W-00192,EP-TOL,EP-FLOOR,by-tolerance,,start is 1.97 mm clear of floor splat 5496444 (2σ top 18.03 mm); GMC's refined gap 0.974 mm ≤ buffer 1 mm + slack -> no endpoint cell,aerial3d/cells.py:121-126 (grow_cell: refine_gap <= buffer + slack -> None) -> aerial3d/api.py:330-333,UNKNOWN:start_not_certified_free,PASS,stored_route_uv_0.1mm,1.974,True,UNKNOWN:start_not_certified_free,0.06,abfa278e193c88d4,1.973,13.975,35.846,1.973,"start endpoint oracle clearance (row robot, 0.01 mm bisection)",True,,,,,,,,start,,,,,,,,,,,
GAPW1-F4W-00196,F4,GAPW1,cylinder,F4W-00196,EP-TOL,EP-FLOOR,by-tolerance,,start is 1.95 mm clear of floor splat 5337920 (2σ top 18.04 mm); GMC's refined gap 0.962 mm ≤ buffer 1 mm + slack -> no endpoint cell,aerial3d/cells.py:121-126 (grow_cell: refine_gap <= buffer + slack -> None) -> aerial3d/api.py:330-333,UNKNOWN:start_not_certified_free,PASS,stored_route_uv_0.1mm,1.962,True,UNKNOWN:start_not_certified_free,0.05,abfa278e193c88d4,1.953,13.965,3.229,1.953,"start endpoint oracle clearance (row robot, 0.01 mm bisection)",True,,,,,,,,start,,,,,,,,,,,
GAPW1-F4W-00197,F4,GAPW1,cylinder,F4W-00197,EP-TOL,EP-FLOOR,by-tolerance,,goal is 1.95 mm clear of floor splat 5337920 (2σ top 18.04 mm); GMC's refined gap 0.962 mm ≤ buffer 1 mm + slack -> no endpoint cell,aerial3d/cells.py:121-126 (grow_cell: refine_gap <= buffer + slack -> None) -> aerial3d/api.py:330-333,UNKNOWN:goal_not_certified_free,PASS,stored_route_uv_0.1mm,1.962,True,UNKNOWN:goal_not_certified_free,0.05,abfa278e193c88d4,19.99,1.953,13.782,1.953,"goal endpoint oracle clearance (row robot, 0.01 mm bisection)",True,,,,,,,,goal,,,,,,,,,,,
GAPW1-F4W-00198,F4,GAPW1,cylinder,F4W-00198,EP-TOL,EP-FLOOR,by-tolerance,,goal is 1.97 mm clear of floor splat 5496444 (2σ top 18.03 mm); GMC's refined gap 0.974 mm ≤ buffer 1 mm + slack -> no endpoint cell,aerial3d/cells.py:121-126 (grow_cell: refine_gap <= buffer + slack -> None) -> aerial3d/api.py:330-333,UNKNOWN:goal_not_certified_free,PASS,stored_route_uv_0.1mm,1.974,True,UNKNOWN:goal_not_certified_free,0.05,abfa278e193c88d4,12.207,1.973,100.0,1.973,"goal endpoint oracle clearance (row robot, 0.01 mm bisection)",True,,,,,,,,goal,,,,,,,,,,,
GAPW1-F4W-00200,F4,GAPW1,cylinder,F4W-00200,EP-TOL,EP-FLOOR,by-tolerance,,goal is 1.97 mm clear of floor splat 5496444 (2σ top 18.03 mm); GMC's refined gap 0.974 mm ≤ buffer 1 mm + slack -> no endpoint cell,aerial3d/cells.py:121-126 (grow_cell: refine_gap <= buffer + slack -> None) -> aerial3d/api.py:330-333,UNKNOWN:goal_not_certified_free,PASS,stored_route_uv_0.1mm,1.936,True,UNKNOWN:goal_not_certified_free,0.05,abfa278e193c88d4,19.424,1.973,27.771,1.973,"goal endpoint oracle clearance (row robot, 0.01 mm bisection)",True,,,,,,,,goal,,,,,,,,,,,
GAPW1-F4W-00203,F4,GAPW1,cylinder,F4W-00203,EP-TOL,EP-FLOOR,by-tolerance,,goal is 1.95 mm clear of floor splat 5337920 (2σ top 18.04 mm); GMC's refined gap 0.962 mm ≤ buffer 1 mm + slack -> no endpoint cell,aerial3d/cells.py:121-126 (grow_cell: refine_gap <= buffer + slack -> None) -> aerial3d/api.py:330-333,UNKNOWN:goal_not_certified_free,PASS,stored_route_uv_0.1mm,1.159,True,UNKNOWN:goal_not_certified_free,0.05,abfa278e193c88d4,19.99,1.953,100.0,1.953,"goal endpoint oracle clearance (row robot, 0.01 mm bisection)",True,,,,,,,,goal,,,,,,,,,,,
GAPW1-F4W-00205,F4,GAPW1,cylinder,F4W-00205,EP-TOL,EP-FLOOR,by-tolerance,,goal is 1.95 mm clear of floor splat 5337920 (2σ top 18.04 mm); GMC's refined gap 0.962 mm ≤ buffer 1 mm + slack -> no endpoint cell,aerial3d/cells.py:121-126 (grow_cell: refine_gap <= buffer + slack -> None) -> aerial3d/api.py:330-333,UNKNOWN:goal_not_certified_free,PASS,stored_route_uv_0.1mm,1.057,True,UNKNOWN:goal_not_certified_free,0.05,abfa278e193c88d4,19.99,1.953,100.0,1.953,"goal endpoint oracle clearance (row robot, 0.01 mm bisection)",True,,,,,,,,goal,,,,,,,,,,,
GAPW1-F4W-00206,F4,GAPW1,cylinder,F4W-00206,EP-TOL,EP-FLOOR,by-tolerance,,start is 1.97 mm clear of floor splat 5496444 (2σ top 18.03 mm); GMC's refined gap 0.974 mm ≤ buffer 1 mm + slack -> no endpoint cell,aerial3d/cells.py:121-126 (grow_cell: refine_gap <= buffer + slack -> None) -> aerial3d/api.py:330-333,UNKNOWN:start_not_certified_free,PASS,stored_route_uv_0.1mm,1.523,True,UNKNOWN:start_not_certified_free,0.05,abfa278e193c88d4,1.973,12.207,39.868,1.973,"start endpoint oracle clearance (row robot, 0.01 mm bisection)",True,,,,,,,,start,,,,,,,,,,,
GAPW1-F4W-00227,F4,GAPW1,cylinder,F4W-00227,EP-TOL,EP-FLOOR,by-tolerance,,start is 1.95 mm clear of floor splat 5337920 (2σ top 18.04 mm); GMC's refined gap 0.962 mm ≤ buffer 1 mm + slack -> no endpoint cell,aerial3d/cells.py:121-126 (grow_cell: refine_gap <= buffer + slack -> None) -> aerial3d/api.py:330-333,UNKNOWN:start_not_certified_free,PASS,stored_route_uv_0.1mm,1.057,True,UNKNOWN:start_not_certified_free,0.04,abfa278e193c88d4,1.953,19.99,78.571,1.953,"start endpoint oracle clearance (row robot, 0.01 mm bisection)",True,,,,,,,,start,,,,,,,,,,,
GAPW1-F4W-00243,F4,GAPW1,cylinder,F4W-00243,EP-TOL,EP-FLOOR,by-tolerance,,start is 1.97 mm clear of floor splat 5496444 (2σ top 18.03 mm); GMC's refined gap 0.974 mm ≤ buffer 1 mm + slack -> no endpoint cell,aerial3d/cells.py:121-126 (grow_cell: refine_gap <= buffer + slack -> None) -> aerial3d/api.py:330-333,UNKNOWN:start_not_certified_free,PASS,stored_route_uv_0.1mm,1.827,True,UNKNOWN:start_not_certified_free,0.05,abfa278e193c88d4,1.973,19.99,100.0,1.973,"start endpoint oracle clearance (row robot, 0.01 mm bisection)",True,,,,,,,,start,,,,,,,,,,,
GAPW1-F4W-00256,F4,GAPW1,cylinder,F4W-00256,EP-TOL,EP-FLOOR,by-tolerance,,goal is 1.31 mm clear of floor splat 5525250 (2σ top 19.66 mm); GMC's refined gap 0.313 mm ≤ buffer 1 mm + slack -> no endpoint cell,aerial3d/cells.py:121-126 (grow_cell: refine_gap <= buffer + slack -> None) -> aerial3d/api.py:330-333,UNKNOWN:goal_not_certified_free,PASS,stored_route_uv_0.1mm,1.013,True,UNKNOWN:goal_not_certified_free,0.05,abfa278e193c88d4,7.959,1.309,11.169,1.309,"goal endpoint oracle clearance (row robot, 0.01 mm bisection)",True,,,,,,,,goal,,,,,,,,,,,
GAPW1-F4W-00266,F4,GAPW1,cylinder,F4W-00266,EP-TOL,EP-FLOOR,by-tolerance,,goal is 1.97 mm clear of floor splat 5496444 (2σ top 18.03 mm); GMC's refined gap 0.974 mm ≤ buffer 1 mm + slack -> no endpoint cell,aerial3d/cells.py:121-126 (grow_cell: refine_gap <= buffer + slack -> None) -> aerial3d/api.py:330-333,UNKNOWN:goal_not_certified_free,PASS,stored_route_uv_0.1mm,1.533,True,UNKNOWN:goal_not_certified_free,0.05,abfa278e193c88d4,19.99,1.973,20.087,1.973,"goal endpoint oracle clearance (row robot, 0.01 mm bisection)",True,,,,,,,,goal,,,,,,,,,,,
GAPW1-F4W-00272,F4,GAPW1,cylinder,F4W-00272,EP-TOL,EP-FLOOR,by-tolerance,,start is 1.99 mm clear of floor splat 5337920 (2σ top 18.04 mm); GMC's refined gap 0.962 mm ≤ buffer 1 mm + slack -> no endpoint cell,aerial3d/cells.py:121-126 (grow_cell: refine_gap <= buffer + slack -> None) -> aerial3d/api.py:330-333,UNKNOWN:start_not_certified_free,PASS,stored_route_uv_0.1mm,1.177,True,UNKNOWN:start_not_certified_free,0.05,abfa278e193c88d4,1.992,19.99,73.608,1.992,"start endpoint oracle clearance (row robot, 0.01 mm bisection)",True,,,,,,,,start,,,,,,,,,,,
GAPW1-F4W-00286,F4,GAPW1,cylinder,F4W-00286,EP-TOL,EP-FLOOR,by-tolerance,,goal is 1.95 mm clear of floor splat 5337920 (2σ top 18.04 mm); GMC's refined gap 0.962 mm ≤ buffer 1 mm + slack -> no endpoint cell,aerial3d/cells.py:121-126 (grow_cell: refine_gap <= buffer + slack -> None) -> aerial3d/api.py:330-333,UNKNOWN:goal_not_certified_free,PASS,stored_route_uv_0.1mm,1.962,True,UNKNOWN:goal_not_certified_free,0.05,abfa278e193c88d4,7.705,1.953,100.0,1.953,"goal endpoint oracle clearance (row robot, 0.01 mm bisection)",True,,,,,,,,goal,,,,,,,,,,,
GAPW1-F4W-00290,F4,GAPW1,cylinder,F4W-00290,EP-TOL,EP-FLOOR,by-tolerance,,start is 1.07 mm clear of floor splat 5371715 (2σ top 18.92 mm); GMC's refined gap 0.077 mm ≤ buffer 1 mm + slack -> no endpoint cell,aerial3d/cells.py:121-126 (grow_cell: refine_gap <= buffer + slack -> None) -> aerial3d/api.py:330-333,UNKNOWN:start_not_certified_free,PASS,stored_route_uv_0.1mm,1.017,True,UNKNOWN:start_not_certified_free,0.05,abfa278e193c88d4,1.074,19.99,27.319,1.074,"start endpoint oracle clearance (row robot, 0.01 mm bisection)",True,,,,,,,,start,,,,,,,,,,,
GAPW1-F4W-00292,F4,GAPW1,cylinder,F4W-00292,EP-TOL,EP-FLOOR,by-tolerance,,start is 1.95 mm clear of floor splat 5337920 (2σ top 18.04 mm); GMC's refined gap 0.962 mm ≤ buffer 1 mm + slack -> no endpoint cell,aerial3d/cells.py:121-126 (grow_cell: refine_gap <= buffer + slack -> None) -> aerial3d/api.py:330-333,UNKNOWN:start_not_certified_free,PASS,stored_route_uv_0.1mm,1.027,True,UNKNOWN:start_not_certified_free,0.05,abfa278e193c88d4,1.953,19.99,100.0,1.953,"start endpoint oracle clearance (row robot, 0.01 mm bisection)",True,,,,,,,,start,,,,,,,,,,,
GAPW1-F4W-00294,F4,GAPW1,cylinder,F4W-00294,EP-TOL,EP-FLOOR,by-tolerance,,start is 1.97 mm clear of floor splat 5496444 (2σ top 18.03 mm); GMC's refined gap 0.974 mm ≤ buffer 1 mm + slack -> no endpoint cell,aerial3d/cells.py:121-126 (grow_cell: refine_gap <= buffer + slack -> None) -> aerial3d/api.py:330-333,UNKNOWN:start_not_certified_free,PASS,stored_route_uv_0.1mm,1.205,True,UNKNOWN:start_not_certified_free,0.05,abfa278e193c88d4,1.973,19.424,83.612,1.973,"start endpoint oracle clearance (row robot, 0.01 mm bisection)",True,,,,,,,,start,,,,,,,,,,,
GAPW1-F4W-00299,F4,GAPW1,cylinder,F4W-00299,EP-TOL,EP-FLOOR,by-tolerance,,goal is 1.95 mm clear of floor splat 5337920 (2σ top 18.04 mm); GMC's refined gap 0.962 mm ≤ buffer 1 mm + slack -> no endpoint cell,aerial3d/cells.py:121-126 (grow_cell: refine_gap <= buffer + slack -> None) -> aerial3d/api.py:330-333,UNKNOWN:goal_not_certified_free,PASS,stored_route_uv_0.1mm,1.575,True,UNKNOWN:goal_not_certified_free,0.05,abfa278e193c88d4,13.965,1.953,47.98,1.953,"goal endpoint oracle clearance (row robot, 0.01 mm bisection)",True,,,,,,,,goal,,,,,,,,,,,
GAPW1-F4W-00304,F4,GAPW1,cylinder,F4W-00304,EP-TOL,EP-FLOOR,by-tolerance,,start is 1.95 mm clear of floor splat 5337920 (2σ top 18.04 mm); GMC's refined gap 0.962 mm ≤ buffer 1 mm + slack -> no endpoint cell,aerial3d/cells.py:121-126 (grow_cell: refine_gap <= buffer + slack -> None) -> aerial3d/api.py:330-333,UNKNOWN:start_not_certified_free,PASS,stored_route_uv_0.1mm,1.255,True,UNKNOWN:start_not_certified_free,0.05,abfa278e193c88d4,1.953,19.99,100.0,1.953,"start endpoint oracle clearance (row robot, 0.01 mm bisection)",True,,,,,,,,start,,,,,,,,,,,
GAPW1-F4W-00315,F4,GAPW1,cylinder,F4W-00315,EP-TOL,EP-FLOOR,by-tolerance,,start is 1.97 mm clear of floor splat 5496444 (2σ top 18.03 mm); GMC's refined gap 0.974 mm ≤ buffer 1 mm + slack -> no endpoint cell,aerial3d/cells.py:121-126 (grow_cell: refine_gap <= buffer + slack -> None) -> aerial3d/api.py:330-333,UNKNOWN:start_not_certified_free,PASS,stored_route_uv_0.1mm,1.974,True,UNKNOWN:start_not_certified_free,0.05,abfa278e193c88d4,1.973,18.184,10.657,1.973,"start endpoint oracle clearance (row robot, 0.01 mm bisection)",True,,,,,,,,start,,,,,,,,,,,
GAPW1-F4W-00322,F4,GAPW1,cylinder,F4W-00322,EP-TOL,EP-FLOOR,by-tolerance,,goal is 1.95 mm clear of floor splat 5337920 (2σ top 18.04 mm); GMC's refined gap 0.962 mm ≤ buffer 1 mm + slack -> no endpoint cell,aerial3d/cells.py:121-126 (grow_cell: refine_gap <= buffer + slack -> None) -> aerial3d/api.py:330-333,UNKNOWN:goal_not_certified_free,PASS,stored_route_uv_0.1mm,1.962,True,UNKNOWN:goal_not_certified_free,0.05,abfa278e193c88d4,13.965,1.953,1.715,1.953,"goal endpoint oracle clearance (row robot, 0.01 mm bisection)",True,,,,,,,,goal,,,,,,,,,,,
GAPW1-F4W-00324,F4,GAPW1,cylinder,F4W-00324,EP-TOL,EP-FLOOR,by-tolerance,,goal is 1.95 mm clear of floor splat 5337920 (2σ top 18.04 mm); GMC's refined gap 0.962 mm ≤ buffer 1 mm + slack -> no endpoint cell,aerial3d/cells.py:121-126 (grow_cell: refine_gap <= buffer + slack -> None) -> aerial3d/api.py:330-333,UNKNOWN:goal_not_certified_free,PASS,stored_route_uv_0.1mm,1.962,True,UNKNOWN:goal_not_certified_free,0.05,abfa278e193c88d4,16.729,1.953,71.753,1.953,"goal endpoint oracle clearance (row robot, 0.01 mm bisection)",True,,,,,,,,goal,,,,,,,,,,,
GAPW1-F4W-00331,F4,GAPW1,cylinder,F4W-00331,EP-TOL,EP-FLOOR,by-tolerance,,start is 1.95 mm clear of floor splat 5337920 (2σ top 18.04 mm); GMC's refined gap 0.962 mm ≤ buffer 1 mm + slack -> no endpoint cell,aerial3d/cells.py:121-126 (grow_cell: refine_gap <= buffer + slack -> None) -> aerial3d/api.py:330-333,UNKNOWN:start_not_certified_free,PASS,stored_route_uv_0.1mm,1.119,True,UNKNOWN:start_not_certified_free,0.06,abfa278e193c88d4,1.953,12.207,97.064,1.953,"start endpoint oracle clearance (row robot, 0.01 mm bisection)",True,,,,,,,,start,,,,,,,,,,,
GAPW1-F4W-00333,F4,GAPW1,cylinder,F4W-00333,EP-TOL,EP-FLOOR,by-tolerance,,start is 1.95 mm clear of floor splat 5337920 (2σ top 18.04 mm); GMC's refined gap 0.962 mm ≤ buffer 1 mm + slack -> no endpoint cell,aerial3d/cells.py:121-126 (grow_cell: refine_gap <= buffer + slack -> None) -> aerial3d/api.py:330-333,UNKNOWN:start_not_certified_free,PASS,stored_route_uv_0.1mm,1.01,True,UNKNOWN:start_not_certified_free,0.04,abfa278e193c88d4,1.953,19.99,100.0,1.953,"start endpoint oracle clearance (row robot, 0.01 mm bisection)",True,,,,,,,,start,,,,,,,,,,,
GAPW1-F4W-00335,F4,GAPW1,cylinder,F4W-00335,EP-TOL,EP-FLOOR,by-tolerance,,goal is 1.95 mm clear of floor splat 5337920 (2σ top 18.04 mm); GMC's refined gap 0.962 mm ≤ buffer 1 mm + slack -> no endpoint cell,aerial3d/cells.py:121-126 (grow_cell: refine_gap <= buffer + slack -> None) -> aerial3d/api.py:330-333,UNKNOWN:goal_not_certified_free,PASS,stored_route_uv_0.1mm,1.962,True,UNKNOWN:goal_not_certified_free,0.05,abfa278e193c88d4,19.99,1.953,100.0,1.953,"goal endpoint oracle clearance (row robot, 0.01 mm bisection)",True,,,,,,,,goal,,,,,,,,,,,
GAPW1-F4W-00338,F4,GAPW1,cylinder,F4W-00338,EP-TOL,EP-FLOOR,by-tolerance,,goal is 1.47 mm clear of floor splat 5372258 (2σ top 19.13 mm); GMC's refined gap 0.474 mm ≤ buffer 1 mm + slack -> no endpoint cell,aerial3d/cells.py:121-126 (grow_cell: refine_gap <= buffer + slack -> None) -> aerial3d/api.py:330-333,UNKNOWN:goal_not_certified_free,PASS,stored_route_uv_0.1mm,1.077,True,UNKNOWN:goal_not_certified_free,0.05,abfa278e193c88d4,19.424,1.465,90.057,1.465,"goal endpoint oracle clearance (row robot, 0.01 mm bisection)",True,,,,,,,,goal,,,,,,,,,,,
GAPW1-F4W-00341,F4,GAPW1,cylinder,F4W-00341,EP-TOL,EP-FLOOR,by-tolerance,,goal is 1.97 mm clear of floor splat 5496444 (2σ top 18.03 mm); GMC's refined gap 0.974 mm ≤ buffer 1 mm + slack -> no endpoint cell,aerial3d/cells.py:121-126 (grow_cell: refine_gap <= buffer + slack -> None) -> aerial3d/api.py:330-333,UNKNOWN:goal_not_certified_free,PASS,stored_route_uv_0.1mm,1.026,True,UNKNOWN:goal_not_certified_free,0.05,abfa278e193c88d4,14.863,1.973,71.075,1.973,"goal endpoint oracle clearance (row robot, 0.01 mm bisection)",True,,,,,,,,goal,,,,,,,,,,,
GAPW1-F4W-00358,F4,GAPW1,cylinder,F4W-00358,EP-TOL,EP-FLOOR,by-tolerance,,start is 1.97 mm clear of floor splat 5496444 (2σ top 18.03 mm); GMC's refined gap 0.974 mm ≤ buffer 1 mm + slack -> no endpoint cell,aerial3d/cells.py:121-126 (grow_cell: refine_gap <= buffer + slack -> None) -> aerial3d/api.py:330-333,UNKNOWN:start_not_certified_free,PASS,stored_route_uv_0.1mm,1.003,True,UNKNOWN:start_not_certified_free,0.05,abfa278e193c88d4,1.973,19.99,100.0,1.973,"start endpoint oracle clearance (row robot, 0.01 mm bisection)",True,,,,,,,,start,,,,,,,,,,,
GAPW1-F4W-00365,F4,GAPW1,cylinder,F4W-00365,EP-TOL,EP-FLOOR,by-tolerance,,goal is 1.97 mm clear of floor splat 5496444 (2σ top 18.03 mm); GMC's refined gap 0.974 mm ≤ buffer 1 mm + slack -> no endpoint cell,aerial3d/cells.py:121-126 (grow_cell: refine_gap <= buffer + slack -> None) -> aerial3d/api.py:330-333,UNKNOWN:goal_not_certified_free,PASS,stored_route_uv_0.1mm,1.974,True,UNKNOWN:goal_not_certified_free,0.05,abfa278e193c88d4,12.207,1.973,100.0,1.973,"goal endpoint oracle clearance (row robot, 0.01 mm bisection)",True,,,,,,,,goal,,,,,,,,,,,
GAPW1-F4W-00369,F4,GAPW1,cylinder,F4W-00369,EP-TOL,EP-FLOOR,by-tolerance,,start is 1.07 mm clear of floor splat 5371715 (2σ top 18.92 mm); GMC's refined gap 0.077 mm ≤ buffer 1 mm + slack -> no endpoint cell,aerial3d/cells.py:121-126 (grow_cell: refine_gap <= buffer + slack -> None) -> aerial3d/api.py:330-333,UNKNOWN:start_not_certified_free,PASS,stored_route_uv_0.1mm,1.046,True,UNKNOWN:start_not_certified_free,0.06,abfa278e193c88d4,1.074,19.424,27.802,1.074,"start endpoint oracle clearance (row robot, 0.01 mm bisection)",True,,,,,,,,start,,,,,,,,,,,
GAPW1-F4W-00376,F4,GAPW1,cylinder,F4W-00376,EP-TOL,EP-FLOOR,by-tolerance,,goal is 1.99 mm clear of floor splat 5496444 (2σ top 18.03 mm); GMC's refined gap 0.993 mm ≤ buffer 1 mm + slack -> no endpoint cell,aerial3d/cells.py:121-126 (grow_cell: refine_gap <= buffer + slack -> None) -> aerial3d/api.py:330-333,UNKNOWN:goal_not_certified_free,PASS,stored_route_uv_0.1mm,1.027,True,UNKNOWN:goal_not_certified_free,0.05,abfa278e193c88d4,12.207,1.992,100.0,1.992,"goal endpoint oracle clearance (row robot, 0.01 mm bisection)",True,,,,,,,,goal,,,,,,,,,,,
GAPW1-F4W-00379,F4,GAPW1,cylinder,F4W-00379,EP-TOL,EP-FLOOR,by-tolerance,,goal is 1.95 mm clear of floor splat 5337920 (2σ top 18.04 mm); GMC's refined gap 0.962 mm ≤ buffer 1 mm + slack -> no endpoint cell,aerial3d/cells.py:121-126 (grow_cell: refine_gap <= buffer + slack -> None) -> aerial3d/api.py:330-333,UNKNOWN:goal_not_certified_free,PASS,stored_route_uv_0.1mm,1.0,True,UNKNOWN:goal_not_certified_free,0.05,abfa278e193c88d4,19.99,1.953,100.0,1.953,"goal endpoint oracle clearance (row robot, 0.01 mm bisection)",True,,,,,,,,goal,,,,,,,,,,,
GAPW1-F4W-00380,F4,GAPW1,cylinder,F4W-00380,EP-TOL,EP-FLOOR,by-tolerance,,goal is 1.97 mm clear of floor splat 5496444 (2σ top 18.03 mm); GMC's refined gap 0.974 mm ≤ buffer 1 mm + slack -> no endpoint cell,aerial3d/cells.py:121-126 (grow_cell: refine_gap <= buffer + slack -> None) -> aerial3d/api.py:330-333,UNKNOWN:goal_not_certified_free,PASS,stored_route_uv_0.1mm,1.165,True,UNKNOWN:goal_not_certified_free,0.05,abfa278e193c88d4,16.289,1.973,31.317,1.973,"goal endpoint oracle clearance (row robot, 0.01 mm bisection)",True,,,,,,,,goal,,,,,,,,,,,
GAPW1-F4W-00382,F4,GAPW1,cylinder,F4W-00382,EP-TOL,EP-FLOOR,by-tolerance,,start is 1.25 mm clear of floor splat 5371648 (2σ top 18.75 mm); GMC's refined gap 0.255 mm ≤ buffer 1 mm + slack -> no endpoint cell,aerial3d/cells.py:121-126 (grow_cell: refine_gap <= buffer + slack -> None) -> aerial3d/api.py:330-333,UNKNOWN:start_not_certified_free,PASS,stored_route_uv_0.1mm,1.043,True,UNKNOWN:start_not_certified_free,0.06,abfa278e193c88d4,1.25,17.92,7.355,1.25,"start endpoint oracle clearance (row robot, 0.01 mm bisection)",True,,,,,,,,start,,,,,,,,,,,
GAPW1-F4W-00389,F4,GAPW1,cylinder,F4W-00389,EP-TOL,EP-FLOOR,by-tolerance,,start is 1.97 mm clear of floor splat 5496444 (2σ top 18.03 mm); GMC's refined gap 0.974 mm ≤ buffer 1 mm + slack -> no endpoint cell,aerial3d/cells.py:121-126 (grow_cell: refine_gap <= buffer + slack -> None) -> aerial3d/api.py:330-333,UNKNOWN:start_not_certified_free,PASS,stored_route_uv_0.1mm,1.037,True,UNKNOWN:start_not_certified_free,0.05,abfa278e193c88d4,1.973,19.99,100.0,1.973,"start endpoint oracle clearance (row robot, 0.01 mm bisection)",True,,,,,,,,start,,,,,,,,,,,
GAPW1-F4W-00396,F4,GAPW1,cylinder,F4W-00396,EP-TOL,EP-FLOOR,by-tolerance,,start is 1.97 mm clear of floor splat 5496444 (2σ top 18.03 mm); GMC's refined gap 0.974 mm ≤ buffer 1 mm + slack -> no endpoint cell,aerial3d/cells.py:121-126 (grow_cell: refine_gap <= buffer + slack -> None) -> aerial3d/api.py:330-333,UNKNOWN:start_not_certified_free,PASS,stored_route_uv_0.1mm,1.543,True,UNKNOWN:start_not_certified_free,0.06,abfa278e193c88d4,1.973,4.648,100.0,1.973,"start endpoint oracle clearance (row robot, 0.01 mm bisection)",True,,,,,,,,start,,,,,,,,,,,
GAPW1-F4W-00399,F4,GAPW1,cylinder,F4W-00399,EP-TOL,EP-FLOOR,by-tolerance,,start is 1.95 mm clear of floor splat 5337920 (2σ top 18.04 mm); GMC's refined gap 0.962 mm ≤ buffer 1 mm + slack -> no endpoint cell,aerial3d/cells.py:121-126 (grow_cell: refine_gap <= buffer + slack -> None) -> aerial3d/api.py:330-333,UNKNOWN:start_not_certified_free,PASS,stored_route_uv_0.1mm,1.031,True,UNKNOWN:start_not_certified_free,0.05,abfa278e193c88d4,1.953,14.619,11.011,1.953,"start endpoint oracle clearance (row robot, 0.01 mm bisection)",True,,,,,,,,start,,,,,,,,,,,
GAPW1-F4W-00401,F4,GAPW1,cylinder,F4W-00401,EP-TOL,EP-FLOOR,by-tolerance,,goal is 1.97 mm clear of floor splat 5496444 (2σ top 18.03 mm); GMC's refined gap 0.974 mm ≤ buffer 1 mm + slack -> no endpoint cell,aerial3d/cells.py:121-126 (grow_cell: refine_gap <= buffer + slack -> None) -> aerial3d/api.py:330-333,UNKNOWN:goal_not_certified_free,PASS,stored_route_uv_0.1mm,1.007,True,UNKNOWN:goal_not_certified_free,0.05,abfa278e193c88d4,19.99,1.973,50.824,1.973,"goal endpoint oracle clearance (row robot, 0.01 mm bisection)",True,,,,,,,,goal,,,,,,,,,,,
GAPW1-F4W-00410,F4,GAPW1,cylinder,F4W-00410,EP-TOL,EP-FLOOR,by-tolerance,,start is 1.95 mm clear of floor splat 5337920 (2σ top 18.04 mm); GMC's refined gap 0.962 mm ≤ buffer 1 mm + slack -> no endpoint cell,aerial3d/cells.py:121-126 (grow_cell: refine_gap <= buffer + slack -> None) -> aerial3d/api.py:330-333,UNKNOWN:start_not_certified_free,PASS,stored_route_uv_0.1mm,1.089,True,UNKNOWN:start_not_certified_free,0.06,abfa278e193c88d4,1.953,19.99,100.0,1.953,"start endpoint oracle clearance (row robot, 0.01 mm bisection)",True,,,,,,,,start,,,,,,,,,,,
GAPW1-F4W-00413,F4,GAPW1,cylinder,F4W-00413,EP-TOL,EP-FLOOR,by-tolerance,,goal is 1.95 mm clear of floor splat 5337920 (2σ top 18.04 mm); GMC's refined gap 0.962 mm ≤ buffer 1 mm + slack -> no endpoint cell,aerial3d/cells.py:121-126 (grow_cell: refine_gap <= buffer + slack -> None) -> aerial3d/api.py:330-333,UNKNOWN:goal_not_certified_free,PASS,stored_route_uv_0.1mm,1.962,True,UNKNOWN:goal_not_certified_free,0.05,abfa278e193c88d4,14.092,1.953,56.268,1.953,"goal endpoint oracle clearance (row robot, 0.01 mm bisection)",True,,,,,,,,goal,,,,,,,,,,,
GAPW1-F4W-00414,F4,GAPW1,cylinder,F4W-00414,EP-TOL,EP-FLOOR,by-tolerance,,start is 1.97 mm clear of floor splat 5496444 (2σ top 18.03 mm); GMC's refined gap 0.974 mm ≤ buffer 1 mm + slack -> no endpoint cell,aerial3d/cells.py:121-126 (grow_cell: refine_gap <= buffer + slack -> None) -> aerial3d/api.py:330-333,UNKNOWN:start_not_certified_free,PASS,stored_route_uv_0.1mm,1.038,True,UNKNOWN:start_not_certified_free,0.06,abfa278e193c88d4,1.973,12.207,19.745,1.973,"start endpoint oracle clearance (row robot, 0.01 mm bisection)",True,,,,,,,,start,,,,,,,,,,,
GAPW1-F4W-00417,F4,GAPW1,cylinder,F4W-00417,EP-TOL,EP-FLOOR,by-tolerance,,goal is 1.97 mm clear of floor splat 5496444 (2σ top 18.03 mm); GMC's refined gap 0.974 mm ≤ buffer 1 mm + slack -> no endpoint cell,aerial3d/cells.py:121-126 (grow_cell: refine_gap <= buffer + slack -> None) -> aerial3d/api.py:330-333,UNKNOWN:goal_not_certified_free,PASS,stored_route_uv_0.1mm,1.061,True,UNKNOWN:goal_not_certified_free,0.05,abfa278e193c88d4,12.813,1.973,100.0,1.973,"goal endpoint oracle clearance (row robot, 0.01 mm bisection)",True,,,,,,,,goal,,,,,,,,,,,
GAPW1-F4W-00432,F4,GAPW1,cylinder,F4W-00432,EP-TOL,EP-FLOOR,by-tolerance,,start is 1.97 mm clear of floor splat 5496444 (2σ top 18.03 mm); GMC's refined gap 0.974 mm ≤ buffer 1 mm + slack -> no endpoint cell,aerial3d/cells.py:121-126 (grow_cell: refine_gap <= buffer + slack -> None) -> aerial3d/api.py:330-333,UNKNOWN:start_not_certified_free,PASS,stored_route_uv_0.1mm,1.434,True,UNKNOWN:start_not_certified_free,0.06,abfa278e193c88d4,1.973,8.76,13.092,1.973,"start endpoint oracle clearance (row robot, 0.01 mm bisection)",True,,,,,,,,start,,,,,,,,,,,
GAPW1-F4W-00445,F4,GAPW1,cylinder,F4W-00445,EP-TOL,EP-FLOOR,by-tolerance,,goal is 1.97 mm clear of floor splat 5496444 (2σ top 18.03 mm); GMC's refined gap 0.974 mm ≤ buffer 1 mm + slack -> no endpoint cell,aerial3d/cells.py:121-126 (grow_cell: refine_gap <= buffer + slack -> None) -> aerial3d/api.py:330-333,UNKNOWN:goal_not_certified_free,PASS,stored_route_uv_0.1mm,1.007,True,UNKNOWN:goal_not_certified_free,0.05,abfa278e193c88d4,19.99,1.973,100.0,1.973,"goal endpoint oracle clearance (row robot, 0.01 mm bisection)",True,,,,,,,,goal,,,,,,,,,,,
GAPW1-F4W-00447,F4,GAPW1,cylinder,F4W-00447,EP-TOL,EP-FLOOR,by-tolerance,,start is 1.95 mm clear of floor splat 5337920 (2σ top 18.04 mm); GMC's refined gap 0.962 mm ≤ buffer 1 mm + slack -> no endpoint cell,aerial3d/cells.py:121-126 (grow_cell: refine_gap <= buffer + slack -> None) -> aerial3d/api.py:330-333,UNKNOWN:start_not_certified_free,PASS,stored_route_uv_0.1mm,1.016,True,UNKNOWN:start_not_certified_free,0.05,abfa278e193c88d4,1.953,4.365,28.632,1.953,"start endpoint oracle clearance (row robot, 0.01 mm bisection)",True,,,,,,,,start,,,,,,,,,,,
GAPW1-F4W-00451,F4,GAPW1,cylinder,F4W-00451,EP-TOL,EP-FLOOR,by-tolerance,,start is 1.25 mm clear of floor splat 5371648 (2σ top 18.75 mm); GMC's refined gap 0.255 mm ≤ buffer 1 mm + slack -> no endpoint cell,aerial3d/cells.py:121-126 (grow_cell: refine_gap <= buffer + slack -> None) -> aerial3d/api.py:330-333,UNKNOWN:start_not_certified_free,PASS,stored_route_uv_0.1mm,1.255,True,UNKNOWN:start_not_certified_free,0.05,abfa278e193c88d4,1.25,4.189,24.414,1.25,"start endpoint oracle clearance (row robot, 0.01 mm bisection)",True,,,,,,,,start,,,,,,,,,,,
GAPW1-F4W-00453,F4,GAPW1,cylinder,F4W-00453,EP-TOL,EP-FLOOR,by-tolerance,,goal is 1.95 mm clear of floor splat 5337920 (2σ top 18.04 mm); GMC's refined gap 0.962 mm ≤ buffer 1 mm + slack -> no endpoint cell,aerial3d/cells.py:121-126 (grow_cell: refine_gap <= buffer + slack -> None) -> aerial3d/api.py:330-333,UNKNOWN:goal_not_certified_free,PASS,stored_route_uv_0.1mm,1.962,True,UNKNOWN:goal_not_certified_free,0.05,abfa278e193c88d4,19.99,1.953,100.0,1.953,"goal endpoint oracle clearance (row robot, 0.01 mm bisection)",True,,,,,,,,goal,,,,,,,,,,,
GAPW1-F4W-00454,F4,GAPW1,cylinder,F4W-00454,EP-TOL,EP-FLOOR,by-tolerance,,start is 1.97 mm clear of floor splat 5496444 (2σ top 18.03 mm); GMC's refined gap 0.974 mm ≤ buffer 1 mm + slack -> no endpoint cell,aerial3d/cells.py:121-126 (grow_cell: refine_gap <= buffer + slack -> None) -> aerial3d/api.py:330-333,UNKNOWN:start_not_certified_free,PASS,stored_route_uv_0.1mm,1.011,True,UNKNOWN:start_not_certified_free,0.04,abfa278e193c88d4,1.973,19.99,10.852,1.973,"start endpoint oracle clearance (row robot, 0.01 mm bisection)",True,,,,,,,,start,,,,,,,,,,,
GAPW1-F4W-00460,F4,GAPW1,cylinder,F4W-00460,EP-TOL,EP-FLOOR,by-tolerance,,start is 1.97 mm clear of floor splat 5496444 (2σ top 18.03 mm); GMC's refined gap 0.974 mm ≤ buffer 1 mm + slack -> no endpoint cell,aerial3d/cells.py:121-126 (grow_cell: refine_gap <= buffer + slack -> None) -> aerial3d/api.py:330-333,UNKNOWN:start_not_certified_free,PASS,stored_route_uv_0.1mm,1.974,True,UNKNOWN:start_not_certified_free,0.05,abfa278e193c88d4,1.973,19.99,81.982,1.973,"start endpoint oracle clearance (row robot, 0.01 mm bisection)",True,,,,,,,,start,,,,,,,,,,,
GAPW1-F4W-00461,F4,GAPW1,cylinder,F4W-00461,EP-TOL,EP-FLOOR,by-tolerance,,goal is 1.95 mm clear of floor splat 5337920 (2σ top 18.04 mm); GMC's refined gap 0.962 mm ≤ buffer 1 mm + slack -> no endpoint cell,aerial3d/cells.py:121-126 (grow_cell: refine_gap <= buffer + slack -> None) -> aerial3d/api.py:330-333,UNKNOWN:goal_not_certified_free,PASS,stored_route_uv_0.1mm,1.028,True,UNKNOWN:goal_not_certified_free,0.04,abfa278e193c88d4,12.207,1.953,100.0,1.953,"goal endpoint oracle clearance (row robot, 0.01 mm bisection)",True,,,,,,,,goal,,,,,,,,,,,
GAPW1-F4W-00469,F4,GAPW1,cylinder,F4W-00469,EP-TOL,EP-FLOOR,by-tolerance,,goal is 1.95 mm clear of floor splat 5337920 (2σ top 18.04 mm); GMC's refined gap 0.962 mm ≤ buffer 1 mm + slack -> no endpoint cell,aerial3d/cells.py:121-126 (grow_cell: refine_gap <= buffer + slack -> None) -> aerial3d/api.py:330-333,UNKNOWN:goal_not_certified_free,PASS,stored_route_uv_0.1mm,1.081,True,UNKNOWN:goal_not_certified_free,0.06,abfa278e193c88d4,12.207,1.953,100.0,1.953,"goal endpoint oracle clearance (row robot, 0.01 mm bisection)",True,,,,,,,,goal,,,,,,,,,,,
GAPW1-F4W-00475,F4,GAPW1,cylinder,F4W-00475,EP-TOL,EP-FLOOR,by-tolerance,,start is 1.97 mm clear of floor splat 5496444 (2σ top 18.03 mm); GMC's refined gap 0.974 mm ≤ buffer 1 mm + slack -> no endpoint cell,aerial3d/cells.py:121-126 (grow_cell: refine_gap <= buffer + slack -> None) -> aerial3d/api.py:330-333,UNKNOWN:start_not_certified_free,PASS,stored_route_uv_0.1mm,1.223,True,UNKNOWN:start_not_certified_free,0.05,abfa278e193c88d4,1.973,12.207,68.445,1.973,"start endpoint oracle clearance (row robot, 0.01 mm bisection)",True,,,,,,,,start,,,,,,,,,,,
GAPW1-F4W-00477,F4,GAPW1,cylinder,F4W-00477,EP-TOL,EP-FLOOR,by-tolerance,,start is 1.97 mm clear of floor splat 5496444 (2σ top 18.03 mm); GMC's refined gap 0.974 mm ≤ buffer 1 mm + slack -> no endpoint cell,aerial3d/cells.py:121-126 (grow_cell: refine_gap <= buffer + slack -> None) -> aerial3d/api.py:330-333,UNKNOWN:start_not_certified_free,PASS,stored_route_uv_0.1mm,1.974,True,UNKNOWN:start_not_certified_free,0.05,abfa278e193c88d4,1.973,19.99,92.004,1.973,"start endpoint oracle clearance (row robot, 0.01 mm bisection)",True,,,,,,,,start,,,,,,,,,,,
GAPW1-F4W-00478,F4,GAPW1,cylinder,F4W-00478,EP-TOL,EP-FLOOR,by-tolerance,,start is 1.97 mm clear of floor splat 5496444 (2σ top 18.03 mm); GMC's refined gap 0.974 mm ≤ buffer 1 mm + slack -> no endpoint cell,aerial3d/cells.py:121-126 (grow_cell: refine_gap <= buffer + slack -> None) -> aerial3d/api.py:330-333,UNKNOWN:start_not_certified_free,PASS,stored_route_uv_0.1mm,1.019,True,UNKNOWN:start_not_certified_free,0.05,abfa278e193c88d4,1.973,19.99,90.619,1.973,"start endpoint oracle clearance (row robot, 0.01 mm bisection)",True,,,,,,,,start,,,,,,,,,,,
GAPW1-F4W-00484,F4,GAPW1,cylinder,F4W-00484,EP-TOL,EP-FLOOR,by-tolerance,,start is 1.95 mm clear of floor splat 5337920 (2σ top 18.04 mm); GMC's refined gap 0.962 mm ≤ buffer 1 mm + slack -> no endpoint cell,aerial3d/cells.py:121-126 (grow_cell: refine_gap <= buffer + slack -> None) -> aerial3d/api.py:330-333,UNKNOWN:start_not_certified_free,PASS,stored_route_uv_0.1mm,1.962,True,UNKNOWN:start_not_certified_free,0.05,abfa278e193c88d4,1.953,7.705,100.0,1.953,"start endpoint oracle clearance (row robot, 0.01 mm bisection)",True,,,,,,,,start,,,,,,,,,,,
GAPW1-F4W-00485,F4,GAPW1,cylinder,F4W-00485,EP-TOL,EP-FLOOR,by-tolerance,,goal is 1.97 mm clear of floor splat 5496444 (2σ top 18.03 mm); GMC's refined gap 0.974 mm ≤ buffer 1 mm + slack -> no endpoint cell,aerial3d/cells.py:121-126 (grow_cell: refine_gap <= buffer + slack -> None) -> aerial3d/api.py:330-333,UNKNOWN:goal_not_certified_free,PASS,stored_route_uv_0.1mm,1.135,True,UNKNOWN:goal_not_certified_free,0.05,abfa278e193c88d4,19.424,1.973,25.116,1.973,"goal endpoint oracle clearance (row robot, 0.01 mm bisection)",True,,,,,,,,goal,,,,,,,,,,,
GAPW1-F4W-00487,F4,GAPW1,cylinder,F4W-00487,EP-TOL,EP-FLOOR,by-tolerance,,start is 1.95 mm clear of floor splat 5337920 (2σ top 18.04 mm); GMC's refined gap 0.962 mm ≤ buffer 1 mm + slack -> no endpoint cell,aerial3d/cells.py:121-126 (grow_cell: refine_gap <= buffer + slack -> None) -> aerial3d/api.py:330-333,UNKNOWN:start_not_certified_free,PASS,stored_route_uv_0.1mm,1.962,True,UNKNOWN:start_not_certified_free,0.05,abfa278e193c88d4,1.953,19.424,41.675,1.953,"start endpoint oracle clearance (row robot, 0.01 mm bisection)",True,,,,,,,,start,,,,,,,,,,,
GAPW1-F4W-00489,F4,GAPW1,cylinder,F4W-00489,EP-TOL,EP-FLOOR,by-tolerance,,goal is 1.95 mm clear of floor splat 5337920 (2σ top 18.04 mm); GMC's refined gap 0.962 mm ≤ buffer 1 mm + slack -> no endpoint cell,aerial3d/cells.py:121-126 (grow_cell: refine_gap <= buffer + slack -> None) -> aerial3d/api.py:330-333,UNKNOWN:goal_not_certified_free,PASS,stored_route_uv_0.1mm,1.011,True,UNKNOWN:goal_not_certified_free,0.05,abfa278e193c88d4,19.99,1.953,100.0,1.953,"goal endpoint oracle clearance (row robot, 0.01 mm bisection)",True,,,,,,,,goal,,,,,,,,,,,
GAPW1-F4W-00492,F4,GAPW1,cylinder,F4W-00492,EP-TOL,EP-FLOOR,by-tolerance,,goal is 1.48 mm clear of floor splat 5549414 (2σ top 19.65 mm); GMC's refined gap 0.475 mm ≤ buffer 1 mm + slack -> no endpoint cell,aerial3d/cells.py:121-126 (grow_cell: refine_gap <= buffer + slack -> None) -> aerial3d/api.py:330-333,UNKNOWN:goal_not_certified_free,PASS,stored_route_uv_0.1mm,1.023,True,UNKNOWN:goal_not_certified_free,0.05,abfa278e193c88d4,5.43,1.475,8.984,1.475,"goal endpoint oracle clearance (row robot, 0.01 mm bisection)",True,,,,,,,,goal,,,,,,,,,,,
GAPW1-F4W-00501,F4,GAPW1,cylinder,F4W-00501,EP-TOL,EP-FLOOR,by-tolerance,,start is 1.95 mm clear of floor splat 5337920 (2σ top 18.04 mm); GMC's refined gap 0.962 mm ≤ buffer 1 mm + slack -> no endpoint cell,aerial3d/cells.py:121-126 (grow_cell: refine_gap <= buffer + slack -> None) -> aerial3d/api.py:330-333,UNKNOWN:start_not_certified_free,PASS,stored_route_uv_0.1mm,1.962,True,UNKNOWN:start_not_certified_free,0.05,abfa278e193c88d4,1.953,19.99,100.0,1.953,"start endpoint oracle clearance (row robot, 0.01 mm bisection)",True,,,,,,,,start,,,,,,,,,,,
GAPW1-F4W-00531,F4,GAPW1,cylinder,F4W-00531,EP-TOL,EP-FLOOR,by-tolerance,,start is 1.97 mm clear of floor splat 5496444 (2σ top 18.03 mm); GMC's refined gap 0.974 mm ≤ buffer 1 mm + slack -> no endpoint cell,aerial3d/cells.py:121-126 (grow_cell: refine_gap <= buffer + slack -> None) -> aerial3d/api.py:330-333,UNKNOWN:start_not_certified_free,PASS,stored_route_uv_0.1mm,1.091,True,UNKNOWN:start_not_certified_free,0.05,abfa278e193c88d4,1.973,7.354,5.078,1.973,"start endpoint oracle clearance (row robot, 0.01 mm bisection)",True,,,,,,,,start,,,,,,,,,,,
GAPW1-F4W-00535,F4,GAPW1,cylinder,F4W-00535,EP-TOL,EP-FLOOR,by-tolerance,,start is 1.95 mm clear of floor splat 5337920 (2σ top 18.04 mm); GMC's refined gap 0.962 mm ≤ buffer 1 mm + slack -> no endpoint cell,aerial3d/cells.py:121-126 (grow_cell: refine_gap <= buffer + slack -> None) -> aerial3d/api.py:330-333,UNKNOWN:start_not_certified_free,PASS,stored_route_uv_0.1mm,1.018,True,UNKNOWN:start_not_certified_free,0.05,abfa278e193c88d4,1.953,19.99,100.0,1.953,"start endpoint oracle clearance (row robot, 0.01 mm bisection)",True,,,,,,,,start,,,,,,,,,,,
GAPW1-F4W-00541,F4,GAPW1,cylinder,F4W-00541,EP-TOL,EP-FLOOR,by-tolerance,,goal is 1.95 mm clear of floor splat 5337920 (2σ top 18.04 mm); GMC's refined gap 0.962 mm ≤ buffer 1 mm + slack -> no endpoint cell,aerial3d/cells.py:121-126 (grow_cell: refine_gap <= buffer + slack -> None) -> aerial3d/api.py:330-333,UNKNOWN:goal_not_certified_free,PASS,stored_route_uv_0.1mm,1.014,True,UNKNOWN:goal_not_certified_free,0.05,abfa278e193c88d4,19.99,1.953,100.0,1.953,"goal endpoint oracle clearance (row robot, 0.01 mm bisection)",True,,,,,,,,goal,,,,,,,,,,,
GAPW1-F4W-00552,F4,GAPW1,cylinder,F4W-00552,EP-TOL,EP-FLOOR,by-tolerance,,start is 1.97 mm clear of floor splat 5496444 (2σ top 18.03 mm); GMC's refined gap 0.974 mm ≤ buffer 1 mm + slack -> no endpoint cell,aerial3d/cells.py:121-126 (grow_cell: refine_gap <= buffer + slack -> None) -> aerial3d/api.py:330-333,UNKNOWN:start_not_certified_free,PASS,stored_route_uv_0.1mm,1.013,True,UNKNOWN:start_not_certified_free,0.05,abfa278e193c88d4,1.973,19.99,100.0,1.973,"start endpoint oracle clearance (row robot, 0.01 mm bisection)",True,,,,,,,,start,,,,,,,,,,,
GAPW1-F4W-00562,F4,GAPW1,cylinder,F4W-00562,EP-TOL,EP-FLOOR,by-tolerance,,start is 1.97 mm clear of floor splat 5496444 (2σ top 18.03 mm); GMC's refined gap 0.974 mm ≤ buffer 1 mm + slack -> no endpoint cell,aerial3d/cells.py:121-126 (grow_cell: refine_gap <= buffer + slack -> None) -> aerial3d/api.py:330-333,UNKNOWN:start_not_certified_free,PASS,stored_route_uv_0.1mm,1.615,True,UNKNOWN:start_not_certified_free,0.05,abfa278e193c88d4,1.973,19.99,100.0,1.973,"start endpoint oracle clearance (row robot, 0.01 mm bisection)",True,,,,,,,,start,,,,,,,,,,,
GAPW1-F4W-00568,F4,GAPW1,cylinder,F4W-00568,EP-TOL,EP-FLOOR,by-tolerance,,goal is 1.97 mm clear of floor splat 5496444 (2σ top 18.03 mm); GMC's refined gap 0.974 mm ≤ buffer 1 mm + slack -> no endpoint cell,aerial3d/cells.py:121-126 (grow_cell: refine_gap <= buffer + slack -> None) -> aerial3d/api.py:330-333,UNKNOWN:goal_not_certified_free,PASS,stored_route_uv_0.1mm,1.974,True,UNKNOWN:goal_not_certified_free,0.05,abfa278e193c88d4,19.99,1.973,100.0,1.973,"goal endpoint oracle clearance (row robot, 0.01 mm bisection)",True,,,,,,,,goal,,,,,,,,,,,
GAPW1-F4W-00571,F4,GAPW1,cylinder,F4W-00571,EP-TOL,EP-FLOOR,by-tolerance,,goal is 1.95 mm clear of floor splat 5337920 (2σ top 18.04 mm); GMC's refined gap 0.962 mm ≤ buffer 1 mm + slack -> no endpoint cell,aerial3d/cells.py:121-126 (grow_cell: refine_gap <= buffer + slack -> None) -> aerial3d/api.py:330-333,UNKNOWN:goal_not_certified_free,PASS,stored_route_uv_0.1mm,1.02,True,UNKNOWN:goal_not_certified_free,0.05,abfa278e193c88d4,19.99,1.953,39.337,1.953,"goal endpoint oracle clearance (row robot, 0.01 mm bisection)",True,,,,,,,,goal,,,,,,,,,,,
GAPW1-F4W-00577,F4,GAPW1,cylinder,F4W-00577,EP-TOL,EP-FLOOR,by-tolerance,,start is 1.95 mm clear of floor splat 5337920 (2σ top 18.04 mm); GMC's refined gap 0.962 mm ≤ buffer 1 mm + slack -> no endpoint cell,aerial3d/cells.py:121-126 (grow_cell: refine_gap <= buffer + slack -> None) -> aerial3d/api.py:330-333,UNKNOWN:start_not_certified_free,PASS,stored_route_uv_0.1mm,1.324,True,UNKNOWN:start_not_certified_free,0.05,abfa278e193c88d4,1.953,16.201,100.0,1.953,"start endpoint oracle clearance (row robot, 0.01 mm bisection)",True,,,,,,,,start,,,,,,,,,,,
GAPW1-F4W-00578,F4,GAPW1,cylinder,F4W-00578,EP-TOL,EP-FLOOR,by-tolerance,,goal is 1.97 mm clear of floor splat 5496444 (2σ top 18.03 mm); GMC's refined gap 0.974 mm ≤ buffer 1 mm + slack -> no endpoint cell,aerial3d/cells.py:121-126 (grow_cell: refine_gap <= buffer + slack -> None) -> aerial3d/api.py:330-333,UNKNOWN:goal_not_certified_free,PASS,stored_route_uv_0.1mm,1.0,True,UNKNOWN:goal_not_certified_free,0.05,abfa278e193c88d4,19.99,1.973,100.0,1.973,"goal endpoint oracle clearance (row robot, 0.01 mm bisection)",True,,,,,,,,goal,,,,,,,,,,,
GAPW1-F4W-00583,F4,GAPW1,cylinder,F4W-00583,EP-TOL,EP-FLOOR,by-tolerance,,start is 1.97 mm clear of floor splat 5496444 (2σ top 18.03 mm); GMC's refined gap 0.974 mm ≤ buffer 1 mm + slack -> no endpoint cell,aerial3d/cells.py:121-126 (grow_cell: refine_gap <= buffer + slack -> None) -> aerial3d/api.py:330-333,UNKNOWN:start_not_certified_free,PASS,stored_route_uv_0.1mm,1.259,True,UNKNOWN:start_not_certified_free,0.05,abfa278e193c88d4,1.973,19.99,100.0,1.973,"start endpoint oracle clearance (row robot, 0.01 mm bisection)",True,,,,,,,,start,,,,,,,,,,,
GAPW1-F4W-00584,F4,GAPW1,cylinder,F4W-00584,EP-TOL,EP-FLOOR,by-tolerance,,goal is 1.97 mm clear of floor splat 5496444 (2σ top 18.03 mm); GMC's refined gap 0.974 mm ≤ buffer 1 mm + slack -> no endpoint cell,aerial3d/cells.py:121-126 (grow_cell: refine_gap <= buffer + slack -> None) -> aerial3d/api.py:330-333,UNKNOWN:goal_not_certified_free,PASS,stored_route_uv_0.1mm,1.103,True,UNKNOWN:goal_not_certified_free,0.05,abfa278e193c88d4,19.99,1.973,100.0,1.973,"goal endpoint oracle clearance (row robot, 0.01 mm bisection)",True,,,,,,,,goal,,,,,,,,,,,
GAPW1-F4W-00585,F4,GAPW1,cylinder,F4W-00585,EP-TOL,EP-FLOOR,by-tolerance,,start is 1.34 mm clear of floor splat 5372258 (2σ top 19.13 mm); GMC's refined gap 0.339 mm ≤ buffer 1 mm + slack -> no endpoint cell,aerial3d/cells.py:121-126 (grow_cell: refine_gap <= buffer + slack -> None) -> aerial3d/api.py:330-333,UNKNOWN:start_not_certified_free,PASS,stored_route_uv_0.1mm,1.027,True,UNKNOWN:start_not_certified_free,0.05,abfa278e193c88d4,1.338,3.291,33.405,1.338,"start endpoint oracle clearance (row robot, 0.01 mm bisection)",True,,,,,,,,start,,,,,,,,,,,
GAPW1-F4W-00591,F4,GAPW1,cylinder,F4W-00591,EP-TOL,EP-FLOOR,by-tolerance,,start is 1.97 mm clear of floor splat 5496444 (2σ top 18.03 mm); GMC's refined gap 0.974 mm ≤ buffer 1 mm + slack -> no endpoint cell,aerial3d/cells.py:121-126 (grow_cell: refine_gap <= buffer + slack -> None) -> aerial3d/api.py:330-333,UNKNOWN:start_not_certified_free,PASS,stored_route_uv_0.1mm,1.151,True,UNKNOWN:start_not_certified_free,0.06,abfa278e193c88d4,1.973,12.207,100.0,1.973,"start endpoint oracle clearance (row robot, 0.01 mm bisection)",True,,,,,,,,start,,,,,,,,,,,
GAPW1-F4W-00592,F4,GAPW1,cylinder,F4W-00592,EP-TOL,EP-FLOOR,by-tolerance,,goal is 1.95 mm clear of floor splat 5337920 (2σ top 18.04 mm); GMC's refined gap 0.962 mm ≤ buffer 1 mm + slack -> no endpoint cell,aerial3d/cells.py:121-126 (grow_cell: refine_gap <= buffer + slack -> None) -> aerial3d/api.py:330-333,UNKNOWN:goal_not_certified_free,PASS,stored_route_uv_0.1mm,1.0,True,UNKNOWN:goal_not_certified_free,0.06,abfa278e193c88d4,19.99,1.953,85.852,1.953,"goal endpoint oracle clearance (row robot, 0.01 mm bisection)",True,,,,,,,,goal,,,,,,,,,,,
GAPW1-F4W-00594,F4,GAPW1,cylinder,F4W-00594,EP-TOL,EP-FLOOR,by-tolerance,,start is 1.97 mm clear of floor splat 5496444 (2σ top 18.03 mm); GMC's refined gap 0.974 mm ≤ buffer 1 mm + slack -> no endpoint cell,aerial3d/cells.py:121-126 (grow_cell: refine_gap <= buffer + slack -> None) -> aerial3d/api.py:330-333,UNKNOWN:start_not_certified_free,PASS,stored_route_uv_0.1mm,1.134,True,UNKNOWN:start_not_certified_free,0.06,abfa278e193c88d4,1.973,19.99,100.0,1.973,"start endpoint oracle clearance (row robot, 0.01 mm bisection)",True,,,,,,,,start,,,,,,,,,,,
GAPW1-F4W-00601,F4,GAPW1,cylinder,F4W-00601,EP-TOL,EP-FLOOR,by-tolerance,,start is 1.95 mm clear of floor splat 5337920 (2σ top 18.04 mm); GMC's refined gap 0.962 mm ≤ buffer 1 mm + slack -> no endpoint cell,aerial3d/cells.py:121-126 (grow_cell: refine_gap <= buffer + slack -> None) -> aerial3d/api.py:330-333,UNKNOWN:start_not_certified_free,PASS,stored_route_uv_0.1mm,1.0,True,UNKNOWN:start_not_certified_free,0.05,abfa278e193c88d4,1.953,19.99,100.0,1.953,"start endpoint oracle clearance (row robot, 0.01 mm bisection)",True,,,,,,,,start,,,,,,,,,,,
GAPW1-F4W-00602,F4,GAPW1,cylinder,F4W-00602,EP-TOL,EP-FLOOR,by-tolerance,,goal is 1.97 mm clear of floor splat 5496444 (2σ top 18.03 mm); GMC's refined gap 0.974 mm ≤ buffer 1 mm + slack -> no endpoint cell,aerial3d/cells.py:121-126 (grow_cell: refine_gap <= buffer + slack -> None) -> aerial3d/api.py:330-333,UNKNOWN:goal_not_certified_free,PASS,stored_route_uv_0.1mm,1.196,True,UNKNOWN:goal_not_certified_free,0.06,abfa278e193c88d4,17.363,1.973,4.675,1.973,"goal endpoint oracle clearance (row robot, 0.01 mm bisection)",True,,,,,,,,goal,,,,,,,,,,,
GAPW1-F4W-00603,F4,GAPW1,cylinder,F4W-00603,EP-TOL,EP-FLOOR,by-tolerance,,start is 1.85 mm clear of floor splat 5536761 (2σ top 24.52 mm); GMC's refined gap 0.848 mm ≤ buffer 1 mm + slack -> no endpoint cell,aerial3d/cells.py:121-126 (grow_cell: refine_gap <= buffer + slack -> None) -> aerial3d/api.py:330-333,UNKNOWN:start_not_certified_free,PASS,stored_route_uv_0.1mm,1.046,True,UNKNOWN:start_not_certified_free,0.06,abfa278e193c88d4,1.846,3.564,25.513,1.846,"start endpoint oracle clearance (row robot, 0.01 mm bisection)",True,,,,,,,,start,,,,,,,,,,,
GAPW1-F4W-00613,F4,GAPW1,cylinder,F4W-00613,EP-TOL,EP-FLOOR,by-tolerance,,start is 1.97 mm clear of floor splat 5496444 (2σ top 18.03 mm); GMC's refined gap 0.974 mm ≤ buffer 1 mm + slack -> no endpoint cell,aerial3d/cells.py:121-126 (grow_cell: refine_gap <= buffer + slack -> None) -> aerial3d/api.py:330-333,UNKNOWN:start_not_certified_free,PASS,stored_route_uv_0.1mm,1.974,True,UNKNOWN:start_not_certified_free,0.07,abfa278e193c88d4,1.973,14.355,87.091,1.973,"start endpoint oracle clearance (row robot, 0.01 mm bisection)",True,,,,,,,,start,,,,,,,,,,,
GAPW1-F4W-00615,F4,GAPW1,cylinder,F4W-00615,EP-TOL,EP-FLOOR,by-tolerance,,goal is 1.97 mm clear of floor splat 5496444 (2σ top 18.03 mm); GMC's refined gap 0.974 mm ≤ buffer 1 mm + slack -> no endpoint cell,aerial3d/cells.py:121-126 (grow_cell: refine_gap <= buffer + slack -> None) -> aerial3d/api.py:330-333,UNKNOWN:goal_not_certified_free,PASS,stored_route_uv_0.1mm,1.684,True,UNKNOWN:goal_not_certified_free,0.1,abfa278e193c88d4,19.834,1.973,83.246,1.973,"goal endpoint oracle clearance (row robot, 0.01 mm bisection)",True,,,,,,,,goal,,,,,,,,,,,
GAPW1-F4W-00619,F4,GAPW1,cylinder,F4W-00619,EP-TOL,EP-FLOOR,by-tolerance,,goal is 1.25 mm clear of floor splat 5371648 (2σ top 18.75 mm); GMC's refined gap 0.255 mm ≤ buffer 1 mm + slack -> no endpoint cell,aerial3d/cells.py:121-126 (grow_cell: refine_gap <= buffer + slack -> None) -> aerial3d/api.py:330-333,UNKNOWN:goal_not_certified_free,PASS,stored_route_uv_0.1mm,1.252,True,UNKNOWN:goal_not_certified_free,0.05,abfa278e193c88d4,12.207,1.25,46.423,1.25,"goal endpoint oracle clearance (row robot, 0.01 mm bisection)",True,,,,,,,,goal,,,,,,,,,,,
GAPW1-F4W-00621,F4,GAPW1,cylinder,F4W-00621,EP-TOL,EP-FLOOR,by-tolerance,,goal is 1.95 mm clear of floor splat 5337920 (2σ top 18.04 mm); GMC's refined gap 0.962 mm ≤ buffer 1 mm + slack -> no endpoint cell,aerial3d/cells.py:121-126 (grow_cell: refine_gap <= buffer + slack -> None) -> aerial3d/api.py:330-333,UNKNOWN:goal_not_certified_free,PASS,stored_route_uv_0.1mm,1.962,True,UNKNOWN:goal_not_certified_free,0.06,abfa278e193c88d4,11.641,1.953,100.0,1.953,"goal endpoint oracle clearance (row robot, 0.01 mm bisection)",True,,,,,,,,goal,,,,,,,,,,,
GAPW1-F4W-00646,F4,GAPW1,cylinder,F4W-00646,EP-TOL,EP-FLOOR,by-tolerance,,start is 1.25 mm clear of floor splat 5371648 (2σ top 18.75 mm); GMC's refined gap 0.255 mm ≤ buffer 1 mm + slack -> no endpoint cell,aerial3d/cells.py:121-126 (grow_cell: refine_gap <= buffer + slack -> None) -> aerial3d/api.py:330-333,UNKNOWN:start_not_certified_free,PASS,stored_route_uv_0.1mm,1.008,True,UNKNOWN:start_not_certified_free,0.06,abfa278e193c88d4,1.25,12.207,21.826,1.25,"start endpoint oracle clearance (row robot, 0.01 mm bisection)",True,,,,,,,,start,,,,,,,,,,,
GAPW1-F4W-00683,F4,GAPW1,cylinder,F4W-00683,EP-TOL,EP-FLOOR,by-tolerance,,goal is 1.95 mm clear of floor splat 5337920 (2σ top 18.04 mm); GMC's refined gap 0.962 mm ≤ buffer 1 mm + slack -> no endpoint cell,aerial3d/cells.py:121-126 (grow_cell: refine_gap <= buffer + slack -> None) -> aerial3d/api.py:330-333,UNKNOWN:goal_not_certified_free,PASS,stored_route_uv_0.1mm,1.219,True,UNKNOWN:goal_not_certified_free,0.05,abfa278e193c88d4,19.99,1.953,100.0,1.953,"goal endpoint oracle clearance (row robot, 0.01 mm bisection)",True,,,,,,,,goal,,,,,,,,,,,
GAPW1-F4W-00693,F4,GAPW1,cylinder,F4W-00693,EP-TOL,EP-FLOOR,by-tolerance,,goal is 1.95 mm clear of floor splat 5337920 (2σ top 18.04 mm); GMC's refined gap 0.962 mm ≤ buffer 1 mm + slack -> no endpoint cell,aerial3d/cells.py:121-126 (grow_cell: refine_gap <= buffer + slack -> None) -> aerial3d/api.py:330-333,UNKNOWN:goal_not_certified_free,PASS,stored_route_uv_0.1mm,1.1,True,UNKNOWN:goal_not_certified_free,0.06,abfa278e193c88d4,19.99,1.953,49.384,1.953,"goal endpoint oracle clearance (row robot, 0.01 mm bisection)",True,,,,,,,,goal,,,,,,,,,,,
GAPW1-F4W-00703,F4,GAPW1,cylinder,F4W-00703,EP-TOL,EP-FLOOR,by-tolerance,,start is 1.97 mm clear of floor splat 5496444 (2σ top 18.03 mm); GMC's refined gap 0.974 mm ≤ buffer 1 mm + slack -> no endpoint cell,aerial3d/cells.py:121-126 (grow_cell: refine_gap <= buffer + slack -> None) -> aerial3d/api.py:330-333,UNKNOWN:start_not_certified_free,PASS,stored_route_uv_0.1mm,1.079,True,UNKNOWN:start_not_certified_free,0.05,abfa278e193c88d4,1.973,19.99,100.0,1.973,"start endpoint oracle clearance (row robot, 0.01 mm bisection)",True,,,,,,,,start,,,,,,,,,,,
GAPW1-F4W-00705,F4,GAPW1,cylinder,F4W-00705,EP-TOL,EP-FLOOR,by-tolerance,,start is 1.95 mm clear of floor splat 5337920 (2σ top 18.04 mm); GMC's refined gap 0.962 mm ≤ buffer 1 mm + slack -> no endpoint cell,aerial3d/cells.py:121-126 (grow_cell: refine_gap <= buffer + slack -> None) -> aerial3d/api.py:330-333,UNKNOWN:start_not_certified_free,PASS,stored_route_uv_0.1mm,1.962,True,UNKNOWN:start_not_certified_free,0.05,abfa278e193c88d4,1.953,3.35,100.0,1.953,"start endpoint oracle clearance (row robot, 0.01 mm bisection)",True,,,,,,,,start,,,,,,,,,,,
GAPW1-F4W-00716,F4,GAPW1,cylinder,F4W-00716,EP-TOL,EP-FLOOR,by-tolerance,,goal is 1.95 mm clear of floor splat 5337920 (2σ top 18.04 mm); GMC's refined gap 0.962 mm ≤ buffer 1 mm + slack -> no endpoint cell,aerial3d/cells.py:121-126 (grow_cell: refine_gap <= buffer + slack -> None) -> aerial3d/api.py:330-333,UNKNOWN:goal_not_certified_free,PASS,stored_route_uv_0.1mm,1.962,True,UNKNOWN:goal_not_certified_free,0.05,abfa278e193c88d4,16.074,1.953,56.006,1.953,"goal endpoint oracle clearance (row robot, 0.01 mm bisection)",True,,,,,,,,goal,,,,,,,,,,,
GAPW1-F4W-00722,F4,GAPW1,cylinder,F4W-00722,EP-TOL,EP-FLOOR,by-tolerance,,start is 1.97 mm clear of floor splat 5496444 (2σ top 18.03 mm); GMC's refined gap 0.974 mm ≤ buffer 1 mm + slack -> no endpoint cell,aerial3d/cells.py:121-126 (grow_cell: refine_gap <= buffer + slack -> None) -> aerial3d/api.py:330-333,UNKNOWN:start_not_certified_free,PASS,stored_route_uv_0.1mm,1.065,True,UNKNOWN:start_not_certified_free,0.05,abfa278e193c88d4,1.973,19.99,100.0,1.973,"start endpoint oracle clearance (row robot, 0.01 mm bisection)",True,,,,,,,,start,,,,,,,,,,,
GAPW1-F4W-00727,F4,GAPW1,cylinder,F4W-00727,EP-TOL,EP-FLOOR,by-tolerance,,goal is 1.97 mm clear of floor splat 5496444 (2σ top 18.03 mm); GMC's refined gap 0.974 mm ≤ buffer 1 mm + slack -> no endpoint cell,aerial3d/cells.py:121-126 (grow_cell: refine_gap <= buffer + slack -> None) -> aerial3d/api.py:330-333,UNKNOWN:goal_not_certified_free,PASS,stored_route_uv_0.1mm,1.146,True,UNKNOWN:goal_not_certified_free,0.06,abfa278e193c88d4,19.424,1.973,100.0,1.973,"goal endpoint oracle clearance (row robot, 0.01 mm bisection)",True,,,,,,,,goal,,,,,,,,,,,
GAPW1-F4W-00731,F4,GAPW1,cylinder,F4W-00731,EP-TOL,EP-FLOOR,by-tolerance,,goal is 1.97 mm clear of floor splat 5496444 (2σ top 18.03 mm); GMC's refined gap 0.974 mm ≤ buffer 1 mm + slack -> no endpoint cell,aerial3d/cells.py:121-126 (grow_cell: refine_gap <= buffer + slack -> None) -> aerial3d/api.py:330-333,UNKNOWN:goal_not_certified_free,PASS,stored_route_uv_0.1mm,1.974,True,UNKNOWN:goal_not_certified_free,0.05,abfa278e193c88d4,19.424,1.973,85.449,1.973,"goal endpoint oracle clearance (row robot, 0.01 mm bisection)",True,,,,,,,,goal,,,,,,,,,,,
GAPW1-F4W-00738,F4,GAPW1,cylinder,F4W-00738,EP-TOL,EP-FLOOR,by-tolerance,,start is 1.97 mm clear of floor splat 5496444 (2σ top 18.03 mm); GMC's refined gap 0.974 mm ≤ buffer 1 mm + slack -> no endpoint cell,aerial3d/cells.py:121-126 (grow_cell: refine_gap <= buffer + slack -> None) -> aerial3d/api.py:330-333,UNKNOWN:start_not_certified_free,PASS,stored_route_uv_0.1mm,1.227,True,UNKNOWN:start_not_certified_free,0.05,abfa278e193c88d4,1.973,19.99,32.416,1.973,"start endpoint oracle clearance (row robot, 0.01 mm bisection)",True,,,,,,,,start,,,,,,,,,,,
GAPW1-F4W-00743,F4,GAPW1,cylinder,F4W-00743,EP-TOL,EP-FLOOR,by-tolerance,,goal is 1.97 mm clear of floor splat 5496444 (2σ top 18.03 mm); GMC's refined gap 0.974 mm ≤ buffer 1 mm + slack -> no endpoint cell,aerial3d/cells.py:121-126 (grow_cell: refine_gap <= buffer + slack -> None) -> aerial3d/api.py:330-333,UNKNOWN:goal_not_certified_free,PASS,stored_route_uv_0.1mm,1.03,True,UNKNOWN:goal_not_certified_free,0.05,abfa278e193c88d4,19.424,1.973,66.321,1.973,"goal endpoint oracle clearance (row robot, 0.01 mm bisection)",True,,,,,,,,goal,,,,,,,,,,,
GAPW1-F4W-00744,F4,GAPW1,cylinder,F4W-00744,EP-TOL,EP-FLOOR,by-tolerance,,start is 1.95 mm clear of floor splat 5337920 (2σ top 18.04 mm); GMC's refined gap 0.962 mm ≤ buffer 1 mm + slack -> no endpoint cell,aerial3d/cells.py:121-126 (grow_cell: refine_gap <= buffer + slack -> None) -> aerial3d/api.py:330-333,UNKNOWN:start_not_certified_free,PASS,stored_route_uv_0.1mm,1.023,True,UNKNOWN:start_not_certified_free,0.05,abfa278e193c88d4,1.953,4.873,32.678,1.953,"start endpoint oracle clearance (row robot, 0.01 mm bisection)",True,,,,,,,,start,,,,,,,,,,,
GAPW1-F4W-00749,F4,GAPW1,cylinder,F4W-00749,EP-TOL,EP-FLOOR,by-tolerance,,goal is 1.97 mm clear of floor splat 5496444 (2σ top 18.03 mm); GMC's refined gap 0.974 mm ≤ buffer 1 mm + slack -> no endpoint cell,aerial3d/cells.py:121-126 (grow_cell: refine_gap <= buffer + slack -> None) -> aerial3d/api.py:330-333,UNKNOWN:goal_not_certified_free,PASS,stored_route_uv_0.1mm,1.051,True,UNKNOWN:goal_not_certified_free,0.05,abfa278e193c88d4,19.99,1.973,78.07,1.973,"goal endpoint oracle clearance (row robot, 0.01 mm bisection)",True,,,,,,,,goal,,,,,,,,,,,
GAPW1-F4W-00755,F4,GAPW1,cylinder,F4W-00755,EP-TOL,EP-FLOOR,by-tolerance,,start is 1.95 mm clear of floor splat 5337920 (2σ top 18.04 mm); GMC's refined gap 0.962 mm ≤ buffer 1 mm + slack -> no endpoint cell,aerial3d/cells.py:121-126 (grow_cell: refine_gap <= buffer + slack -> None) -> aerial3d/api.py:330-333,UNKNOWN:start_not_certified_free,PASS,stored_route_uv_0.1mm,1.962,True,UNKNOWN:start_not_certified_free,0.06,abfa278e193c88d4,1.953,19.16,100.0,1.953,"start endpoint oracle clearance (row robot, 0.01 mm bisection)",True,,,,,,,,start,,,,,,,,,,,
GAPW1-F4W-00757,F4,GAPW1,cylinder,F4W-00757,EP-TOL,EP-FLOOR,by-tolerance,,goal is 1.95 mm clear of floor splat 5337920 (2σ top 18.04 mm); GMC's refined gap 0.962 mm ≤ buffer 1 mm + slack -> no endpoint cell,aerial3d/cells.py:121-126 (grow_cell: refine_gap <= buffer + slack -> None) -> aerial3d/api.py:330-333,UNKNOWN:goal_not_certified_free,PASS,stored_route_uv_0.1mm,1.962,True,UNKNOWN:goal_not_certified_free,0.05,abfa278e193c88d4,19.99,1.953,10.376,1.953,"goal endpoint oracle clearance (row robot, 0.01 mm bisection)",True,,,,,,,,goal,,,,,,,,,,,
GAPW1-F4W-00764,F4,GAPW1,cylinder,F4W-00764,EP-TOL,EP-FLOOR,by-tolerance,,start is 1.95 mm clear of floor splat 5337920 (2σ top 18.04 mm); GMC's refined gap 0.962 mm ≤ buffer 1 mm + slack -> no endpoint cell,aerial3d/cells.py:121-126 (grow_cell: refine_gap <= buffer + slack -> None) -> aerial3d/api.py:330-333,UNKNOWN:start_not_certified_free,PASS,stored_route_uv_0.1mm,1.014,True,UNKNOWN:start_not_certified_free,0.06,abfa278e193c88d4,1.953,19.434,100.0,1.953,"start endpoint oracle clearance (row robot, 0.01 mm bisection)",True,,,,,,,,start,,,,,,,,,,,
GAPW1-F4W-00766,F4,GAPW1,cylinder,F4W-00766,EP-TOL,EP-FLOOR,by-tolerance,,start is 1.07 mm clear of floor splat 5371715 (2σ top 18.92 mm); GMC's refined gap 0.077 mm ≤ buffer 1 mm + slack -> no endpoint cell,aerial3d/cells.py:121-126 (grow_cell: refine_gap <= buffer + slack -> None) -> aerial3d/api.py:330-333,UNKNOWN:start_not_certified_free,PASS,stored_route_uv_0.1mm,1.077,True,UNKNOWN:start_not_certified_free,0.07,abfa278e193c88d4,1.074,7.705,7.452,1.074,"start endpoint oracle clearance (row robot, 0.01 mm bisection)",True,,,,,,,,start,,,,,,,,,,,
GAPW1-F4W-00770,F4,GAPW1,cylinder,F4W-00770,EP-TOL,EP-FLOOR,by-tolerance,,goal is 1.97 mm clear of floor splat 5496444 (2σ top 18.03 mm); GMC's refined gap 0.974 mm ≤ buffer 1 mm + slack -> no endpoint cell,aerial3d/cells.py:121-126 (grow_cell: refine_gap <= buffer + slack -> None) -> aerial3d/api.py:330-333,UNKNOWN:goal_not_certified_free,PASS,stored_route_uv_0.1mm,1.073,True,UNKNOWN:goal_not_certified_free,0.05,abfa278e193c88d4,19.99,1.973,100.0,1.973,"goal endpoint oracle clearance (row robot, 0.01 mm bisection)",True,,,,,,,,goal,,,,,,,,,,,
GAPW1-F4W-00774,F4,GAPW1,cylinder,F4W-00774,EP-TOL,EP-FLOOR,by-tolerance,,goal is 1.97 mm clear of floor splat 5496444 (2σ top 18.03 mm); GMC's refined gap 0.974 mm ≤ buffer 1 mm + slack -> no endpoint cell,aerial3d/cells.py:121-126 (grow_cell: refine_gap <= buffer + slack -> None) -> aerial3d/api.py:330-333,UNKNOWN:goal_not_certified_free,PASS,stored_route_uv_0.1mm,1.019,True,UNKNOWN:goal_not_certified_free,0.05,abfa278e193c88d4,19.99,1.973,100.0,1.973,"goal endpoint oracle clearance (row robot, 0.01 mm bisection)",True,,,,,,,,goal,,,,,,,,,,,
GAPW1-F4W-00775,F4,GAPW1,cylinder,F4W-00775,EP-TOL,EP-FLOOR,by-tolerance,,start is 1.97 mm clear of floor splat 5496444 (2σ top 18.03 mm); GMC's refined gap 0.974 mm ≤ buffer 1 mm + slack -> no endpoint cell,aerial3d/cells.py:121-126 (grow_cell: refine_gap <= buffer + slack -> None) -> aerial3d/api.py:330-333,UNKNOWN:start_not_certified_free,PASS,stored_route_uv_0.1mm,1.974,True,UNKNOWN:start_not_certified_free,0.05,abfa278e193c88d4,1.973,19.99,86.108,1.973,"start endpoint oracle clearance (row robot, 0.01 mm bisection)",True,,,,,,,,start,,,,,,,,,,,
GAPW1-F4W-00779,F4,GAPW1,cylinder,F4W-00779,EP-TOL,EP-FLOOR,by-tolerance,,start is 1.97 mm clear of floor splat 5496444 (2σ top 18.03 mm); GMC's refined gap 0.974 mm ≤ buffer 1 mm + slack -> no endpoint cell,aerial3d/cells.py:121-126 (grow_cell: refine_gap <= buffer + slack -> None) -> aerial3d/api.py:330-333,UNKNOWN:start_not_certified_free,PASS,stored_route_uv_0.1mm,1.158,True,UNKNOWN:start_not_certified_free,0.06,abfa278e193c88d4,1.973,19.99,100.0,1.973,"start endpoint oracle clearance (row robot, 0.01 mm bisection)",True,,,,,,,,start,,,,,,,,,,,
GAPW1-F4W-00790,F4,GAPW1,cylinder,F4W-00790,EP-TOL,EP-FLOOR,by-tolerance,,start is 1.95 mm clear of floor splat 5337920 (2σ top 18.04 mm); GMC's refined gap 0.962 mm ≤ buffer 1 mm + slack -> no endpoint cell,aerial3d/cells.py:121-126 (grow_cell: refine_gap <= buffer + slack -> None) -> aerial3d/api.py:330-333,UNKNOWN:start_not_certified_free,PASS,stored_route_uv_0.1mm,1.259,True,UNKNOWN:start_not_certified_free,0.06,abfa278e193c88d4,1.953,11.729,100.0,1.953,"start endpoint oracle clearance (row robot, 0.01 mm bisection)",True,,,,,,,,start,,,,,,,,,,,
GAPW1-F4W-00791,F4,GAPW1,cylinder,F4W-00791,EP-TOL,EP-FLOOR,by-tolerance,,goal is 1.95 mm clear of floor splat 5337920 (2σ top 18.04 mm); GMC's refined gap 0.962 mm ≤ buffer 1 mm + slack -> no endpoint cell,aerial3d/cells.py:121-126 (grow_cell: refine_gap <= buffer + slack -> None) -> aerial3d/api.py:330-333,UNKNOWN:goal_not_certified_free,PASS,stored_route_uv_0.1mm,1.061,True,UNKNOWN:goal_not_certified_free,0.05,abfa278e193c88d4,12.207,1.953,100.0,1.953,"goal endpoint oracle clearance (row robot, 0.01 mm bisection)",True,,,,,,,,goal,,,,,,,,,,,
GAPW1-F4W-00792,F4,GAPW1,cylinder,F4W-00792,EP-TOL,EP-FLOOR,by-tolerance,,goal is 1.95 mm clear of floor splat 5337920 (2σ top 18.04 mm); GMC's refined gap 0.962 mm ≤ buffer 1 mm + slack -> no endpoint cell,aerial3d/cells.py:121-126 (grow_cell: refine_gap <= buffer + slack -> None) -> aerial3d/api.py:330-333,UNKNOWN:goal_not_certified_free,PASS,stored_route_uv_0.1mm,1.962,True,UNKNOWN:goal_not_certified_free,0.05,abfa278e193c88d4,4.639,1.953,40.106,1.953,"goal endpoint oracle clearance (row robot, 0.01 mm bisection)",True,,,,,,,,goal,,,,,,,,,,,
GAPW1-F4W-00793,F4,GAPW1,cylinder,F4W-00793,EP-TOL,EP-FLOOR,by-tolerance,,goal is 1.95 mm clear of floor splat 5337920 (2σ top 18.04 mm); GMC's refined gap 0.962 mm ≤ buffer 1 mm + slack -> no endpoint cell,aerial3d/cells.py:121-126 (grow_cell: refine_gap <= buffer + slack -> None) -> aerial3d/api.py:330-333,UNKNOWN:goal_not_certified_free,PASS,stored_route_uv_0.1mm,1.267,True,UNKNOWN:goal_not_certified_free,0.05,abfa278e193c88d4,19.424,1.953,57.239,1.953,"goal endpoint oracle clearance (row robot, 0.01 mm bisection)",True,,,,,,,,goal,,,,,,,,,,,
GAPW1-F4W-00799,F4,GAPW1,cylinder,F4W-00799,EP-TOL,EP-FLOOR,by-tolerance,,goal is 1.89 mm clear of floor splat 5528698 (2σ top 109.94 mm); GMC's refined gap 0.885 mm ≤ buffer 1 mm + slack -> no endpoint cell,aerial3d/cells.py:121-126 (grow_cell: refine_gap <= buffer + slack -> None) -> aerial3d/api.py:330-333,UNKNOWN:goal_not_certified_free,PASS,stored_route_uv_0.1mm,1.344,True,UNKNOWN:goal_not_certified_free,0.05,abfa278e193c88d4,2.559,1.885,4.175,1.885,"goal endpoint oracle clearance (row robot, 0.01 mm bisection)",True,,,,,,,,goal,,,,,,,,,,,
GAPW1-F4W-00801,F4,GAPW1,cylinder,F4W-00801,EP-TOL,EP-FLOOR,by-tolerance,,start is 1.95 mm clear of floor splat 5337920 (2σ top 18.04 mm); GMC's refined gap 0.962 mm ≤ buffer 1 mm + slack -> no endpoint cell,aerial3d/cells.py:121-126 (grow_cell: refine_gap <= buffer + slack -> None) -> aerial3d/api.py:330-333,UNKNOWN:start_not_certified_free,PASS,stored_route_uv_0.1mm,1.117,True,UNKNOWN:start_not_certified_free,0.06,abfa278e193c88d4,1.953,19.99,66.089,1.953,"start endpoint oracle clearance (row robot, 0.01 mm bisection)",True,,,,,,,,start,,,,,,,,,,,
GAPW1-F4W-00812,F4,GAPW1,cylinder,F4W-00812,EP-TOL,EP-FLOOR,by-tolerance,,goal is 1.97 mm clear of floor splat 5496444 (2σ top 18.03 mm); GMC's refined gap 0.974 mm ≤ buffer 1 mm + slack -> no endpoint cell,aerial3d/cells.py:121-126 (grow_cell: refine_gap <= buffer + slack -> None) -> aerial3d/api.py:330-333,UNKNOWN:goal_not_certified_free,PASS,stored_route_uv_0.1mm,1.202,True,UNKNOWN:goal_not_certified_free,0.05,abfa278e193c88d4,19.99,1.973,100.0,1.973,"goal endpoint oracle clearance (row robot, 0.01 mm bisection)",True,,,,,,,,goal,,,,,,,,,,,
GAPW1-F4W-00817,F4,GAPW1,cylinder,F4W-00817,EP-TOL,EP-FLOOR,by-tolerance,,start is 1.95 mm clear of floor splat 5337920 (2σ top 18.04 mm); GMC's refined gap 0.962 mm ≤ buffer 1 mm + slack -> no endpoint cell,aerial3d/cells.py:121-126 (grow_cell: refine_gap <= buffer + slack -> None) -> aerial3d/api.py:330-333,UNKNOWN:start_not_certified_free,PASS,stored_route_uv_0.1mm,1.844,True,UNKNOWN:start_not_certified_free,0.06,abfa278e193c88d4,1.953,19.99,74.878,1.953,"start endpoint oracle clearance (row robot, 0.01 mm bisection)",True,,,,,,,,start,,,,,,,,,,,
GAPW1-F4W-00823,F4,GAPW1,cylinder,F4W-00823,EP-TOL,EP-FLOOR,by-tolerance,,start is 1.25 mm clear of floor splat 5371648 (2σ top 18.75 mm); GMC's refined gap 0.255 mm ≤ buffer 1 mm + slack -> no endpoint cell,aerial3d/cells.py:121-126 (grow_cell: refine_gap <= buffer + slack -> None) -> aerial3d/api.py:330-333,UNKNOWN:start_not_certified_free,PASS,stored_route_uv_0.1mm,1.046,True,UNKNOWN:start_not_certified_free,0.05,abfa278e193c88d4,1.25,19.99,38.751,1.25,"start endpoint oracle clearance (row robot, 0.01 mm bisection)",True,,,,,,,,start,,,,,,,,,,,
GAPW1-F4W-00824,F4,GAPW1,cylinder,F4W-00824,EP-TOL,EP-FLOOR,by-tolerance,,start is 1.78 mm clear of floor splat 5525250 (2σ top 19.66 mm); GMC's refined gap 0.784 mm ≤ buffer 1 mm + slack -> no endpoint cell,aerial3d/cells.py:121-126 (grow_cell: refine_gap <= buffer + slack -> None) -> aerial3d/api.py:330-333,UNKNOWN:start_not_certified_free,PASS,stored_route_uv_0.1mm,1.126,True,UNKNOWN:start_not_certified_free,0.06,abfa278e193c88d4,1.777,19.99,64.569,1.777,"start endpoint oracle clearance (row robot, 0.01 mm bisection)",True,,,,,,,,start,,,,,,,,,,,
GAPW1-F4W-00826,F4,GAPW1,cylinder,F4W-00826,EP-TOL,EP-FLOOR,by-tolerance,,goal is 1.97 mm clear of floor splat 5496444 (2σ top 18.03 mm); GMC's refined gap 0.974 mm ≤ buffer 1 mm + slack -> no endpoint cell,aerial3d/cells.py:121-126 (grow_cell: refine_gap <= buffer + slack -> None) -> aerial3d/api.py:330-333,UNKNOWN:goal_not_certified_free,PASS,stored_route_uv_0.1mm,1.962,True,UNKNOWN:goal_not_certified_free,0.06,abfa278e193c88d4,19.99,1.973,100.0,1.973,"goal endpoint oracle clearance (row robot, 0.01 mm bisection)",True,,,,,,,,goal,,,,,,,,,,,
GAPW1-F4W-00835,F4,GAPW1,cylinder,F4W-00835,EP-TOL,EP-FLOOR,by-tolerance,,goal is 1.97 mm clear of floor splat 5496444 (2σ top 18.03 mm); GMC's refined gap 0.974 mm ≤ buffer 1 mm + slack -> no endpoint cell,aerial3d/cells.py:121-126 (grow_cell: refine_gap <= buffer + slack -> None) -> aerial3d/api.py:330-333,UNKNOWN:goal_not_certified_free,PASS,stored_route_uv_0.1mm,1.046,True,UNKNOWN:goal_not_certified_free,0.05,abfa278e193c88d4,19.99,1.973,48.938,1.973,"goal endpoint oracle clearance (row robot, 0.01 mm bisection)",True,,,,,,,,goal,,,,,,,,,,,
GAPW1-F4W-00838,F4,GAPW1,cylinder,F4W-00838,EP-TOL,EP-FLOOR,by-tolerance,,goal is 1.25 mm clear of floor splat 5371648 (2σ top 18.75 mm); GMC's refined gap 0.255 mm ≤ buffer 1 mm + slack -> no endpoint cell,aerial3d/cells.py:121-126 (grow_cell: refine_gap <= buffer + slack -> None) -> aerial3d/api.py:330-333,UNKNOWN:goal_not_certified_free,PASS,stored_route_uv_0.1mm,1.022,True,UNKNOWN:goal_not_certified_free,0.06,abfa278e193c88d4,3.584,1.25,8.221,1.25,"goal endpoint oracle clearance (row robot, 0.01 mm bisection)",True,,,,,,,,goal,,,,,,,,,,,
GAPW1-F4W-00845,F4,GAPW1,cylinder,F4W-00845,EP-TOL,EP-FLOOR,by-tolerance,,goal is 1.95 mm clear of floor splat 5337920 (2σ top 18.04 mm); GMC's refined gap 0.962 mm ≤ buffer 1 mm + slack -> no endpoint cell,aerial3d/cells.py:121-126 (grow_cell: refine_gap <= buffer + slack -> None) -> aerial3d/api.py:330-333,UNKNOWN:goal_not_certified_free,PASS,stored_route_uv_0.1mm,1.026,True,UNKNOWN:goal_not_certified_free,0.05,abfa278e193c88d4,19.99,1.953,100.0,1.953,"goal endpoint oracle clearance (row robot, 0.01 mm bisection)",True,,,,,,,,goal,,,,,,,,,,,
GAPW1-F4W-00846,F4,GAPW1,cylinder,F4W-00846,EP-TOL,EP-FLOOR,by-tolerance,,start is 1.97 mm clear of floor splat 5496444 (2σ top 18.03 mm); GMC's refined gap 0.974 mm ≤ buffer 1 mm + slack -> no endpoint cell,aerial3d/cells.py:121-126 (grow_cell: refine_gap <= buffer + slack -> None) -> aerial3d/api.py:330-333,UNKNOWN:start_not_certified_free,PASS,stored_route_uv_0.1mm,1.974,True,UNKNOWN:start_not_certified_free,0.05,abfa278e193c88d4,1.973,19.99,100.0,1.973,"start endpoint oracle clearance (row robot, 0.01 mm bisection)",True,,,,,,,,start,,,,,,,,,,,
GAPW1-F4W-00850,F4,GAPW1,cylinder,F4W-00850,EP-TOL,EP-FLOOR,by-tolerance,,start is 1.95 mm clear of floor splat 5337920 (2σ top 18.04 mm); GMC's refined gap 0.962 mm ≤ buffer 1 mm + slack -> no endpoint cell,aerial3d/cells.py:121-126 (grow_cell: refine_gap <= buffer + slack -> None) -> aerial3d/api.py:330-333,UNKNOWN:start_not_certified_free,PASS,stored_route_uv_0.1mm,1.962,True,UNKNOWN:start_not_certified_free,0.06,abfa278e193c88d4,1.953,3.311,18.018,1.953,"start endpoint oracle clearance (row robot, 0.01 mm bisection)",True,,,,,,,,start,,,,,,,,,,,
GAPW1-F4W-00866,F4,GAPW1,cylinder,F4W-00866,EP-TOL,EP-FLOOR,by-tolerance,,start is 1.95 mm clear of floor splat 5337920 (2σ top 18.04 mm); GMC's refined gap 0.962 mm ≤ buffer 1 mm + slack -> no endpoint cell,aerial3d/cells.py:121-126 (grow_cell: refine_gap <= buffer + slack -> None) -> aerial3d/api.py:330-333,UNKNOWN:start_not_certified_free,PASS,stored_route_uv_0.1mm,1.103,True,UNKNOWN:start_not_certified_free,0.05,abfa278e193c88d4,1.953,15.4,92.725,1.953,"start endpoint oracle clearance (row robot, 0.01 mm bisection)",True,,,,,,,,start,,,,,,,,,,,
GAPW1-F4W-00869,F4,GAPW1,cylinder,F4W-00869,EP-TOL,EP-FLOOR,by-tolerance,,start is 1.97 mm clear of floor splat 5496444 (2σ top 18.03 mm); GMC's refined gap 0.974 mm ≤ buffer 1 mm + slack -> no endpoint cell,aerial3d/cells.py:121-126 (grow_cell: refine_gap <= buffer + slack -> None) -> aerial3d/api.py:330-333,UNKNOWN:start_not_certified_free,PASS,stored_route_uv_0.1mm,1.306,True,UNKNOWN:start_not_certified_free,0.07,abfa278e193c88d4,1.973,12.207,50.378,1.973,"start endpoint oracle clearance (row robot, 0.01 mm bisection)",True,,,,,,,,start,,,,,,,,,,,
GAPW1-F4W-00871,F4,GAPW1,cylinder,F4W-00871,EP-TOL,EP-FLOOR,by-tolerance,,start is 1.95 mm clear of floor splat 5337920 (2σ top 18.04 mm); GMC's refined gap 0.962 mm ≤ buffer 1 mm + slack -> no endpoint cell,aerial3d/cells.py:121-126 (grow_cell: refine_gap <= buffer + slack -> None) -> aerial3d/api.py:330-333,UNKNOWN:start_not_certified_free,PASS,stored_route_uv_0.1mm,1.019,True,UNKNOWN:start_not_certified_free,0.05,abfa278e193c88d4,1.953,19.99,100.0,1.953,"start endpoint oracle clearance (row robot, 0.01 mm bisection)",True,,,,,,,,start,,,,,,,,,,,
GAPW1-F4W-00876,F4,GAPW1,cylinder,F4W-00876,EP-TOL,EP-FLOOR,by-tolerance,,goal is 1.97 mm clear of floor splat 5496444 (2σ top 18.03 mm); GMC's refined gap 0.974 mm ≤ buffer 1 mm + slack -> no endpoint cell,aerial3d/cells.py:121-126 (grow_cell: refine_gap <= buffer + slack -> None) -> aerial3d/api.py:330-333,UNKNOWN:goal_not_certified_free,PASS,stored_route_uv_0.1mm,1.962,True,UNKNOWN:goal_not_certified_free,0.06,abfa278e193c88d4,19.99,1.973,100.0,1.973,"goal endpoint oracle clearance (row robot, 0.01 mm bisection)",True,,,,,,,,goal,,,,,,,,,,,
GAPW1-F4W-00878,F4,GAPW1,cylinder,F4W-00878,EP-TOL,EP-FLOOR,by-tolerance,,start is 1.97 mm clear of floor splat 5496444 (2σ top 18.03 mm); GMC's refined gap 0.974 mm ≤ buffer 1 mm + slack -> no endpoint cell,aerial3d/cells.py:121-126 (grow_cell: refine_gap <= buffer + slack -> None) -> aerial3d/api.py:330-333,UNKNOWN:start_not_certified_free,PASS,stored_route_uv_0.1mm,1.414,True,UNKNOWN:start_not_certified_free,0.05,abfa278e193c88d4,1.973,19.99,62.726,1.973,"start endpoint oracle clearance (row robot, 0.01 mm bisection)",True,,,,,,,,start,,,,,,,,,,,
GAPW1-F4W-00895,F4,GAPW1,cylinder,F4W-00895,EP-TOL,EP-FLOOR,by-tolerance,,start is 1.95 mm clear of floor splat 5337920 (2σ top 18.04 mm); GMC's refined gap 0.962 mm ≤ buffer 1 mm + slack -> no endpoint cell,aerial3d/cells.py:121-126 (grow_cell: refine_gap <= buffer + slack -> None) -> aerial3d/api.py:330-333,UNKNOWN:start_not_certified_free,PASS,stored_route_uv_0.1mm,1.962,True,UNKNOWN:start_not_certified_free,0.05,abfa278e193c88d4,1.953,19.199,60.864,1.953,"start endpoint oracle clearance (row robot, 0.01 mm bisection)",True,,,,,,,,start,,,,,,,,,,,
GAPW1-F4W-00910,F4,GAPW1,cylinder,F4W-00910,EP-TOL,EP-FLOOR,by-tolerance,,goal is 1.07 mm clear of floor splat 5371715 (2σ top 18.92 mm); GMC's refined gap 0.077 mm ≤ buffer 1 mm + slack -> no endpoint cell,aerial3d/cells.py:121-126 (grow_cell: refine_gap <= buffer + slack -> None) -> aerial3d/api.py:330-333,UNKNOWN:goal_not_certified_free,PASS,stored_route_uv_0.1mm,1.06,True,UNKNOWN:goal_not_certified_free,0.06,abfa278e193c88d4,19.424,1.074,9.326,1.074,"goal endpoint oracle clearance (row robot, 0.01 mm bisection)",True,,,,,,,,goal,,,,,,,,,,,
GAPW1-F4W-00918,F4,GAPW1,cylinder,F4W-00918,EP-TOL,EP-FLOOR,by-tolerance,,start is 1.97 mm clear of floor splat 5496444 (2σ top 18.03 mm); GMC's refined gap 0.974 mm ≤ buffer 1 mm + slack -> no endpoint cell,aerial3d/cells.py:121-126 (grow_cell: refine_gap <= buffer + slack -> None) -> aerial3d/api.py:330-333,UNKNOWN:start_not_certified_free,PASS,stored_route_uv_0.1mm,1.077,True,UNKNOWN:start_not_certified_free,0.06,abfa278e193c88d4,1.973,12.207,100.0,1.973,"start endpoint oracle clearance (row robot, 0.01 mm bisection)",True,,,,,,,,start,,,,,,,,,,,
GAPW1-F4W-00922,F4,GAPW1,cylinder,F4W-00922,EP-TOL,EP-FLOOR,by-tolerance,,goal is 1.95 mm clear of floor splat 5337920 (2σ top 18.04 mm); GMC's refined gap 0.962 mm ≤ buffer 1 mm + slack -> no endpoint cell,aerial3d/cells.py:121-126 (grow_cell: refine_gap <= buffer + slack -> None) -> aerial3d/api.py:330-333,UNKNOWN:goal_not_certified_free,PASS,stored_route_uv_0.1mm,1.254,True,UNKNOWN:goal_not_certified_free,0.06,abfa278e193c88d4,19.99,1.953,100.0,1.953,"goal endpoint oracle clearance (row robot, 0.01 mm bisection)",True,,,,,,,,goal,,,,,,,,,,,
GAPW1-F4W-00929,F4,GAPW1,cylinder,F4W-00929,EP-TOL,EP-FLOOR,by-tolerance,,start is 1.95 mm clear of floor splat 5337920 (2σ top 18.04 mm); GMC's refined gap 0.962 mm ≤ buffer 1 mm + slack -> no endpoint cell,aerial3d/cells.py:121-126 (grow_cell: refine_gap <= buffer + slack -> None) -> aerial3d/api.py:330-333,UNKNOWN:start_not_certified_free,PASS,stored_route_uv_0.1mm,1.035,True,UNKNOWN:start_not_certified_free,0.06,abfa278e193c88d4,1.953,19.99,100.0,1.953,"start endpoint oracle clearance (row robot, 0.01 mm bisection)",True,,,,,,,,start,,,,,,,,,,,
GAPW1-F4W-00942,F4,GAPW1,cylinder,F4W-00942,EP-TOL,EP-FLOOR,by-tolerance,,goal is 1.95 mm clear of floor splat 5337920 (2σ top 18.04 mm); GMC's refined gap 0.962 mm ≤ buffer 1 mm + slack -> no endpoint cell,aerial3d/cells.py:121-126 (grow_cell: refine_gap <= buffer + slack -> None) -> aerial3d/api.py:330-333,UNKNOWN:goal_not_certified_free,PASS,stored_route_uv_0.1mm,1.319,True,UNKNOWN:goal_not_certified_free,0.05,abfa278e193c88d4,19.99,1.953,41.528,1.953,"goal endpoint oracle clearance (row robot, 0.01 mm bisection)",True,,,,,,,,goal,,,,,,,,,,,
GAPW1-F4W-00944,F4,GAPW1,cylinder,F4W-00944,EP-TOL,EP-FLOOR,by-tolerance,,start is 1.95 mm clear of floor splat 5337920 (2σ top 18.04 mm); GMC's refined gap 0.962 mm ≤ buffer 1 mm + slack -> no endpoint cell,aerial3d/cells.py:121-126 (grow_cell: refine_gap <= buffer + slack -> None) -> aerial3d/api.py:330-333,UNKNOWN:start_not_certified_free,PASS,stored_route_uv_0.1mm,1.048,True,UNKNOWN:start_not_certified_free,0.07,abfa278e193c88d4,1.953,6.016,7.703,1.953,"start endpoint oracle clearance (row robot, 0.01 mm bisection)",True,,,,,,,,start,,,,,,,,,,,
GAPW1-F4W-00951,F4,GAPW1,cylinder,F4W-00951,EP-TOL,EP-FLOOR,by-tolerance,,goal is 1.97 mm clear of floor splat 5496444 (2σ top 18.03 mm); GMC's refined gap 0.974 mm ≤ buffer 1 mm + slack -> no endpoint cell,aerial3d/cells.py:121-126 (grow_cell: refine_gap <= buffer + slack -> None) -> aerial3d/api.py:330-333,UNKNOWN:goal_not_certified_free,PASS,stored_route_uv_0.1mm,1.069,True,UNKNOWN:goal_not_certified_free,0.06,abfa278e193c88d4,19.99,1.973,40.564,1.973,"goal endpoint oracle clearance (row robot, 0.01 mm bisection)",True,,,,,,,,goal,,,,,,,,,,,
GAPW1-F4W-00953,F4,GAPW1,cylinder,F4W-00953,EP-TOL,EP-FLOOR,by-tolerance,,goal is 1.95 mm clear of floor splat 5337920 (2σ top 18.04 mm); GMC's refined gap 0.962 mm ≤ buffer 1 mm + slack -> no endpoint cell,aerial3d/cells.py:121-126 (grow_cell: refine_gap <= buffer + slack -> None) -> aerial3d/api.py:330-333,UNKNOWN:goal_not_certified_free,PASS,stored_route_uv_0.1mm,1.33,True,UNKNOWN:goal_not_certified_free,0.05,abfa278e193c88d4,19.99,1.953,100.0,1.953,"goal endpoint oracle clearance (row robot, 0.01 mm bisection)",True,,,,,,,,goal,,,,,,,,,,,
GAPW1-F4W-00956,F4,GAPW1,cylinder,F4W-00956,EP-TOL,EP-FLOOR,by-tolerance,,start is 1.95 mm clear of floor splat 5337920 (2σ top 18.04 mm); GMC's refined gap 0.962 mm ≤ buffer 1 mm + slack -> no endpoint cell,aerial3d/cells.py:121-126 (grow_cell: refine_gap <= buffer + slack -> None) -> aerial3d/api.py:330-333,UNKNOWN:start_not_certified_free,PASS,stored_route_uv_0.1mm,1.181,True,UNKNOWN:start_not_certified_free,0.07,abfa278e193c88d4,1.953,12.207,46.93,1.953,"start endpoint oracle clearance (row robot, 0.01 mm bisection)",True,,,,,,,,start,,,,,,,,,,,
GAPW1-F4W-00957,F4,GAPW1,cylinder,F4W-00957,EP-TOL,EP-FLOOR,by-tolerance,,goal is 1.97 mm clear of floor splat 5496444 (2σ top 18.03 mm); GMC's refined gap 0.974 mm ≤ buffer 1 mm + slack -> no endpoint cell,aerial3d/cells.py:121-126 (grow_cell: refine_gap <= buffer + slack -> None) -> aerial3d/api.py:330-333,UNKNOWN:goal_not_certified_free,PASS,stored_route_uv_0.1mm,1.038,True,UNKNOWN:goal_not_certified_free,0.06,abfa278e193c88d4,13.652,1.973,99.084,1.973,"goal endpoint oracle clearance (row robot, 0.01 mm bisection)",True,,,,,,,,goal,,,,,,,,,,,
GAPW1-F4W-00969,F4,GAPW1,cylinder,F4W-00969,EP-TOL,EP-FLOOR,by-tolerance,,goal is 1.76 mm clear of floor splat 5371648 (2σ top 18.75 mm); GMC's refined gap 0.766 mm ≤ buffer 1 mm + slack -> no endpoint cell,aerial3d/cells.py:121-126 (grow_cell: refine_gap <= buffer + slack -> None) -> aerial3d/api.py:330-333,UNKNOWN:goal_not_certified_free,PASS,stored_route_uv_0.1mm,1.09,True,UNKNOWN:goal_not_certified_free,0.06,abfa278e193c88d4,12.207,1.758,41.388,1.758,"goal endpoint oracle clearance (row robot, 0.01 mm bisection)",True,,,,,,,,goal,,,,,,,,,,,
GAPW1-F4W-00971,F4,GAPW1,cylinder,F4W-00971,EP-TOL,EP-FLOOR,by-tolerance,,start is 1.95 mm clear of floor splat 5337920 (2σ top 18.04 mm); GMC's refined gap 0.962 mm ≤ buffer 1 mm + slack -> no endpoint cell,aerial3d/cells.py:121-126 (grow_cell: refine_gap <= buffer + slack -> None) -> aerial3d/api.py:330-333,UNKNOWN:start_not_certified_free,PASS,stored_route_uv_0.1mm,1.962,True,UNKNOWN:start_not_certified_free,0.05,abfa278e193c88d4,1.953,19.99,100.0,1.953,"start endpoint oracle clearance (row robot, 0.01 mm bisection)",True,,,,,,,,start,,,,,,,,,,,
GAPW1-F4W-00973,F4,GAPW1,cylinder,F4W-00973,EP-TOL,EP-FLOOR,by-tolerance,,goal is 1.95 mm clear of floor splat 5337920 (2σ top 18.04 mm); GMC's refined gap 0.962 mm ≤ buffer 1 mm + slack -> no endpoint cell,aerial3d/cells.py:121-126 (grow_cell: refine_gap <= buffer + slack -> None) -> aerial3d/api.py:330-333,UNKNOWN:goal_not_certified_free,PASS,stored_route_uv_0.1mm,1.962,True,UNKNOWN:goal_not_certified_free,0.05,abfa278e193c88d4,3.525,1.953,30.243,1.953,"goal endpoint oracle clearance (row robot, 0.01 mm bisection)",True,,,,,,,,goal,,,,,,,,,,,
GAPW1-F4W-00980,F4,GAPW1,cylinder,F4W-00980,EP-TOL,EP-FLOOR,by-tolerance,,goal is 1.95 mm clear of floor splat 5337920 (2σ top 18.04 mm); GMC's refined gap 0.962 mm ≤ buffer 1 mm + slack -> no endpoint cell,aerial3d/cells.py:121-126 (grow_cell: refine_gap <= buffer + slack -> None) -> aerial3d/api.py:330-333,UNKNOWN:goal_not_certified_free,PASS,stored_route_uv_0.1mm,1.349,True,UNKNOWN:goal_not_certified_free,0.06,abfa278e193c88d4,19.424,1.953,25.745,1.953,"goal endpoint oracle clearance (row robot, 0.01 mm bisection)",True,,,,,,,,goal,,,,,,,,,,,
GAPW1-F4W-00981,F4,GAPW1,cylinder,F4W-00981,EP-TOL,EP-FLOOR,by-tolerance,,start is 1.95 mm clear of floor splat 5337920 (2σ top 18.04 mm); GMC's refined gap 0.962 mm ≤ buffer 1 mm + slack -> no endpoint cell,aerial3d/cells.py:121-126 (grow_cell: refine_gap <= buffer + slack -> None) -> aerial3d/api.py:330-333,UNKNOWN:start_not_certified_free,PASS,stored_route_uv_0.1mm,1.083,True,UNKNOWN:start_not_certified_free,0.05,abfa278e193c88d4,1.953,12.236,57.965,1.953,"start endpoint oracle clearance (row robot, 0.01 mm bisection)",True,,,,,,,,start,,,,,,,,,,,
GAPW1-F4W-00982,F4,GAPW1,cylinder,F4W-00982,EP-TOL,EP-FLOOR,by-tolerance,,goal is 1.07 mm clear of floor splat 5371715 (2σ top 18.92 mm); GMC's refined gap 0.077 mm ≤ buffer 1 mm + slack -> no endpoint cell,aerial3d/cells.py:121-126 (grow_cell: refine_gap <= buffer + slack -> None) -> aerial3d/api.py:330-333,UNKNOWN:goal_not_certified_free,PASS,stored_route_uv_0.1mm,1.057,True,UNKNOWN:goal_not_certified_free,0.05,abfa278e193c88d4,19.99,1.074,10.822,1.074,"goal endpoint oracle clearance (row robot, 0.01 mm bisection)",True,,,,,,,,goal,,,,,,,,,,,
GAPW1-F4W-00996,F4,GAPW1,cylinder,F4W-00996,EP-TOL,EP-FLOOR,by-tolerance,,start is 1.95 mm clear of floor splat 5337920 (2σ top 18.04 mm); GMC's refined gap 0.962 mm ≤ buffer 1 mm + slack -> no endpoint cell,aerial3d/cells.py:121-126 (grow_cell: refine_gap <= buffer + slack -> None) -> aerial3d/api.py:330-333,UNKNOWN:start_not_certified_free,PASS,stored_route_uv_0.1mm,1.276,True,UNKNOWN:start_not_certified_free,0.06,abfa278e193c88d4,1.953,12.363,19.989,1.953,"start endpoint oracle clearance (row robot, 0.01 mm bisection)",True,,,,,,,,start,,,,,,,,,,,
GAPW1-F4W-00997,F4,GAPW1,cylinder,F4W-00997,EP-TOL,EP-FLOOR,by-tolerance,,goal is 1.97 mm clear of floor splat 5496444 (2σ top 18.03 mm); GMC's refined gap 0.974 mm ≤ buffer 1 mm + slack -> no endpoint cell,aerial3d/cells.py:121-126 (grow_cell: refine_gap <= buffer + slack -> None) -> aerial3d/api.py:330-333,UNKNOWN:goal_not_certified_free,PASS,stored_route_uv_0.1mm,1.016,True,UNKNOWN:goal_not_certified_free,0.06,abfa278e193c88d4,19.99,1.973,100.0,1.973,"goal endpoint oracle clearance (row robot, 0.01 mm bisection)",True,,,,,,,,goal,,,,,,,,,,,
GAPW1-F4W-01000,F4,GAPW1,cylinder,F4W-01000,EP-TOL,EP-FLOOR,by-tolerance,,goal is 1.97 mm clear of floor splat 5496444 (2σ top 18.03 mm); GMC's refined gap 0.974 mm ≤ buffer 1 mm + slack -> no endpoint cell,aerial3d/cells.py:121-126 (grow_cell: refine_gap <= buffer + slack -> None) -> aerial3d/api.py:330-333,UNKNOWN:goal_not_certified_free,PASS,stored_route_uv_0.1mm,1.505,True,UNKNOWN:goal_not_certified_free,0.05,abfa278e193c88d4,19.99,1.973,80.359,1.973,"goal endpoint oracle clearance (row robot, 0.01 mm bisection)",True,,,,,,,,goal,,,,,,,,,,,
GAPW1-F4W-01003,F4,GAPW1,cylinder,F4W-01003,EP-TOL,EP-FLOOR,by-tolerance,,goal is 1.95 mm clear of floor splat 5337920 (2σ top 18.04 mm); GMC's refined gap 0.962 mm ≤ buffer 1 mm + slack -> no endpoint cell,aerial3d/cells.py:121-126 (grow_cell: refine_gap <= buffer + slack -> None) -> aerial3d/api.py:330-333,UNKNOWN:goal_not_certified_free,PASS,stored_route_uv_0.1mm,1.962,True,UNKNOWN:goal_not_certified_free,0.06,abfa278e193c88d4,7.354,1.953,17.859,1.953,"goal endpoint oracle clearance (row robot, 0.01 mm bisection)",True,,,,,,,,goal,,,,,,,,,,,
GAPW1-F4W-01009,F4,GAPW1,cylinder,F4W-01009,EP-TOL,EP-FLOOR,by-tolerance,,start is 1.95 mm clear of floor splat 5337920 (2σ top 18.04 mm); GMC's refined gap 0.962 mm ≤ buffer 1 mm + slack -> no endpoint cell,aerial3d/cells.py:121-126 (grow_cell: refine_gap <= buffer + slack -> None) -> aerial3d/api.py:330-333,UNKNOWN:start_not_certified_free,PASS,stored_route_uv_0.1mm,1.038,True,UNKNOWN:start_not_certified_free,0.05,abfa278e193c88d4,1.953,19.99,100.0,1.953,"start endpoint oracle clearance (row robot, 0.01 mm bisection)",True,,,,,,,,start,,,,,,,,,,,
GAPW1-F4W-01011,F4,GAPW1,cylinder,F4W-01011,EP-TOL,EP-FLOOR,by-tolerance,,goal is 1.95 mm clear of floor splat 5337920 (2σ top 18.04 mm); GMC's refined gap 0.962 mm ≤ buffer 1 mm + slack -> no endpoint cell,aerial3d/cells.py:121-126 (grow_cell: refine_gap <= buffer + slack -> None) -> aerial3d/api.py:330-333,UNKNOWN:goal_not_certified_free,PASS,stored_route_uv_0.1mm,1.02,True,UNKNOWN:goal_not_certified_free,0.05,abfa278e193c88d4,15.811,1.953,5.963,1.953,"goal endpoint oracle clearance (row robot, 0.01 mm bisection)",True,,,,,,,,goal,,,,,,,,,,,
GAPW1-F4W-01013,F4,GAPW1,cylinder,F4W-01013,EP-TOL,EP-FLOOR,by-tolerance,,goal is 1.97 mm clear of floor splat 5496444 (2σ top 18.03 mm); GMC's refined gap 0.974 mm ≤ buffer 1 mm + slack -> no endpoint cell,aerial3d/cells.py:121-126 (grow_cell: refine_gap <= buffer + slack -> None) -> aerial3d/api.py:330-333,UNKNOWN:goal_not_certified_free,PASS,stored_route_uv_0.1mm,1.003,True,UNKNOWN:goal_not_certified_free,0.05,abfa278e193c88d4,13.281,1.973,100.0,1.973,"goal endpoint oracle clearance (row robot, 0.01 mm bisection)",True,,,,,,,,goal,,,,,,,,,,,
GAPW1-F4W-01015,F4,GAPW1,cylinder,F4W-01015,EP-TOL,EP-FLOOR,by-tolerance,,start is 1.95 mm clear of floor splat 5337920 (2σ top 18.04 mm); GMC's refined gap 0.962 mm ≤ buffer 1 mm + slack -> no endpoint cell,aerial3d/cells.py:121-126 (grow_cell: refine_gap <= buffer + slack -> None) -> aerial3d/api.py:330-333,UNKNOWN:start_not_certified_free,PASS,stored_route_uv_0.1mm,1.055,True,UNKNOWN:start_not_certified_free,0.07,abfa278e193c88d4,1.953,4.736,100.0,1.953,"start endpoint oracle clearance (row robot, 0.01 mm bisection)",True,,,,,,,,start,,,,,,,,,,,
GAPW1-F4W-01024,F4,GAPW1,cylinder,F4W-01024,EP-TOL,EP-FLOOR,by-tolerance,,goal is 1.97 mm clear of floor splat 5496444 (2σ top 18.03 mm); GMC's refined gap 0.974 mm ≤ buffer 1 mm + slack -> no endpoint cell,aerial3d/cells.py:121-126 (grow_cell: refine_gap <= buffer + slack -> None) -> aerial3d/api.py:330-333,UNKNOWN:goal_not_certified_free,PASS,stored_route_uv_0.1mm,1.011,True,UNKNOWN:goal_not_certified_free,0.06,abfa278e193c88d4,17.09,1.973,71.667,1.973,"goal endpoint oracle clearance (row robot, 0.01 mm bisection)",True,,,,,,,,goal,,,,,,,,,,,
GAPW1-F4W-01026,F4,GAPW1,cylinder,F4W-01026,EP-TOL,EP-FLOOR,by-tolerance,,start is 1.95 mm clear of floor splat 5337920 (2σ top 18.04 mm); GMC's refined gap 0.962 mm ≤ buffer 1 mm + slack -> no endpoint cell,aerial3d/cells.py:121-126 (grow_cell: refine_gap <= buffer + slack -> None) -> aerial3d/api.py:330-333,UNKNOWN:start_not_certified_free,PASS,stored_route_uv_0.1mm,1.18,True,UNKNOWN:start_not_certified_free,0.06,abfa278e193c88d4,1.953,19.99,100.0,1.953,"start endpoint oracle clearance (row robot, 0.01 mm bisection)",True,,,,,,,,start,,,,,,,,,,,
GAPW1-F4W-01030,F4,GAPW1,cylinder,F4W-01030,EP-TOL,EP-FLOOR,by-tolerance,,start is 1.95 mm clear of floor splat 5337920 (2σ top 18.04 mm); GMC's refined gap 0.962 mm ≤ buffer 1 mm + slack -> no endpoint cell,aerial3d/cells.py:121-126 (grow_cell: refine_gap <= buffer + slack -> None) -> aerial3d/api.py:330-333,UNKNOWN:start_not_certified_free,PASS,stored_route_uv_0.1mm,1.255,True,UNKNOWN:start_not_certified_free,0.07,abfa278e193c88d4,1.953,12.207,85.12,1.953,"start endpoint oracle clearance (row robot, 0.01 mm bisection)",True,,,,,,,,start,,,,,,,,,,,
GAPW1-F4W-01039,F4,GAPW1,cylinder,F4W-01039,EP-TOL,EP-FLOOR,by-tolerance,,start is 1.97 mm clear of floor splat 5496444 (2σ top 18.03 mm); GMC's refined gap 0.974 mm ≤ buffer 1 mm + slack -> no endpoint cell,aerial3d/cells.py:121-126 (grow_cell: refine_gap <= buffer + slack -> None) -> aerial3d/api.py:330-333,UNKNOWN:start_not_certified_free,PASS,stored_route_uv_0.1mm,1.974,True,UNKNOWN:start_not_certified_free,0.06,abfa278e193c88d4,1.973,19.99,29.877,1.973,"start endpoint oracle clearance (row robot, 0.01 mm bisection)",True,,,,,,,,start,,,,,,,,,,,
GAPW1-F4W-01044,F4,GAPW1,cylinder,F4W-01044,EP-TOL,EP-FLOOR,by-tolerance,,start is 1.95 mm clear of floor splat 5337920 (2σ top 18.04 mm); GMC's refined gap 0.962 mm ≤ buffer 1 mm + slack -> no endpoint cell,aerial3d/cells.py:121-126 (grow_cell: refine_gap <= buffer + slack -> None) -> aerial3d/api.py:330-333,UNKNOWN:start_not_certified_free,PASS,stored_route_uv_0.1mm,1.475,True,UNKNOWN:start_not_certified_free,0.06,abfa278e193c88d4,1.953,19.99,100.0,1.953,"start endpoint oracle clearance (row robot, 0.01 mm bisection)",True,,,,,,,,start,,,,,,,,,,,
GAPW1-F4W-01048,F4,GAPW1,cylinder,F4W-01048,EP-TOL,EP-FLOOR,by-tolerance,,start is 1.25 mm clear of floor splat 5371648 (2σ top 18.75 mm); GMC's refined gap 0.255 mm ≤ buffer 1 mm + slack -> no endpoint cell,aerial3d/cells.py:121-126 (grow_cell: refine_gap <= buffer + slack -> None) -> aerial3d/api.py:330-333,UNKNOWN:start_not_certified_free,PASS,stored_route_uv_0.1mm,1.255,True,UNKNOWN:start_not_certified_free,0.06,abfa278e193c88d4,1.25,14.355,5.652,1.25,"start endpoint oracle clearance (row robot, 0.01 mm bisection)",True,,,,,,,,start,,,,,,,,,,,
GAPW1-F4W-01050,F4,GAPW1,cylinder,F4W-01050,EP-TOL,EP-FLOOR,by-tolerance,,start is 1.97 mm clear of floor splat 5496444 (2σ top 18.03 mm); GMC's refined gap 0.974 mm ≤ buffer 1 mm + slack -> no endpoint cell,aerial3d/cells.py:121-126 (grow_cell: refine_gap <= buffer + slack -> None) -> aerial3d/api.py:330-333,UNKNOWN:start_not_certified_free,PASS,stored_route_uv_0.1mm,1.684,True,UNKNOWN:start_not_certified_free,0.05,abfa278e193c88d4,1.973,19.99,20.319,1.973,"start endpoint oracle clearance (row robot, 0.01 mm bisection)",True,,,,,,,,start,,,,,,,,,,,
GAPW1-F4W-01052,F4,GAPW1,cylinder,F4W-01052,EP-TOL,EP-FLOOR,by-tolerance,,start is 1.97 mm clear of floor splat 5496444 (2σ top 18.03 mm); GMC's refined gap 0.974 mm ≤ buffer 1 mm + slack -> no endpoint cell,aerial3d/cells.py:121-126 (grow_cell: refine_gap <= buffer + slack -> None) -> aerial3d/api.py:330-333,UNKNOWN:start_not_certified_free,PASS,stored_route_uv_0.1mm,1.974,True,UNKNOWN:start_not_certified_free,0.05,abfa278e193c88d4,1.973,19.99,100.0,1.973,"start endpoint oracle clearance (row robot, 0.01 mm bisection)",True,,,,,,,,start,,,,,,,,,,,
GAPW1-F4W-01053,F4,GAPW1,cylinder,F4W-01053,EP-TOL,EP-FLOOR,by-tolerance,,goal is 1.97 mm clear of floor splat 5496444 (2σ top 18.03 mm); GMC's refined gap 0.974 mm ≤ buffer 1 mm + slack -> no endpoint cell,aerial3d/cells.py:121-126 (grow_cell: refine_gap <= buffer + slack -> None) -> aerial3d/api.py:330-333,UNKNOWN:goal_not_certified_free,PASS,stored_route_uv_0.1mm,1.974,True,UNKNOWN:goal_not_certified_free,0.06,abfa278e193c88d4,19.99,1.973,100.0,1.973,"goal endpoint oracle clearance (row robot, 0.01 mm bisection)",True,,,,,,,,goal,,,,,,,,,,,
GAPW1-F4W-01086,F4,GAPW1,cylinder,F4W-01086,EP-TOL,EP-FLOOR,by-tolerance,,start is 1.25 mm clear of floor splat 5371648 (2σ top 18.75 mm); GMC's refined gap 0.255 mm ≤ buffer 1 mm + slack -> no endpoint cell,aerial3d/cells.py:121-126 (grow_cell: refine_gap <= buffer + slack -> None) -> aerial3d/api.py:330-333,UNKNOWN:start_not_certified_free,PASS,stored_route_uv_0.1mm,1.0,True,UNKNOWN:start_not_certified_free,0.06,abfa278e193c88d4,1.25,19.99,3.363,1.25,"start endpoint oracle clearance (row robot, 0.01 mm bisection)",True,,,,,,,,start,,,,,,,,,,,
GAPW1-F4W-01091,F4,GAPW1,cylinder,F4W-01091,EP-TOL,EP-FLOOR,by-tolerance,,start is 1.95 mm clear of floor splat 5337920 (2σ top 18.04 mm); GMC's refined gap 0.962 mm ≤ buffer 1 mm + slack -> no endpoint cell,aerial3d/cells.py:121-126 (grow_cell: refine_gap <= buffer + slack -> None) -> aerial3d/api.py:330-333,UNKNOWN:start_not_certified_free,PASS,stored_route_uv_0.1mm,1.962,True,UNKNOWN:start_not_certified_free,0.07,abfa278e193c88d4,1.953,5.85,9.57,1.953,"start endpoint oracle clearance (row robot, 0.01 mm bisection)",True,,,,,,,,start,,,,,,,,,,,
GAPW1-F4W-01102,F4,GAPW1,cylinder,F4W-01102,EP-TOL,EP-FLOOR,by-tolerance,,goal is 1.97 mm clear of floor splat 5496444 (2σ top 18.03 mm); GMC's refined gap 0.974 mm ≤ buffer 1 mm + slack -> no endpoint cell,aerial3d/cells.py:121-126 (grow_cell: refine_gap <= buffer + slack -> None) -> aerial3d/api.py:330-333,UNKNOWN:goal_not_certified_free,PASS,stored_route_uv_0.1mm,1.009,True,UNKNOWN:goal_not_certified_free,0.06,abfa278e193c88d4,19.99,1.973,24.469,1.973,"goal endpoint oracle clearance (row robot, 0.01 mm bisection)",True,,,,,,,,goal,,,,,,,,,,,
GAPW1-F4W-01104,F4,GAPW1,cylinder,F4W-01104,EP-TOL,EP-FLOOR,by-tolerance,,start is 1.97 mm clear of floor splat 5496444 (2σ top 18.03 mm); GMC's refined gap 0.974 mm ≤ buffer 1 mm + slack -> no endpoint cell,aerial3d/cells.py:121-126 (grow_cell: refine_gap <= buffer + slack -> None) -> aerial3d/api.py:330-333,UNKNOWN:start_not_certified_free,PASS,stored_route_uv_0.1mm,1.012,True,UNKNOWN:start_not_certified_free,0.05,abfa278e193c88d4,1.973,16.27,30.981,1.973,"start endpoint oracle clearance (row robot, 0.01 mm bisection)",True,,,,,,,,start,,,,,,,,,,,
GAPW1-F4W-01109,F4,GAPW1,cylinder,F4W-01109,EP-TOL,EP-FLOOR,by-tolerance,,goal is 1.86 mm clear of floor splat 5536761 (2σ top 24.52 mm); GMC's refined gap 0.866 mm ≤ buffer 1 mm + slack -> no endpoint cell,aerial3d/cells.py:121-126 (grow_cell: refine_gap <= buffer + slack -> None) -> aerial3d/api.py:330-333,UNKNOWN:goal_not_certified_free,PASS,stored_route_uv_0.1mm,1.046,True,UNKNOWN:goal_not_certified_free,0.05,abfa278e193c88d4,8.438,1.865,4.626,1.865,"goal endpoint oracle clearance (row robot, 0.01 mm bisection)",True,,,,,,,,goal,,,,,,,,,,,
GAPW1-F4W-01110,F4,GAPW1,cylinder,F4W-01110,EP-TOL,EP-FLOOR,by-tolerance,,start is 1.95 mm clear of floor splat 5337920 (2σ top 18.04 mm); GMC's refined gap 0.962 mm ≤ buffer 1 mm + slack -> no endpoint cell,aerial3d/cells.py:121-126 (grow_cell: refine_gap <= buffer + slack -> None) -> aerial3d/api.py:330-333,UNKNOWN:start_not_certified_free,PASS,stored_route_uv_0.1mm,1.409,True,UNKNOWN:start_not_certified_free,0.06,abfa278e193c88d4,1.953,19.99,100.0,1.953,"start endpoint oracle clearance (row robot, 0.01 mm bisection)",True,,,,,,,,start,,,,,,,,,,,
GAPW1-F4W-01115,F4,GAPW1,cylinder,F4W-01115,EP-TOL,EP-FLOOR,by-tolerance,,start is 1.97 mm clear of floor splat 5496444 (2σ top 18.03 mm); GMC's refined gap 0.974 mm ≤ buffer 1 mm + slack -> no endpoint cell,aerial3d/cells.py:121-126 (grow_cell: refine_gap <= buffer + slack -> None) -> aerial3d/api.py:330-333,UNKNOWN:start_not_certified_free,PASS,stored_route_uv_0.1mm,1.974,True,UNKNOWN:start_not_certified_free,0.06,abfa278e193c88d4,1.973,19.99,100.0,1.973,"start endpoint oracle clearance (row robot, 0.01 mm bisection)",True,,,,,,,,start,,,,,,,,,,,
GAPW1-F4W-01117,F4,GAPW1,cylinder,F4W-01117,EP-TOL,EP-FLOOR,by-tolerance,,goal is 1.95 mm clear of floor splat 5337920 (2σ top 18.04 mm); GMC's refined gap 0.962 mm ≤ buffer 1 mm + slack -> no endpoint cell,aerial3d/cells.py:121-126 (grow_cell: refine_gap <= buffer + slack -> None) -> aerial3d/api.py:330-333,UNKNOWN:goal_not_certified_free,PASS,stored_route_uv_0.1mm,1.813,True,UNKNOWN:goal_not_certified_free,0.05,abfa278e193c88d4,19.99,1.953,100.0,1.953,"goal endpoint oracle clearance (row robot, 0.01 mm bisection)",True,,,,,,,,goal,,,,,,,,,,,
GAPW1-F4W-01124,F4,GAPW1,cylinder,F4W-01124,EP-TOL,EP-FLOOR,by-tolerance,,start is 1.97 mm clear of floor splat 5496444 (2σ top 18.03 mm); GMC's refined gap 0.974 mm ≤ buffer 1 mm + slack -> no endpoint cell,aerial3d/cells.py:121-126 (grow_cell: refine_gap <= buffer + slack -> None) -> aerial3d/api.py:330-333,UNKNOWN:start_not_certified_free,PASS,stored_route_uv_0.1mm,1.007,True,UNKNOWN:start_not_certified_free,0.05,abfa278e193c88d4,1.973,19.99,31.934,1.973,"start endpoint oracle clearance (row robot, 0.01 mm bisection)",True,,,,,,,,start,,,,,,,,,,,
GAPW1-F4W-01127,F4,GAPW1,cylinder,F4W-01127,EP-TOL,EP-FLOOR,by-tolerance,,goal is 1.97 mm clear of floor splat 5496444 (2σ top 18.03 mm); GMC's refined gap 0.974 mm ≤ buffer 1 mm + slack -> no endpoint cell,aerial3d/cells.py:121-126 (grow_cell: refine_gap <= buffer + slack -> None) -> aerial3d/api.py:330-333,UNKNOWN:goal_not_certified_free,PASS,stored_route_uv_0.1mm,1.039,True,UNKNOWN:goal_not_certified_free,0.06,abfa278e193c88d4,12.207,1.973,85.59,1.973,"goal endpoint oracle clearance (row robot, 0.01 mm bisection)",True,,,,,,,,goal,,,,,,,,,,,
GAPW1-F4W-01128,F4,GAPW1,cylinder,F4W-01128,EP-TOL,EP-FLOOR,by-tolerance,,goal is 1.95 mm clear of floor splat 5337920 (2σ top 18.04 mm); GMC's refined gap 0.962 mm ≤ buffer 1 mm + slack -> no endpoint cell,aerial3d/cells.py:121-126 (grow_cell: refine_gap <= buffer + slack -> None) -> aerial3d/api.py:330-333,UNKNOWN:goal_not_certified_free,PASS,stored_route_uv_0.1mm,1.424,True,UNKNOWN:goal_not_certified_free,0.05,abfa278e193c88d4,19.834,1.953,24.921,1.953,"goal endpoint oracle clearance (row robot, 0.01 mm bisection)",True,,,,,,,,goal,,,,,,,,,,,
GAPW1-F4W-01132,F4,GAPW1,cylinder,F4W-01132,EP-TOL,EP-FLOOR,by-tolerance,,start is 1.97 mm clear of floor splat 5496444 (2σ top 18.03 mm); GMC's refined gap 0.974 mm ≤ buffer 1 mm + slack -> no endpoint cell,aerial3d/cells.py:121-126 (grow_cell: refine_gap <= buffer + slack -> None) -> aerial3d/api.py:330-333,UNKNOWN:start_not_certified_free,PASS,stored_route_uv_0.1mm,1.046,True,UNKNOWN:start_not_certified_free,0.06,abfa278e193c88d4,1.973,19.99,58.893,1.973,"start endpoint oracle clearance (row robot, 0.01 mm bisection)",True,,,,,,,,start,,,,,,,,,,,
GAPW1-F4W-01134,F4,GAPW1,cylinder,F4W-01134,EP-TOL,EP-FLOOR,by-tolerance,,start is 1.97 mm clear of floor splat 5496444 (2σ top 18.03 mm); GMC's refined gap 0.974 mm ≤ buffer 1 mm + slack -> no endpoint cell,aerial3d/cells.py:121-126 (grow_cell: refine_gap <= buffer + slack -> None) -> aerial3d/api.py:330-333,UNKNOWN:start_not_certified_free,PASS,stored_route_uv_0.1mm,1.974,True,UNKNOWN:start_not_certified_free,0.05,abfa278e193c88d4,1.973,19.99,38.574,1.973,"start endpoint oracle clearance (row robot, 0.01 mm bisection)",True,,,,,,,,start,,,,,,,,,,,
GAPW1-F4W-01135,F4,GAPW1,cylinder,F4W-01135,EP-TOL,EP-FLOOR,by-tolerance,,goal is 1.70 mm clear of floor splat 5371648 (2σ top 18.75 mm); GMC's refined gap 0.708 mm ≤ buffer 1 mm + slack -> no endpoint cell,aerial3d/cells.py:121-126 (grow_cell: refine_gap <= buffer + slack -> None) -> aerial3d/api.py:330-333,UNKNOWN:goal_not_certified_free,PASS,stored_route_uv_0.1mm,1.018,True,UNKNOWN:goal_not_certified_free,0.06,abfa278e193c88d4,3.291,1.699,82.898,1.699,"goal endpoint oracle clearance (row robot, 0.01 mm bisection)",True,,,,,,,,goal,,,,,,,,,,,
GAPW1-F4W-01138,F4,GAPW1,cylinder,F4W-01138,EP-TOL,EP-FLOOR,by-tolerance,,goal is 1.97 mm clear of floor splat 5496444 (2σ top 18.03 mm); GMC's refined gap 0.974 mm ≤ buffer 1 mm + slack -> no endpoint cell,aerial3d/cells.py:121-126 (grow_cell: refine_gap <= buffer + slack -> None) -> aerial3d/api.py:330-333,UNKNOWN:goal_not_certified_free,PASS,stored_route_uv_0.1mm,1.135,True,UNKNOWN:goal_not_certified_free,0.06,abfa278e193c88d4,19.99,1.973,65.155,1.973,"goal endpoint oracle clearance (row robot, 0.01 mm bisection)",True,,,,,,,,goal,,,,,,,,,,,
GAPW1-F4W-01148,F4,GAPW1,cylinder,F4W-01148,EP-TOL,EP-FLOOR,by-tolerance,,start is 1.95 mm clear of floor splat 5337920 (2σ top 18.04 mm); GMC's refined gap 0.962 mm ≤ buffer 1 mm + slack -> no endpoint cell,aerial3d/cells.py:121-126 (grow_cell: refine_gap <= buffer + slack -> None) -> aerial3d/api.py:330-333,UNKNOWN:start_not_certified_free,PASS,stored_route_uv_0.1mm,1.716,True,UNKNOWN:start_not_certified_free,0.05,abfa278e193c88d4,1.953,19.99,100.0,1.953,"start endpoint oracle clearance (row robot, 0.01 mm bisection)",True,,,,,,,,start,,,,,,,,,,,
GAPW1-F4W-01150,F4,GAPW1,cylinder,F4W-01150,EP-TOL,EP-FLOOR,by-tolerance,,start is 1.95 mm clear of floor splat 5337920 (2σ top 18.04 mm); GMC's refined gap 0.962 mm ≤ buffer 1 mm + slack -> no endpoint cell,aerial3d/cells.py:121-126 (grow_cell: refine_gap <= buffer + slack -> None) -> aerial3d/api.py:330-333,UNKNOWN:start_not_certified_free,PASS,stored_route_uv_0.1mm,1.962,True,UNKNOWN:start_not_certified_free,0.06,abfa278e193c88d4,1.953,3.291,69.476,1.953,"start endpoint oracle clearance (row robot, 0.01 mm bisection)",True,,,,,,,,start,,,,,,,,,,,
GAPW1-F4W-01155,F4,GAPW1,cylinder,F4W-01155,EP-TOL,EP-FLOOR,by-tolerance,,start is 1.97 mm clear of floor splat 5496444 (2σ top 18.03 mm); GMC's refined gap 0.974 mm ≤ buffer 1 mm + slack -> no endpoint cell,aerial3d/cells.py:121-126 (grow_cell: refine_gap <= buffer + slack -> None) -> aerial3d/api.py:330-333,UNKNOWN:start_not_certified_free,PASS,stored_route_uv_0.1mm,1.974,True,UNKNOWN:start_not_certified_free,0.06,abfa278e193c88d4,1.973,12.246,34.741,1.973,"start endpoint oracle clearance (row robot, 0.01 mm bisection)",True,,,,,,,,start,,,,,,,,,,,
GAPW1-F4W-01174,F4,GAPW1,cylinder,F4W-01174,EP-TOL,EP-FLOOR,by-tolerance,,goal is 1.95 mm clear of floor splat 5337920 (2σ top 18.04 mm); GMC's refined gap 0.962 mm ≤ buffer 1 mm + slack -> no endpoint cell,aerial3d/cells.py:121-126 (grow_cell: refine_gap <= buffer + slack -> None) -> aerial3d/api.py:330-333,UNKNOWN:goal_not_certified_free,PASS,stored_route_uv_0.1mm,1.039,True,UNKNOWN:goal_not_certified_free,0.05,abfa278e193c88d4,7.93,1.953,52.185,1.953,"goal endpoint oracle clearance (row robot, 0.01 mm bisection)",True,,,,,,,,goal,,,,,,,,,,,
GAPW1-F4W-01175,F4,GAPW1,cylinder,F4W-01175,EP-TOL,EP-FLOOR,by-tolerance,,start is 1.95 mm clear of floor splat 5337920 (2σ top 18.04 mm); GMC's refined gap 0.962 mm ≤ buffer 1 mm + slack -> no endpoint cell,aerial3d/cells.py:121-126 (grow_cell: refine_gap <= buffer + slack -> None) -> aerial3d/api.py:330-333,UNKNOWN:start_not_certified_free,PASS,stored_route_uv_0.1mm,1.962,True,UNKNOWN:start_not_certified_free,0.06,abfa278e193c88d4,1.953,3.291,100.0,1.953,"start endpoint oracle clearance (row robot, 0.01 mm bisection)",True,,,,,,,,start,,,,,,,,,,,
GAPW1-F4W-01176,F4,GAPW1,cylinder,F4W-01176,EP-TOL,EP-FLOOR,by-tolerance,,goal is 1.97 mm clear of floor splat 5496444 (2σ top 18.03 mm); GMC's refined gap 0.974 mm ≤ buffer 1 mm + slack -> no endpoint cell,aerial3d/cells.py:121-126 (grow_cell: refine_gap <= buffer + slack -> None) -> aerial3d/api.py:330-333,UNKNOWN:goal_not_certified_free,PASS,stored_route_uv_0.1mm,1.308,True,UNKNOWN:goal_not_certified_free,0.05,abfa278e193c88d4,19.424,1.973,94.244,1.973,"goal endpoint oracle clearance (row robot, 0.01 mm bisection)",True,,,,,,,,goal,,,,,,,,,,,
GAPW1-F4W-01177,F4,GAPW1,cylinder,F4W-01177,EP-TOL,EP-FLOOR,by-tolerance,,goal is 1.97 mm clear of floor splat 5496444 (2σ top 18.03 mm); GMC's refined gap 0.974 mm ≤ buffer 1 mm + slack -> no endpoint cell,aerial3d/cells.py:121-126 (grow_cell: refine_gap <= buffer + slack -> None) -> aerial3d/api.py:330-333,UNKNOWN:goal_not_certified_free,PASS,stored_route_uv_0.1mm,1.261,True,UNKNOWN:goal_not_certified_free,0.06,abfa278e193c88d4,19.99,1.973,100.0,1.973,"goal endpoint oracle clearance (row robot, 0.01 mm bisection)",True,,,,,,,,goal,,,,,,,,,,,
GAPW1-F4W-01195,F4,GAPW1,cylinder,F4W-01195,EP-TOL,EP-FLOOR,by-tolerance,,start is 1.25 mm clear of floor splat 5371648 (2σ top 18.75 mm); GMC's refined gap 0.255 mm ≤ buffer 1 mm + slack -> no endpoint cell,aerial3d/cells.py:121-126 (grow_cell: refine_gap <= buffer + slack -> None) -> aerial3d/api.py:330-333,UNKNOWN:start_not_certified_free,PASS,stored_route_uv_0.1mm,1.255,True,UNKNOWN:start_not_certified_free,0.07,abfa278e193c88d4,1.25,14.355,33.221,1.25,"start endpoint oracle clearance (row robot, 0.01 mm bisection)",True,,,,,,,,start,,,,,,,,,,,
GAPW1-F4W-01208,F4,GAPW1,cylinder,F4W-01208,EP-TOL,EP-FLOOR,by-tolerance,,goal is 1.95 mm clear of floor splat 5337920 (2σ top 18.04 mm); GMC's refined gap 0.962 mm ≤ buffer 1 mm + slack -> no endpoint cell,aerial3d/cells.py:121-126 (grow_cell: refine_gap <= buffer + slack -> None) -> aerial3d/api.py:330-333,UNKNOWN:goal_not_certified_free,PASS,stored_route_uv_0.1mm,1.03,True,UNKNOWN:goal_not_certified_free,0.05,abfa278e193c88d4,19.99,1.953,100.0,1.953,"goal endpoint oracle clearance (row robot, 0.01 mm bisection)",True,,,,,,,,goal,,,,,,,,,,,
GAPW1-F4W-01213,F4,GAPW1,cylinder,F4W-01213,EP-TOL,EP-FLOOR,by-tolerance,,start is 1.97 mm clear of floor splat 5496444 (2σ top 18.03 mm); GMC's refined gap 0.974 mm ≤ buffer 1 mm + slack -> no endpoint cell,aerial3d/cells.py:121-126 (grow_cell: refine_gap <= buffer + slack -> None) -> aerial3d/api.py:330-333,UNKNOWN:start_not_certified_free,PASS,stored_route_uv_0.1mm,1.064,True,UNKNOWN:start_not_certified_free,0.05,abfa278e193c88d4,1.973,19.99,100.0,1.973,"start endpoint oracle clearance (row robot, 0.01 mm bisection)",True,,,,,,,,start,,,,,,,,,,,
GAPW1-F4W-01219,F4,GAPW1,cylinder,F4W-01219,EP-TOL,EP-FLOOR,by-tolerance,,start is 1.25 mm clear of floor splat 5371648 (2σ top 18.75 mm); GMC's refined gap 0.255 mm ≤ buffer 1 mm + slack -> no endpoint cell,aerial3d/cells.py:121-126 (grow_cell: refine_gap <= buffer + slack -> None) -> aerial3d/api.py:330-333,UNKNOWN:start_not_certified_free,PASS,stored_route_uv_0.1mm,1.04,True,UNKNOWN:start_not_certified_free,0.07,abfa278e193c88d4,1.25,19.99,2.356,1.25,"start endpoint oracle clearance (row robot, 0.01 mm bisection)",True,,,,,,,,start,,,,,,,,,,,
GAPW1-F4W-01222,F4,GAPW1,cylinder,F4W-01222,EP-TOL,EP-FLOOR,by-tolerance,,goal is 1.95 mm clear of floor splat 5337920 (2σ top 18.04 mm); GMC's refined gap 0.962 mm ≤ buffer 1 mm + slack -> no endpoint cell,aerial3d/cells.py:121-126 (grow_cell: refine_gap <= buffer + slack -> None) -> aerial3d/api.py:330-333,UNKNOWN:goal_not_certified_free,PASS,stored_route_uv_0.1mm,1.962,True,UNKNOWN:goal_not_certified_free,0.06,abfa278e193c88d4,19.424,1.953,42.444,1.953,"goal endpoint oracle clearance (row robot, 0.01 mm bisection)",True,,,,,,,,goal,,,,,,,,,,,
GAPW1-F4W-01224,F4,GAPW1,cylinder,F4W-01224,EP-TOL,EP-FLOOR,by-tolerance,,goal is 1.97 mm clear of floor splat 5496444 (2σ top 18.03 mm); GMC's refined gap 0.974 mm ≤ buffer 1 mm + slack -> no endpoint cell,aerial3d/cells.py:121-126 (grow_cell: refine_gap <= buffer + slack -> None) -> aerial3d/api.py:330-333,UNKNOWN:goal_not_certified_free,PASS,stored_route_uv_0.1mm,1.002,True,UNKNOWN:goal_not_certified_free,0.06,abfa278e193c88d4,19.043,1.973,22.473,1.973,"goal endpoint oracle clearance (row robot, 0.01 mm bisection)",True,,,,,,,,goal,,,,,,,,,,,
GAPW1-F4W-01230,F4,GAPW1,cylinder,F4W-01230,EP-TOL,EP-FLOOR,by-tolerance,,goal is 1.95 mm clear of floor splat 5337920 (2σ top 18.04 mm); GMC's refined gap 0.962 mm ≤ buffer 1 mm + slack -> no endpoint cell,aerial3d/cells.py:121-126 (grow_cell: refine_gap <= buffer + slack -> None) -> aerial3d/api.py:330-333,UNKNOWN:goal_not_certified_free,PASS,stored_route_uv_0.1mm,1.962,True,UNKNOWN:goal_not_certified_free,0.05,abfa278e193c88d4,13.232,1.953,100.0,1.953,"goal endpoint oracle clearance (row robot, 0.01 mm bisection)",True,,,,,,,,goal,,,,,,,,,,,
GAPW1-F4W-01236,F4,GAPW1,cylinder,F4W-01236,EP-TOL,EP-FLOOR,by-tolerance,,goal is 1.95 mm clear of floor splat 5337920 (2σ top 18.04 mm); GMC's refined gap 0.962 mm ≤ buffer 1 mm + slack -> no endpoint cell,aerial3d/cells.py:121-126 (grow_cell: refine_gap <= buffer + slack -> None) -> aerial3d/api.py:330-333,UNKNOWN:goal_not_certified_free,PASS,stored_route_uv_0.1mm,1.962,True,UNKNOWN:goal_not_certified_free,0.05,abfa278e193c88d4,19.99,1.953,100.0,1.953,"goal endpoint oracle clearance (row robot, 0.01 mm bisection)",True,,,,,,,,goal,,,,,,,,,,,
GAPW1-F4W-01258,F4,GAPW1,cylinder,F4W-01258,EP-TOL,EP-FLOOR,by-tolerance,,start is 1.97 mm clear of floor splat 5496444 (2σ top 18.03 mm); GMC's refined gap 0.974 mm ≤ buffer 1 mm + slack -> no endpoint cell,aerial3d/cells.py:121-126 (grow_cell: refine_gap <= buffer + slack -> None) -> aerial3d/api.py:330-333,UNKNOWN:start_not_certified_free,PASS,stored_route_uv_0.1mm,1.974,True,UNKNOWN:start_not_certified_free,0.07,abfa278e193c88d4,1.973,12.207,28.912,1.973,"start endpoint oracle clearance (row robot, 0.01 mm bisection)",True,,,,,,,,start,,,,,,,,,,,
GAPW1-F4W-01261,F4,GAPW1,cylinder,F4W-01261,EP-TOL,EP-FLOOR,by-tolerance,,start is 1.95 mm clear of floor splat 5337920 (2σ top 18.04 mm); GMC's refined gap 0.962 mm ≤ buffer 1 mm + slack -> no endpoint cell,aerial3d/cells.py:121-126 (grow_cell: refine_gap <= buffer + slack -> None) -> aerial3d/api.py:330-333,UNKNOWN:start_not_certified_free,PASS,stored_route_uv_0.1mm,1.004,True,UNKNOWN:start_not_certified_free,0.06,abfa278e193c88d4,1.953,19.99,26.227,1.953,"start endpoint oracle clearance (row robot, 0.01 mm bisection)",True,,,,,,,,start,,,,,,,,,,,
GAPW1-F4W-01265,F4,GAPW1,cylinder,F4W-01265,EP-TOL,EP-FLOOR,by-tolerance,,goal is 1.20 mm clear of floor splat 5525250 (2σ top 19.66 mm); GMC's refined gap 0.202 mm ≤ buffer 1 mm + slack -> no endpoint cell,aerial3d/cells.py:121-126 (grow_cell: refine_gap <= buffer + slack -> None) -> aerial3d/api.py:330-333,UNKNOWN:goal_not_certified_free,PASS,stored_route_uv_0.1mm,1.189,True,UNKNOWN:goal_not_certified_free,0.05,abfa278e193c88d4,14.355,1.201,31.628,1.201,"goal endpoint oracle clearance (row robot, 0.01 mm bisection)",True,,,,,,,,goal,,,,,,,,,,,
GAPW1-F4W-01267,F4,GAPW1,cylinder,F4W-01267,EP-TOL,EP-FLOOR,by-tolerance,,start is 1.97 mm clear of floor splat 5496444 (2σ top 18.03 mm); GMC's refined gap 0.974 mm ≤ buffer 1 mm + slack -> no endpoint cell,aerial3d/cells.py:121-126 (grow_cell: refine_gap <= buffer + slack -> None) -> aerial3d/api.py:330-333,UNKNOWN:start_not_certified_free,PASS,stored_route_uv_0.1mm,1.974,True,UNKNOWN:start_not_certified_free,0.07,abfa278e193c88d4,1.973,16.318,100.0,1.973,"start endpoint oracle clearance (row robot, 0.01 mm bisection)",True,,,,,,,,start,,,,,,,,,,,
GAPW1-F4W-01279,F4,GAPW1,cylinder,F4W-01279,EP-TOL,EP-FLOOR,by-tolerance,,start is 1.95 mm clear of floor splat 5337920 (2σ top 18.04 mm); GMC's refined gap 0.962 mm ≤ buffer 1 mm + slack -> no endpoint cell,aerial3d/cells.py:121-126 (grow_cell: refine_gap <= buffer + slack -> None) -> aerial3d/api.py:330-333,UNKNOWN:start_not_certified_free,PASS,stored_route_uv_0.1mm,1.414,True,UNKNOWN:start_not_certified_free,0.06,abfa278e193c88d4,1.953,19.99,100.0,1.953,"start endpoint oracle clearance (row robot, 0.01 mm bisection)",True,,,,,,,,start,,,,,,,,,,,
GAPW1-F4W-01280,F4,GAPW1,cylinder,F4W-01280,EP-TOL,EP-FLOOR,by-tolerance,,start is 1.95 mm clear of floor splat 5337920 (2σ top 18.04 mm); GMC's refined gap 0.962 mm ≤ buffer 1 mm + slack -> no endpoint cell,aerial3d/cells.py:121-126 (grow_cell: refine_gap <= buffer + slack -> None) -> aerial3d/api.py:330-333,UNKNOWN:start_not_certified_free,PASS,stored_route_uv_0.1mm,1.036,True,UNKNOWN:start_not_certified_free,0.06,abfa278e193c88d4,1.953,16.836,100.0,1.953,"start endpoint oracle clearance (row robot, 0.01 mm bisection)",True,,,,,,,,start,,,,,,,,,,,
GAPW1-F4W-01283,F4,GAPW1,cylinder,F4W-01283,EP-TOL,EP-FLOOR,by-tolerance,,start is 1.07 mm clear of floor splat 5371715 (2σ top 18.92 mm); GMC's refined gap 0.077 mm ≤ buffer 1 mm + slack -> no endpoint cell,aerial3d/cells.py:121-126 (grow_cell: refine_gap <= buffer + slack -> None) -> aerial3d/api.py:330-333,UNKNOWN:start_not_certified_free,PASS,stored_route_uv_0.1mm,1.077,True,UNKNOWN:start_not_certified_free,0.05,abfa278e193c88d4,1.074,19.424,20.349,1.074,"start endpoint oracle clearance (row robot, 0.01 mm bisection)",True,,,,,,,,start,,,,,,,,,,,
GAPW1-F4W-01293,F4,GAPW1,cylinder,F4W-01293,EP-TOL,EP-FLOOR,by-tolerance,,goal is 1.95 mm clear of floor splat 5337920 (2σ top 18.04 mm); GMC's refined gap 0.962 mm ≤ buffer 1 mm + slack -> no endpoint cell,aerial3d/cells.py:121-126 (grow_cell: refine_gap <= buffer + slack -> None) -> aerial3d/api.py:330-333,UNKNOWN:goal_not_certified_free,PASS,stored_route_uv_0.1mm,1.962,True,UNKNOWN:goal_not_certified_free,0.06,abfa278e193c88d4,19.99,1.953,100.0,1.953,"goal endpoint oracle clearance (row robot, 0.01 mm bisection)",True,,,,,,,,goal,,,,,,,,,,,
GAPW1-F4W-01297,F4,GAPW1,cylinder,F4W-01297,EP-TOL,EP-FLOOR,by-tolerance,,start is 1.97 mm clear of floor splat 5496444 (2σ top 18.03 mm); GMC's refined gap 0.974 mm ≤ buffer 1 mm + slack -> no endpoint cell,aerial3d/cells.py:121-126 (grow_cell: refine_gap <= buffer + slack -> None) -> aerial3d/api.py:330-333,UNKNOWN:start_not_certified_free,PASS,stored_route_uv_0.1mm,1.004,True,UNKNOWN:start_not_certified_free,0.06,abfa278e193c88d4,1.973,19.99,33.752,1.973,"start endpoint oracle clearance (row robot, 0.01 mm bisection)",True,,,,,,,,start,,,,,,,,,,,
GAPW1-F4W-01305,F4,GAPW1,cylinder,F4W-01305,EP-TOL,EP-FLOOR,by-tolerance,,goal is 1.97 mm clear of floor splat 5496444 (2σ top 18.03 mm); GMC's refined gap 0.974 mm ≤ buffer 1 mm + slack -> no endpoint cell,aerial3d/cells.py:121-126 (grow_cell: refine_gap <= buffer + slack -> None) -> aerial3d/api.py:330-333,UNKNOWN:goal_not_certified_free,PASS,stored_route_uv_0.1mm,1.758,True,UNKNOWN:goal_not_certified_free,0.05,abfa278e193c88d4,12.207,1.973,88.055,1.973,"goal endpoint oracle clearance (row robot, 0.01 mm bisection)",True,,,,,,,,goal,,,,,,,,,,,
GAPW1-F4W-01311,F4,GAPW1,cylinder,F4W-01311,EP-TOL,EP-FLOOR,by-tolerance,,start is 1.97 mm clear of floor splat 5496444 (2σ top 18.03 mm); GMC's refined gap 0.974 mm ≤ buffer 1 mm + slack -> no endpoint cell,aerial3d/cells.py:121-126 (grow_cell: refine_gap <= buffer + slack -> None) -> aerial3d/api.py:330-333,UNKNOWN:start_not_certified_free,PASS,stored_route_uv_0.1mm,1.085,True,UNKNOWN:start_not_certified_free,0.05,abfa278e193c88d4,1.973,19.99,100.0,1.973,"start endpoint oracle clearance (row robot, 0.01 mm bisection)",True,,,,,,,,start,,,,,,,,,,,
GAPW1-F4W-01317,F4,GAPW1,cylinder,F4W-01317,EP-TOL,EP-FLOOR,by-tolerance,,start is 1.97 mm clear of floor splat 5496444 (2σ top 18.03 mm); GMC's refined gap 0.974 mm ≤ buffer 1 mm + slack -> no endpoint cell,aerial3d/cells.py:121-126 (grow_cell: refine_gap <= buffer + slack -> None) -> aerial3d/api.py:330-333,UNKNOWN:start_not_certified_free,PASS,stored_route_uv_0.1mm,1.177,True,UNKNOWN:start_not_certified_free,0.05,abfa278e193c88d4,1.973,19.99,100.0,1.973,"start endpoint oracle clearance (row robot, 0.01 mm bisection)",True,,,,,,,,start,,,,,,,,,,,
GAPW1-F4W-01322,F4,GAPW1,cylinder,F4W-01322,EP-TOL,EP-FLOOR,by-tolerance,,goal is 1.95 mm clear of floor splat 5337920 (2σ top 18.04 mm); GMC's refined gap 0.962 mm ≤ buffer 1 mm + slack -> no endpoint cell,aerial3d/cells.py:121-126 (grow_cell: refine_gap <= buffer + slack -> None) -> aerial3d/api.py:330-333,UNKNOWN:goal_not_certified_free,PASS,stored_route_uv_0.1mm,1.751,True,UNKNOWN:goal_not_certified_free,0.06,abfa278e193c88d4,14.15,1.953,100.0,1.953,"goal endpoint oracle clearance (row robot, 0.01 mm bisection)",True,,,,,,,,goal,,,,,,,,,,,
GAPW1-F4W-01327,F4,GAPW1,cylinder,F4W-01327,EP-TOL,EP-FLOOR,by-tolerance,,start is 1.95 mm clear of floor splat 5337920 (2σ top 18.04 mm); GMC's refined gap 0.962 mm ≤ buffer 1 mm + slack -> no endpoint cell,aerial3d/cells.py:121-126 (grow_cell: refine_gap <= buffer + slack -> None) -> aerial3d/api.py:330-333,UNKNOWN:start_not_certified_free,PASS,stored_route_uv_0.1mm,1.003,True,UNKNOWN:start_not_certified_free,0.06,abfa278e193c88d4,1.953,19.99,42.004,1.953,"start endpoint oracle clearance (row robot, 0.01 mm bisection)",True,,,,,,,,start,,,,,,,,,,,
GAPW1-F4W-01328,F4,GAPW1,cylinder,F4W-01328,EP-TOL,EP-FLOOR,by-tolerance,,goal is 1.97 mm clear of floor splat 5496444 (2σ top 18.03 mm); GMC's refined gap 0.974 mm ≤ buffer 1 mm + slack -> no endpoint cell,aerial3d/cells.py:121-126 (grow_cell: refine_gap <= buffer + slack -> None) -> aerial3d/api.py:330-333,UNKNOWN:goal_not_certified_free,PASS,stored_route_uv_0.1mm,1.974,True,UNKNOWN:goal_not_certified_free,0.05,abfa278e193c88d4,19.99,1.973,100.0,1.973,"goal endpoint oracle clearance (row robot, 0.01 mm bisection)",True,,,,,,,,goal,,,,,,,,,,,
GAPW1-F4W-01331,F4,GAPW1,cylinder,F4W-01331,EP-TOL,EP-FLOOR,by-tolerance,,start is 1.97 mm clear of floor splat 5496444 (2σ top 18.03 mm); GMC's refined gap 0.974 mm ≤ buffer 1 mm + slack -> no endpoint cell,aerial3d/cells.py:121-126 (grow_cell: refine_gap <= buffer + slack -> None) -> aerial3d/api.py:330-333,UNKNOWN:start_not_certified_free,PASS,stored_route_uv_0.1mm,1.012,True,UNKNOWN:start_not_certified_free,0.05,abfa278e193c88d4,1.973,19.99,100.0,1.973,"start endpoint oracle clearance (row robot, 0.01 mm bisection)",True,,,,,,,,start,,,,,,,,,,,
GAPW1-F4W-01337,F4,GAPW1,cylinder,F4W-01337,EP-TOL,EP-FLOOR,by-tolerance,,goal is 1.95 mm clear of floor splat 5337920 (2σ top 18.04 mm); GMC's refined gap 0.962 mm ≤ buffer 1 mm + slack -> no endpoint cell,aerial3d/cells.py:121-126 (grow_cell: refine_gap <= buffer + slack -> None) -> aerial3d/api.py:330-333,UNKNOWN:goal_not_certified_free,PASS,stored_route_uv_0.1mm,1.004,True,UNKNOWN:goal_not_certified_free,0.05,abfa278e193c88d4,12.803,1.953,100.0,1.953,"goal endpoint oracle clearance (row robot, 0.01 mm bisection)",True,,,,,,,,goal,,,,,,,,,,,
GAPW1-F4W-01356,F4,GAPW1,cylinder,F4W-01356,EP-TOL,EP-FLOOR,by-tolerance,,start is 1.95 mm clear of floor splat 5337920 (2σ top 18.04 mm); GMC's refined gap 0.962 mm ≤ buffer 1 mm + slack -> no endpoint cell,aerial3d/cells.py:121-126 (grow_cell: refine_gap <= buffer + slack -> None) -> aerial3d/api.py:330-333,UNKNOWN:start_not_certified_free,PASS,stored_route_uv_0.1mm,1.069,True,UNKNOWN:start_not_certified_free,0.06,abfa278e193c88d4,1.953,12.207,100.0,1.953,"start endpoint oracle clearance (row robot, 0.01 mm bisection)",True,,,,,,,,start,,,,,,,,,,,
GAPW1-F4W-01363,F4,GAPW1,cylinder,F4W-01363,EP-TOL,EP-FLOOR,by-tolerance,,start is 1.95 mm clear of floor splat 5337920 (2σ top 18.04 mm); GMC's refined gap 0.962 mm ≤ buffer 1 mm + slack -> no endpoint cell,aerial3d/cells.py:121-126 (grow_cell: refine_gap <= buffer + slack -> None) -> aerial3d/api.py:330-333,UNKNOWN:start_not_certified_free,PASS,stored_route_uv_0.1mm,1.046,True,UNKNOWN:start_not_certified_free,0.07,abfa278e193c88d4,1.953,19.541,85.291,1.953,"start endpoint oracle clearance (row robot, 0.01 mm bisection)",True,,,,,,,,start,,,,,,,,,,,
GAPW1-F4W-01372,F4,GAPW1,cylinder,F4W-01372,EP-TOL,EP-FLOOR,by-tolerance,,start is 1.75 mm clear of floor splat 5400795 (2σ top 21.26 mm); GMC's refined gap 0.750 mm ≤ buffer 1 mm + slack -> no endpoint cell,aerial3d/cells.py:121-126 (grow_cell: refine_gap <= buffer + slack -> None) -> aerial3d/api.py:330-333,UNKNOWN:start_not_certified_free,PASS,stored_route_uv_0.1mm,1.005,True,UNKNOWN:start_not_certified_free,0.07,abfa278e193c88d4,1.748,5.742,7.074,1.748,"start endpoint oracle clearance (row robot, 0.01 mm bisection)",True,,,,,,,,start,,,,,,,,,,,
GAPW1-F4W-01410,F4,GAPW1,cylinder,F4W-01410,EP-TOL,EP-FLOOR,by-tolerance,,start is 1.97 mm clear of floor splat 5496444 (2σ top 18.03 mm); GMC's refined gap 0.974 mm ≤ buffer 1 mm + slack -> no endpoint cell,aerial3d/cells.py:121-126 (grow_cell: refine_gap <= buffer + slack -> None) -> aerial3d/api.py:330-333,UNKNOWN:start_not_certified_free,PASS,stored_route_uv_0.1mm,1.974,True,UNKNOWN:start_not_certified_free,0.06,abfa278e193c88d4,1.973,19.424,100.0,1.973,"start endpoint oracle clearance (row robot, 0.01 mm bisection)",True,,,,,,,,start,,,,,,,,,,,
GAPW1-F4W-01411,F4,GAPW1,cylinder,F4W-01411,EP-TOL,EP-FLOOR,by-tolerance,,start is 1.97 mm clear of floor splat 5496444 (2σ top 18.03 mm); GMC's refined gap 0.974 mm ≤ buffer 1 mm + slack -> no endpoint cell,aerial3d/cells.py:121-126 (grow_cell: refine_gap <= buffer + slack -> None) -> aerial3d/api.py:330-333,UNKNOWN:start_not_certified_free,PASS,stored_route_uv_0.1mm,1.3,True,UNKNOWN:start_not_certified_free,0.05,abfa278e193c88d4,1.973,7.705,100.0,1.973,"start endpoint oracle clearance (row robot, 0.01 mm bisection)",True,,,,,,,,start,,,,,,,,,,,
GAPW1-F4W-01412,F4,GAPW1,cylinder,F4W-01412,EP-TOL,EP-FLOOR,by-tolerance,,start is 1.97 mm clear of floor splat 5496444 (2σ top 18.03 mm); GMC's refined gap 0.974 mm ≤ buffer 1 mm + slack -> no endpoint cell,aerial3d/cells.py:121-126 (grow_cell: refine_gap <= buffer + slack -> None) -> aerial3d/api.py:330-333,UNKNOWN:start_not_certified_free,PASS,stored_route_uv_0.1mm,1.974,True,UNKNOWN:start_not_certified_free,0.06,abfa278e193c88d4,1.973,12.207,76.581,1.973,"start endpoint oracle clearance (row robot, 0.01 mm bisection)",True,,,,,,,,start,,,,,,,,,,,
GAPW1-F4W-01414,F4,GAPW1,cylinder,F4W-01414,EP-TOL,EP-FLOOR,by-tolerance,,start is 1.95 mm clear of floor splat 5337920 (2σ top 18.04 mm); GMC's refined gap 0.962 mm ≤ buffer 1 mm + slack -> no endpoint cell,aerial3d/cells.py:121-126 (grow_cell: refine_gap <= buffer + slack -> None) -> aerial3d/api.py:330-333,UNKNOWN:start_not_certified_free,PASS,stored_route_uv_0.1mm,1.962,True,UNKNOWN:start_not_certified_free,0.05,abfa278e193c88d4,1.953,19.99,100.0,1.953,"start endpoint oracle clearance (row robot, 0.01 mm bisection)",True,,,,,,,,start,,,,,,,,,,,
GAPW1-F4W-01428,F4,GAPW1,cylinder,F4W-01428,EP-TOL,EP-FLOOR,by-tolerance,,goal is 1.95 mm clear of floor splat 5337920 (2σ top 18.04 mm); GMC's refined gap 0.962 mm ≤ buffer 1 mm + slack -> no endpoint cell,aerial3d/cells.py:121-126 (grow_cell: refine_gap <= buffer + slack -> None) -> aerial3d/api.py:330-333,UNKNOWN:goal_not_certified_free,PASS,stored_route_uv_0.1mm,1.0,True,UNKNOWN:goal_not_certified_free,0.07,abfa278e193c88d4,19.99,1.953,100.0,1.953,"goal endpoint oracle clearance (row robot, 0.01 mm bisection)",True,,,,,,,,goal,,,,,,,,,,,
GAPW1-F4W-01437,F4,GAPW1,cylinder,F4W-01437,EP-TOL,EP-FLOOR,by-tolerance,,goal is 1.95 mm clear of floor splat 5337920 (2σ top 18.04 mm); GMC's refined gap 0.962 mm ≤ buffer 1 mm + slack -> no endpoint cell,aerial3d/cells.py:121-126 (grow_cell: refine_gap <= buffer + slack -> None) -> aerial3d/api.py:330-333,UNKNOWN:goal_not_certified_free,PASS,stored_route_uv_0.1mm,1.356,True,UNKNOWN:goal_not_certified_free,0.06,abfa278e193c88d4,19.99,1.953,100.0,1.953,"goal endpoint oracle clearance (row robot, 0.01 mm bisection)",True,,,,,,,,goal,,,,,,,,,,,
GAPW1-F4W-01438,F4,GAPW1,cylinder,F4W-01438,EP-TOL,EP-FLOOR,by-tolerance,,goal is 1.97 mm clear of floor splat 5496444 (2σ top 18.03 mm); GMC's refined gap 0.974 mm ≤ buffer 1 mm + slack -> no endpoint cell,aerial3d/cells.py:121-126 (grow_cell: refine_gap <= buffer + slack -> None) -> aerial3d/api.py:330-333,UNKNOWN:goal_not_certified_free,PASS,stored_route_uv_0.1mm,1.139,True,UNKNOWN:goal_not_certified_free,0.05,abfa278e193c88d4,19.99,1.973,100.0,1.973,"goal endpoint oracle clearance (row robot, 0.01 mm bisection)",True,,,,,,,,goal,,,,,,,,,,,
GAPW1-F4W-01440,F4,GAPW1,cylinder,F4W-01440,EP-TOL,EP-FLOOR,by-tolerance,,goal is 1.95 mm clear of floor splat 5337920 (2σ top 18.04 mm); GMC's refined gap 0.962 mm ≤ buffer 1 mm + slack -> no endpoint cell,aerial3d/cells.py:121-126 (grow_cell: refine_gap <= buffer + slack -> None) -> aerial3d/api.py:330-333,UNKNOWN:goal_not_certified_free,PASS,stored_route_uv_0.1mm,1.834,True,UNKNOWN:goal_not_certified_free,0.05,abfa278e193c88d4,12.207,1.953,96.613,1.953,"goal endpoint oracle clearance (row robot, 0.01 mm bisection)",True,,,,,,,,goal,,,,,,,,,,,
GAPW1-F4W-01443,F4,GAPW1,cylinder,F4W-01443,EP-TOL,EP-FLOOR,by-tolerance,,goal is 1.25 mm clear of floor splat 5371648 (2σ top 18.75 mm); GMC's refined gap 0.255 mm ≤ buffer 1 mm + slack -> no endpoint cell,aerial3d/cells.py:121-126 (grow_cell: refine_gap <= buffer + slack -> None) -> aerial3d/api.py:330-333,UNKNOWN:goal_not_certified_free,PASS,stored_route_uv_0.1mm,1.083,True,UNKNOWN:goal_not_certified_free,0.05,abfa278e193c88d4,19.424,1.25,51.093,1.25,"goal endpoint oracle clearance (row robot, 0.01 mm bisection)",True,,,,,,,,goal,,,,,,,,,,,
GAPW1-F4W-01445,F4,GAPW1,cylinder,F4W-01445,EP-TOL,EP-FLOOR,by-tolerance,,goal is 1.07 mm clear of floor splat 5371715 (2σ top 18.92 mm); GMC's refined gap 0.077 mm ≤ buffer 1 mm + slack -> no endpoint cell,aerial3d/cells.py:121-126 (grow_cell: refine_gap <= buffer + slack -> None) -> aerial3d/api.py:330-333,UNKNOWN:goal_not_certified_free,PASS,stored_route_uv_0.1mm,1.077,True,UNKNOWN:goal_not_certified_free,0.05,abfa278e193c88d4,19.99,1.074,30.17,1.074,"goal endpoint oracle clearance (row robot, 0.01 mm bisection)",True,,,,,,,,goal,,,,,,,,,,,
GAPW1-F4W-01451,F4,GAPW1,cylinder,F4W-01451,EP-TOL,EP-FLOOR,by-tolerance,,goal is 1.07 mm clear of floor splat 5371715 (2σ top 18.92 mm); GMC's refined gap 0.077 mm ≤ buffer 1 mm + slack -> no endpoint cell,aerial3d/cells.py:121-126 (grow_cell: refine_gap <= buffer + slack -> None) -> aerial3d/api.py:330-333,UNKNOWN:goal_not_certified_free,PASS,stored_route_uv_0.1mm,1.015,True,UNKNOWN:goal_not_certified_free,0.06,abfa278e193c88d4,19.99,1.074,50.94,1.074,"goal endpoint oracle clearance (row robot, 0.01 mm bisection)",True,,,,,,,,goal,,,,,,,,,,,
GAPW1-F4W-01456,F4,GAPW1,cylinder,F4W-01456,EP-TOL,EP-FLOOR,by-tolerance,,goal is 1.95 mm clear of floor splat 5337920 (2σ top 18.04 mm); GMC's refined gap 0.962 mm ≤ buffer 1 mm + slack -> no endpoint cell,aerial3d/cells.py:121-126 (grow_cell: refine_gap <= buffer + slack -> None) -> aerial3d/api.py:330-333,UNKNOWN:goal_not_certified_free,PASS,stored_route_uv_0.1mm,1.092,True,UNKNOWN:goal_not_certified_free,0.06,abfa278e193c88d4,16.836,1.953,100.0,1.953,"goal endpoint oracle clearance (row robot, 0.01 mm bisection)",True,,,,,,,,goal,,,,,,,,,,,
GAPW1-F4W-01460,F4,GAPW1,cylinder,F4W-01460,EP-TOL,EP-FLOOR,by-tolerance,,start is 1.95 mm clear of floor splat 5337920 (2σ top 18.04 mm); GMC's refined gap 0.962 mm ≤ buffer 1 mm + slack -> no endpoint cell,aerial3d/cells.py:121-126 (grow_cell: refine_gap <= buffer + slack -> None) -> aerial3d/api.py:330-333,UNKNOWN:start_not_certified_free,PASS,stored_route_uv_0.1mm,1.962,True,UNKNOWN:start_not_certified_free,0.05,abfa278e193c88d4,1.953,19.99,95.99,1.953,"start endpoint oracle clearance (row robot, 0.01 mm bisection)",True,,,,,,,,start,,,,,,,,,,,
GAPW1-F4W-01469,F4,GAPW1,cylinder,F4W-01469,EP-TOL,EP-FLOOR,by-tolerance,,goal is 1.97 mm clear of floor splat 5496444 (2σ top 18.03 mm); GMC's refined gap 0.974 mm ≤ buffer 1 mm + slack -> no endpoint cell,aerial3d/cells.py:121-126 (grow_cell: refine_gap <= buffer + slack -> None) -> aerial3d/api.py:330-333,UNKNOWN:goal_not_certified_free,PASS,stored_route_uv_0.1mm,1.974,True,UNKNOWN:goal_not_certified_free,0.05,abfa278e193c88d4,19.99,1.973,39.978,1.973,"goal endpoint oracle clearance (row robot, 0.01 mm bisection)",True,,,,,,,,goal,,,,,,,,,,,
GAPW1-F4W-01487,F4,GAPW1,cylinder,F4W-01487,EP-TOL,EP-FLOOR,by-tolerance,,goal is 1.97 mm clear of floor splat 5496444 (2σ top 18.03 mm); GMC's refined gap 0.974 mm ≤ buffer 1 mm + slack -> no endpoint cell,aerial3d/cells.py:121-126 (grow_cell: refine_gap <= buffer + slack -> None) -> aerial3d/api.py:330-333,UNKNOWN:goal_not_certified_free,PASS,stored_route_uv_0.1mm,1.761,True,UNKNOWN:goal_not_certified_free,0.06,abfa278e193c88d4,19.99,1.973,100.0,1.973,"goal endpoint oracle clearance (row robot, 0.01 mm bisection)",True,,,,,,,,goal,,,,,,,,,,,
GAPW1-F4W-01488,F4,GAPW1,cylinder,F4W-01488,EP-TOL,EP-FLOOR,by-tolerance,,start is 1.97 mm clear of floor splat 5496444 (2σ top 18.03 mm); GMC's refined gap 0.974 mm ≤ buffer 1 mm + slack -> no endpoint cell,aerial3d/cells.py:121-126 (grow_cell: refine_gap <= buffer + slack -> None) -> aerial3d/api.py:330-333,UNKNOWN:start_not_certified_free,PASS,stored_route_uv_0.1mm,1.889,True,UNKNOWN:start_not_certified_free,0.06,abfa278e193c88d4,1.973,12.207,30.92,1.973,"start endpoint oracle clearance (row robot, 0.01 mm bisection)",True,,,,,,,,start,,,,,,,,,,,
GAPW1-F4W-01489,F4,GAPW1,cylinder,F4W-01489,EP-TOL,EP-FLOOR,by-tolerance,,goal is 1.95 mm clear of floor splat 5337920 (2σ top 18.04 mm); GMC's refined gap 0.962 mm ≤ buffer 1 mm + slack -> no endpoint cell,aerial3d/cells.py:121-126 (grow_cell: refine_gap <= buffer + slack -> None) -> aerial3d/api.py:330-333,UNKNOWN:goal_not_certified_free,PASS,stored_route_uv_0.1mm,1.962,True,UNKNOWN:goal_not_certified_free,0.05,abfa278e193c88d4,16.836,1.953,100.0,1.953,"goal endpoint oracle clearance (row robot, 0.01 mm bisection)",True,,,,,,,,goal,,,,,,,,,,,
GAPW1-F4W-01490,F4,GAPW1,cylinder,F4W-01490,EP-TOL,EP-FLOOR,by-tolerance,,start is 1.97 mm clear of floor splat 5496444 (2σ top 18.03 mm); GMC's refined gap 0.974 mm ≤ buffer 1 mm + slack -> no endpoint cell,aerial3d/cells.py:121-126 (grow_cell: refine_gap <= buffer + slack -> None) -> aerial3d/api.py:330-333,UNKNOWN:start_not_certified_free,PASS,stored_route_uv_0.1mm,1.974,True,UNKNOWN:start_not_certified_free,0.05,abfa278e193c88d4,1.973,19.99,59.766,1.973,"start endpoint oracle clearance (row robot, 0.01 mm bisection)",True,,,,,,,,start,,,,,,,,,,,
GAPW1-F4W-01491,F4,GAPW1,cylinder,F4W-01491,EP-TOL,EP-FLOOR,by-tolerance,,start is 1.97 mm clear of floor splat 5496444 (2σ top 18.03 mm); GMC's refined gap 0.974 mm ≤ buffer 1 mm + slack -> no endpoint cell,aerial3d/cells.py:121-126 (grow_cell: refine_gap <= buffer + slack -> None) -> aerial3d/api.py:330-333,UNKNOWN:start_not_certified_free,PASS,stored_route_uv_0.1mm,1.838,True,UNKNOWN:start_not_certified_free,0.05,abfa278e193c88d4,1.973,19.424,70.148,1.973,"start endpoint oracle clearance (row robot, 0.01 mm bisection)",True,,,,,,,,start,,,,,,,,,,,
GAPW1-F4W-01499,F4,GAPW1,cylinder,F4W-01499,EP-TOL,EP-FLOOR,by-tolerance,,goal is 1.97 mm clear of floor splat 5496444 (2σ top 18.03 mm); GMC's refined gap 0.974 mm ≤ buffer 1 mm + slack -> no endpoint cell,aerial3d/cells.py:121-126 (grow_cell: refine_gap <= buffer + slack -> None) -> aerial3d/api.py:330-333,UNKNOWN:goal_not_certified_free,PASS,stored_route_uv_0.1mm,1.974,True,UNKNOWN:goal_not_certified_free,0.06,abfa278e193c88d4,15.391,1.973,33.82,1.973,"goal endpoint oracle clearance (row robot, 0.01 mm bisection)",True,,,,,,,,goal,,,,,,,,,,,
S-F4S-00013,F4,S,cylinder,F4S-00013,EP-TOL,EP-FLOOR,by-tolerance,,goal is 1.50 mm clear of floor splat 5813409 (2σ top 18.49 mm); GMC's refined gap 0.512 mm ≤ buffer 1 mm + slack -> no endpoint cell,aerial3d/cells.py:121-126 (grow_cell: refine_gap <= buffer + slack -> None) -> aerial3d/api.py:330-333,UNKNOWN:goal_not_certified_free,PASS,stored_route_uv_0.1mm,1.345,True,UNKNOWN:goal_not_certified_free,0.0,8352bdd37aab07a2,6.836,1.504,2.765,1.504,"goal endpoint oracle clearance (row robot, 0.01 mm bisection)",True,,,,,,,,goal,,,,,,,,,,,
S-F4S-00028,F4,S,cylinder,F4S-00028,EP-TOL,EP-FLOOR,by-tolerance,,start is 1.50 mm clear of floor splat 5813409 (2σ top 18.49 mm); GMC's refined gap 0.512 mm ≤ buffer 1 mm + slack -> no endpoint cell,aerial3d/cells.py:121-126 (grow_cell: refine_gap <= buffer + slack -> None) -> aerial3d/api.py:330-333,UNKNOWN:start_not_certified_free,PASS,stored_route_uv_0.1mm,1.512,True,UNKNOWN:start_not_certified_free,0.01,8352bdd37aab07a2,1.504,7.266,83.972,1.504,"start endpoint oracle clearance (row robot, 0.01 mm bisection)",True,,,,,,,,start,,,,,,,,,,,
S-F4S-00032,F4,S,cylinder,F4S-00032,EP-TOL,EP-FLOOR,by-tolerance,,goal is 1.50 mm clear of floor splat 5813409 (2σ top 18.49 mm); GMC's refined gap 0.512 mm ≤ buffer 1 mm + slack -> no endpoint cell,aerial3d/cells.py:121-126 (grow_cell: refine_gap <= buffer + slack -> None) -> aerial3d/api.py:330-333,UNKNOWN:goal_not_certified_free,PASS,stored_route_uv_0.1mm,1.512,True,UNKNOWN:goal_not_certified_free,0.0,8352bdd37aab07a2,6.211,1.504,71.472,1.504,"goal endpoint oracle clearance (row robot, 0.01 mm bisection)",True,,,,,,,,goal,,,,,,,,,,,
S-F4S-00033,F4,S,cylinder,F4S-00033,EP-TOL,EP-FLOOR,by-tolerance,,goal is 1.50 mm clear of floor splat 5813409 (2σ top 18.49 mm); GMC's refined gap 0.512 mm ≤ buffer 1 mm + slack -> no endpoint cell,aerial3d/cells.py:121-126 (grow_cell: refine_gap <= buffer + slack -> None) -> aerial3d/api.py:330-333,UNKNOWN:goal_not_certified_free,PASS,stored_route_uv_0.1mm,1.512,True,UNKNOWN:goal_not_certified_free,0.0,8352bdd37aab07a2,6.748,1.504,19.287,1.504,"goal endpoint oracle clearance (row robot, 0.01 mm bisection)",True,,,,,,,,goal,,,,,,,,,,,
S-F4S-00035,F4,S,cylinder,F4S-00035,EP-TOL,EP-FLOOR,by-tolerance,,goal is 1.74 mm clear of floor splat 5813409 (2σ top 18.49 mm); GMC's refined gap 0.739 mm ≤ buffer 1 mm + slack -> no endpoint cell,aerial3d/cells.py:121-126 (grow_cell: refine_gap <= buffer + slack -> None) -> aerial3d/api.py:330-333,UNKNOWN:goal_not_certified_free,PASS,stored_route_uv_0.1mm,1.512,True,UNKNOWN:goal_not_certified_free,0.0,8352bdd37aab07a2,7.305,1.738,1.294,1.738,"goal endpoint oracle clearance (row robot, 0.01 mm bisection)",True,,,,,,,,goal,,,,,,,,,,,
S-F4S-00045,F4,S,cylinder,F4S-00045,EP-TOL,EP-FLOOR,by-tolerance,,start is 1.50 mm clear of floor splat 5813409 (2σ top 18.49 mm); GMC's refined gap 0.512 mm ≤ buffer 1 mm + slack -> no endpoint cell,aerial3d/cells.py:121-126 (grow_cell: refine_gap <= buffer + slack -> None) -> aerial3d/api.py:330-333,UNKNOWN:start_not_certified_free,PASS,stored_route_uv_0.1mm,1.512,True,UNKNOWN:start_not_certified_free,0.0,8352bdd37aab07a2,1.504,6.27,1.636,1.504,"start endpoint oracle clearance (row robot, 0.01 mm bisection)",True,,,,,,,,start,,,,,,,,,,,
S-F4S-00052,F4,S,cylinder,F4S-00052,EP-TOL,EP-FLOOR,by-tolerance,,goal is 1.50 mm clear of floor splat 5813409 (2σ top 18.49 mm); GMC's refined gap 0.512 mm ≤ buffer 1 mm + slack -> no endpoint cell,aerial3d/cells.py:121-126 (grow_cell: refine_gap <= buffer + slack -> None) -> aerial3d/api.py:330-333,UNKNOWN:goal_not_certified_free,PASS,stored_route_uv_0.1mm,1.512,True,UNKNOWN:goal_not_certified_free,0.0,8352bdd37aab07a2,6.289,1.504,19.415,1.504,"goal endpoint oracle clearance (row robot, 0.01 mm bisection)",True,,,,,,,,goal,,,,,,,,,,,
S-F4S-00056,F4,S,cylinder,F4S-00056,EP-TOL,EP-FLOOR,by-tolerance,,goal is 1.50 mm clear of floor splat 5813409 (2σ top 18.49 mm); GMC's refined gap 0.512 mm ≤ buffer 1 mm + slack -> no endpoint cell,aerial3d/cells.py:121-126 (grow_cell: refine_gap <= buffer + slack -> None) -> aerial3d/api.py:330-333,UNKNOWN:goal_not_certified_free,PASS,stored_route_uv_0.1mm,1.512,True,UNKNOWN:goal_not_certified_free,0.0,8352bdd37aab07a2,6.26,1.504,13.11,1.504,"goal endpoint oracle clearance (row robot, 0.01 mm bisection)",True,,,,,,,,goal,,,,,,,,,,,
S-F4S-00058,F4,S,cylinder,F4S-00058,EP-TOL,EP-FLOOR,by-tolerance,,start is 1.50 mm clear of floor splat 5813409 (2σ top 18.49 mm); GMC's refined gap 0.512 mm ≤ buffer 1 mm + slack -> no endpoint cell,aerial3d/cells.py:121-126 (grow_cell: refine_gap <= buffer + slack -> None) -> aerial3d/api.py:330-333,UNKNOWN:start_not_certified_free,PASS,stored_route_uv_0.1mm,1.512,True,UNKNOWN:start_not_certified_free,0.0,8352bdd37aab07a2,1.504,6.279,2.539,1.504,"start endpoint oracle clearance (row robot, 0.01 mm bisection)",True,,,,,,,,start,,,,,,,,,,,
S-F4S-00060,F4,S,cylinder,F4S-00060,EP-TOL,EP-FLOOR,by-tolerance,,goal is 1.85 mm clear of floor splat 5813409 (2σ top 18.49 mm); GMC's refined gap 0.849 mm ≤ buffer 1 mm + slack -> no endpoint cell,aerial3d/cells.py:121-126 (grow_cell: refine_gap <= buffer + slack -> None) -> aerial3d/api.py:330-333,UNKNOWN:goal_not_certified_free,PASS,stored_route_uv_0.1mm,1.512,True,UNKNOWN:goal_not_certified_free,0.0,8352bdd37aab07a2,6.797,1.846,16.187,1.846,"goal endpoint oracle clearance (row robot, 0.01 mm bisection)",True,,,,,,,,goal,,,,,,,,,,,
S-F4S-00063,F4,S,cylinder,F4S-00063,EP-TOL,EP-FLOOR,by-tolerance,,start is 1.51 mm clear of floor splat 5813409 (2σ top 18.49 mm); GMC's refined gap 0.512 mm ≤ buffer 1 mm + slack -> no endpoint cell,aerial3d/cells.py:121-126 (grow_cell: refine_gap <= buffer + slack -> None) -> aerial3d/api.py:330-333,UNKNOWN:start_not_certified_free,PASS,stored_route_uv_0.1mm,1.512,True,UNKNOWN:start_not_certified_free,0.0,8352bdd37aab07a2,1.514,6.992,0.305,1.514,"start endpoint oracle clearance (row robot, 0.01 mm bisection)",True,,,,,,,,start,,,,,,,,,,,
S-F4S-00073,F4,S,cylinder,F4S-00073,EP-TOL,EP-FLOOR,by-tolerance,,goal is 1.50 mm clear of floor splat 5813409 (2σ top 18.49 mm); GMC's refined gap 0.512 mm ≤ buffer 1 mm + slack -> no endpoint cell,aerial3d/cells.py:121-126 (grow_cell: refine_gap <= buffer + slack -> None) -> aerial3d/api.py:330-333,UNKNOWN:goal_not_certified_free,PASS,stored_route_uv_0.1mm,1.006,True,UNKNOWN:goal_not_certified_free,0.0,8352bdd37aab07a2,7.148,1.504,24.207,1.504,"goal endpoint oracle clearance (row robot, 0.01 mm bisection)",True,,,,,,,,goal,,,,,,,,,,,
S-F4S-00076,F4,S,cylinder,F4S-00076,EP-TOL,EP-FLOOR,by-tolerance,,goal is 1.50 mm clear of floor splat 5813409 (2σ top 18.49 mm); GMC's refined gap 0.512 mm ≤ buffer 1 mm + slack -> no endpoint cell,aerial3d/cells.py:121-126 (grow_cell: refine_gap <= buffer + slack -> None) -> aerial3d/api.py:330-333,UNKNOWN:goal_not_certified_free,PASS,stored_route_uv_0.1mm,1.512,True,UNKNOWN:goal_not_certified_free,0.0,8352bdd37aab07a2,6.309,1.504,23.273,1.504,"goal endpoint oracle clearance (row robot, 0.01 mm bisection)",True,,,,,,,,goal,,,,,,,,,,,
S-F4S-00084,F4,S,cylinder,F4S-00084,EP-TOL,EP-FLOOR,by-tolerance,,goal is 1.50 mm clear of floor splat 5813409 (2σ top 18.49 mm); GMC's refined gap 0.512 mm ≤ buffer 1 mm + slack -> no endpoint cell,aerial3d/cells.py:121-126 (grow_cell: refine_gap <= buffer + slack -> None) -> aerial3d/api.py:330-333,UNKNOWN:goal_not_certified_free,PASS,stored_route_uv_0.1mm,1.512,True,UNKNOWN:goal_not_certified_free,0.03,8352bdd37aab07a2,5.547,1.504,4.205,1.504,"goal endpoint oracle clearance (row robot, 0.01 mm bisection)",True,,,,,,,,goal,,,,,,,,,,,
S-F4S-00091,F4,S,cylinder,F4S-00091,EP-TOL,EP-FLOOR,by-tolerance,,goal is 1.50 mm clear of floor splat 5813409 (2σ top 18.49 mm); GMC's refined gap 0.512 mm ≤ buffer 1 mm + slack -> no endpoint cell,aerial3d/cells.py:121-126 (grow_cell: refine_gap <= buffer + slack -> None) -> aerial3d/api.py:330-333,UNKNOWN:goal_not_certified_free,PASS,stored_route_uv_0.1mm,1.512,True,UNKNOWN:goal_not_certified_free,0.0,8352bdd37aab07a2,5.947,1.504,1.489,1.504,"goal endpoint oracle clearance (row robot, 0.01 mm bisection)",True,,,,,,,,goal,,,,,,,,,,,
S-F4S-00096,F4,S,cylinder,F4S-00096,EP-TOL,EP-FLOOR,by-tolerance,,start is 1.50 mm clear of floor splat 5813409 (2σ top 18.49 mm); GMC's refined gap 0.512 mm ≤ buffer 1 mm + slack -> no endpoint cell,aerial3d/cells.py:121-126 (grow_cell: refine_gap <= buffer + slack -> None) -> aerial3d/api.py:330-333,UNKNOWN:start_not_certified_free,PASS,stored_route_uv_0.1mm,1.349,True,UNKNOWN:start_not_certified_free,0.0,8352bdd37aab07a2,1.504,6.016,4.279,1.504,"start endpoint oracle clearance (row robot, 0.01 mm bisection)",True,,,,,,,,start,,,,,,,,,,,
S-F4S-00098,F4,S,cylinder,F4S-00098,EP-TOL,EP-FLOOR,by-tolerance,,start is 1.50 mm clear of floor splat 5813409 (2σ top 18.49 mm); GMC's refined gap 0.512 mm ≤ buffer 1 mm + slack -> no endpoint cell,aerial3d/cells.py:121-126 (grow_cell: refine_gap <= buffer + slack -> None) -> aerial3d/api.py:330-333,UNKNOWN:start_not_certified_free,PASS,stored_route_uv_0.1mm,1.512,True,UNKNOWN:start_not_certified_free,0.0,8352bdd37aab07a2,1.504,6.094,53.101,1.504,"start endpoint oracle clearance (row robot, 0.01 mm bisection)",True,,,,,,,,start,,,,,,,,,,,
S-F4S-00102,F4,S,cylinder,F4S-00102,EP-TOL,EP-FLOOR,by-tolerance,,goal is 1.50 mm clear of floor splat 5813409 (2σ top 18.49 mm); GMC's refined gap 0.512 mm ≤ buffer 1 mm + slack -> no endpoint cell,aerial3d/cells.py:121-126 (grow_cell: refine_gap <= buffer + slack -> None) -> aerial3d/api.py:330-333,UNKNOWN:goal_not_certified_free,PASS,stored_route_uv_0.1mm,1.512,True,UNKNOWN:goal_not_certified_free,0.0,8352bdd37aab07a2,6.357,1.504,27.1,1.504,"goal endpoint oracle clearance (row robot, 0.01 mm bisection)",True,,,,,,,,goal,,,,,,,,,,,
S-F4S-00115,F4,S,cylinder,F4S-00115,EP-TOL,EP-FLOOR,by-tolerance,,goal is 1.50 mm clear of floor splat 5813409 (2σ top 18.49 mm); GMC's refined gap 0.512 mm ≤ buffer 1 mm + slack -> no endpoint cell,aerial3d/cells.py:121-126 (grow_cell: refine_gap <= buffer + slack -> None) -> aerial3d/api.py:330-333,UNKNOWN:goal_not_certified_free,PASS,stored_route_uv_0.1mm,1.365,True,UNKNOWN:goal_not_certified_free,0.0,8352bdd37aab07a2,6.152,1.504,0.391,1.504,"goal endpoint oracle clearance (row robot, 0.01 mm bisection)",True,,,,,,,,goal,,,,,,,,,,,
S-F4S-00126,F4,S,cylinder,F4S-00126,EP-TOL,EP-FLOOR,by-tolerance,,goal is 1.69 mm clear of floor splat 5891153 (2σ top 30.64 mm); GMC's refined gap 0.692 mm ≤ buffer 1 mm + slack -> no endpoint cell,aerial3d/cells.py:121-126 (grow_cell: refine_gap <= buffer + slack -> None) -> aerial3d/api.py:330-333,UNKNOWN:goal_not_certified_free,PASS,stored_route_uv_0.1mm,1.45,True,UNKNOWN:goal_not_certified_free,0.0,8352bdd37aab07a2,8.418,1.689,6.793,1.689,"goal endpoint oracle clearance (row robot, 0.01 mm bisection)",True,,,,,,,,goal,,,,,,,,,,,
S-F4S-00128,F4,S,cylinder,F4S-00128,EP-TOL,EP-FLOOR,by-tolerance,,start is 1.50 mm clear of floor splat 5813409 (2σ top 18.49 mm); GMC's refined gap 0.512 mm ≤ buffer 1 mm + slack -> no endpoint cell,aerial3d/cells.py:121-126 (grow_cell: refine_gap <= buffer + slack -> None) -> aerial3d/api.py:330-333,UNKNOWN:start_not_certified_free,PASS,stored_route_uv_0.1mm,1.512,True,UNKNOWN:start_not_certified_free,0.0,8352bdd37aab07a2,1.504,6.025,1.562,1.504,"start endpoint oracle clearance (row robot, 0.01 mm bisection)",True,,,,,,,,start,,,,,,,,,,,
S-F4S-00129,F4,S,cylinder,F4S-00129,EP-TOL,EP-FLOOR,by-tolerance,,start is 1.56 mm clear of floor splat 5813409 (2σ top 18.49 mm); GMC's refined gap 0.512 mm ≤ buffer 1 mm + slack -> no endpoint cell,aerial3d/cells.py:121-126 (grow_cell: refine_gap <= buffer + slack -> None) -> aerial3d/api.py:330-333,UNKNOWN:start_not_certified_free,PASS,stored_route_uv_0.1mm,1.512,True,UNKNOWN:start_not_certified_free,0.0,8352bdd37aab07a2,1.562,6.299,18.06,1.562,"start endpoint oracle clearance (row robot, 0.01 mm bisection)",True,,,,,,,,start,,,,,,,,,,,
S-F4S-00148,F4,S,cylinder,F4S-00148,EP-TOL,EP-FLOOR,by-tolerance,,goal is 1.50 mm clear of floor splat 5813409 (2σ top 18.49 mm); GMC's refined gap 0.512 mm ≤ buffer 1 mm + slack -> no endpoint cell,aerial3d/cells.py:121-126 (grow_cell: refine_gap <= buffer + slack -> None) -> aerial3d/api.py:330-333,UNKNOWN:goal_not_certified_free,PASS,stored_route_uv_0.1mm,1.512,True,UNKNOWN:goal_not_certified_free,0.0,8352bdd37aab07a2,6.143,1.504,46.423,1.504,"goal endpoint oracle clearance (row robot, 0.01 mm bisection)",True,,,,,,,,goal,,,,,,,,,,,
S-F4S-00152,F4,S,cylinder,F4S-00152,EP-TOL,EP-FLOOR,by-tolerance,,start is 1.50 mm clear of floor splat 5813409 (2σ top 18.49 mm); GMC's refined gap 0.512 mm ≤ buffer 1 mm + slack -> no endpoint cell,aerial3d/cells.py:121-126 (grow_cell: refine_gap <= buffer + slack -> None) -> aerial3d/api.py:330-333,UNKNOWN:start_not_certified_free,PASS,stored_route_uv_0.1mm,1.512,True,UNKNOWN:start_not_certified_free,0.0,8352bdd37aab07a2,1.504,6.973,2.417,1.504,"start endpoint oracle clearance (row robot, 0.01 mm bisection)",True,,,,,,,,start,,,,,,,,,,,
S-F4S-00153,F4,S,cylinder,F4S-00153,EP-TOL,EP-FLOOR,by-tolerance,,start is 1.50 mm clear of floor splat 5813409 (2σ top 18.49 mm); GMC's refined gap 0.512 mm ≤ buffer 1 mm + slack -> no endpoint cell,aerial3d/cells.py:121-126 (grow_cell: refine_gap <= buffer + slack -> None) -> aerial3d/api.py:330-333,UNKNOWN:start_not_certified_free,PASS,stored_route_uv_0.1mm,1.512,True,UNKNOWN:start_not_certified_free,0.0,8352bdd37aab07a2,1.504,7.441,54.535,1.504,"start endpoint oracle clearance (row robot, 0.01 mm bisection)",True,,,,,,,,start,,,,,,,,,,,
S-F4S-00156,F4,S,cylinder,F4S-00156,EP-TOL,EP-FLOOR,by-tolerance,,goal is 1.50 mm clear of floor splat 5813409 (2σ top 18.49 mm); GMC's refined gap 0.512 mm ≤ buffer 1 mm + slack -> no endpoint cell,aerial3d/cells.py:121-126 (grow_cell: refine_gap <= buffer + slack -> None) -> aerial3d/api.py:330-333,UNKNOWN:goal_not_certified_free,PASS,stored_route_uv_0.1mm,1.512,True,UNKNOWN:goal_not_certified_free,0.0,8352bdd37aab07a2,6.563,1.504,25.665,1.504,"goal endpoint oracle clearance (row robot, 0.01 mm bisection)",True,,,,,,,,goal,,,,,,,,,,,
S-F4S-00161,F4,S,cylinder,F4S-00161,EP-TOL,EP-FLOOR,by-tolerance,,start is 1.50 mm clear of floor splat 5813409 (2σ top 18.49 mm); GMC's refined gap 0.512 mm ≤ buffer 1 mm + slack -> no endpoint cell,aerial3d/cells.py:121-126 (grow_cell: refine_gap <= buffer + slack -> None) -> aerial3d/api.py:330-333,UNKNOWN:start_not_certified_free,PASS,stored_route_uv_0.1mm,1.512,True,UNKNOWN:start_not_certified_free,0.0,8352bdd37aab07a2,1.504,6.035,10.114,1.504,"start endpoint oracle clearance (row robot, 0.01 mm bisection)",True,,,,,,,,start,,,,,,,,,,,
S-F4S-00164,F4,S,cylinder,F4S-00164,EP-TOL,EP-FLOOR,by-tolerance,,start is 1.50 mm clear of floor splat 5813409 (2σ top 18.49 mm); GMC's refined gap 0.512 mm ≤ buffer 1 mm + slack -> no endpoint cell,aerial3d/cells.py:121-126 (grow_cell: refine_gap <= buffer + slack -> None) -> aerial3d/api.py:330-333,UNKNOWN:start_not_certified_free,PASS,stored_route_uv_0.1mm,1.368,True,UNKNOWN:start_not_certified_free,0.0,8352bdd37aab07a2,1.504,5.713,15.961,1.504,"start endpoint oracle clearance (row robot, 0.01 mm bisection)",True,,,,,,,,start,,,,,,,,,,,
S-F4S-00165,F4,S,cylinder,F4S-00165,EP-TOL,EP-FLOOR,by-tolerance,,goal is 1.50 mm clear of floor splat 5813409 (2σ top 18.49 mm); GMC's refined gap 0.512 mm ≤ buffer 1 mm + slack -> no endpoint cell,aerial3d/cells.py:121-126 (grow_cell: refine_gap <= buffer + slack -> None) -> aerial3d/api.py:330-333,UNKNOWN:goal_not_certified_free,PASS,stored_route_uv_0.1mm,1.512,True,UNKNOWN:goal_not_certified_free,0.0,8352bdd37aab07a2,5.762,1.504,1.361,1.504,"goal endpoint oracle clearance (row robot, 0.01 mm bisection)",True,,,,,,,,goal,,,,,,,,,,,
S-F4S-00172,F4,S,cylinder,F4S-00172,EP-TOL,EP-FLOOR,by-tolerance,,goal is 1.50 mm clear of floor splat 5813409 (2σ top 18.49 mm); GMC's refined gap 0.512 mm ≤ buffer 1 mm + slack -> no endpoint cell,aerial3d/cells.py:121-126 (grow_cell: refine_gap <= buffer + slack -> None) -> aerial3d/api.py:330-333,UNKNOWN:goal_not_certified_free,PASS,stored_route_uv_0.1mm,1.512,True,UNKNOWN:goal_not_certified_free,0.0,8352bdd37aab07a2,7.168,1.504,77.148,1.504,"goal endpoint oracle clearance (row robot, 0.01 mm bisection)",True,,,,,,,,goal,,,,,,,,,,,
S-F4S-00183,F4,S,cylinder,F4S-00183,EP-TOL,EP-FLOOR,by-tolerance,,goal is 1.50 mm clear of floor splat 5813409 (2σ top 18.49 mm); GMC's refined gap 0.512 mm ≤ buffer 1 mm + slack -> no endpoint cell,aerial3d/cells.py:121-126 (grow_cell: refine_gap <= buffer + slack -> None) -> aerial3d/api.py:330-333,UNKNOWN:goal_not_certified_free,PASS,stored_route_uv_0.1mm,1.512,True,UNKNOWN:goal_not_certified_free,0.0,8352bdd37aab07a2,6.689,1.504,1.294,1.504,"goal endpoint oracle clearance (row robot, 0.01 mm bisection)",True,,,,,,,,goal,,,,,,,,,,,
S-F4S-00184,F4,S,cylinder,F4S-00184,EP-TOL,EP-FLOOR,by-tolerance,,start is 1.50 mm clear of floor splat 5813409 (2σ top 18.49 mm); GMC's refined gap 0.512 mm ≤ buffer 1 mm + slack -> no endpoint cell,aerial3d/cells.py:121-126 (grow_cell: refine_gap <= buffer + slack -> None) -> aerial3d/api.py:330-333,UNKNOWN:start_not_certified_free,PASS,stored_route_uv_0.1mm,1.512,True,UNKNOWN:start_not_certified_free,0.0,8352bdd37aab07a2,1.504,6.436,1.74,1.504,"start endpoint oracle clearance (row robot, 0.01 mm bisection)",True,,,,,,,,start,,,,,,,,,,,
S-F4S-00195,F4,S,cylinder,F4S-00195,EP-TOL,EP-FLOOR,by-tolerance,,goal is 1.50 mm clear of floor splat 5813409 (2σ top 18.49 mm); GMC's refined gap 0.512 mm ≤ buffer 1 mm + slack -> no endpoint cell,aerial3d/cells.py:121-126 (grow_cell: refine_gap <= buffer + slack -> None) -> aerial3d/api.py:330-333,UNKNOWN:goal_not_certified_free,PASS,stored_route_uv_0.1mm,1.512,True,UNKNOWN:goal_not_certified_free,0.0,8352bdd37aab07a2,6.611,1.504,26.984,1.504,"goal endpoint oracle clearance (row robot, 0.01 mm bisection)",True,,,,,,,,goal,,,,,,,,,,,
S-F4S-00198,F4,S,cylinder,F4S-00198,EP-TOL,EP-FLOOR,by-tolerance,,goal is 1.50 mm clear of floor splat 5813409 (2σ top 18.49 mm); GMC's refined gap 0.512 mm ≤ buffer 1 mm + slack -> no endpoint cell,aerial3d/cells.py:121-126 (grow_cell: refine_gap <= buffer + slack -> None) -> aerial3d/api.py:330-333,UNKNOWN:goal_not_certified_free,PASS,stored_route_uv_0.1mm,1.512,True,UNKNOWN:goal_not_certified_free,0.0,8352bdd37aab07a2,5.996,1.504,24.585,1.504,"goal endpoint oracle clearance (row robot, 0.01 mm bisection)",True,,,,,,,,goal,,,,,,,,,,,
S-F4S-00208,F4,S,cylinder,F4S-00208,EP-TOL,EP-FLOOR,by-tolerance,,start is 1.50 mm clear of floor splat 5813409 (2σ top 18.49 mm); GMC's refined gap 0.512 mm ≤ buffer 1 mm + slack -> no endpoint cell,aerial3d/cells.py:121-126 (grow_cell: refine_gap <= buffer + slack -> None) -> aerial3d/api.py:330-333,UNKNOWN:start_not_certified_free,PASS,stored_route_uv_0.1mm,1.512,True,UNKNOWN:start_not_certified_free,0.0,8352bdd37aab07a2,1.504,6.699,90.222,1.504,"start endpoint oracle clearance (row robot, 0.01 mm bisection)",True,,,,,,,,start,,,,,,,,,,,
S-F4S-00210,F4,S,cylinder,F4S-00210,EP-TOL,EP-FLOOR,by-tolerance,,start is 1.50 mm clear of floor splat 5813409 (2σ top 18.49 mm); GMC's refined gap 0.512 mm ≤ buffer 1 mm + slack -> no endpoint cell,aerial3d/cells.py:121-126 (grow_cell: refine_gap <= buffer + slack -> None) -> aerial3d/api.py:330-333,UNKNOWN:start_not_certified_free,PASS,stored_route_uv_0.1mm,1.512,True,UNKNOWN:start_not_certified_free,0.0,8352bdd37aab07a2,1.504,6.699,1.111,1.504,"start endpoint oracle clearance (row robot, 0.01 mm bisection)",True,,,,,,,,start,,,,,,,,,,,
S-F4S-00211,F4,S,cylinder,F4S-00211,EP-TOL,EP-FLOOR,by-tolerance,,goal is 1.50 mm clear of floor splat 5813409 (2σ top 18.49 mm); GMC's refined gap 0.512 mm ≤ buffer 1 mm + slack -> no endpoint cell,aerial3d/cells.py:121-126 (grow_cell: refine_gap <= buffer + slack -> None) -> aerial3d/api.py:330-333,UNKNOWN:goal_not_certified_free,PASS,stored_route_uv_0.1mm,1.512,True,UNKNOWN:goal_not_certified_free,0.0,8352bdd37aab07a2,6.035,1.504,0.769,1.504,"goal endpoint oracle clearance (row robot, 0.01 mm bisection)",True,,,,,,,,goal,,,,,,,,,,,
S-F4S-00218,F4,S,cylinder,F4S-00218,EP-TOL,EP-FLOOR,by-tolerance,,start is 1.50 mm clear of floor splat 5813409 (2σ top 18.49 mm); GMC's refined gap 0.512 mm ≤ buffer 1 mm + slack -> no endpoint cell,aerial3d/cells.py:121-126 (grow_cell: refine_gap <= buffer + slack -> None) -> aerial3d/api.py:330-333,UNKNOWN:start_not_certified_free,PASS,stored_route_uv_0.1mm,1.512,True,UNKNOWN:start_not_certified_free,0.0,8352bdd37aab07a2,1.504,6.689,7.428,1.504,"start endpoint oracle clearance (row robot, 0.01 mm bisection)",True,,,,,,,,start,,,,,,,,,,,
S-F4S-00221,F4,S,cylinder,F4S-00221,EP-TOL,EP-FLOOR,by-tolerance,,start is 1.50 mm clear of floor splat 5813409 (2σ top 18.49 mm); GMC's refined gap 0.512 mm ≤ buffer 1 mm + slack -> no endpoint cell,aerial3d/cells.py:121-126 (grow_cell: refine_gap <= buffer + slack -> None) -> aerial3d/api.py:330-333,UNKNOWN:start_not_certified_free,PASS,stored_route_uv_0.1mm,1.512,True,UNKNOWN:start_not_certified_free,0.0,8352bdd37aab07a2,1.504,6.592,2.716,1.504,"start endpoint oracle clearance (row robot, 0.01 mm bisection)",True,,,,,,,,start,,,,,,,,,,,
S-F4S-00228,F4,S,cylinder,F4S-00228,EP-TOL,EP-FLOOR,by-tolerance,,start is 1.50 mm clear of floor splat 5813409 (2σ top 18.49 mm); GMC's refined gap 0.512 mm ≤ buffer 1 mm + slack -> no endpoint cell,aerial3d/cells.py:121-126 (grow_cell: refine_gap <= buffer + slack -> None) -> aerial3d/api.py:330-333,UNKNOWN:start_not_certified_free,PASS,stored_route_uv_0.1mm,1.512,True,UNKNOWN:start_not_certified_free,0.0,8352bdd37aab07a2,1.504,6.143,25.58,1.504,"start endpoint oracle clearance (row robot, 0.01 mm bisection)",True,,,,,,,,start,,,,,,,,,,,
S-F4S-00242,F4,S,cylinder,F4S-00242,EP-TOL,EP-FLOOR,by-tolerance,,start is 1.50 mm clear of floor splat 5813409 (2σ top 18.49 mm); GMC's refined gap 0.512 mm ≤ buffer 1 mm + slack -> no endpoint cell,aerial3d/cells.py:121-126 (grow_cell: refine_gap <= buffer + slack -> None) -> aerial3d/api.py:330-333,UNKNOWN:start_not_certified_free,PASS,stored_route_uv_0.1mm,1.512,True,UNKNOWN:start_not_certified_free,0.0,8352bdd37aab07a2,1.504,6.201,38.196,1.504,"start endpoint oracle clearance (row robot, 0.01 mm bisection)",True,,,,,,,,start,,,,,,,,,,,
S-F4S-00243,F4,S,cylinder,F4S-00243,EP-TOL,EP-FLOOR,by-tolerance,,start is 1.50 mm clear of floor splat 5813409 (2σ top 18.49 mm); GMC's refined gap 0.512 mm ≤ buffer 1 mm + slack -> no endpoint cell,aerial3d/cells.py:121-126 (grow_cell: refine_gap <= buffer + slack -> None) -> aerial3d/api.py:330-333,UNKNOWN:start_not_certified_free,PASS,stored_route_uv_0.1mm,1.071,True,UNKNOWN:start_not_certified_free,0.0,8352bdd37aab07a2,1.504,5.742,3.613,1.504,"start endpoint oracle clearance (row robot, 0.01 mm bisection)",True,,,,,,,,start,,,,,,,,,,,
S-F4S-00246,F4,S,cylinder,F4S-00246,EP-TOL,EP-FLOOR,by-tolerance,,goal is 1.50 mm clear of floor splat 5813409 (2σ top 18.49 mm); GMC's refined gap 0.512 mm ≤ buffer 1 mm + slack -> no endpoint cell,aerial3d/cells.py:121-126 (grow_cell: refine_gap <= buffer + slack -> None) -> aerial3d/api.py:330-333,UNKNOWN:goal_not_certified_free,PASS,stored_route_uv_0.1mm,1.512,True,UNKNOWN:goal_not_certified_free,0.0,8352bdd37aab07a2,6.738,1.504,25.763,1.504,"goal endpoint oracle clearance (row robot, 0.01 mm bisection)",True,,,,,,,,goal,,,,,,,,,,,
S-F4S-00254,F4,S,cylinder,F4S-00254,EP-TOL,EP-FLOOR,by-tolerance,,goal is 1.50 mm clear of floor splat 5813409 (2σ top 18.49 mm); GMC's refined gap 0.512 mm ≤ buffer 1 mm + slack -> no endpoint cell,aerial3d/cells.py:121-126 (grow_cell: refine_gap <= buffer + slack -> None) -> aerial3d/api.py:330-333,UNKNOWN:goal_not_certified_free,PASS,stored_route_uv_0.1mm,1.512,True,UNKNOWN:goal_not_certified_free,0.0,8352bdd37aab07a2,5.781,1.504,2.405,1.504,"goal endpoint oracle clearance (row robot, 0.01 mm bisection)",True,,,,,,,,goal,,,,,,,,,,,
S-F4S-00256,F4,S,cylinder,F4S-00256,EP-TOL,EP-FLOOR,by-tolerance,,start is 1.50 mm clear of floor splat 5813409 (2σ top 18.49 mm); GMC's refined gap 0.512 mm ≤ buffer 1 mm + slack -> no endpoint cell,aerial3d/cells.py:121-126 (grow_cell: refine_gap <= buffer + slack -> None) -> aerial3d/api.py:330-333,UNKNOWN:start_not_certified_free,PASS,stored_route_uv_0.1mm,1.512,True,UNKNOWN:start_not_certified_free,0.01,8352bdd37aab07a2,1.504,6.475,0.665,1.504,"start endpoint oracle clearance (row robot, 0.01 mm bisection)",True,,,,,,,,start,,,,,,,,,,,
S-F4S-00257,F4,S,cylinder,F4S-00257,EP-TOL,EP-FLOOR,by-tolerance,,goal is 1.50 mm clear of floor splat 5813409 (2σ top 18.49 mm); GMC's refined gap 0.512 mm ≤ buffer 1 mm + slack -> no endpoint cell,aerial3d/cells.py:121-126 (grow_cell: refine_gap <= buffer + slack -> None) -> aerial3d/api.py:330-333,UNKNOWN:goal_not_certified_free,PASS,stored_route_uv_0.1mm,1.512,True,UNKNOWN:goal_not_certified_free,0.0,8352bdd37aab07a2,6.611,1.504,50.476,1.504,"goal endpoint oracle clearance (row robot, 0.01 mm bisection)",True,,,,,,,,goal,,,,,,,,,,,
S-F4S-00258,F4,S,cylinder,F4S-00258,EP-TOL,EP-FLOOR,by-tolerance,,start is 1.50 mm clear of floor splat 5813409 (2σ top 18.49 mm); GMC's refined gap 0.512 mm ≤ buffer 1 mm + slack -> no endpoint cell,aerial3d/cells.py:121-126 (grow_cell: refine_gap <= buffer + slack -> None) -> aerial3d/api.py:330-333,UNKNOWN:start_not_certified_free,PASS,stored_route_uv_0.1mm,1.1,True,UNKNOWN:start_not_certified_free,0.0,8352bdd37aab07a2,1.504,1.104,4.279,1.504,"start endpoint oracle clearance (row robot, 0.01 mm bisection)",True,,,,,,,,start,,,,,,,,,,,
S-F4S-00267,F4,S,cylinder,F4S-00267,EP-TOL,EP-FLOOR,by-tolerance,,start is 1.50 mm clear of floor splat 5813409 (2σ top 18.49 mm); GMC's refined gap 0.512 mm ≤ buffer 1 mm + slack -> no endpoint cell,aerial3d/cells.py:121-126 (grow_cell: refine_gap <= buffer + slack -> None) -> aerial3d/api.py:330-333,UNKNOWN:start_not_certified_free,PASS,stored_route_uv_0.1mm,1.512,True,UNKNOWN:start_not_certified_free,0.0,8352bdd37aab07a2,1.504,6.563,2.191,1.504,"start endpoint oracle clearance (row robot, 0.01 mm bisection)",True,,,,,,,,start,,,,,,,,,,,
S-F4S-00268,F4,S,cylinder,F4S-00268,EP-TOL,EP-FLOOR,by-tolerance,,start is 1.50 mm clear of floor splat 5813409 (2σ top 18.49 mm); GMC's refined gap 0.512 mm ≤ buffer 1 mm + slack -> no endpoint cell,aerial3d/cells.py:121-126 (grow_cell: refine_gap <= buffer + slack -> None) -> aerial3d/api.py:330-333,UNKNOWN:start_not_certified_free,PASS,stored_route_uv_0.1mm,1.512,True,UNKNOWN:start_not_certified_free,0.0,8352bdd37aab07a2,1.504,7.012,100.0,1.504,"start endpoint oracle clearance (row robot, 0.01 mm bisection)",True,,,,,,,,start,,,,,,,,,,,
S-F4S-00278,F4,S,cylinder,F4S-00278,EP-TOL,EP-FLOOR,by-tolerance,,start is 1.50 mm clear of floor splat 5813409 (2σ top 18.49 mm); GMC's refined gap 0.512 mm ≤ buffer 1 mm + slack -> no endpoint cell,aerial3d/cells.py:121-126 (grow_cell: refine_gap <= buffer + slack -> None) -> aerial3d/api.py:330-333,UNKNOWN:start_not_certified_free,PASS,stored_route_uv_0.1mm,1.512,True,UNKNOWN:start_not_certified_free,0.0,8352bdd37aab07a2,1.504,6.318,0.513,1.504,"start endpoint oracle clearance (row robot, 0.01 mm bisection)",True,,,,,,,,start,,,,,,,,,,,
S-F4S-00293,F4,S,cylinder,F4S-00293,EP-TOL,EP-FLOOR,by-tolerance,,start is 1.50 mm clear of floor splat 5813409 (2σ top 18.49 mm); GMC's refined gap 0.512 mm ≤ buffer 1 mm + slack -> no endpoint cell,aerial3d/cells.py:121-126 (grow_cell: refine_gap <= buffer + slack -> None) -> aerial3d/api.py:330-333,UNKNOWN:start_not_certified_free,PASS,stored_route_uv_0.1mm,1.512,True,UNKNOWN:start_not_certified_free,0.0,8352bdd37aab07a2,1.504,6.104,0.11,1.504,"start endpoint oracle clearance (row robot, 0.01 mm bisection)",True,,,,,,,,start,,,,,,,,,,,
S-F4S-00301,F4,S,cylinder,F4S-00301,EP-TOL,EP-FLOOR,by-tolerance,,goal is 1.50 mm clear of floor splat 5813409 (2σ top 18.49 mm); GMC's refined gap 0.512 mm ≤ buffer 1 mm + slack -> no endpoint cell,aerial3d/cells.py:121-126 (grow_cell: refine_gap <= buffer + slack -> None) -> aerial3d/api.py:330-333,UNKNOWN:goal_not_certified_free,PASS,stored_route_uv_0.1mm,1.512,True,UNKNOWN:goal_not_certified_free,0.03,8352bdd37aab07a2,6.357,1.504,25.269,1.504,"goal endpoint oracle clearance (row robot, 0.01 mm bisection)",True,,,,,,,,goal,,,,,,,,,,,
S-F4S-00309,F4,S,cylinder,F4S-00309,EP-TOL,EP-FLOOR,by-tolerance,,goal is 1.50 mm clear of floor splat 5813409 (2σ top 18.49 mm); GMC's refined gap 0.512 mm ≤ buffer 1 mm + slack -> no endpoint cell,aerial3d/cells.py:121-126 (grow_cell: refine_gap <= buffer + slack -> None) -> aerial3d/api.py:330-333,UNKNOWN:goal_not_certified_free,PASS,stored_route_uv_0.1mm,1.512,True,UNKNOWN:goal_not_certified_free,0.0,8352bdd37aab07a2,6.904,1.504,3.149,1.504,"goal endpoint oracle clearance (row robot, 0.01 mm bisection)",True,,,,,,,,goal,,,,,,,,,,,
S-F4S-00320,F4,S,cylinder,F4S-00320,EP-TOL,EP-FLOOR,by-tolerance,,start is 1.50 mm clear of floor splat 5813409 (2σ top 18.49 mm); GMC's refined gap 0.512 mm ≤ buffer 1 mm + slack -> no endpoint cell,aerial3d/cells.py:121-126 (grow_cell: refine_gap <= buffer + slack -> None) -> aerial3d/api.py:330-333,UNKNOWN:start_not_certified_free,PASS,stored_route_uv_0.1mm,1.512,True,UNKNOWN:start_not_certified_free,0.0,8352bdd37aab07a2,1.504,6.563,1.788,1.504,"start endpoint oracle clearance (row robot, 0.01 mm bisection)",True,,,,,,,,start,,,,,,,,,,,
S-F4S-00326,F4,S,cylinder,F4S-00326,EP-TOL,EP-FLOOR,by-tolerance,,start is 1.50 mm clear of floor splat 5813409 (2σ top 18.49 mm); GMC's refined gap 0.512 mm ≤ buffer 1 mm + slack -> no endpoint cell,aerial3d/cells.py:121-126 (grow_cell: refine_gap <= buffer + slack -> None) -> aerial3d/api.py:330-333,UNKNOWN:start_not_certified_free,PASS,stored_route_uv_0.1mm,1.169,True,UNKNOWN:start_not_certified_free,0.0,8352bdd37aab07a2,1.504,6.104,6.915,1.504,"start endpoint oracle clearance (row robot, 0.01 mm bisection)",True,,,,,,,,start,,,,,,,,,,,
S-F4S-00332,F4,S,cylinder,F4S-00332,EP-TOL,EP-FLOOR,by-tolerance,,goal is 1.50 mm clear of floor splat 5813409 (2σ top 18.49 mm); GMC's refined gap 0.512 mm ≤ buffer 1 mm + slack -> no endpoint cell,aerial3d/cells.py:121-126 (grow_cell: refine_gap <= buffer + slack -> None) -> aerial3d/api.py:330-333,UNKNOWN:goal_not_certified_free,PASS,stored_route_uv_0.1mm,1.512,True,UNKNOWN:goal_not_certified_free,0.0,8352bdd37aab07a2,6.172,1.504,41.968,1.504,"goal endpoint oracle clearance (row robot, 0.01 mm bisection)",True,,,,,,,,goal,,,,,,,,,,,
S-F4S-00337,F4,S,cylinder,F4S-00337,EP-TOL,EP-FLOOR,by-tolerance,,goal is 1.50 mm clear of floor splat 5813409 (2σ top 18.49 mm); GMC's refined gap 0.512 mm ≤ buffer 1 mm + slack -> no endpoint cell,aerial3d/cells.py:121-126 (grow_cell: refine_gap <= buffer + slack -> None) -> aerial3d/api.py:330-333,UNKNOWN:goal_not_certified_free,PASS,stored_route_uv_0.1mm,1.512,True,UNKNOWN:goal_not_certified_free,0.0,8352bdd37aab07a2,6.221,1.504,20.844,1.504,"goal endpoint oracle clearance (row robot, 0.01 mm bisection)",True,,,,,,,,goal,,,,,,,,,,,
S-F4S-00339,F4,S,cylinder,F4S-00339,EP-TOL,EP-FLOOR,by-tolerance,,start is 1.85 mm clear of floor splat 5891318 (2σ top 30.57 mm); GMC's refined gap 0.853 mm ≤ buffer 1 mm + slack -> no endpoint cell,aerial3d/cells.py:121-126 (grow_cell: refine_gap <= buffer + slack -> None) -> aerial3d/api.py:330-333,UNKNOWN:start_not_certified_free,PASS,stored_route_uv_0.1mm,1.489,True,UNKNOWN:start_not_certified_free,0.0,8352bdd37aab07a2,1.846,6.543,5.347,1.846,"start endpoint oracle clearance (row robot, 0.01 mm bisection)",True,,,,,,,,start,,,,,,,,,,,
S-F4S-00346,F4,S,cylinder,F4S-00346,EP-TOL,EP-FLOOR,by-tolerance,,goal is 1.50 mm clear of floor splat 5813409 (2σ top 18.49 mm); GMC's refined gap 0.512 mm ≤ buffer 1 mm + slack -> no endpoint cell,aerial3d/cells.py:121-126 (grow_cell: refine_gap <= buffer + slack -> None) -> aerial3d/api.py:330-333,UNKNOWN:goal_not_certified_free,PASS,stored_route_uv_0.1mm,1.512,True,UNKNOWN:goal_not_certified_free,0.01,8352bdd37aab07a2,5.947,1.504,62.531,1.504,"goal endpoint oracle clearance (row robot, 0.01 mm bisection)",True,,,,,,,,goal,,,,,,,,,,,
S-F4S-00347,F4,S,cylinder,F4S-00347,EP-TOL,EP-FLOOR,by-tolerance,,goal is 1.50 mm clear of floor splat 5813409 (2σ top 18.49 mm); GMC's refined gap 0.512 mm ≤ buffer 1 mm + slack -> no endpoint cell,aerial3d/cells.py:121-126 (grow_cell: refine_gap <= buffer + slack -> None) -> aerial3d/api.py:330-333,UNKNOWN:goal_not_certified_free,PASS,stored_route_uv_0.1mm,1.512,True,UNKNOWN:goal_not_certified_free,0.0,8352bdd37aab07a2,6.201,1.504,30.896,1.504,"goal endpoint oracle clearance (row robot, 0.01 mm bisection)",True,,,,,,,,goal,,,,,,,,,,,
S-F4S-00350,F4,S,cylinder,F4S-00350,EP-TOL,EP-FLOOR,by-tolerance,,goal is 1.46 mm clear of floor splat 5728891 (2σ top 55.11 mm); GMC's refined gap 0.458 mm ≤ buffer 1 mm + slack -> no endpoint cell,aerial3d/cells.py:121-126 (grow_cell: refine_gap <= buffer + slack -> None) -> aerial3d/api.py:330-333,UNKNOWN:goal_not_certified_free,PASS,stored_route_uv_0.1mm,1.026,True,UNKNOWN:goal_not_certified_free,0.0,8352bdd37aab07a2,6.406,1.455,1.453,1.455,"goal endpoint oracle clearance (row robot, 0.01 mm bisection)",True,,,,,,,,goal,,,,,,,,,,,
S-F4S-00351,F4,S,cylinder,F4S-00351,EP-TOL,EP-FLOOR,by-tolerance,,goal is 1.50 mm clear of floor splat 5813409 (2σ top 18.49 mm); GMC's refined gap 0.512 mm ≤ buffer 1 mm + slack -> no endpoint cell,aerial3d/cells.py:121-126 (grow_cell: refine_gap <= buffer + slack -> None) -> aerial3d/api.py:330-333,UNKNOWN:goal_not_certified_free,PASS,stored_route_uv_0.1mm,1.512,True,UNKNOWN:goal_not_certified_free,0.0,8352bdd37aab07a2,6.152,1.504,0.775,1.504,"goal endpoint oracle clearance (row robot, 0.01 mm bisection)",True,,,,,,,,goal,,,,,,,,,,,
S-F4S-00362,F4,S,cylinder,F4S-00362,EP-TOL,EP-FLOOR,by-tolerance,,start is 1.03 mm clear of floor splat 5891153 (2σ top 30.64 mm); GMC's refined gap 0.044 mm ≤ buffer 1 mm + slack -> no endpoint cell,aerial3d/cells.py:121-126 (grow_cell: refine_gap <= buffer + slack -> None) -> aerial3d/api.py:330-333,UNKNOWN:start_not_certified_free,PASS,stored_route_uv_0.1mm,1.029,True,UNKNOWN:start_not_certified_free,0.0,8352bdd37aab07a2,1.035,6.211,10.889,1.035,"start endpoint oracle clearance (row robot, 0.01 mm bisection)",True,,,,,,,,start,,,,,,,,,,,
S-F4S-00370,F4,S,cylinder,F4S-00370,EP-TOL,EP-FLOOR,by-tolerance,,start is 1.50 mm clear of floor splat 5813409 (2σ top 18.49 mm); GMC's refined gap 0.512 mm ≤ buffer 1 mm + slack -> no endpoint cell,aerial3d/cells.py:121-126 (grow_cell: refine_gap <= buffer + slack -> None) -> aerial3d/api.py:330-333,UNKNOWN:start_not_certified_free,PASS,stored_route_uv_0.1mm,1.512,True,UNKNOWN:start_not_certified_free,0.0,8352bdd37aab07a2,1.504,7.217,41.559,1.504,"start endpoint oracle clearance (row robot, 0.01 mm bisection)",True,,,,,,,,start,,,,,,,,,,,
S-F4S-00384,F4,S,cylinder,F4S-00384,EP-TOL,EP-FLOOR,by-tolerance,,start is 1.50 mm clear of floor splat 5813409 (2σ top 18.49 mm); GMC's refined gap 0.512 mm ≤ buffer 1 mm + slack -> no endpoint cell,aerial3d/cells.py:121-126 (grow_cell: refine_gap <= buffer + slack -> None) -> aerial3d/api.py:330-333,UNKNOWN:start_not_certified_free,PASS,stored_route_uv_0.1mm,1.512,True,UNKNOWN:start_not_certified_free,0.0,8352bdd37aab07a2,1.504,6.27,2.869,1.504,"start endpoint oracle clearance (row robot, 0.01 mm bisection)",True,,,,,,,,start,,,,,,,,,,,
S-F4S-00392,F4,S,cylinder,F4S-00392,EP-TOL,EP-FLOOR,by-tolerance,,start is 1.50 mm clear of floor splat 5813409 (2σ top 18.49 mm); GMC's refined gap 0.512 mm ≤ buffer 1 mm + slack -> no endpoint cell,aerial3d/cells.py:121-126 (grow_cell: refine_gap <= buffer + slack -> None) -> aerial3d/api.py:330-333,UNKNOWN:start_not_certified_free,PASS,stored_route_uv_0.1mm,1.512,True,UNKNOWN:start_not_certified_free,0.0,8352bdd37aab07a2,1.504,6.221,2.612,1.504,"start endpoint oracle clearance (row robot, 0.01 mm bisection)",True,,,,,,,,start,,,,,,,,,,,
S-F4S-00393,F4,S,cylinder,F4S-00393,EP-TOL,EP-FLOOR,by-tolerance,,goal is 1.50 mm clear of floor splat 5813409 (2σ top 18.49 mm); GMC's refined gap 0.512 mm ≤ buffer 1 mm + slack -> no endpoint cell,aerial3d/cells.py:121-126 (grow_cell: refine_gap <= buffer + slack -> None) -> aerial3d/api.py:330-333,UNKNOWN:goal_not_certified_free,PASS,stored_route_uv_0.1mm,1.512,True,UNKNOWN:goal_not_certified_free,0.0,8352bdd37aab07a2,6.934,1.504,76.831,1.504,"goal endpoint oracle clearance (row robot, 0.01 mm bisection)",True,,,,,,,,goal,,,,,,,,,,,
S-F4S-00394,F4,S,cylinder,F4S-00394,EP-TOL,EP-FLOOR,by-tolerance,,goal is 1.50 mm clear of floor splat 5813409 (2σ top 18.49 mm); GMC's refined gap 0.512 mm ≤ buffer 1 mm + slack -> no endpoint cell,aerial3d/cells.py:121-126 (grow_cell: refine_gap <= buffer + slack -> None) -> aerial3d/api.py:330-333,UNKNOWN:goal_not_certified_free,PASS,stored_route_uv_0.1mm,1.349,True,UNKNOWN:goal_not_certified_free,0.0,8352bdd37aab07a2,5.85,1.504,0.061,1.504,"goal endpoint oracle clearance (row robot, 0.01 mm bisection)",True,,,,,,,,goal,,,,,,,,,,,
S-F4S-00402,F4,S,cylinder,F4S-00402,EP-TOL,EP-FLOOR,by-tolerance,,start is 1.78 mm clear of floor splat 5891153 (2σ top 30.64 mm); GMC's refined gap 0.780 mm ≤ buffer 1 mm + slack -> no endpoint cell,aerial3d/cells.py:121-126 (grow_cell: refine_gap <= buffer + slack -> None) -> aerial3d/api.py:330-333,UNKNOWN:start_not_certified_free,PASS,stored_route_uv_0.1mm,1.349,True,UNKNOWN:start_not_certified_free,0.0,8352bdd37aab07a2,1.777,1.504,5.31,1.777,"start endpoint oracle clearance (row robot, 0.01 mm bisection)",True,,,,,,,,start,,,,,,,,,,,
S-F4S-00406,F4,S,cylinder,F4S-00406,EP-TOL,EP-FLOOR,by-tolerance,,start is 1.50 mm clear of floor splat 5813409 (2σ top 18.49 mm); GMC's refined gap 0.512 mm ≤ buffer 1 mm + slack -> no endpoint cell,aerial3d/cells.py:121-126 (grow_cell: refine_gap <= buffer + slack -> None) -> aerial3d/api.py:330-333,UNKNOWN:start_not_certified_free,PASS,stored_route_uv_0.1mm,1.512,True,UNKNOWN:start_not_certified_free,0.0,8352bdd37aab07a2,1.504,6.279,41.254,1.504,"start endpoint oracle clearance (row robot, 0.01 mm bisection)",True,,,,,,,,start,,,,,,,,,,,
S-F4S-00407,F4,S,cylinder,F4S-00407,EP-TOL,EP-FLOOR,by-tolerance,,goal is 1.50 mm clear of floor splat 5813409 (2σ top 18.49 mm); GMC's refined gap 0.512 mm ≤ buffer 1 mm + slack -> no endpoint cell,aerial3d/cells.py:121-126 (grow_cell: refine_gap <= buffer + slack -> None) -> aerial3d/api.py:330-333,UNKNOWN:goal_not_certified_free,PASS,stored_route_uv_0.1mm,1.512,True,UNKNOWN:goal_not_certified_free,0.0,8352bdd37aab07a2,6.523,1.504,2.71,1.504,"goal endpoint oracle clearance (row robot, 0.01 mm bisection)",True,,,,,,,,goal,,,,,,,,,,,
S-F4S-00422,F4,S,cylinder,F4S-00422,EP-TOL,EP-FLOOR,by-tolerance,,start is 1.50 mm clear of floor splat 5813409 (2σ top 18.49 mm); GMC's refined gap 0.512 mm ≤ buffer 1 mm + slack -> no endpoint cell,aerial3d/cells.py:121-126 (grow_cell: refine_gap <= buffer + slack -> None) -> aerial3d/api.py:330-333,UNKNOWN:start_not_certified_free,PASS,stored_route_uv_0.1mm,1.512,True,UNKNOWN:start_not_certified_free,0.0,8352bdd37aab07a2,1.504,6.484,18.359,1.504,"start endpoint oracle clearance (row robot, 0.01 mm bisection)",True,,,,,,,,start,,,,,,,,,,,
S-F4S-00440,F4,S,cylinder,F4S-00440,EP-TOL,EP-FLOOR,by-tolerance,,goal is 1.50 mm clear of floor splat 5813409 (2σ top 18.49 mm); GMC's refined gap 0.512 mm ≤ buffer 1 mm + slack -> no endpoint cell,aerial3d/cells.py:121-126 (grow_cell: refine_gap <= buffer + slack -> None) -> aerial3d/api.py:330-333,UNKNOWN:goal_not_certified_free,PASS,stored_route_uv_0.1mm,1.512,True,UNKNOWN:goal_not_certified_free,0.0,8352bdd37aab07a2,6.66,1.504,20.837,1.504,"goal endpoint oracle clearance (row robot, 0.01 mm bisection)",True,,,,,,,,goal,,,,,,,,,,,
S-F4S-00450,F4,S,cylinder,F4S-00450,EP-TOL,EP-FLOOR,by-tolerance,,goal is 1.50 mm clear of floor splat 5813409 (2σ top 18.49 mm); GMC's refined gap 0.512 mm ≤ buffer 1 mm + slack -> no endpoint cell,aerial3d/cells.py:121-126 (grow_cell: refine_gap <= buffer + slack -> None) -> aerial3d/api.py:330-333,UNKNOWN:goal_not_certified_free,PASS,stored_route_uv_0.1mm,1.512,True,UNKNOWN:goal_not_certified_free,0.0,8352bdd37aab07a2,7.236,1.504,85.913,1.504,"goal endpoint oracle clearance (row robot, 0.01 mm bisection)",True,,,,,,,,goal,,,,,,,,,,,
S-F4S-00451,F4,S,cylinder,F4S-00451,EP-TOL,EP-FLOOR,by-tolerance,,goal is 1.50 mm clear of floor splat 5813409 (2σ top 18.49 mm); GMC's refined gap 0.512 mm ≤ buffer 1 mm + slack -> no endpoint cell,aerial3d/cells.py:121-126 (grow_cell: refine_gap <= buffer + slack -> None) -> aerial3d/api.py:330-333,UNKNOWN:goal_not_certified_free,PASS,stored_route_uv_0.1mm,1.512,True,UNKNOWN:goal_not_certified_free,0.0,8352bdd37aab07a2,6.26,1.504,20.331,1.504,"goal endpoint oracle clearance (row robot, 0.01 mm bisection)",True,,,,,,,,goal,,,,,,,,,,,
S-F4S-00456,F4,S,cylinder,F4S-00456,EP-TOL,EP-FLOOR,by-tolerance,,goal is 1.50 mm clear of floor splat 5813409 (2σ top 18.49 mm); GMC's refined gap 0.512 mm ≤ buffer 1 mm + slack -> no endpoint cell,aerial3d/cells.py:121-126 (grow_cell: refine_gap <= buffer + slack -> None) -> aerial3d/api.py:330-333,UNKNOWN:goal_not_certified_free,PASS,stored_route_uv_0.1mm,1.512,True,UNKNOWN:goal_not_certified_free,0.0,8352bdd37aab07a2,6.455,1.504,14.575,1.504,"goal endpoint oracle clearance (row robot, 0.01 mm bisection)",True,,,,,,,,goal,,,,,,,,,,,
S-F4S-00459,F4,S,cylinder,F4S-00459,EP-TOL,EP-FLOOR,by-tolerance,,goal is 1.50 mm clear of floor splat 5813409 (2σ top 18.49 mm); GMC's refined gap 0.512 mm ≤ buffer 1 mm + slack -> no endpoint cell,aerial3d/cells.py:121-126 (grow_cell: refine_gap <= buffer + slack -> None) -> aerial3d/api.py:330-333,UNKNOWN:goal_not_certified_free,PASS,stored_route_uv_0.1mm,1.512,True,UNKNOWN:goal_not_certified_free,0.0,8352bdd37aab07a2,6.279,1.504,9.9,1.504,"goal endpoint oracle clearance (row robot, 0.01 mm bisection)",True,,,,,,,,goal,,,,,,,,,,,
S-F4S-00462,F4,S,cylinder,F4S-00462,EP-TOL,EP-FLOOR,by-tolerance,,start is 1.50 mm clear of floor splat 5813409 (2σ top 18.49 mm); GMC's refined gap 0.512 mm ≤ buffer 1 mm + slack -> no endpoint cell,aerial3d/cells.py:121-126 (grow_cell: refine_gap <= buffer + slack -> None) -> aerial3d/api.py:330-333,UNKNOWN:start_not_certified_free,PASS,stored_route_uv_0.1mm,1.512,True,UNKNOWN:start_not_certified_free,0.0,8352bdd37aab07a2,1.504,6.904,1.41,1.504,"start endpoint oracle clearance (row robot, 0.01 mm bisection)",True,,,,,,,,start,,,,,,,,,,,
S-F4S-00469,F4,S,cylinder,F4S-00469,EP-TOL,EP-FLOOR,by-tolerance,,goal is 1.50 mm clear of floor splat 5813409 (2σ top 18.49 mm); GMC's refined gap 0.512 mm ≤ buffer 1 mm + slack -> no endpoint cell,aerial3d/cells.py:121-126 (grow_cell: refine_gap <= buffer + slack -> None) -> aerial3d/api.py:330-333,UNKNOWN:goal_not_certified_free,PASS,stored_route_uv_0.1mm,1.512,True,UNKNOWN:goal_not_certified_free,0.0,8352bdd37aab07a2,6.094,1.504,9.735,1.504,"goal endpoint oracle clearance (row robot, 0.01 mm bisection)",True,,,,,,,,goal,,,,,,,,,,,
S-F4S-00487,F4,S,cylinder,F4S-00487,EP-TOL,EP-FLOOR,by-tolerance,,goal is 1.50 mm clear of floor splat 5813409 (2σ top 18.49 mm); GMC's refined gap 0.512 mm ≤ buffer 1 mm + slack -> no endpoint cell,aerial3d/cells.py:121-126 (grow_cell: refine_gap <= buffer + slack -> None) -> aerial3d/api.py:330-333,UNKNOWN:goal_not_certified_free,PASS,stored_route_uv_0.1mm,1.512,True,UNKNOWN:goal_not_certified_free,0.03,8352bdd37aab07a2,6.689,1.504,14.697,1.504,"goal endpoint oracle clearance (row robot, 0.01 mm bisection)",True,,,,,,,,goal,,,,,,,,,,,
S-F4S-00495,F4,S,cylinder,F4S-00495,EP-TOL,EP-FLOOR,by-tolerance,,start is 1.50 mm clear of floor splat 5813409 (2σ top 18.49 mm); GMC's refined gap 0.512 mm ≤ buffer 1 mm + slack -> no endpoint cell,aerial3d/cells.py:121-126 (grow_cell: refine_gap <= buffer + slack -> None) -> aerial3d/api.py:330-333,UNKNOWN:start_not_certified_free,PASS,stored_route_uv_0.1mm,1.512,True,UNKNOWN:start_not_certified_free,0.0,8352bdd37aab07a2,1.504,6.807,21.362,1.504,"start endpoint oracle clearance (row robot, 0.01 mm bisection)",True,,,,,,,,start,,,,,,,,,,,
S-F4S-00498,F4,S,cylinder,F4S-00498,EP-TOL,EP-FLOOR,by-tolerance,,goal is 1.50 mm clear of floor splat 5813409 (2σ top 18.49 mm); GMC's refined gap 0.512 mm ≤ buffer 1 mm + slack -> no endpoint cell,aerial3d/cells.py:121-126 (grow_cell: refine_gap <= buffer + slack -> None) -> aerial3d/api.py:330-333,UNKNOWN:goal_not_certified_free,PASS,stored_route_uv_0.1mm,1.512,True,UNKNOWN:goal_not_certified_free,0.0,8352bdd37aab07a2,6.367,1.504,0.317,1.504,"goal endpoint oracle clearance (row robot, 0.01 mm bisection)",True,,,,,,,,goal,,,,,,,,,,,
S-F4S-00499,F4,S,cylinder,F4S-00499,EP-TOL,EP-FLOOR,by-tolerance,,start is 1.50 mm clear of floor splat 5813409 (2σ top 18.49 mm); GMC's refined gap 0.512 mm ≤ buffer 1 mm + slack -> no endpoint cell,aerial3d/cells.py:121-126 (grow_cell: refine_gap <= buffer + slack -> None) -> aerial3d/api.py:330-333,UNKNOWN:start_not_certified_free,PASS,stored_route_uv_0.1mm,1.512,True,UNKNOWN:start_not_certified_free,0.0,8352bdd37aab07a2,1.504,6.895,78.125,1.504,"start endpoint oracle clearance (row robot, 0.01 mm bisection)",True,,,,,,,,start,,,,,,,,,,,
S-F4S-00506,F4,S,cylinder,F4S-00506,EP-TOL,EP-FLOOR,by-tolerance,,start is 1.50 mm clear of floor splat 5813409 (2σ top 18.49 mm); GMC's refined gap 0.512 mm ≤ buffer 1 mm + slack -> no endpoint cell,aerial3d/cells.py:121-126 (grow_cell: refine_gap <= buffer + slack -> None) -> aerial3d/api.py:330-333,UNKNOWN:start_not_certified_free,PASS,stored_route_uv_0.1mm,1.512,True,UNKNOWN:start_not_certified_free,0.0,8352bdd37aab07a2,1.504,6.992,39.807,1.504,"start endpoint oracle clearance (row robot, 0.01 mm bisection)",True,,,,,,,,start,,,,,,,,,,,
S-F4S-00508,F4,S,cylinder,F4S-00508,EP-TOL,EP-FLOOR,by-tolerance,,goal is 1.50 mm clear of floor splat 5813409 (2σ top 18.49 mm); GMC's refined gap 0.512 mm ≤ buffer 1 mm + slack -> no endpoint cell,aerial3d/cells.py:121-126 (grow_cell: refine_gap <= buffer + slack -> None) -> aerial3d/api.py:330-333,UNKNOWN:goal_not_certified_free,PASS,stored_route_uv_0.1mm,1.512,True,UNKNOWN:goal_not_certified_free,0.0,8352bdd37aab07a2,6.318,1.504,21.399,1.504,"goal endpoint oracle clearance (row robot, 0.01 mm bisection)",True,,,,,,,,goal,,,,,,,,,,,
S-F4S-00513,F4,S,cylinder,F4S-00513,EP-TOL,EP-FLOOR,by-tolerance,,goal is 1.50 mm clear of floor splat 5813409 (2σ top 18.49 mm); GMC's refined gap 0.512 mm ≤ buffer 1 mm + slack -> no endpoint cell,aerial3d/cells.py:121-126 (grow_cell: refine_gap <= buffer + slack -> None) -> aerial3d/api.py:330-333,UNKNOWN:goal_not_certified_free,PASS,stored_route_uv_0.1mm,1.512,True,UNKNOWN:goal_not_certified_free,0.0,8352bdd37aab07a2,5.771,1.504,11.462,1.504,"goal endpoint oracle clearance (row robot, 0.01 mm bisection)",True,,,,,,,,goal,,,,,,,,,,,
S-F4S-00519,F4,S,cylinder,F4S-00519,EP-TOL,EP-FLOOR,by-tolerance,,goal is 1.50 mm clear of floor splat 5813409 (2σ top 18.49 mm); GMC's refined gap 0.512 mm ≤ buffer 1 mm + slack -> no endpoint cell,aerial3d/cells.py:121-126 (grow_cell: refine_gap <= buffer + slack -> None) -> aerial3d/api.py:330-333,UNKNOWN:goal_not_certified_free,PASS,stored_route_uv_0.1mm,1.512,True,UNKNOWN:goal_not_certified_free,0.01,8352bdd37aab07a2,5.85,1.504,54.224,1.504,"goal endpoint oracle clearance (row robot, 0.01 mm bisection)",True,,,,,,,,goal,,,,,,,,,,,
S-F4S-00527,F4,S,cylinder,F4S-00527,EP-TOL,EP-FLOOR,by-tolerance,,goal is 1.50 mm clear of floor splat 5813409 (2σ top 18.49 mm); GMC's refined gap 0.512 mm ≤ buffer 1 mm + slack -> no endpoint cell,aerial3d/cells.py:121-126 (grow_cell: refine_gap <= buffer + slack -> None) -> aerial3d/api.py:330-333,UNKNOWN:goal_not_certified_free,PASS,stored_route_uv_0.1mm,1.09,True,UNKNOWN:goal_not_certified_free,0.03,8352bdd37aab07a2,5.518,1.504,2.332,1.504,"goal endpoint oracle clearance (row robot, 0.01 mm bisection)",True,,,,,,,,goal,,,,,,,,,,,
S-F4S-00540,F4,S,cylinder,F4S-00540,EP-TOL,EP-FLOOR,by-tolerance,,goal is 1.50 mm clear of floor splat 5813409 (2σ top 18.49 mm); GMC's refined gap 0.512 mm ≤ buffer 1 mm + slack -> no endpoint cell,aerial3d/cells.py:121-126 (grow_cell: refine_gap <= buffer + slack -> None) -> aerial3d/api.py:330-333,UNKNOWN:goal_not_certified_free,PASS,stored_route_uv_0.1mm,1.512,True,UNKNOWN:goal_not_certified_free,0.01,8352bdd37aab07a2,6.758,1.504,78.497,1.504,"goal endpoint oracle clearance (row robot, 0.01 mm bisection)",True,,,,,,,,goal,,,,,,,,,,,
S-F4S-00546,F4,S,cylinder,F4S-00546,EP-TOL,EP-FLOOR,by-tolerance,,start is 1.50 mm clear of floor splat 5813409 (2σ top 18.49 mm); GMC's refined gap 0.512 mm ≤ buffer 1 mm + slack -> no endpoint cell,aerial3d/cells.py:121-126 (grow_cell: refine_gap <= buffer + slack -> None) -> aerial3d/api.py:330-333,UNKNOWN:start_not_certified_free,PASS,stored_route_uv_0.1mm,1.349,True,UNKNOWN:start_not_certified_free,0.0,8352bdd37aab07a2,1.504,6.416,19.788,1.504,"start endpoint oracle clearance (row robot, 0.01 mm bisection)",True,,,,,,,,start,,,,,,,,,,,
S-F4S-00560,F4,S,cylinder,F4S-00560,EP-TOL,EP-FLOOR,by-tolerance,,start is 1.71 mm clear of floor splat 5813409 (2σ top 18.49 mm); GMC's refined gap 0.714 mm ≤ buffer 1 mm + slack -> no endpoint cell,aerial3d/cells.py:121-126 (grow_cell: refine_gap <= buffer + slack -> None) -> aerial3d/api.py:330-333,UNKNOWN:start_not_certified_free,PASS,stored_route_uv_0.1mm,1.512,True,UNKNOWN:start_not_certified_free,0.0,8352bdd37aab07a2,1.709,4.561,10.522,1.709,"start endpoint oracle clearance (row robot, 0.01 mm bisection)",True,,,,,,,,start,,,,,,,,,,,
S-F4S-00561,F4,S,cylinder,F4S-00561,EP-TOL,EP-FLOOR,by-tolerance,,start is 1.50 mm clear of floor splat 5813409 (2σ top 18.49 mm); GMC's refined gap 0.512 mm ≤ buffer 1 mm + slack -> no endpoint cell,aerial3d/cells.py:121-126 (grow_cell: refine_gap <= buffer + slack -> None) -> aerial3d/api.py:330-333,UNKNOWN:start_not_certified_free,PASS,stored_route_uv_0.1mm,1.512,True,UNKNOWN:start_not_certified_free,0.0,8352bdd37aab07a2,1.504,6.006,54.858,1.504,"start endpoint oracle clearance (row robot, 0.01 mm bisection)",True,,,,,,,,start,,,,,,,,,,,
S-F4S-00564,F4,S,cylinder,F4S-00564,EP-TOL,EP-FLOOR,by-tolerance,,goal is 1.50 mm clear of floor splat 5813409 (2σ top 18.49 mm); GMC's refined gap 0.512 mm ≤ buffer 1 mm + slack -> no endpoint cell,aerial3d/cells.py:121-126 (grow_cell: refine_gap <= buffer + slack -> None) -> aerial3d/api.py:330-333,UNKNOWN:goal_not_certified_free,PASS,stored_route_uv_0.1mm,1.512,True,UNKNOWN:goal_not_certified_free,0.01,8352bdd37aab07a2,6.748,1.504,63.202,1.504,"goal endpoint oracle clearance (row robot, 0.01 mm bisection)",True,,,,,,,,goal,,,,,,,,,,,
S-F4S-00573,F4,S,cylinder,F4S-00573,EP-TOL,EP-FLOOR,by-tolerance,,goal is 1.50 mm clear of floor splat 5813409 (2σ top 18.49 mm); GMC's refined gap 0.512 mm ≤ buffer 1 mm + slack -> no endpoint cell,aerial3d/cells.py:121-126 (grow_cell: refine_gap <= buffer + slack -> None) -> aerial3d/api.py:330-333,UNKNOWN:goal_not_certified_free,PASS,stored_route_uv_0.1mm,1.512,True,UNKNOWN:goal_not_certified_free,0.0,8352bdd37aab07a2,6.309,1.504,5.255,1.504,"goal endpoint oracle clearance (row robot, 0.01 mm bisection)",True,,,,,,,,goal,,,,,,,,,,,
S-F4S-00575,F4,S,cylinder,F4S-00575,EP-TOL,EP-FLOOR,by-tolerance,,goal is 1.50 mm clear of floor splat 5813409 (2σ top 18.49 mm); GMC's refined gap 0.512 mm ≤ buffer 1 mm + slack -> no endpoint cell,aerial3d/cells.py:121-126 (grow_cell: refine_gap <= buffer + slack -> None) -> aerial3d/api.py:330-333,UNKNOWN:goal_not_certified_free,PASS,stored_route_uv_0.1mm,1.512,True,UNKNOWN:goal_not_certified_free,0.0,8352bdd37aab07a2,6.523,1.504,75.653,1.504,"goal endpoint oracle clearance (row robot, 0.01 mm bisection)",True,,,,,,,,goal,,,,,,,,,,,
S-F4S-00576,F4,S,cylinder,F4S-00576,EP-TOL,EP-FLOOR,by-tolerance,,start is 1.50 mm clear of floor splat 5813409 (2σ top 18.49 mm); GMC's refined gap 0.512 mm ≤ buffer 1 mm + slack -> no endpoint cell,aerial3d/cells.py:121-126 (grow_cell: refine_gap <= buffer + slack -> None) -> aerial3d/api.py:330-333,UNKNOWN:start_not_certified_free,PASS,stored_route_uv_0.1mm,1.512,True,UNKNOWN:start_not_certified_free,0.0,8352bdd37aab07a2,1.504,6.67,58.722,1.504,"start endpoint oracle clearance (row robot, 0.01 mm bisection)",True,,,,,,,,start,,,,,,,,,,,
S-F4S-00579,F4,S,cylinder,F4S-00579,EP-TOL,EP-FLOOR,by-tolerance,,goal is 1.50 mm clear of floor splat 5813409 (2σ top 18.49 mm); GMC's refined gap 0.512 mm ≤ buffer 1 mm + slack -> no endpoint cell,aerial3d/cells.py:121-126 (grow_cell: refine_gap <= buffer + slack -> None) -> aerial3d/api.py:330-333,UNKNOWN:goal_not_certified_free,PASS,stored_route_uv_0.1mm,1.512,True,UNKNOWN:goal_not_certified_free,0.0,8352bdd37aab07a2,6.318,1.504,8.008,1.504,"goal endpoint oracle clearance (row robot, 0.01 mm bisection)",True,,,,,,,,goal,,,,,,,,,,,
S-F4S-00586,F4,S,cylinder,F4S-00586,EP-TOL,EP-FLOOR,by-tolerance,,start is 1.55 mm clear of floor splat 5813409 (2σ top 18.49 mm); GMC's refined gap 0.512 mm ≤ buffer 1 mm + slack -> no endpoint cell,aerial3d/cells.py:121-126 (grow_cell: refine_gap <= buffer + slack -> None) -> aerial3d/api.py:330-333,UNKNOWN:start_not_certified_free,PASS,stored_route_uv_0.1mm,1.512,True,UNKNOWN:start_not_certified_free,0.0,8352bdd37aab07a2,1.553,6.709,1.453,1.553,"start endpoint oracle clearance (row robot, 0.01 mm bisection)",True,,,,,,,,start,,,,,,,,,,,
S-F4S-00588,F4,S,cylinder,F4S-00588,EP-TOL,EP-FLOOR,by-tolerance,,goal is 1.50 mm clear of floor splat 5813409 (2σ top 18.49 mm); GMC's refined gap 0.512 mm ≤ buffer 1 mm + slack -> no endpoint cell,aerial3d/cells.py:121-126 (grow_cell: refine_gap <= buffer + slack -> None) -> aerial3d/api.py:330-333,UNKNOWN:goal_not_certified_free,PASS,stored_route_uv_0.1mm,1.041,True,UNKNOWN:goal_not_certified_free,0.19,8352bdd37aab07a2,3.809,1.504,0.616,1.504,"goal endpoint oracle clearance (row robot, 0.01 mm bisection)",True,,,,,,,,goal,,,,,,,,,,,
S-F4S-00589,F4,S,cylinder,F4S-00589,EP-TOL,EP-FLOOR,by-tolerance,,start is 1.50 mm clear of floor splat 5813409 (2σ top 18.49 mm); GMC's refined gap 0.512 mm ≤ buffer 1 mm + slack -> no endpoint cell,aerial3d/cells.py:121-126 (grow_cell: refine_gap <= buffer + slack -> None) -> aerial3d/api.py:330-333,UNKNOWN:start_not_certified_free,PASS,stored_route_uv_0.1mm,1.512,True,UNKNOWN:start_not_certified_free,0.0,8352bdd37aab07a2,1.504,6.299,2.075,1.504,"start endpoint oracle clearance (row robot, 0.01 mm bisection)",True,,,,,,,,start,,,,,,,,,,,
S-F4S-00594,F4,S,cylinder,F4S-00594,EP-TOL,EP-FLOOR,by-tolerance,,start is 1.50 mm clear of floor splat 5813409 (2σ top 18.49 mm); GMC's refined gap 0.512 mm ≤ buffer 1 mm + slack -> no endpoint cell,aerial3d/cells.py:121-126 (grow_cell: refine_gap <= buffer + slack -> None) -> aerial3d/api.py:330-333,UNKNOWN:start_not_certified_free,PASS,stored_route_uv_0.1mm,1.512,True,UNKNOWN:start_not_certified_free,0.0,8352bdd37aab07a2,1.504,6.846,7.709,1.504,"start endpoint oracle clearance (row robot, 0.01 mm bisection)",True,,,,,,,,start,,,,,,,,,,,
S-F4S-00601,F4,S,cylinder,F4S-00601,EP-TOL,EP-FLOOR,by-tolerance,,start is 1.50 mm clear of floor splat 5813409 (2σ top 18.49 mm); GMC's refined gap 0.512 mm ≤ buffer 1 mm + slack -> no endpoint cell,aerial3d/cells.py:121-126 (grow_cell: refine_gap <= buffer + slack -> None) -> aerial3d/api.py:330-333,UNKNOWN:start_not_certified_free,PASS,stored_route_uv_0.1mm,1.512,True,UNKNOWN:start_not_certified_free,0.0,8352bdd37aab07a2,1.504,6.895,2.344,1.504,"start endpoint oracle clearance (row robot, 0.01 mm bisection)",True,,,,,,,,start,,,,,,,,,,,
S-F4S-00604,F4,S,cylinder,F4S-00604,EP-TOL,EP-FLOOR,by-tolerance,,goal is 1.11 mm clear of floor splat 5728970 (2σ top 27.21 mm); GMC's refined gap 0.119 mm ≤ buffer 1 mm + slack -> no endpoint cell,aerial3d/cells.py:121-126 (grow_cell: refine_gap <= buffer + slack -> None) -> aerial3d/api.py:330-333,UNKNOWN:goal_not_certified_free,PASS,stored_route_uv_0.1mm,1.081,True,UNKNOWN:goal_not_certified_free,0.0,8352bdd37aab07a2,7.1,1.113,1.117,1.113,"goal endpoint oracle clearance (row robot, 0.01 mm bisection)",True,,,,,,,,goal,,,,,,,,,,,
S-F4S-00611,F4,S,cylinder,F4S-00611,EP-TOL,EP-FLOOR,by-tolerance,,goal is 1.50 mm clear of floor splat 5813409 (2σ top 18.49 mm); GMC's refined gap 0.512 mm ≤ buffer 1 mm + slack -> no endpoint cell,aerial3d/cells.py:121-126 (grow_cell: refine_gap <= buffer + slack -> None) -> aerial3d/api.py:330-333,UNKNOWN:goal_not_certified_free,PASS,stored_route_uv_0.1mm,1.512,True,UNKNOWN:goal_not_certified_free,0.0,8352bdd37aab07a2,6.426,1.504,4.34,1.504,"goal endpoint oracle clearance (row robot, 0.01 mm bisection)",True,,,,,,,,goal,,,,,,,,,,,
S-F4S-00613,F4,S,cylinder,F4S-00613,EP-TOL,EP-FLOOR,by-tolerance,,goal is 1.56 mm clear of floor splat 5813409 (2σ top 18.49 mm); GMC's refined gap 0.512 mm ≤ buffer 1 mm + slack -> no endpoint cell,aerial3d/cells.py:121-126 (grow_cell: refine_gap <= buffer + slack -> None) -> aerial3d/api.py:330-333,UNKNOWN:goal_not_certified_free,PASS,stored_route_uv_0.1mm,1.512,True,UNKNOWN:goal_not_certified_free,0.0,8352bdd37aab07a2,6.748,1.562,0.165,1.562,"goal endpoint oracle clearance (row robot, 0.01 mm bisection)",True,,,,,,,,goal,,,,,,,,,,,
S-F4S-00614,F4,S,cylinder,F4S-00614,EP-TOL,EP-FLOOR,by-tolerance,,start is 1.50 mm clear of floor splat 5813409 (2σ top 18.49 mm); GMC's refined gap 0.512 mm ≤ buffer 1 mm + slack -> no endpoint cell,aerial3d/cells.py:121-126 (grow_cell: refine_gap <= buffer + slack -> None) -> aerial3d/api.py:330-333,UNKNOWN:start_not_certified_free,PASS,stored_route_uv_0.1mm,1.349,True,UNKNOWN:start_not_certified_free,0.0,8352bdd37aab07a2,1.504,6.582,17.761,1.504,"start endpoint oracle clearance (row robot, 0.01 mm bisection)",True,,,,,,,,start,,,,,,,,,,,
S-F4S-00616,F4,S,cylinder,F4S-00616,EP-TOL,EP-FLOOR,by-tolerance,,goal is 1.50 mm clear of floor splat 5813409 (2σ top 18.49 mm); GMC's refined gap 0.512 mm ≤ buffer 1 mm + slack -> no endpoint cell,aerial3d/cells.py:121-126 (grow_cell: refine_gap <= buffer + slack -> None) -> aerial3d/api.py:330-333,UNKNOWN:goal_not_certified_free,PASS,stored_route_uv_0.1mm,1.458,True,UNKNOWN:goal_not_certified_free,0.0,8352bdd37aab07a2,6.191,1.504,1.282,1.504,"goal endpoint oracle clearance (row robot, 0.01 mm bisection)",True,,,,,,,,goal,,,,,,,,,,,
S-F4S-00620,F4,S,cylinder,F4S-00620,EP-TOL,EP-FLOOR,by-tolerance,,goal is 1.50 mm clear of floor splat 5813409 (2σ top 18.49 mm); GMC's refined gap 0.512 mm ≤ buffer 1 mm + slack -> no endpoint cell,aerial3d/cells.py:121-126 (grow_cell: refine_gap <= buffer + slack -> None) -> aerial3d/api.py:330-333,UNKNOWN:goal_not_certified_free,PASS,stored_route_uv_0.1mm,1.512,True,UNKNOWN:goal_not_certified_free,0.0,8352bdd37aab07a2,6.475,1.504,4.413,1.504,"goal endpoint oracle clearance (row robot, 0.01 mm bisection)",True,,,,,,,,goal,,,,,,,,,,,
S-F4S-00632,F4,S,cylinder,F4S-00632,EP-TOL,EP-FLOOR,by-tolerance,,start is 1.50 mm clear of floor splat 5813409 (2σ top 18.49 mm); GMC's refined gap 0.512 mm ≤ buffer 1 mm + slack -> no endpoint cell,aerial3d/cells.py:121-126 (grow_cell: refine_gap <= buffer + slack -> None) -> aerial3d/api.py:330-333,UNKNOWN:start_not_certified_free,PASS,stored_route_uv_0.1mm,1.512,True,UNKNOWN:start_not_certified_free,0.0,8352bdd37aab07a2,1.504,6.143,54.34,1.504,"start endpoint oracle clearance (row robot, 0.01 mm bisection)",True,,,,,,,,start,,,,,,,,,,,
S-F4S-00633,F4,S,cylinder,F4S-00633,EP-TOL,EP-FLOOR,by-tolerance,,start is 1.50 mm clear of floor splat 5813409 (2σ top 18.49 mm); GMC's refined gap 0.512 mm ≤ buffer 1 mm + slack -> no endpoint cell,aerial3d/cells.py:121-126 (grow_cell: refine_gap <= buffer + slack -> None) -> aerial3d/api.py:330-333,UNKNOWN:start_not_certified_free,PASS,stored_route_uv_0.1mm,1.512,True,UNKNOWN:start_not_certified_free,0.0,8352bdd37aab07a2,1.504,6.621,1.849,1.504,"start endpoint oracle clearance (row robot, 0.01 mm bisection)",True,,,,,,,,start,,,,,,,,,,,
S-F4S-00636,F4,S,cylinder,F4S-00636,EP-TOL,EP-FLOOR,by-tolerance,,start is 1.50 mm clear of floor splat 5813409 (2σ top 18.49 mm); GMC's refined gap 0.512 mm ≤ buffer 1 mm + slack -> no endpoint cell,aerial3d/cells.py:121-126 (grow_cell: refine_gap <= buffer + slack -> None) -> aerial3d/api.py:330-333,UNKNOWN:start_not_certified_free,PASS,stored_route_uv_0.1mm,1.512,True,UNKNOWN:start_not_certified_free,0.0,8352bdd37aab07a2,1.504,5.908,3.241,1.504,"start endpoint oracle clearance (row robot, 0.01 mm bisection)",True,,,,,,,,start,,,,,,,,,,,
S-F4S-00649,F4,S,cylinder,F4S-00649,EP-TOL,EP-FLOOR,by-tolerance,,start is 1.50 mm clear of floor splat 5813409 (2σ top 18.49 mm); GMC's refined gap 0.512 mm ≤ buffer 1 mm + slack -> no endpoint cell,aerial3d/cells.py:121-126 (grow_cell: refine_gap <= buffer + slack -> None) -> aerial3d/api.py:330-333,UNKNOWN:start_not_certified_free,PASS,stored_route_uv_0.1mm,1.512,True,UNKNOWN:start_not_certified_free,0.0,8352bdd37aab07a2,1.504,6.396,89.838,1.504,"start endpoint oracle clearance (row robot, 0.01 mm bisection)",True,,,,,,,,start,,,,,,,,,,,
S-F4S-00651,F4,S,cylinder,F4S-00651,EP-TOL,EP-FLOOR,by-tolerance,,start is 1.50 mm clear of floor splat 5813409 (2σ top 18.49 mm); GMC's refined gap 0.512 mm ≤ buffer 1 mm + slack -> no endpoint cell,aerial3d/cells.py:121-126 (grow_cell: refine_gap <= buffer + slack -> None) -> aerial3d/api.py:330-333,UNKNOWN:start_not_certified_free,PASS,stored_route_uv_0.1mm,1.349,True,UNKNOWN:start_not_certified_free,0.01,8352bdd37aab07a2,1.504,6.104,10.663,1.504,"start endpoint oracle clearance (row robot, 0.01 mm bisection)",True,,,,,,,,start,,,,,,,,,,,
S-F4S-00653,F4,S,cylinder,F4S-00653,EP-TOL,EP-FLOOR,by-tolerance,,start is 1.50 mm clear of floor splat 5813409 (2σ top 18.49 mm); GMC's refined gap 0.512 mm ≤ buffer 1 mm + slack -> no endpoint cell,aerial3d/cells.py:121-126 (grow_cell: refine_gap <= buffer + slack -> None) -> aerial3d/api.py:330-333,UNKNOWN:start_not_certified_free,PASS,stored_route_uv_0.1mm,1.512,True,UNKNOWN:start_not_certified_free,0.0,8352bdd37aab07a2,1.504,6.104,41.083,1.504,"start endpoint oracle clearance (row robot, 0.01 mm bisection)",True,,,,,,,,start,,,,,,,,,,,
S-F4S-00655,F4,S,cylinder,F4S-00655,EP-TOL,EP-FLOOR,by-tolerance,,goal is 1.50 mm clear of floor splat 5813409 (2σ top 18.49 mm); GMC's refined gap 0.512 mm ≤ buffer 1 mm + slack -> no endpoint cell,aerial3d/cells.py:121-126 (grow_cell: refine_gap <= buffer + slack -> None) -> aerial3d/api.py:330-333,UNKNOWN:goal_not_certified_free,PASS,stored_route_uv_0.1mm,1.121,True,UNKNOWN:goal_not_certified_free,0.0,8352bdd37aab07a2,5.889,1.504,37.201,1.504,"goal endpoint oracle clearance (row robot, 0.01 mm bisection)",True,,,,,,,,goal,,,,,,,,,,,
S-F4S-00656,F4,S,cylinder,F4S-00656,EP-TOL,EP-FLOOR,by-tolerance,,goal is 1.50 mm clear of floor splat 5813409 (2σ top 18.49 mm); GMC's refined gap 0.512 mm ≤ buffer 1 mm + slack -> no endpoint cell,aerial3d/cells.py:121-126 (grow_cell: refine_gap <= buffer + slack -> None) -> aerial3d/api.py:330-333,UNKNOWN:goal_not_certified_free,PASS,stored_route_uv_0.1mm,1.512,True,UNKNOWN:goal_not_certified_free,0.0,8352bdd37aab07a2,6.65,1.504,66.125,1.504,"goal endpoint oracle clearance (row robot, 0.01 mm bisection)",True,,,,,,,,goal,,,,,,,,,,,
S-F4S-00658,F4,S,cylinder,F4S-00658,EP-TOL,EP-FLOOR,by-tolerance,,goal is 1.50 mm clear of floor splat 5813409 (2σ top 18.49 mm); GMC's refined gap 0.512 mm ≤ buffer 1 mm + slack -> no endpoint cell,aerial3d/cells.py:121-126 (grow_cell: refine_gap <= buffer + slack -> None) -> aerial3d/api.py:330-333,UNKNOWN:goal_not_certified_free,PASS,stored_route_uv_0.1mm,1.512,True,UNKNOWN:goal_not_certified_free,0.0,8352bdd37aab07a2,6.367,1.504,31.689,1.504,"goal endpoint oracle clearance (row robot, 0.01 mm bisection)",True,,,,,,,,goal,,,,,,,,,,,
S-F4S-00660,F4,S,cylinder,F4S-00660,EP-TOL,EP-FLOOR,by-tolerance,,goal is 1.66 mm clear of floor splat 5891153 (2σ top 30.64 mm); GMC's refined gap 0.669 mm ≤ buffer 1 mm + slack -> no endpoint cell,aerial3d/cells.py:121-126 (grow_cell: refine_gap <= buffer + slack -> None) -> aerial3d/api.py:330-333,UNKNOWN:goal_not_certified_free,PASS,stored_route_uv_0.1mm,1.213,True,UNKNOWN:goal_not_certified_free,0.0,8352bdd37aab07a2,6.602,1.66,13.043,1.66,"goal endpoint oracle clearance (row robot, 0.01 mm bisection)",True,,,,,,,,goal,,,,,,,,,,,
S-F4S-00661,F4,S,cylinder,F4S-00661,EP-TOL,EP-FLOOR,by-tolerance,,goal is 1.50 mm clear of floor splat 5813409 (2σ top 18.49 mm); GMC's refined gap 0.512 mm ≤ buffer 1 mm + slack -> no endpoint cell,aerial3d/cells.py:121-126 (grow_cell: refine_gap <= buffer + slack -> None) -> aerial3d/api.py:330-333,UNKNOWN:goal_not_certified_free,PASS,stored_route_uv_0.1mm,1.512,True,UNKNOWN:goal_not_certified_free,0.0,8352bdd37aab07a2,6.123,1.504,47.815,1.504,"goal endpoint oracle clearance (row robot, 0.01 mm bisection)",True,,,,,,,,goal,,,,,,,,,,,
S-F4S-00662,F4,S,cylinder,F4S-00662,EP-TOL,EP-FLOOR,by-tolerance,,start is 1.50 mm clear of floor splat 5813409 (2σ top 18.49 mm); GMC's refined gap 0.512 mm ≤ buffer 1 mm + slack -> no endpoint cell,aerial3d/cells.py:121-126 (grow_cell: refine_gap <= buffer + slack -> None) -> aerial3d/api.py:330-333,UNKNOWN:start_not_certified_free,PASS,stored_route_uv_0.1mm,1.512,True,UNKNOWN:start_not_certified_free,0.0,8352bdd37aab07a2,1.504,7.451,58.435,1.504,"start endpoint oracle clearance (row robot, 0.01 mm bisection)",True,,,,,,,,start,,,,,,,,,,,
S-F4S-00669,F4,S,cylinder,F4S-00669,EP-TOL,EP-FLOOR,by-tolerance,,start is 1.94 mm clear of floor splat 5728970 (2σ top 27.21 mm); GMC's refined gap 0.945 mm ≤ buffer 1 mm + slack -> no endpoint cell,aerial3d/cells.py:121-126 (grow_cell: refine_gap <= buffer + slack -> None) -> aerial3d/api.py:330-333,UNKNOWN:start_not_certified_free,PASS,stored_route_uv_0.1mm,1.165,True,UNKNOWN:start_not_certified_free,0.0,8352bdd37aab07a2,1.943,6.318,0.726,1.943,"start endpoint oracle clearance (row robot, 0.01 mm bisection)",True,,,,,,,,start,,,,,,,,,,,
S-F4S-00676,F4,S,cylinder,F4S-00676,EP-TOL,EP-FLOOR,by-tolerance,,goal is 1.50 mm clear of floor splat 5813409 (2σ top 18.49 mm); GMC's refined gap 0.512 mm ≤ buffer 1 mm + slack -> no endpoint cell,aerial3d/cells.py:121-126 (grow_cell: refine_gap <= buffer + slack -> None) -> aerial3d/api.py:330-333,UNKNOWN:goal_not_certified_free,PASS,stored_route_uv_0.1mm,1.512,True,UNKNOWN:goal_not_certified_free,0.0,8352bdd37aab07a2,6.123,1.504,32.874,1.504,"goal endpoint oracle clearance (row robot, 0.01 mm bisection)",True,,,,,,,,goal,,,,,,,,,,,
S-F4S-00683,F4,S,cylinder,F4S-00683,EP-TOL,EP-FLOOR,by-tolerance,,goal is 1.50 mm clear of floor splat 5813409 (2σ top 18.49 mm); GMC's refined gap 0.512 mm ≤ buffer 1 mm + slack -> no endpoint cell,aerial3d/cells.py:121-126 (grow_cell: refine_gap <= buffer + slack -> None) -> aerial3d/api.py:330-333,UNKNOWN:goal_not_certified_free,PASS,stored_route_uv_0.1mm,1.512,True,UNKNOWN:goal_not_certified_free,0.0,8352bdd37aab07a2,7.402,1.504,2.191,1.504,"goal endpoint oracle clearance (row robot, 0.01 mm bisection)",True,,,,,,,,goal,,,,,,,,,,,
S-F4S-00686,F4,S,cylinder,F4S-00686,EP-TOL,EP-FLOOR,by-tolerance,,goal is 1.50 mm clear of floor splat 5813409 (2σ top 18.49 mm); GMC's refined gap 0.512 mm ≤ buffer 1 mm + slack -> no endpoint cell,aerial3d/cells.py:121-126 (grow_cell: refine_gap <= buffer + slack -> None) -> aerial3d/api.py:330-333,UNKNOWN:goal_not_certified_free,PASS,stored_route_uv_0.1mm,1.512,True,UNKNOWN:goal_not_certified_free,0.0,8352bdd37aab07a2,6.924,1.504,34.979,1.504,"goal endpoint oracle clearance (row robot, 0.01 mm bisection)",True,,,,,,,,goal,,,,,,,,,,,
S-F4S-00691,F4,S,cylinder,F4S-00691,EP-TOL,EP-FLOOR,by-tolerance,,start is 1.48 mm clear of floor splat 5728970 (2σ top 27.21 mm); GMC's refined gap 0.482 mm ≤ buffer 1 mm + slack -> no endpoint cell,aerial3d/cells.py:121-126 (grow_cell: refine_gap <= buffer + slack -> None) -> aerial3d/api.py:330-333,UNKNOWN:start_not_certified_free,PASS,stored_route_uv_0.1mm,1.125,True,UNKNOWN:start_not_certified_free,0.0,8352bdd37aab07a2,1.475,6.523,8.685,1.475,"start endpoint oracle clearance (row robot, 0.01 mm bisection)",True,,,,,,,,start,,,,,,,,,,,
S-F4S-00699,F4,S,cylinder,F4S-00699,EP-TOL,EP-FLOOR,by-tolerance,,goal is 1.50 mm clear of floor splat 5813409 (2σ top 18.49 mm); GMC's refined gap 0.512 mm ≤ buffer 1 mm + slack -> no endpoint cell,aerial3d/cells.py:121-126 (grow_cell: refine_gap <= buffer + slack -> None) -> aerial3d/api.py:330-333,UNKNOWN:goal_not_certified_free,PASS,stored_route_uv_0.1mm,1.349,True,UNKNOWN:goal_not_certified_free,0.0,8352bdd37aab07a2,7.344,1.504,2.448,1.504,"goal endpoint oracle clearance (row robot, 0.01 mm bisection)",True,,,,,,,,goal,,,,,,,,,,,
S-F4S-00700,F4,S,cylinder,F4S-00700,EP-TOL,EP-FLOOR,by-tolerance,,start is 1.62 mm clear of floor splat 5728891 (2σ top 55.11 mm); GMC's refined gap 0.627 mm ≤ buffer 1 mm + slack -> no endpoint cell,aerial3d/cells.py:121-126 (grow_cell: refine_gap <= buffer + slack -> None) -> aerial3d/api.py:330-333,UNKNOWN:start_not_certified_free,PASS,stored_route_uv_0.1mm,1.094,True,UNKNOWN:start_not_certified_free,0.0,8352bdd37aab07a2,1.621,6.982,1.624,1.621,"start endpoint oracle clearance (row robot, 0.01 mm bisection)",True,,,,,,,,start,,,,,,,,,,,
S-F4S-00701,F4,S,cylinder,F4S-00701,EP-TOL,EP-FLOOR,by-tolerance,,goal is 1.50 mm clear of floor splat 5813409 (2σ top 18.49 mm); GMC's refined gap 0.512 mm ≤ buffer 1 mm + slack -> no endpoint cell,aerial3d/cells.py:121-126 (grow_cell: refine_gap <= buffer + slack -> None) -> aerial3d/api.py:330-333,UNKNOWN:goal_not_certified_free,PASS,stored_route_uv_0.1mm,1.512,True,UNKNOWN:goal_not_certified_free,0.03,8352bdd37aab07a2,5.576,1.504,13.953,1.504,"goal endpoint oracle clearance (row robot, 0.01 mm bisection)",True,,,,,,,,goal,,,,,,,,,,,
S-F4S-00704,F4,S,cylinder,F4S-00704,EP-TOL,EP-FLOOR,by-tolerance,,start is 1.50 mm clear of floor splat 5813409 (2σ top 18.49 mm); GMC's refined gap 0.512 mm ≤ buffer 1 mm + slack -> no endpoint cell,aerial3d/cells.py:121-126 (grow_cell: refine_gap <= buffer + slack -> None) -> aerial3d/api.py:330-333,UNKNOWN:start_not_certified_free,PASS,stored_route_uv_0.1mm,1.512,True,UNKNOWN:start_not_certified_free,0.0,8352bdd37aab07a2,1.504,6.182,38.519,1.504,"start endpoint oracle clearance (row robot, 0.01 mm bisection)",True,,,,,,,,start,,,,,,,,,,,
S-F4S-00708,F4,S,cylinder,F4S-00708,EP-TOL,EP-FLOOR,by-tolerance,,goal is 1.50 mm clear of floor splat 5813409 (2σ top 18.49 mm); GMC's refined gap 0.512 mm ≤ buffer 1 mm + slack -> no endpoint cell,aerial3d/cells.py:121-126 (grow_cell: refine_gap <= buffer + slack -> None) -> aerial3d/api.py:330-333,UNKNOWN:goal_not_certified_free,PASS,stored_route_uv_0.1mm,1.512,True,UNKNOWN:goal_not_certified_free,0.0,8352bdd37aab07a2,6.592,1.504,20.184,1.504,"goal endpoint oracle clearance (row robot, 0.01 mm bisection)",True,,,,,,,,goal,,,,,,,,,,,
S-F4S-00718,F4,S,cylinder,F4S-00718,EP-TOL,EP-FLOOR,by-tolerance,,goal is 1.50 mm clear of floor splat 5813409 (2σ top 18.49 mm); GMC's refined gap 0.512 mm ≤ buffer 1 mm + slack -> no endpoint cell,aerial3d/cells.py:121-126 (grow_cell: refine_gap <= buffer + slack -> None) -> aerial3d/api.py:330-333,UNKNOWN:goal_not_certified_free,PASS,stored_route_uv_0.1mm,1.512,True,UNKNOWN:goal_not_certified_free,0.0,8352bdd37aab07a2,7.1,1.504,16.937,1.504,"goal endpoint oracle clearance (row robot, 0.01 mm bisection)",True,,,,,,,,goal,,,,,,,,,,,
S-F4S-00728,F4,S,cylinder,F4S-00728,EP-TOL,EP-FLOOR,by-tolerance,,start is 1.50 mm clear of floor splat 5813409 (2σ top 18.49 mm); GMC's refined gap 0.512 mm ≤ buffer 1 mm + slack -> no endpoint cell,aerial3d/cells.py:121-126 (grow_cell: refine_gap <= buffer + slack -> None) -> aerial3d/api.py:330-333,UNKNOWN:start_not_certified_free,PASS,stored_route_uv_0.1mm,1.512,True,UNKNOWN:start_not_certified_free,0.0,8352bdd37aab07a2,1.504,6.67,1.801,1.504,"start endpoint oracle clearance (row robot, 0.01 mm bisection)",True,,,,,,,,start,,,,,,,,,,,
S-F4S-00747,F4,S,cylinder,F4S-00747,EP-TOL,EP-FLOOR,by-tolerance,,start is 1.50 mm clear of floor splat 5813409 (2σ top 18.49 mm); GMC's refined gap 0.512 mm ≤ buffer 1 mm + slack -> no endpoint cell,aerial3d/cells.py:121-126 (grow_cell: refine_gap <= buffer + slack -> None) -> aerial3d/api.py:330-333,UNKNOWN:start_not_certified_free,PASS,stored_route_uv_0.1mm,1.512,True,UNKNOWN:start_not_certified_free,0.0,8352bdd37aab07a2,1.504,6.436,0.244,1.504,"start endpoint oracle clearance (row robot, 0.01 mm bisection)",True,,,,,,,,start,,,,,,,,,,,
S-F4S-00749,F4,S,cylinder,F4S-00749,EP-TOL,EP-FLOOR,by-tolerance,,goal is 1.50 mm clear of floor splat 5813409 (2σ top 18.49 mm); GMC's refined gap 0.512 mm ≤ buffer 1 mm + slack -> no endpoint cell,aerial3d/cells.py:121-126 (grow_cell: refine_gap <= buffer + slack -> None) -> aerial3d/api.py:330-333,UNKNOWN:goal_not_certified_free,PASS,stored_route_uv_0.1mm,1.512,True,UNKNOWN:goal_not_certified_free,0.0,8352bdd37aab07a2,6.309,1.504,49.103,1.504,"goal endpoint oracle clearance (row robot, 0.01 mm bisection)",True,,,,,,,,goal,,,,,,,,,,,
S-F4S-00750,F4,S,cylinder,F4S-00750,EP-TOL,EP-FLOOR,by-tolerance,,goal is 1.50 mm clear of floor splat 5813409 (2σ top 18.49 mm); GMC's refined gap 0.512 mm ≤ buffer 1 mm + slack -> no endpoint cell,aerial3d/cells.py:121-126 (grow_cell: refine_gap <= buffer + slack -> None) -> aerial3d/api.py:330-333,UNKNOWN:goal_not_certified_free,PASS,stored_route_uv_0.1mm,1.168,True,UNKNOWN:goal_not_certified_free,0.0,8352bdd37aab07a2,6.279,1.504,2.686,1.504,"goal endpoint oracle clearance (row robot, 0.01 mm bisection)",True,,,,,,,,goal,,,,,,,,,,,
S-F4S-00754,F4,S,cylinder,F4S-00754,EP-TOL,EP-FLOOR,by-tolerance,,goal is 1.50 mm clear of floor splat 5813409 (2σ top 18.49 mm); GMC's refined gap 0.512 mm ≤ buffer 1 mm + slack -> no endpoint cell,aerial3d/cells.py:121-126 (grow_cell: refine_gap <= buffer + slack -> None) -> aerial3d/api.py:330-333,UNKNOWN:goal_not_certified_free,PASS,stored_route_uv_0.1mm,1.512,True,UNKNOWN:goal_not_certified_free,0.0,8352bdd37aab07a2,6.611,1.504,9.662,1.504,"goal endpoint oracle clearance (row robot, 0.01 mm bisection)",True,,,,,,,,goal,,,,,,,,,,,
S-F4S-00759,F4,S,cylinder,F4S-00759,EP-TOL,EP-FLOOR,by-tolerance,,goal is 1.50 mm clear of floor splat 5813409 (2σ top 18.49 mm); GMC's refined gap 0.512 mm ≤ buffer 1 mm + slack -> no endpoint cell,aerial3d/cells.py:121-126 (grow_cell: refine_gap <= buffer + slack -> None) -> aerial3d/api.py:330-333,UNKNOWN:goal_not_certified_free,PASS,astar_rerun_exact_poses,1.349,True,UNKNOWN:goal_not_certified_free,0.0,8352bdd37aab07a2,6.182,1.504,0.031,1.504,"goal endpoint oracle clearance (row robot, 0.01 mm bisection)",True,,,,,,,,goal,,,,,,,,,,,
S-F4S-00761,F4,S,cylinder,F4S-00761,EP-TOL,EP-FLOOR,by-tolerance,,goal is 1.50 mm clear of floor splat 5813409 (2σ top 18.49 mm); GMC's refined gap 0.512 mm ≤ buffer 1 mm + slack -> no endpoint cell,aerial3d/cells.py:121-126 (grow_cell: refine_gap <= buffer + slack -> None) -> aerial3d/api.py:330-333,UNKNOWN:goal_not_certified_free,PASS,stored_route_uv_0.1mm,1.512,True,UNKNOWN:goal_not_certified_free,0.03,8352bdd37aab07a2,5.83,1.504,7.709,1.504,"goal endpoint oracle clearance (row robot, 0.01 mm bisection)",True,,,,,,,,goal,,,,,,,,,,,
S-F4S-00771,F4,S,cylinder,F4S-00771,EP-TOL,EP-FLOOR,by-tolerance,,start is 1.50 mm clear of floor splat 5813409 (2σ top 18.49 mm); GMC's refined gap 0.512 mm ≤ buffer 1 mm + slack -> no endpoint cell,aerial3d/cells.py:121-126 (grow_cell: refine_gap <= buffer + slack -> None) -> aerial3d/api.py:330-333,UNKNOWN:start_not_certified_free,PASS,stored_route_uv_0.1mm,1.512,True,UNKNOWN:start_not_certified_free,0.0,8352bdd37aab07a2,1.504,6.738,1.44,1.504,"start endpoint oracle clearance (row robot, 0.01 mm bisection)",True,,,,,,,,start,,,,,,,,,,,
S-F4S-00781,F4,S,cylinder,F4S-00781,EP-TOL,EP-FLOOR,by-tolerance,,start is 1.50 mm clear of floor splat 5813409 (2σ top 18.49 mm); GMC's refined gap 0.512 mm ≤ buffer 1 mm + slack -> no endpoint cell,aerial3d/cells.py:121-126 (grow_cell: refine_gap <= buffer + slack -> None) -> aerial3d/api.py:330-333,UNKNOWN:start_not_certified_free,PASS,stored_route_uv_0.1mm,1.512,True,UNKNOWN:start_not_certified_free,0.0,8352bdd37aab07a2,1.504,6.689,8.038,1.504,"start endpoint oracle clearance (row robot, 0.01 mm bisection)",True,,,,,,,,start,,,,,,,,,,,
S-F4S-00791,F4,S,cylinder,F4S-00791,EP-TOL,EP-FLOOR,by-tolerance,,goal is 1.50 mm clear of floor splat 5813409 (2σ top 18.49 mm); GMC's refined gap 0.512 mm ≤ buffer 1 mm + slack -> no endpoint cell,aerial3d/cells.py:121-126 (grow_cell: refine_gap <= buffer + slack -> None) -> aerial3d/api.py:330-333,UNKNOWN:goal_not_certified_free,PASS,stored_route_uv_0.1mm,1.512,True,UNKNOWN:goal_not_certified_free,0.0,8352bdd37aab07a2,6.572,1.504,19.409,1.504,"goal endpoint oracle clearance (row robot, 0.01 mm bisection)",True,,,,,,,,goal,,,,,,,,,,,
S-F4S-00796,F4,S,cylinder,F4S-00796,EP-TOL,EP-FLOOR,by-tolerance,,start is 1.50 mm clear of floor splat 5813409 (2σ top 18.49 mm); GMC's refined gap 0.512 mm ≤ buffer 1 mm + slack -> no endpoint cell,aerial3d/cells.py:121-126 (grow_cell: refine_gap <= buffer + slack -> None) -> aerial3d/api.py:330-333,UNKNOWN:start_not_certified_free,PASS,stored_route_uv_0.1mm,1.512,True,UNKNOWN:start_not_certified_free,0.0,8352bdd37aab07a2,1.504,6.26,32.941,1.504,"start endpoint oracle clearance (row robot, 0.01 mm bisection)",True,,,,,,,,start,,,,,,,,,,,
S-F4S-00798,F4,S,cylinder,F4S-00798,EP-TOL,EP-FLOOR,by-tolerance,,goal is 1.50 mm clear of floor splat 5813409 (2σ top 18.49 mm); GMC's refined gap 0.512 mm ≤ buffer 1 mm + slack -> no endpoint cell,aerial3d/cells.py:121-126 (grow_cell: refine_gap <= buffer + slack -> None) -> aerial3d/api.py:330-333,UNKNOWN:goal_not_certified_free,PASS,stored_route_uv_0.1mm,1.512,True,UNKNOWN:goal_not_certified_free,0.0,8352bdd37aab07a2,5.723,1.504,18.604,1.504,"goal endpoint oracle clearance (row robot, 0.01 mm bisection)",True,,,,,,,,goal,,,,,,,,,,,
S-F4S-00804,F4,S,cylinder,F4S-00804,EP-TOL,EP-FLOOR,by-tolerance,,goal is 1.62 mm clear of floor splat 5813409 (2σ top 18.49 mm); GMC's refined gap 0.630 mm ≤ buffer 1 mm + slack -> no endpoint cell,aerial3d/cells.py:121-126 (grow_cell: refine_gap <= buffer + slack -> None) -> aerial3d/api.py:330-333,UNKNOWN:goal_not_certified_free,PASS,stored_route_uv_0.1mm,1.512,True,UNKNOWN:goal_not_certified_free,0.0,8352bdd37aab07a2,7.09,1.621,1.965,1.621,"goal endpoint oracle clearance (row robot, 0.01 mm bisection)",True,,,,,,,,goal,,,,,,,,,,,
S-F4S-00818,F4,S,cylinder,F4S-00818,EP-TOL,EP-FLOOR,by-tolerance,,start is 1.50 mm clear of floor splat 5813409 (2σ top 18.49 mm); GMC's refined gap 0.512 mm ≤ buffer 1 mm + slack -> no endpoint cell,aerial3d/cells.py:121-126 (grow_cell: refine_gap <= buffer + slack -> None) -> aerial3d/api.py:330-333,UNKNOWN:start_not_certified_free,PASS,stored_route_uv_0.1mm,1.512,True,UNKNOWN:start_not_certified_free,0.0,8352bdd37aab07a2,1.504,6.113,43.414,1.504,"start endpoint oracle clearance (row robot, 0.01 mm bisection)",True,,,,,,,,start,,,,,,,,,,,
S-F4S-00821,F4,S,cylinder,F4S-00821,EP-TOL,EP-FLOOR,by-tolerance,,start is 1.50 mm clear of floor splat 5813409 (2σ top 18.49 mm); GMC's refined gap 0.512 mm ≤ buffer 1 mm + slack -> no endpoint cell,aerial3d/cells.py:121-126 (grow_cell: refine_gap <= buffer + slack -> None) -> aerial3d/api.py:330-333,UNKNOWN:start_not_certified_free,PASS,stored_route_uv_0.1mm,1.349,True,UNKNOWN:start_not_certified_free,0.0,8352bdd37aab07a2,1.504,6.025,3.888,1.504,"start endpoint oracle clearance (row robot, 0.01 mm bisection)",True,,,,,,,,start,,,,,,,,,,,
S-F4S-00822,F4,S,cylinder,F4S-00822,EP-TOL,EP-FLOOR,by-tolerance,,start is 1.86 mm clear of floor splat 5891153 (2σ top 30.64 mm); GMC's refined gap 0.869 mm ≤ buffer 1 mm + slack -> no endpoint cell,aerial3d/cells.py:121-126 (grow_cell: refine_gap <= buffer + slack -> None) -> aerial3d/api.py:330-333,UNKNOWN:start_not_certified_free,PASS,stored_route_uv_0.1mm,1.352,True,UNKNOWN:start_not_certified_free,0.0,8352bdd37aab07a2,1.865,6.133,13.379,1.865,"start endpoint oracle clearance (row robot, 0.01 mm bisection)",True,,,,,,,,start,,,,,,,,,,,
S-F4S-00833,F4,S,cylinder,F4S-00833,EP-TOL,EP-FLOOR,by-tolerance,,start is 1.50 mm clear of floor splat 5813409 (2σ top 18.49 mm); GMC's refined gap 0.512 mm ≤ buffer 1 mm + slack -> no endpoint cell,aerial3d/cells.py:121-126 (grow_cell: refine_gap <= buffer + slack -> None) -> aerial3d/api.py:330-333,UNKNOWN:start_not_certified_free,PASS,stored_route_uv_0.1mm,1.512,True,UNKNOWN:start_not_certified_free,0.0,8352bdd37aab07a2,1.504,5.996,31.653,1.504,"start endpoint oracle clearance (row robot, 0.01 mm bisection)",True,,,,,,,,start,,,,,,,,,,,
S-F4S-00836,F4,S,cylinder,F4S-00836,EP-TOL,EP-FLOOR,by-tolerance,,start is 1.50 mm clear of floor splat 5813409 (2σ top 18.49 mm); GMC's refined gap 0.512 mm ≤ buffer 1 mm + slack -> no endpoint cell,aerial3d/cells.py:121-126 (grow_cell: refine_gap <= buffer + slack -> None) -> aerial3d/api.py:330-333,UNKNOWN:start_not_certified_free,PASS,stored_route_uv_0.1mm,1.512,True,UNKNOWN:start_not_certified_free,0.0,8352bdd37aab07a2,1.504,6.367,26.385,1.504,"start endpoint oracle clearance (row robot, 0.01 mm bisection)",True,,,,,,,,start,,,,,,,,,,,
S-F4S-00839,F4,S,cylinder,F4S-00839,EP-TOL,EP-FLOOR,by-tolerance,,start is 1.50 mm clear of floor splat 5813409 (2σ top 18.49 mm); GMC's refined gap 0.512 mm ≤ buffer 1 mm + slack -> no endpoint cell,aerial3d/cells.py:121-126 (grow_cell: refine_gap <= buffer + slack -> None) -> aerial3d/api.py:330-333,UNKNOWN:start_not_certified_free,PASS,stored_route_uv_0.1mm,1.512,True,UNKNOWN:start_not_certified_free,0.0,8352bdd37aab07a2,1.504,6.787,0.439,1.504,"start endpoint oracle clearance (row robot, 0.01 mm bisection)",True,,,,,,,,start,,,,,,,,,,,
S-F4S-00842,F4,S,cylinder,F4S-00842,EP-TOL,EP-FLOOR,by-tolerance,,start is 1.73 mm clear of floor splat 5813409 (2σ top 18.49 mm); GMC's refined gap 0.733 mm ≤ buffer 1 mm + slack -> no endpoint cell,aerial3d/cells.py:121-126 (grow_cell: refine_gap <= buffer + slack -> None) -> aerial3d/api.py:330-333,UNKNOWN:start_not_certified_free,PASS,stored_route_uv_0.1mm,1.512,True,UNKNOWN:start_not_certified_free,0.0,8352bdd37aab07a2,1.729,7.393,19.934,1.729,"start endpoint oracle clearance (row robot, 0.01 mm bisection)",True,,,,,,,,start,,,,,,,,,,,
S-F4S-00845,F4,S,cylinder,F4S-00845,EP-TOL,EP-FLOOR,by-tolerance,,goal is 1.50 mm clear of floor splat 5813409 (2σ top 18.49 mm); GMC's refined gap 0.512 mm ≤ buffer 1 mm + slack -> no endpoint cell,aerial3d/cells.py:121-126 (grow_cell: refine_gap <= buffer + slack -> None) -> aerial3d/api.py:330-333,UNKNOWN:goal_not_certified_free,PASS,stored_route_uv_0.1mm,1.132,True,UNKNOWN:goal_not_certified_free,0.0,8352bdd37aab07a2,6.396,1.504,1.819,1.504,"goal endpoint oracle clearance (row robot, 0.01 mm bisection)",True,,,,,,,,goal,,,,,,,,,,,
S-F4S-00850,F4,S,cylinder,F4S-00850,EP-TOL,EP-FLOOR,by-tolerance,,goal is 1.02 mm clear of floor splat 5728891 (2σ top 55.11 mm); GMC's refined gap 0.022 mm ≤ buffer 1 mm + slack -> no endpoint cell,aerial3d/cells.py:121-126 (grow_cell: refine_gap <= buffer + slack -> None) -> aerial3d/api.py:330-333,UNKNOWN:goal_not_certified_free,PASS,stored_route_uv_0.1mm,1.009,True,UNKNOWN:goal_not_certified_free,0.0,8352bdd37aab07a2,8.73,1.016,0.36,1.016,"goal endpoint oracle clearance (row robot, 0.01 mm bisection)",True,,,,,,,,goal,,,,,,,,,,,
S-F4S-00851,F4,S,cylinder,F4S-00851,EP-TOL,EP-FLOOR,by-tolerance,,start is 1.50 mm clear of floor splat 5813409 (2σ top 18.49 mm); GMC's refined gap 0.512 mm ≤ buffer 1 mm + slack -> no endpoint cell,aerial3d/cells.py:121-126 (grow_cell: refine_gap <= buffer + slack -> None) -> aerial3d/api.py:330-333,UNKNOWN:start_not_certified_free,PASS,stored_route_uv_0.1mm,1.512,True,UNKNOWN:start_not_certified_free,0.0,8352bdd37aab07a2,1.504,5.869,37.024,1.504,"start endpoint oracle clearance (row robot, 0.01 mm bisection)",True,,,,,,,,start,,,,,,,,,,,
S-F4S-00852,F4,S,cylinder,F4S-00852,EP-TOL,EP-FLOOR,by-tolerance,,start is 1.50 mm clear of floor splat 5813409 (2σ top 18.49 mm); GMC's refined gap 0.512 mm ≤ buffer 1 mm + slack -> no endpoint cell,aerial3d/cells.py:121-126 (grow_cell: refine_gap <= buffer + slack -> None) -> aerial3d/api.py:330-333,UNKNOWN:start_not_certified_free,PASS,stored_route_uv_0.1mm,1.512,True,UNKNOWN:start_not_certified_free,0.0,8352bdd37aab07a2,1.504,7.1,9.015,1.504,"start endpoint oracle clearance (row robot, 0.01 mm bisection)",True,,,,,,,,start,,,,,,,,,,,
S-F4S-00860,F4,S,cylinder,F4S-00860,EP-TOL,EP-FLOOR,by-tolerance,,goal is 1.50 mm clear of floor splat 5813409 (2σ top 18.49 mm); GMC's refined gap 0.512 mm ≤ buffer 1 mm + slack -> no endpoint cell,aerial3d/cells.py:121-126 (grow_cell: refine_gap <= buffer + slack -> None) -> aerial3d/api.py:330-333,UNKNOWN:goal_not_certified_free,PASS,stored_route_uv_0.1mm,1.512,True,UNKNOWN:goal_not_certified_free,0.0,8352bdd37aab07a2,6.201,1.504,19.281,1.504,"goal endpoint oracle clearance (row robot, 0.01 mm bisection)",True,,,,,,,,goal,,,,,,,,,,,
S-F4S-00861,F4,S,cylinder,F4S-00861,EP-TOL,EP-FLOOR,by-tolerance,,goal is 1.50 mm clear of floor splat 5813409 (2σ top 18.49 mm); GMC's refined gap 0.512 mm ≤ buffer 1 mm + slack -> no endpoint cell,aerial3d/cells.py:121-126 (grow_cell: refine_gap <= buffer + slack -> None) -> aerial3d/api.py:330-333,UNKNOWN:goal_not_certified_free,PASS,stored_route_uv_0.1mm,1.204,True,UNKNOWN:goal_not_certified_free,0.0,8352bdd37aab07a2,6.563,1.504,41.638,1.504,"goal endpoint oracle clearance (row robot, 0.01 mm bisection)",True,,,,,,,,goal,,,,,,,,,,,
S-F4S-00867,F4,S,cylinder,F4S-00867,EP-TOL,EP-FLOOR,by-tolerance,,start is 1.50 mm clear of floor splat 5813409 (2σ top 18.49 mm); GMC's refined gap 0.512 mm ≤ buffer 1 mm + slack -> no endpoint cell,aerial3d/cells.py:121-126 (grow_cell: refine_gap <= buffer + slack -> None) -> aerial3d/api.py:330-333,UNKNOWN:start_not_certified_free,PASS,stored_route_uv_0.1mm,1.512,True,UNKNOWN:start_not_certified_free,0.0,8352bdd37aab07a2,1.504,6.24,47.15,1.504,"start endpoint oracle clearance (row robot, 0.01 mm bisection)",True,,,,,,,,start,,,,,,,,,,,
S-F4S-00868,F4,S,cylinder,F4S-00868,EP-TOL,EP-FLOOR,by-tolerance,,goal is 1.50 mm clear of floor splat 5813409 (2σ top 18.49 mm); GMC's refined gap 0.512 mm ≤ buffer 1 mm + slack -> no endpoint cell,aerial3d/cells.py:121-126 (grow_cell: refine_gap <= buffer + slack -> None) -> aerial3d/api.py:330-333,UNKNOWN:goal_not_certified_free,PASS,stored_route_uv_0.1mm,1.512,True,UNKNOWN:goal_not_certified_free,0.0,8352bdd37aab07a2,6.465,1.504,10.938,1.504,"goal endpoint oracle clearance (row robot, 0.01 mm bisection)",True,,,,,,,,goal,,,,,,,,,,,
S-F4S-00873,F4,S,cylinder,F4S-00873,EP-TOL,EP-FLOOR,by-tolerance,,goal is 1.67 mm clear of floor splat 5813409 (2σ top 18.49 mm); GMC's refined gap 0.512 mm ≤ buffer 1 mm + slack -> no endpoint cell,aerial3d/cells.py:121-126 (grow_cell: refine_gap <= buffer + slack -> None) -> aerial3d/api.py:330-333,UNKNOWN:goal_not_certified_free,PASS,stored_route_uv_0.1mm,1.512,True,UNKNOWN:goal_not_certified_free,0.0,8352bdd37aab07a2,6.172,1.67,0.513,1.67,"goal endpoint oracle clearance (row robot, 0.01 mm bisection)",True,,,,,,,,goal,,,,,,,,,,,
S-F4S-00876,F4,S,cylinder,F4S-00876,EP-TOL,EP-FLOOR,by-tolerance,,goal is 1.50 mm clear of floor splat 5813409 (2σ top 18.49 mm); GMC's refined gap 0.512 mm ≤ buffer 1 mm + slack -> no endpoint cell,aerial3d/cells.py:121-126 (grow_cell: refine_gap <= buffer + slack -> None) -> aerial3d/api.py:330-333,UNKNOWN:goal_not_certified_free,PASS,stored_route_uv_0.1mm,1.512,True,UNKNOWN:goal_not_certified_free,0.0,8352bdd37aab07a2,6.719,1.504,0.677,1.504,"goal endpoint oracle clearance (row robot, 0.01 mm bisection)",True,,,,,,,,goal,,,,,,,,,,,
S-F4S-00892,F4,S,cylinder,F4S-00892,EP-TOL,EP-FLOOR,by-tolerance,,start is 1.50 mm clear of floor splat 5813409 (2σ top 18.49 mm); GMC's refined gap 0.512 mm ≤ buffer 1 mm + slack -> no endpoint cell,aerial3d/cells.py:121-126 (grow_cell: refine_gap <= buffer + slack -> None) -> aerial3d/api.py:330-333,UNKNOWN:start_not_certified_free,PASS,stored_route_uv_0.1mm,1.512,True,UNKNOWN:start_not_certified_free,0.0,8352bdd37aab07a2,1.504,6.504,4.236,1.504,"start endpoint oracle clearance (row robot, 0.01 mm bisection)",True,,,,,,,,start,,,,,,,,,,,
S-F4S-00894,F4,S,cylinder,F4S-00894,EP-TOL,EP-FLOOR,by-tolerance,,goal is 1.50 mm clear of floor splat 5813409 (2σ top 18.49 mm); GMC's refined gap 0.512 mm ≤ buffer 1 mm + slack -> no endpoint cell,aerial3d/cells.py:121-126 (grow_cell: refine_gap <= buffer + slack -> None) -> aerial3d/api.py:330-333,UNKNOWN:goal_not_certified_free,PASS,stored_route_uv_0.1mm,1.512,True,UNKNOWN:goal_not_certified_free,0.0,8352bdd37aab07a2,6.23,1.504,5.499,1.504,"goal endpoint oracle clearance (row robot, 0.01 mm bisection)",True,,,,,,,,goal,,,,,,,,,,,
S-F4S-00899,F4,S,cylinder,F4S-00899,EP-TOL,EP-FLOOR,by-tolerance,,start is 1.50 mm clear of floor splat 5813409 (2σ top 18.49 mm); GMC's refined gap 0.512 mm ≤ buffer 1 mm + slack -> no endpoint cell,aerial3d/cells.py:121-126 (grow_cell: refine_gap <= buffer + slack -> None) -> aerial3d/api.py:330-333,UNKNOWN:start_not_certified_free,PASS,stored_route_uv_0.1mm,1.512,True,UNKNOWN:start_not_certified_free,0.0,8352bdd37aab07a2,1.504,6.064,12.463,1.504,"start endpoint oracle clearance (row robot, 0.01 mm bisection)",True,,,,,,,,start,,,,,,,,,,,
S-F4S-00907,F4,S,cylinder,F4S-00907,EP-TOL,EP-FLOOR,by-tolerance,,goal is 1.90 mm clear of floor splat 5813409 (2σ top 18.49 mm); GMC's refined gap 0.903 mm ≤ buffer 1 mm + slack -> no endpoint cell,aerial3d/cells.py:121-126 (grow_cell: refine_gap <= buffer + slack -> None) -> aerial3d/api.py:330-333,UNKNOWN:goal_not_certified_free,PASS,stored_route_uv_0.1mm,1.512,True,UNKNOWN:goal_not_certified_free,0.03,8352bdd37aab07a2,4.609,1.895,15.009,1.895,"goal endpoint oracle clearance (row robot, 0.01 mm bisection)",True,,,,,,,,goal,,,,,,,,,,,
S-F4S-00912,F4,S,cylinder,F4S-00912,EP-TOL,EP-FLOOR,by-tolerance,,start is 1.50 mm clear of floor splat 5813409 (2σ top 18.49 mm); GMC's refined gap 0.512 mm ≤ buffer 1 mm + slack -> no endpoint cell,aerial3d/cells.py:121-126 (grow_cell: refine_gap <= buffer + slack -> None) -> aerial3d/api.py:330-333,UNKNOWN:start_not_certified_free,PASS,stored_route_uv_0.1mm,1.403,True,UNKNOWN:start_not_certified_free,0.0,8352bdd37aab07a2,1.504,6.055,2.386,1.504,"start endpoint oracle clearance (row robot, 0.01 mm bisection)",True,,,,,,,,start,,,,,,,,,,,
S-F4S-00917,F4,S,cylinder,F4S-00917,EP-TOL,EP-FLOOR,by-tolerance,,start is 1.50 mm clear of floor splat 5813409 (2σ top 18.49 mm); GMC's refined gap 0.512 mm ≤ buffer 1 mm + slack -> no endpoint cell,aerial3d/cells.py:121-126 (grow_cell: refine_gap <= buffer + slack -> None) -> aerial3d/api.py:330-333,UNKNOWN:start_not_certified_free,PASS,stored_route_uv_0.1mm,1.512,True,UNKNOWN:start_not_certified_free,0.0,8352bdd37aab07a2,1.504,6.201,1.636,1.504,"start endpoint oracle clearance (row robot, 0.01 mm bisection)",True,,,,,,,,start,,,,,,,,,,,
S-F4S-00921,F4,S,cylinder,F4S-00921,EP-TOL,EP-FLOOR,by-tolerance,,start is 1.50 mm clear of floor splat 5813409 (2σ top 18.49 mm); GMC's refined gap 0.512 mm ≤ buffer 1 mm + slack -> no endpoint cell,aerial3d/cells.py:121-126 (grow_cell: refine_gap <= buffer + slack -> None) -> aerial3d/api.py:330-333,UNKNOWN:start_not_certified_free,PASS,stored_route_uv_0.1mm,1.312,True,UNKNOWN:start_not_certified_free,0.0,8352bdd37aab07a2,1.504,6.025,1.331,1.504,"start endpoint oracle clearance (row robot, 0.01 mm bisection)",True,,,,,,,,start,,,,,,,,,,,
S-F4S-00922,F4,S,cylinder,F4S-00922,EP-TOL,EP-FLOOR,by-tolerance,,start is 1.50 mm clear of floor splat 5813409 (2σ top 18.49 mm); GMC's refined gap 0.512 mm ≤ buffer 1 mm + slack -> no endpoint cell,aerial3d/cells.py:121-126 (grow_cell: refine_gap <= buffer + slack -> None) -> aerial3d/api.py:330-333,UNKNOWN:start_not_certified_free,PASS,stored_route_uv_0.1mm,1.512,True,UNKNOWN:start_not_certified_free,0.0,8352bdd37aab07a2,1.504,6.553,48.907,1.504,"start endpoint oracle clearance (row robot, 0.01 mm bisection)",True,,,,,,,,start,,,,,,,,,,,
S-F4S-00923,F4,S,cylinder,F4S-00923,EP-TOL,EP-FLOOR,by-tolerance,,start is 1.50 mm clear of floor splat 5813409 (2σ top 18.49 mm); GMC's refined gap 0.512 mm ≤ buffer 1 mm + slack -> no endpoint cell,aerial3d/cells.py:121-126 (grow_cell: refine_gap <= buffer + slack -> None) -> aerial3d/api.py:330-333,UNKNOWN:start_not_certified_free,PASS,stored_route_uv_0.1mm,1.17,True,UNKNOWN:start_not_certified_free,0.0,8352bdd37aab07a2,1.504,5.752,0.244,1.504,"start endpoint oracle clearance (row robot, 0.01 mm bisection)",True,,,,,,,,start,,,,,,,,,,,
S-F4S-00936,F4,S,cylinder,F4S-00936,EP-TOL,EP-FLOOR,by-tolerance,,goal is 1.50 mm clear of floor splat 5813409 (2σ top 18.49 mm); GMC's refined gap 0.512 mm ≤ buffer 1 mm + slack -> no endpoint cell,aerial3d/cells.py:121-126 (grow_cell: refine_gap <= buffer + slack -> None) -> aerial3d/api.py:330-333,UNKNOWN:goal_not_certified_free,PASS,stored_route_uv_0.1mm,1.512,True,UNKNOWN:goal_not_certified_free,0.0,8352bdd37aab07a2,6.934,1.504,19.183,1.504,"goal endpoint oracle clearance (row robot, 0.01 mm bisection)",True,,,,,,,,goal,,,,,,,,,,,
S-F4S-00945,F4,S,cylinder,F4S-00945,EP-TOL,EP-FLOOR,by-tolerance,,start is 1.50 mm clear of floor splat 5813409 (2σ top 18.49 mm); GMC's refined gap 0.512 mm ≤ buffer 1 mm + slack -> no endpoint cell,aerial3d/cells.py:121-126 (grow_cell: refine_gap <= buffer + slack -> None) -> aerial3d/api.py:330-333,UNKNOWN:start_not_certified_free,PASS,stored_route_uv_0.1mm,1.512,True,UNKNOWN:start_not_certified_free,0.0,8352bdd37aab07a2,1.504,6.025,14.838,1.504,"start endpoint oracle clearance (row robot, 0.01 mm bisection)",True,,,,,,,,start,,,,,,,,,,,
S-F4S-00948,F4,S,cylinder,F4S-00948,EP-TOL,EP-FLOOR,by-tolerance,,goal is 1.50 mm clear of floor splat 5813409 (2σ top 18.49 mm); GMC's refined gap 0.512 mm ≤ buffer 1 mm + slack -> no endpoint cell,aerial3d/cells.py:121-126 (grow_cell: refine_gap <= buffer + slack -> None) -> aerial3d/api.py:330-333,UNKNOWN:goal_not_certified_free,PASS,stored_route_uv_0.1mm,1.06,True,UNKNOWN:goal_not_certified_free,0.0,8352bdd37aab07a2,6.748,1.504,23.486,1.504,"goal endpoint oracle clearance (row robot, 0.01 mm bisection)",True,,,,,,,,goal,,,,,,,,,,,
S-F4S-00953,F4,S,cylinder,F4S-00953,EP-TOL,EP-FLOOR,by-tolerance,,goal is 1.50 mm clear of floor splat 5813409 (2σ top 18.49 mm); GMC's refined gap 0.512 mm ≤ buffer 1 mm + slack -> no endpoint cell,aerial3d/cells.py:121-126 (grow_cell: refine_gap <= buffer + slack -> None) -> aerial3d/api.py:330-333,UNKNOWN:goal_not_certified_free,PASS,stored_route_uv_0.1mm,1.512,True,UNKNOWN:goal_not_certified_free,0.0,8352bdd37aab07a2,6.816,1.504,1.129,1.504,"goal endpoint oracle clearance (row robot, 0.01 mm bisection)",True,,,,,,,,goal,,,,,,,,,,,
S-F4S-00955,F4,S,cylinder,F4S-00955,EP-TOL,EP-FLOOR,by-tolerance,,start is 1.50 mm clear of floor splat 5813409 (2σ top 18.49 mm); GMC's refined gap 0.512 mm ≤ buffer 1 mm + slack -> no endpoint cell,aerial3d/cells.py:121-126 (grow_cell: refine_gap <= buffer + slack -> None) -> aerial3d/api.py:330-333,UNKNOWN:start_not_certified_free,PASS,stored_route_uv_0.1mm,1.512,True,UNKNOWN:start_not_certified_free,0.0,8352bdd37aab07a2,1.504,5.889,20.447,1.504,"start endpoint oracle clearance (row robot, 0.01 mm bisection)",True,,,,,,,,start,,,,,,,,,,,
S-F4S-00957,F4,S,cylinder,F4S-00957,EP-TOL,EP-FLOOR,by-tolerance,,goal is 1.50 mm clear of floor splat 5813409 (2σ top 18.49 mm); GMC's refined gap 0.512 mm ≤ buffer 1 mm + slack -> no endpoint cell,aerial3d/cells.py:121-126 (grow_cell: refine_gap <= buffer + slack -> None) -> aerial3d/api.py:330-333,UNKNOWN:goal_not_certified_free,PASS,stored_route_uv_0.1mm,1.349,True,UNKNOWN:goal_not_certified_free,0.0,8352bdd37aab07a2,6.211,1.504,4.034,1.504,"goal endpoint oracle clearance (row robot, 0.01 mm bisection)",True,,,,,,,,goal,,,,,,,,,,,
S-F4S-00958,F4,S,cylinder,F4S-00958,EP-TOL,EP-FLOOR,by-tolerance,,goal is 1.50 mm clear of floor splat 5813409 (2σ top 18.49 mm); GMC's refined gap 0.512 mm ≤ buffer 1 mm + slack -> no endpoint cell,aerial3d/cells.py:121-126 (grow_cell: refine_gap <= buffer + slack -> None) -> aerial3d/api.py:330-333,UNKNOWN:goal_not_certified_free,PASS,stored_route_uv_0.1mm,1.512,True,UNKNOWN:goal_not_certified_free,0.0,8352bdd37aab07a2,7.09,1.504,52.466,1.504,"goal endpoint oracle clearance (row robot, 0.01 mm bisection)",True,,,,,,,,goal,,,,,,,,,,,
S-F4S-00959,F4,S,cylinder,F4S-00959,EP-TOL,EP-FLOOR,by-tolerance,,start is 1.50 mm clear of floor splat 5813409 (2σ top 18.49 mm); GMC's refined gap 0.512 mm ≤ buffer 1 mm + slack -> no endpoint cell,aerial3d/cells.py:121-126 (grow_cell: refine_gap <= buffer + slack -> None) -> aerial3d/api.py:330-333,UNKNOWN:start_not_certified_free,PASS,stored_route_uv_0.1mm,1.512,True,UNKNOWN:start_not_certified_free,0.0,8352bdd37aab07a2,1.504,6.377,1.025,1.504,"start endpoint oracle clearance (row robot, 0.01 mm bisection)",True,,,,,,,,start,,,,,,,,,,,
S-F4S-00967,F4,S,cylinder,F4S-00967,EP-TOL,EP-FLOOR,by-tolerance,,start is 1.29 mm clear of floor splat 5891318 (2σ top 30.57 mm); GMC's refined gap 0.290 mm ≤ buffer 1 mm + slack -> no endpoint cell,aerial3d/cells.py:121-126 (grow_cell: refine_gap <= buffer + slack -> None) -> aerial3d/api.py:330-333,UNKNOWN:start_not_certified_free,PASS,stored_route_uv_0.1mm,1.094,True,UNKNOWN:start_not_certified_free,0.0,8352bdd37aab07a2,1.289,1.611,4.645,1.289,"start endpoint oracle clearance (row robot, 0.01 mm bisection)",True,,,,,,,,start,,,,,,,,,,,
S-F4S-00973,F4,S,cylinder,F4S-00973,EP-TOL,EP-FLOOR,by-tolerance,,start is 1.50 mm clear of floor splat 5813409 (2σ top 18.49 mm); GMC's refined gap 0.512 mm ≤ buffer 1 mm + slack -> no endpoint cell,aerial3d/cells.py:121-126 (grow_cell: refine_gap <= buffer + slack -> None) -> aerial3d/api.py:330-333,UNKNOWN:start_not_certified_free,PASS,stored_route_uv_0.1mm,1.512,True,UNKNOWN:start_not_certified_free,0.0,8352bdd37aab07a2,1.504,6.416,1.215,1.504,"start endpoint oracle clearance (row robot, 0.01 mm bisection)",True,,,,,,,,start,,,,,,,,,,,
S-F4S-00975,F4,S,cylinder,F4S-00975,EP-TOL,EP-FLOOR,by-tolerance,,goal is 1.50 mm clear of floor splat 5813409 (2σ top 18.49 mm); GMC's refined gap 0.512 mm ≤ buffer 1 mm + slack -> no endpoint cell,aerial3d/cells.py:121-126 (grow_cell: refine_gap <= buffer + slack -> None) -> aerial3d/api.py:330-333,UNKNOWN:goal_not_certified_free,PASS,stored_route_uv_0.1mm,1.512,True,UNKNOWN:goal_not_certified_free,0.0,8352bdd37aab07a2,6.855,1.504,0.885,1.504,"goal endpoint oracle clearance (row robot, 0.01 mm bisection)",True,,,,,,,,goal,,,,,,,,,,,
S-F4S-00979,F4,S,cylinder,F4S-00979,EP-TOL,EP-FLOOR,by-tolerance,,start is 1.50 mm clear of floor splat 5813409 (2σ top 18.49 mm); GMC's refined gap 0.512 mm ≤ buffer 1 mm + slack -> no endpoint cell,aerial3d/cells.py:121-126 (grow_cell: refine_gap <= buffer + slack -> None) -> aerial3d/api.py:330-333,UNKNOWN:start_not_certified_free,PASS,stored_route_uv_0.1mm,1.512,True,UNKNOWN:start_not_certified_free,0.0,8352bdd37aab07a2,1.504,6.65,47.229,1.504,"start endpoint oracle clearance (row robot, 0.01 mm bisection)",True,,,,,,,,start,,,,,,,,,,,
S-F4S-00985,F4,S,cylinder,F4S-00985,EP-TOL,EP-FLOOR,by-tolerance,,start is 1.50 mm clear of floor splat 5813409 (2σ top 18.49 mm); GMC's refined gap 0.512 mm ≤ buffer 1 mm + slack -> no endpoint cell,aerial3d/cells.py:121-126 (grow_cell: refine_gap <= buffer + slack -> None) -> aerial3d/api.py:330-333,UNKNOWN:start_not_certified_free,PASS,stored_route_uv_0.1mm,1.349,True,UNKNOWN:start_not_certified_free,0.01,8352bdd37aab07a2,1.504,5.82,5.414,1.504,"start endpoint oracle clearance (row robot, 0.01 mm bisection)",True,,,,,,,,start,,,,,,,,,,,
S-F4S-00988,F4,S,cylinder,F4S-00988,EP-TOL,EP-FLOOR,by-tolerance,,goal is 1.50 mm clear of floor splat 5813409 (2σ top 18.49 mm); GMC's refined gap 0.512 mm ≤ buffer 1 mm + slack -> no endpoint cell,aerial3d/cells.py:121-126 (grow_cell: refine_gap <= buffer + slack -> None) -> aerial3d/api.py:330-333,UNKNOWN:goal_not_certified_free,PASS,stored_route_uv_0.1mm,1.512,True,UNKNOWN:goal_not_certified_free,0.0,8352bdd37aab07a2,7.373,1.504,85.699,1.504,"goal endpoint oracle clearance (row robot, 0.01 mm bisection)",True,,,,,,,,goal,,,,,,,,,,,
S-F4S-00994,F4,S,cylinder,F4S-00994,EP-TOL,EP-FLOOR,by-tolerance,,start is 1.61 mm clear of floor splat 5813409 (2σ top 18.49 mm); GMC's refined gap 0.612 mm ≤ buffer 1 mm + slack -> no endpoint cell,aerial3d/cells.py:121-126 (grow_cell: refine_gap <= buffer + slack -> None) -> aerial3d/api.py:330-333,UNKNOWN:start_not_certified_free,PASS,stored_route_uv_0.1mm,1.512,True,UNKNOWN:start_not_certified_free,0.0,8352bdd37aab07a2,1.611,7.021,77.301,1.611,"start endpoint oracle clearance (row robot, 0.01 mm bisection)",True,,,,,,,,start,,,,,,,,,,,
S-F4S-00995,F4,S,cylinder,F4S-00995,EP-TOL,EP-FLOOR,by-tolerance,,goal is 1.50 mm clear of floor splat 5813409 (2σ top 18.49 mm); GMC's refined gap 0.512 mm ≤ buffer 1 mm + slack -> no endpoint cell,aerial3d/cells.py:121-126 (grow_cell: refine_gap <= buffer + slack -> None) -> aerial3d/api.py:330-333,UNKNOWN:goal_not_certified_free,PASS,stored_route_uv_0.1mm,1.512,True,UNKNOWN:goal_not_certified_free,0.0,8352bdd37aab07a2,5.684,1.504,32.379,1.504,"goal endpoint oracle clearance (row robot, 0.01 mm bisection)",True,,,,,,,,goal,,,,,,,,,,,
S-F4S-00996,F4,S,cylinder,F4S-00996,EP-TOL,EP-FLOOR,by-tolerance,,goal is 1.50 mm clear of floor splat 5813409 (2σ top 18.49 mm); GMC's refined gap 0.512 mm ≤ buffer 1 mm + slack -> no endpoint cell,aerial3d/cells.py:121-126 (grow_cell: refine_gap <= buffer + slack -> None) -> aerial3d/api.py:330-333,UNKNOWN:goal_not_certified_free,PASS,stored_route_uv_0.1mm,1.512,True,UNKNOWN:goal_not_certified_free,0.0,8352bdd37aab07a2,5.752,1.504,15.454,1.504,"goal endpoint oracle clearance (row robot, 0.01 mm bisection)",True,,,,,,,,goal,,,,,,,,,,,
S-F4S-00999,F4,S,cylinder,F4S-00999,EP-TOL,EP-FLOOR,by-tolerance,,start is 1.15 mm clear of floor splat 5891153 (2σ top 30.64 mm); GMC's refined gap 0.159 mm ≤ buffer 1 mm + slack -> no endpoint cell,aerial3d/cells.py:121-126 (grow_cell: refine_gap <= buffer + slack -> None) -> aerial3d/api.py:330-333,UNKNOWN:start_not_certified_free,PASS,stored_route_uv_0.1mm,1.077,True,UNKNOWN:start_not_certified_free,0.0,8352bdd37aab07a2,1.152,7.539,12.006,1.152,"start endpoint oracle clearance (row robot, 0.01 mm bisection)",True,,,,,,,,start,,,,,,,,,,,
WWEST-F4X-00004,F4,WWEST,cylinder,F4X-00004,EP-TOL,EP-FLOOR,by-tolerance,,start is 1.97 mm clear of floor splat 5496444 (2σ top 18.03 mm); GMC's refined gap 0.974 mm ≤ buffer 1 mm + slack -> no endpoint cell,aerial3d/cells.py:121-126 (grow_cell: refine_gap <= buffer + slack -> None) -> aerial3d/api.py:330-333,UNKNOWN:start_not_certified_free,PASS,stored_route_uv_0.1mm,1.094,True,UNKNOWN:start_not_certified_free,0.33,549453247f5cf37a,1.973,19.99,100.0,1.973,"start endpoint oracle clearance (row robot, 0.01 mm bisection)",True,,,,,,,,start,,,,,,,,,,,
WWEST-F4X-00019,F4,WWEST,cylinder,F4X-00019,EP-TOL,EP-FLOOR,by-tolerance,,start is 1.69 mm clear of floor splat 5336712 (2σ top 19.09 mm); GMC's refined gap 0.695 mm ≤ buffer 1 mm + slack -> no endpoint cell,aerial3d/cells.py:121-126 (grow_cell: refine_gap <= buffer + slack -> None) -> aerial3d/api.py:330-333,UNKNOWN:start_not_certified_free,PASS,stored_route_uv_0.1mm,1.225,True,UNKNOWN:start_not_certified_free,0.13,549453247f5cf37a,1.689,19.99,100.0,1.689,"start endpoint oracle clearance (row robot, 0.01 mm bisection)",True,,,,,,,,start,,,,,,,,,,,
WWEST-F4X-00020,F4,WWEST,cylinder,F4X-00020,EP-TOL,EP-FLOOR,by-tolerance,,start is 1.95 mm clear of floor splat 5337920 (2σ top 18.04 mm); GMC's refined gap 0.962 mm ≤ buffer 1 mm + slack -> no endpoint cell,aerial3d/cells.py:121-126 (grow_cell: refine_gap <= buffer + slack -> None) -> aerial3d/api.py:330-333,UNKNOWN:start_not_certified_free,PASS,stored_route_uv_0.1mm,1.003,True,UNKNOWN:start_not_certified_free,0.14,549453247f5cf37a,1.953,19.99,100.0,1.953,"start endpoint oracle clearance (row robot, 0.01 mm bisection)",True,,,,,,,,start,,,,,,,,,,,
WWEST-F4X-00024,F4,WWEST,cylinder,F4X-00024,EP-TOL,EP-FLOOR,by-tolerance,,goal is 1.97 mm clear of floor splat 5496444 (2σ top 18.03 mm); GMC's refined gap 0.974 mm ≤ buffer 1 mm + slack -> no endpoint cell,aerial3d/cells.py:121-126 (grow_cell: refine_gap <= buffer + slack -> None) -> aerial3d/api.py:330-333,UNKNOWN:goal_not_certified_free,PASS,stored_route_uv_0.1mm,1.974,True,UNKNOWN:goal_not_certified_free,0.13,549453247f5cf37a,19.99,1.973,88.892,1.973,"goal endpoint oracle clearance (row robot, 0.01 mm bisection)",True,,,,,,,,goal,,,,,,,,,,,
WWEST-F4X-00038,F4,WWEST,cylinder,F4X-00038,EP-TOL,EP-FLOOR,by-tolerance,,start is 1.27 mm clear of floor splat 5336509 (2σ top 19.46 mm); GMC's refined gap 0.279 mm ≤ buffer 1 mm + slack -> no endpoint cell,aerial3d/cells.py:121-126 (grow_cell: refine_gap <= buffer + slack -> None) -> aerial3d/api.py:330-333,UNKNOWN:start_not_certified_free,PASS,stored_route_uv_0.1mm,1.001,True,UNKNOWN:start_not_certified_free,0.16,549453247f5cf37a,1.27,19.99,28.802,1.27,"start endpoint oracle clearance (row robot, 0.01 mm bisection)",True,,,,,,,,start,,,,,,,,,,,
WWEST-F4X-00068,F4,WWEST,cylinder,F4X-00068,EP-TOL,EP-FLOOR,by-tolerance,,start is 1.95 mm clear of floor splat 5337920 (2σ top 18.04 mm); GMC's refined gap 0.962 mm ≤ buffer 1 mm + slack -> no endpoint cell,aerial3d/cells.py:121-126 (grow_cell: refine_gap <= buffer + slack -> None) -> aerial3d/api.py:330-333,UNKNOWN:start_not_certified_free,PASS,stored_route_uv_0.1mm,1.255,True,UNKNOWN:start_not_certified_free,0.12,549453247f5cf37a,1.953,19.99,100.0,1.953,"start endpoint oracle clearance (row robot, 0.01 mm bisection)",True,,,,,,,,start,,,,,,,,,,,
WWEST-F4X-00072,F4,WWEST,cylinder,F4X-00072,EP-TOL,EP-FLOOR,by-tolerance,,goal is 1.95 mm clear of floor splat 5337920 (2σ top 18.04 mm); GMC's refined gap 0.962 mm ≤ buffer 1 mm + slack -> no endpoint cell,aerial3d/cells.py:121-126 (grow_cell: refine_gap <= buffer + slack -> None) -> aerial3d/api.py:330-333,UNKNOWN:goal_not_certified_free,PASS,stored_route_uv_0.1mm,1.033,True,UNKNOWN:goal_not_certified_free,0.13,549453247f5cf37a,19.99,1.953,100.0,1.953,"goal endpoint oracle clearance (row robot, 0.01 mm bisection)",True,,,,,,,,goal,,,,,,,,,,,
WWEST-F4X-00084,F4,WWEST,cylinder,F4X-00084,EP-TOL,EP-FLOOR,by-tolerance,,goal is 1.95 mm clear of floor splat 5337920 (2σ top 18.04 mm); GMC's refined gap 0.962 mm ≤ buffer 1 mm + slack -> no endpoint cell,aerial3d/cells.py:121-126 (grow_cell: refine_gap <= buffer + slack -> None) -> aerial3d/api.py:330-333,UNKNOWN:goal_not_certified_free,PASS,stored_route_uv_0.1mm,1.962,True,UNKNOWN:goal_not_certified_free,0.22,549453247f5cf37a,3.291,1.953,100.0,1.953,"goal endpoint oracle clearance (row robot, 0.01 mm bisection)",True,,,,,,,,goal,,,,,,,,,,,
WWEST-F4X-00086,F4,WWEST,cylinder,F4X-00086,EP-TOL,EP-FLOOR,by-tolerance,,goal is 1.97 mm clear of floor splat 5496444 (2σ top 18.03 mm); GMC's refined gap 0.974 mm ≤ buffer 1 mm + slack -> no endpoint cell,aerial3d/cells.py:121-126 (grow_cell: refine_gap <= buffer + slack -> None) -> aerial3d/api.py:330-333,UNKNOWN:goal_not_certified_free,PASS,stored_route_uv_0.1mm,1.064,True,UNKNOWN:goal_not_certified_free,0.12,549453247f5cf37a,13.965,1.973,31.293,1.973,"goal endpoint oracle clearance (row robot, 0.01 mm bisection)",True,,,,,,,,goal,,,,,,,,,,,
WWEST-F4X-00088,F4,WWEST,cylinder,F4X-00088,EP-TOL,EP-FLOOR,by-tolerance,,goal is 1.07 mm clear of floor splat 5371715 (2σ top 18.92 mm); GMC's refined gap 0.077 mm ≤ buffer 1 mm + slack -> no endpoint cell,aerial3d/cells.py:121-126 (grow_cell: refine_gap <= buffer + slack -> None) -> aerial3d/api.py:330-333,UNKNOWN:goal_not_certified_free,PASS,stored_route_uv_0.1mm,1.047,True,UNKNOWN:goal_not_certified_free,0.12,549453247f5cf37a,17.686,1.074,48.993,1.074,"goal endpoint oracle clearance (row robot, 0.01 mm bisection)",True,,,,,,,,goal,,,,,,,,,,,
WWEST-F4X-00090,F4,WWEST,cylinder,F4X-00090,EP-TOL,EP-FLOOR,by-tolerance,,start is 1.25 mm clear of floor splat 5371648 (2σ top 18.75 mm); GMC's refined gap 0.255 mm ≤ buffer 1 mm + slack -> no endpoint cell,aerial3d/cells.py:121-126 (grow_cell: refine_gap <= buffer + slack -> None) -> aerial3d/api.py:330-333,UNKNOWN:start_not_certified_free,PASS,stored_route_uv_0.1mm,1.255,True,UNKNOWN:start_not_certified_free,0.12,549453247f5cf37a,1.25,19.99,54.376,1.25,"start endpoint oracle clearance (row robot, 0.01 mm bisection)",True,,,,,,,,start,,,,,,,,,,,
WWEST-F4X-00115,F4,WWEST,cylinder,F4X-00115,EP-TOL,EP-FLOOR,by-tolerance,,goal is 1.95 mm clear of floor splat 5337920 (2σ top 18.04 mm); GMC's refined gap 0.962 mm ≤ buffer 1 mm + slack -> no endpoint cell,aerial3d/cells.py:121-126 (grow_cell: refine_gap <= buffer + slack -> None) -> aerial3d/api.py:330-333,UNKNOWN:goal_not_certified_free,PASS,stored_route_uv_0.1mm,1.003,True,UNKNOWN:goal_not_certified_free,0.12,549453247f5cf37a,19.99,1.953,78.235,1.953,"goal endpoint oracle clearance (row robot, 0.01 mm bisection)",True,,,,,,,,goal,,,,,,,,,,,
WWEST-F4X-00135,F4,WWEST,cylinder,F4X-00135,EP-TOL,EP-FLOOR,by-tolerance,,goal is 1.09 mm clear of floor splat 5371715 (2σ top 18.92 mm); GMC's refined gap 0.101 mm ≤ buffer 1 mm + slack -> no endpoint cell,aerial3d/cells.py:121-126 (grow_cell: refine_gap <= buffer + slack -> None) -> aerial3d/api.py:330-333,UNKNOWN:goal_not_certified_free,PASS,stored_route_uv_0.1mm,1.077,True,UNKNOWN:goal_not_certified_free,0.11,549453247f5cf37a,2.764,1.094,37.518,1.094,"goal endpoint oracle clearance (row robot, 0.01 mm bisection)",True,,,,,,,,goal,,,,,,,,,,,
WWEST-F4X-00158,F4,WWEST,cylinder,F4X-00158,EP-TOL,EP-FLOOR,by-tolerance,,start is 1.97 mm clear of floor splat 5496444 (2σ top 18.03 mm); GMC's refined gap 0.974 mm ≤ buffer 1 mm + slack -> no endpoint cell,aerial3d/cells.py:121-126 (grow_cell: refine_gap <= buffer + slack -> None) -> aerial3d/api.py:330-333,UNKNOWN:start_not_certified_free,PASS,stored_route_uv_0.1mm,1.82,True,UNKNOWN:start_not_certified_free,0.13,549453247f5cf37a,1.973,19.99,100.0,1.973,"start endpoint oracle clearance (row robot, 0.01 mm bisection)",True,,,,,,,,start,,,,,,,,,,,
WWEST-F4X-00181,F4,WWEST,cylinder,F4X-00181,EP-TOL,EP-FLOOR,by-tolerance,,goal is 1.95 mm clear of floor splat 5337920 (2σ top 18.04 mm); GMC's refined gap 0.962 mm ≤ buffer 1 mm + slack -> no endpoint cell,aerial3d/cells.py:121-126 (grow_cell: refine_gap <= buffer + slack -> None) -> aerial3d/api.py:330-333,UNKNOWN:goal_not_certified_free,PASS,stored_route_uv_0.1mm,1.962,True,UNKNOWN:goal_not_certified_free,0.13,549453247f5cf37a,19.99,1.953,68.549,1.953,"goal endpoint oracle clearance (row robot, 0.01 mm bisection)",True,,,,,,,,goal,,,,,,,,,,,
WWEST-F4X-00189,F4,WWEST,cylinder,F4X-00189,EP-TOL,EP-FLOOR,by-tolerance,,goal is 1.73 mm clear of floor splat 5525250 (2σ top 19.66 mm); GMC's refined gap 0.736 mm ≤ buffer 1 mm + slack -> no endpoint cell,aerial3d/cells.py:121-126 (grow_cell: refine_gap <= buffer + slack -> None) -> aerial3d/api.py:330-333,UNKNOWN:goal_not_certified_free,PASS,stored_route_uv_0.1mm,1.028,True,UNKNOWN:goal_not_certified_free,0.14,549453247f5cf37a,19.99,1.729,2.979,1.729,"goal endpoint oracle clearance (row robot, 0.01 mm bisection)",True,,,,,,,,goal,,,,,,,,,,,
WWEST-F4X-00202,F4,WWEST,cylinder,F4X-00202,EP-TOL,EP-FLOOR,by-tolerance,,goal is 1.07 mm clear of floor splat 5371715 (2σ top 18.92 mm); GMC's refined gap 0.077 mm ≤ buffer 1 mm + slack -> no endpoint cell,aerial3d/cells.py:121-126 (grow_cell: refine_gap <= buffer + slack -> None) -> aerial3d/api.py:330-333,UNKNOWN:goal_not_certified_free,PASS,stored_route_uv_0.1mm,1.008,True,UNKNOWN:goal_not_certified_free,0.13,549453247f5cf37a,8.125,1.074,65.814,1.074,"goal endpoint oracle clearance (row robot, 0.01 mm bisection)",True,,,,,,,,goal,,,,,,,,,,,
WWEST-F4X-00205,F4,WWEST,cylinder,F4X-00205,EP-TOL,EP-FLOOR,by-tolerance,,goal is 1.07 mm clear of floor splat 5371715 (2σ top 18.92 mm); GMC's refined gap 0.077 mm ≤ buffer 1 mm + slack -> no endpoint cell,aerial3d/cells.py:121-126 (grow_cell: refine_gap <= buffer + slack -> None) -> aerial3d/api.py:330-333,UNKNOWN:goal_not_certified_free,PASS,stored_route_uv_0.1mm,1.043,True,UNKNOWN:goal_not_certified_free,0.12,549453247f5cf37a,19.99,1.074,59.119,1.074,"goal endpoint oracle clearance (row robot, 0.01 mm bisection)",True,,,,,,,,goal,,,,,,,,,,,
WWEST-F4X-00207,F4,WWEST,cylinder,F4X-00207,EP-TOL,EP-FLOOR,by-tolerance,,goal is 1.07 mm clear of floor splat 5371715 (2σ top 18.92 mm); GMC's refined gap 0.077 mm ≤ buffer 1 mm + slack -> no endpoint cell,aerial3d/cells.py:121-126 (grow_cell: refine_gap <= buffer + slack -> None) -> aerial3d/api.py:330-333,UNKNOWN:goal_not_certified_free,PASS,stored_route_uv_0.1mm,1.006,True,UNKNOWN:goal_not_certified_free,0.14,549453247f5cf37a,11.641,1.074,98.322,1.074,"goal endpoint oracle clearance (row robot, 0.01 mm bisection)",True,,,,,,,,goal,,,,,,,,,,,
WWEST-F4X-00213,F4,WWEST,cylinder,F4X-00213,EP-TOL,EP-FLOOR,by-tolerance,,start is 1.97 mm clear of floor splat 5496444 (2σ top 18.03 mm); GMC's refined gap 0.974 mm ≤ buffer 1 mm + slack -> no endpoint cell,aerial3d/cells.py:121-126 (grow_cell: refine_gap <= buffer + slack -> None) -> aerial3d/api.py:330-333,UNKNOWN:start_not_certified_free,PASS,stored_route_uv_0.1mm,1.962,True,UNKNOWN:start_not_certified_free,0.12,549453247f5cf37a,1.973,6.26,12.549,1.973,"start endpoint oracle clearance (row robot, 0.01 mm bisection)",True,,,,,,,,start,,,,,,,,,,,
WWEST-F4X-00219,F4,WWEST,cylinder,F4X-00219,EP-TOL,EP-FLOOR,by-tolerance,,goal is 1.26 mm clear of floor splat 5371715 (2σ top 18.92 mm); GMC's refined gap 0.265 mm ≤ buffer 1 mm + slack -> no endpoint cell,aerial3d/cells.py:121-126 (grow_cell: refine_gap <= buffer + slack -> None) -> aerial3d/api.py:330-333,UNKNOWN:goal_not_certified_free,PASS,stored_route_uv_0.1mm,1.077,True,UNKNOWN:goal_not_certified_free,0.12,549453247f5cf37a,2.764,1.26,100.0,1.26,"goal endpoint oracle clearance (row robot, 0.01 mm bisection)",True,,,,,,,,goal,,,,,,,,,,,
WWEST-F4X-00240,F4,WWEST,cylinder,F4X-00240,EP-TOL,EP-FLOOR,by-tolerance,,start is 1.07 mm clear of floor splat 5371715 (2σ top 18.92 mm); GMC's refined gap 0.077 mm ≤ buffer 1 mm + slack -> no endpoint cell,aerial3d/cells.py:121-126 (grow_cell: refine_gap <= buffer + slack -> None) -> aerial3d/api.py:330-333,UNKNOWN:start_not_certified_free,PASS,stored_route_uv_0.1mm,1.008,True,UNKNOWN:start_not_certified_free,0.13,549453247f5cf37a,1.074,12.207,67.432,1.074,"start endpoint oracle clearance (row robot, 0.01 mm bisection)",True,,,,,,,,start,,,,,,,,,,,
WWEST-F4X-00255,F4,WWEST,cylinder,F4X-00255,EP-TOL,EP-FLOOR,by-tolerance,,goal is 1.97 mm clear of floor splat 5496444 (2σ top 18.03 mm); GMC's refined gap 0.974 mm ≤ buffer 1 mm + slack -> no endpoint cell,aerial3d/cells.py:121-126 (grow_cell: refine_gap <= buffer + slack -> None) -> aerial3d/api.py:330-333,UNKNOWN:goal_not_certified_free,PASS,stored_route_uv_0.1mm,1.782,True,UNKNOWN:goal_not_certified_free,0.12,549453247f5cf37a,19.99,1.973,100.0,1.973,"goal endpoint oracle clearance (row robot, 0.01 mm bisection)",True,,,,,,,,goal,,,,,,,,,,,
WWEST-F4X-00259,F4,WWEST,cylinder,F4X-00259,EP-TOL,EP-FLOOR,by-tolerance,,start is 1.97 mm clear of floor splat 5496444 (2σ top 18.03 mm); GMC's refined gap 0.974 mm ≤ buffer 1 mm + slack -> no endpoint cell,aerial3d/cells.py:121-126 (grow_cell: refine_gap <= buffer + slack -> None) -> aerial3d/api.py:330-333,UNKNOWN:start_not_certified_free,PASS,stored_route_uv_0.1mm,1.008,True,UNKNOWN:start_not_certified_free,0.11,549453247f5cf37a,1.973,19.99,2.191,1.973,"start endpoint oracle clearance (row robot, 0.01 mm bisection)",True,,,,,,,,start,,,,,,,,,,,
WWEST-F4X-00260,F4,WWEST,cylinder,F4X-00260,EP-TOL,EP-FLOOR,by-tolerance,,goal is 1.97 mm clear of floor splat 5496444 (2σ top 18.03 mm); GMC's refined gap 0.974 mm ≤ buffer 1 mm + slack -> no endpoint cell,aerial3d/cells.py:121-126 (grow_cell: refine_gap <= buffer + slack -> None) -> aerial3d/api.py:330-333,UNKNOWN:goal_not_certified_free,PASS,stored_route_uv_0.1mm,1.016,True,UNKNOWN:goal_not_certified_free,0.1,549453247f5cf37a,16.836,1.973,39.203,1.973,"goal endpoint oracle clearance (row robot, 0.01 mm bisection)",True,,,,,,,,goal,,,,,,,,,,,
WWEST-F4X-00271,F4,WWEST,cylinder,F4X-00271,EP-TOL,EP-FLOOR,by-tolerance,,start is 1.25 mm clear of floor splat 5371648 (2σ top 18.75 mm); GMC's refined gap 0.255 mm ≤ buffer 1 mm + slack -> no endpoint cell,aerial3d/cells.py:121-126 (grow_cell: refine_gap <= buffer + slack -> None) -> aerial3d/api.py:330-333,UNKNOWN:start_not_certified_free,PASS,stored_route_uv_0.1mm,1.255,True,UNKNOWN:start_not_certified_free,0.12,549453247f5cf37a,1.25,2.764,45.27,1.25,"start endpoint oracle clearance (row robot, 0.01 mm bisection)",True,,,,,,,,start,,,,,,,,,,,
WWEST-F4X-00297,F4,WWEST,cylinder,F4X-00297,EP-TOL,EP-FLOOR,by-tolerance,,goal is 1.31 mm clear of floor splat 5336712 (2σ top 19.09 mm); GMC's refined gap 0.312 mm ≤ buffer 1 mm + slack -> no endpoint cell,aerial3d/cells.py:121-126 (grow_cell: refine_gap <= buffer + slack -> None) -> aerial3d/api.py:330-333,UNKNOWN:goal_not_certified_free,PASS,stored_route_uv_0.1mm,1.003,True,UNKNOWN:goal_not_certified_free,0.11,549453247f5cf37a,19.99,1.309,100.0,1.309,"goal endpoint oracle clearance (row robot, 0.01 mm bisection)",True,,,,,,,,goal,,,,,,,,,,,
WWEST-F4X-00300,F4,WWEST,cylinder,F4X-00300,EP-TOL,EP-FLOOR,by-tolerance,,start is 1.95 mm clear of floor splat 5337920 (2σ top 18.04 mm); GMC's refined gap 0.962 mm ≤ buffer 1 mm + slack -> no endpoint cell,aerial3d/cells.py:121-126 (grow_cell: refine_gap <= buffer + slack -> None) -> aerial3d/api.py:330-333,UNKNOWN:start_not_certified_free,PASS,stored_route_uv_0.1mm,1.142,True,UNKNOWN:start_not_certified_free,0.11,549453247f5cf37a,1.953,19.99,100.0,1.953,"start endpoint oracle clearance (row robot, 0.01 mm bisection)",True,,,,,,,,start,,,,,,,,,,,
WWEST-F4X-00329,F4,WWEST,cylinder,F4X-00329,EP-TOL,EP-FLOOR,by-tolerance,,start is 1.97 mm clear of floor splat 5496444 (2σ top 18.03 mm); GMC's refined gap 0.974 mm ≤ buffer 1 mm + slack -> no endpoint cell,aerial3d/cells.py:121-126 (grow_cell: refine_gap <= buffer + slack -> None) -> aerial3d/api.py:330-333,UNKNOWN:start_not_certified_free,PASS,stored_route_uv_0.1mm,1.102,True,UNKNOWN:start_not_certified_free,0.11,549453247f5cf37a,1.973,19.99,88.666,1.973,"start endpoint oracle clearance (row robot, 0.01 mm bisection)",True,,,,,,,,start,,,,,,,,,,,
WWEST-F4X-00349,F4,WWEST,cylinder,F4X-00349,EP-TOL,EP-FLOOR,by-tolerance,,goal is 1.25 mm clear of floor splat 5372258 (2σ top 19.13 mm); GMC's refined gap 0.259 mm ≤ buffer 1 mm + slack -> no endpoint cell,aerial3d/cells.py:121-126 (grow_cell: refine_gap <= buffer + slack -> None) -> aerial3d/api.py:330-333,UNKNOWN:goal_not_certified_free,PASS,stored_route_uv_0.1mm,1.077,True,UNKNOWN:goal_not_certified_free,0.11,549453247f5cf37a,19.99,1.25,28.04,1.25,"goal endpoint oracle clearance (row robot, 0.01 mm bisection)",True,,,,,,,,goal,,,,,,,,,,,
WWEST-F4X-00410,F4,WWEST,cylinder,F4X-00410,EP-TOL,EP-FLOOR,by-tolerance,,start is 1.07 mm clear of floor splat 5371715 (2σ top 18.92 mm); GMC's refined gap 0.077 mm ≤ buffer 1 mm + slack -> no endpoint cell,aerial3d/cells.py:121-126 (grow_cell: refine_gap <= buffer + slack -> None) -> aerial3d/api.py:330-333,UNKNOWN:start_not_certified_free,PASS,stored_route_uv_0.1mm,1.077,True,UNKNOWN:start_not_certified_free,0.1,549453247f5cf37a,1.074,19.99,18.536,1.074,"start endpoint oracle clearance (row robot, 0.01 mm bisection)",True,,,,,,,,start,,,,,,,,,,,
WWEST-F4X-00428,F4,WWEST,cylinder,F4X-00428,EP-TOL,EP-FLOOR,by-tolerance,,start is 1.97 mm clear of floor splat 5496444 (2σ top 18.03 mm); GMC's refined gap 0.974 mm ≤ buffer 1 mm + slack -> no endpoint cell,aerial3d/cells.py:121-126 (grow_cell: refine_gap <= buffer + slack -> None) -> aerial3d/api.py:330-333,UNKNOWN:start_not_certified_free,PASS,stored_route_uv_0.1mm,1.044,True,UNKNOWN:start_not_certified_free,0.11,549453247f5cf37a,1.973,19.99,23.859,1.973,"start endpoint oracle clearance (row robot, 0.01 mm bisection)",True,,,,,,,,start,,,,,,,,,,,
WWEST-F4X-00432,F4,WWEST,cylinder,F4X-00432,EP-TOL,EP-FLOOR,by-tolerance,,goal is 1.84 mm clear of floor splat 5374528 (2σ top 18.16 mm); GMC's refined gap 0.844 mm ≤ buffer 1 mm + slack -> no endpoint cell,aerial3d/cells.py:121-126 (grow_cell: refine_gap <= buffer + slack -> None) -> aerial3d/api.py:330-333,UNKNOWN:goal_not_certified_free,PASS,stored_route_uv_0.1mm,1.007,True,UNKNOWN:goal_not_certified_free,0.12,549453247f5cf37a,19.99,1.836,11.493,1.836,"goal endpoint oracle clearance (row robot, 0.01 mm bisection)",True,,,,,,,,goal,,,,,,,,,,,
WWEST-F4X-00433,F4,WWEST,cylinder,F4X-00433,EP-TOL,EP-FLOOR,by-tolerance,,goal is 1.80 mm clear of floor splat 5739701 (2σ top 18.19 mm); GMC's refined gap 0.806 mm ≤ buffer 1 mm + slack -> no endpoint cell,aerial3d/cells.py:121-126 (grow_cell: refine_gap <= buffer + slack -> None) -> aerial3d/api.py:330-333,UNKNOWN:goal_not_certified_free,PASS,stored_route_uv_0.1mm,1.103,True,UNKNOWN:goal_not_certified_free,0.11,549453247f5cf37a,5.508,1.797,1.697,1.797,"goal endpoint oracle clearance (row robot, 0.01 mm bisection)",True,,,,,,,,goal,,,,,,,,,,,
WWEST-F4X-00436,F4,WWEST,cylinder,F4X-00436,EP-TOL,EP-FLOOR,by-tolerance,,goal is 1.97 mm clear of floor splat 5496444 (2σ top 18.03 mm); GMC's refined gap 0.974 mm ≤ buffer 1 mm + slack -> no endpoint cell,aerial3d/cells.py:121-126 (grow_cell: refine_gap <= buffer + slack -> None) -> aerial3d/api.py:330-333,UNKNOWN:goal_not_certified_free,PASS,stored_route_uv_0.1mm,1.974,True,UNKNOWN:goal_not_certified_free,0.11,549453247f5cf37a,19.99,1.973,100.0,1.973,"goal endpoint oracle clearance (row robot, 0.01 mm bisection)",True,,,,,,,,goal,,,,,,,,,,,
WWEST-F4X-00449,F4,WWEST,cylinder,F4X-00449,EP-TOL,EP-FLOOR,by-tolerance,,start is 1.95 mm clear of floor splat 5337920 (2σ top 18.04 mm); GMC's refined gap 0.962 mm ≤ buffer 1 mm + slack -> no endpoint cell,aerial3d/cells.py:121-126 (grow_cell: refine_gap <= buffer + slack -> None) -> aerial3d/api.py:330-333,UNKNOWN:start_not_certified_free,PASS,stored_route_uv_0.1mm,1.029,True,UNKNOWN:start_not_certified_free,0.11,549453247f5cf37a,1.953,19.424,41.949,1.953,"start endpoint oracle clearance (row robot, 0.01 mm bisection)",True,,,,,,,,start,,,,,,,,,,,
WWEST-F4X-00457,F4,WWEST,cylinder,F4X-00457,EP-TOL,EP-FLOOR,by-tolerance,,start is 1.84 mm clear of floor splat 5374528 (2σ top 18.16 mm); GMC's refined gap 0.844 mm ≤ buffer 1 mm + slack -> no endpoint cell,aerial3d/cells.py:121-126 (grow_cell: refine_gap <= buffer + slack -> None) -> aerial3d/api.py:330-333,UNKNOWN:start_not_certified_free,PASS,stored_route_uv_0.1mm,1.226,True,UNKNOWN:start_not_certified_free,0.11,549453247f5cf37a,1.836,19.99,7.617,1.836,"start endpoint oracle clearance (row robot, 0.01 mm bisection)",True,,,,,,,,start,,,,,,,,,,,
WWEST-F4X-00465,F4,WWEST,cylinder,F4X-00465,EP-TOL,EP-FLOOR,by-tolerance,,goal is 1.95 mm clear of floor splat 5337920 (2σ top 18.04 mm); GMC's refined gap 0.962 mm ≤ buffer 1 mm + slack -> no endpoint cell,aerial3d/cells.py:121-126 (grow_cell: refine_gap <= buffer + slack -> None) -> aerial3d/api.py:330-333,UNKNOWN:goal_not_certified_free,PASS,stored_route_uv_0.1mm,1.073,True,UNKNOWN:goal_not_certified_free,0.11,549453247f5cf37a,19.99,1.953,100.0,1.953,"goal endpoint oracle clearance (row robot, 0.01 mm bisection)",True,,,,,,,,goal,,,,,,,,,,,
WWEST-F4X-00466,F4,WWEST,cylinder,F4X-00466,EP-TOL,EP-FLOOR,by-tolerance,,goal is 1.97 mm clear of floor splat 5496444 (2σ top 18.03 mm); GMC's refined gap 0.974 mm ≤ buffer 1 mm + slack -> no endpoint cell,aerial3d/cells.py:121-126 (grow_cell: refine_gap <= buffer + slack -> None) -> aerial3d/api.py:330-333,UNKNOWN:goal_not_certified_free,PASS,stored_route_uv_0.1mm,1.962,True,UNKNOWN:goal_not_certified_free,0.12,549453247f5cf37a,14.043,1.973,31.818,1.973,"goal endpoint oracle clearance (row robot, 0.01 mm bisection)",True,,,,,,,,goal,,,,,,,,,,,
WWEST-F4X-00497,F4,WWEST,cylinder,F4X-00497,EP-TOL,EP-FLOOR,by-tolerance,,goal is 1.07 mm clear of floor splat 5371715 (2σ top 18.92 mm); GMC's refined gap 0.077 mm ≤ buffer 1 mm + slack -> no endpoint cell,aerial3d/cells.py:121-126 (grow_cell: refine_gap <= buffer + slack -> None) -> aerial3d/api.py:330-333,UNKNOWN:goal_not_certified_free,PASS,stored_route_uv_0.1mm,1.077,True,UNKNOWN:goal_not_certified_free,0.11,549453247f5cf37a,5.928,1.074,100.0,1.074,"goal endpoint oracle clearance (row robot, 0.01 mm bisection)",True,,,,,,,,goal,,,,,,,,,,,
WWEST-F4X-00539,F4,WWEST,cylinder,F4X-00539,EP-TOL,EP-FLOOR,by-tolerance,,start is 1.97 mm clear of floor splat 5496444 (2σ top 18.03 mm); GMC's refined gap 0.974 mm ≤ buffer 1 mm + slack -> no endpoint cell,aerial3d/cells.py:121-126 (grow_cell: refine_gap <= buffer + slack -> None) -> aerial3d/api.py:330-333,UNKNOWN:start_not_certified_free,PASS,stored_route_uv_0.1mm,1.863,True,UNKNOWN:start_not_certified_free,0.12,549453247f5cf37a,1.973,14.355,59.473,1.973,"start endpoint oracle clearance (row robot, 0.01 mm bisection)",True,,,,,,,,start,,,,,,,,,,,
WWEST-F4X-00544,F4,WWEST,cylinder,F4X-00544,EP-TOL,EP-FLOOR,by-tolerance,,start is 1.97 mm clear of floor splat 5496444 (2σ top 18.03 mm); GMC's refined gap 0.974 mm ≤ buffer 1 mm + slack -> no endpoint cell,aerial3d/cells.py:121-126 (grow_cell: refine_gap <= buffer + slack -> None) -> aerial3d/api.py:330-333,UNKNOWN:start_not_certified_free,PASS,stored_route_uv_0.1mm,1.054,True,UNKNOWN:start_not_certified_free,0.12,549453247f5cf37a,1.973,19.99,100.0,1.973,"start endpoint oracle clearance (row robot, 0.01 mm bisection)",True,,,,,,,,start,,,,,,,,,,,
WWEST-F4X-00552,F4,WWEST,cylinder,F4X-00552,EP-TOL,EP-FLOOR,by-tolerance,,start is 1.97 mm clear of floor splat 5496444 (2σ top 18.03 mm); GMC's refined gap 0.974 mm ≤ buffer 1 mm + slack -> no endpoint cell,aerial3d/cells.py:121-126 (grow_cell: refine_gap <= buffer + slack -> None) -> aerial3d/api.py:330-333,UNKNOWN:start_not_certified_free,PASS,stored_route_uv_0.1mm,1.079,True,UNKNOWN:start_not_certified_free,0.11,549453247f5cf37a,1.973,14.355,98.212,1.973,"start endpoint oracle clearance (row robot, 0.01 mm bisection)",True,,,,,,,,start,,,,,,,,,,,
WWEST-F4X-00563,F4,WWEST,cylinder,F4X-00563,EP-TOL,EP-FLOOR,by-tolerance,,goal is 1.97 mm clear of floor splat 5496444 (2σ top 18.03 mm); GMC's refined gap 0.974 mm ≤ buffer 1 mm + slack -> no endpoint cell,aerial3d/cells.py:121-126 (grow_cell: refine_gap <= buffer + slack -> None) -> aerial3d/api.py:330-333,UNKNOWN:goal_not_certified_free,PASS,stored_route_uv_0.1mm,1.025,True,UNKNOWN:goal_not_certified_free,0.11,549453247f5cf37a,19.99,1.973,4.504,1.973,"goal endpoint oracle clearance (row robot, 0.01 mm bisection)",True,,,,,,,,goal,,,,,,,,,,,
WWEST-F4X-00572,F4,WWEST,cylinder,F4X-00572,EP-TOL,EP-FLOOR,by-tolerance,,goal is 1.98 mm clear of floor splat 5337920 (2σ top 18.04 mm); GMC's refined gap 0.983 mm ≤ buffer 1 mm + slack -> no endpoint cell,aerial3d/cells.py:121-126 (grow_cell: refine_gap <= buffer + slack -> None) -> aerial3d/api.py:330-333,UNKNOWN:goal_not_certified_free,PASS,stored_route_uv_0.1mm,1.036,True,UNKNOWN:goal_not_certified_free,0.12,549453247f5cf37a,19.99,1.982,100.0,1.982,"goal endpoint oracle clearance (row robot, 0.01 mm bisection)",True,,,,,,,,goal,,,,,,,,,,,
WWEST-F4X-00574,F4,WWEST,cylinder,F4X-00574,EP-TOL,EP-FLOOR,by-tolerance,,start is 1.25 mm clear of floor splat 5371648 (2σ top 18.75 mm); GMC's refined gap 0.255 mm ≤ buffer 1 mm + slack -> no endpoint cell,aerial3d/cells.py:121-126 (grow_cell: refine_gap <= buffer + slack -> None) -> aerial3d/api.py:330-333,UNKNOWN:start_not_certified_free,PASS,stored_route_uv_0.1mm,1.007,True,UNKNOWN:start_not_certified_free,0.11,549453247f5cf37a,1.25,10.811,5.774,1.25,"start endpoint oracle clearance (row robot, 0.01 mm bisection)",True,,,,,,,,start,,,,,,,,,,,
WWEST-F4X-00592,F4,WWEST,cylinder,F4X-00592,EP-TOL,EP-FLOOR,by-tolerance,,start is 1.95 mm clear of floor splat 5337920 (2σ top 18.04 mm); GMC's refined gap 0.962 mm ≤ buffer 1 mm + slack -> no endpoint cell,aerial3d/cells.py:121-126 (grow_cell: refine_gap <= buffer + slack -> None) -> aerial3d/api.py:330-333,UNKNOWN:start_not_certified_free,PASS,stored_route_uv_0.1mm,1.935,True,UNKNOWN:start_not_certified_free,0.12,549453247f5cf37a,1.953,19.99,100.0,1.953,"start endpoint oracle clearance (row robot, 0.01 mm bisection)",True,,,,,,,,start,,,,,,,,,,,
WWEST-F4X-00612,F4,WWEST,cylinder,F4X-00612,EP-TOL,EP-FLOOR,by-tolerance,,start is 1.95 mm clear of floor splat 5337920 (2σ top 18.04 mm); GMC's refined gap 0.962 mm ≤ buffer 1 mm + slack -> no endpoint cell,aerial3d/cells.py:121-126 (grow_cell: refine_gap <= buffer + slack -> None) -> aerial3d/api.py:330-333,UNKNOWN:start_not_certified_free,PASS,stored_route_uv_0.1mm,1.012,True,UNKNOWN:start_not_certified_free,0.11,549453247f5cf37a,1.953,19.99,56.799,1.953,"start endpoint oracle clearance (row robot, 0.01 mm bisection)",True,,,,,,,,start,,,,,,,,,,,
WWEST-F4X-00613,F4,WWEST,cylinder,F4X-00613,EP-TOL,EP-FLOOR,by-tolerance,,goal is 1.95 mm clear of floor splat 5337920 (2σ top 18.04 mm); GMC's refined gap 0.962 mm ≤ buffer 1 mm + slack -> no endpoint cell,aerial3d/cells.py:121-126 (grow_cell: refine_gap <= buffer + slack -> None) -> aerial3d/api.py:330-333,UNKNOWN:goal_not_certified_free,PASS,stored_route_uv_0.1mm,1.165,True,UNKNOWN:goal_not_certified_free,0.12,549453247f5cf37a,13.555,1.953,100.0,1.953,"goal endpoint oracle clearance (row robot, 0.01 mm bisection)",True,,,,,,,,goal,,,,,,,,,,,
WWEST-F4X-00647,F4,WWEST,cylinder,F4X-00647,EP-TOL,EP-FLOOR,by-tolerance,,goal is 1.25 mm clear of floor splat 5371648 (2σ top 18.75 mm); GMC's refined gap 0.255 mm ≤ buffer 1 mm + slack -> no endpoint cell,aerial3d/cells.py:121-126 (grow_cell: refine_gap <= buffer + slack -> None) -> aerial3d/api.py:330-333,UNKNOWN:goal_not_certified_free,PASS,stored_route_uv_0.1mm,1.021,True,UNKNOWN:goal_not_certified_free,0.12,549453247f5cf37a,19.99,1.25,4.669,1.25,"goal endpoint oracle clearance (row robot, 0.01 mm bisection)",True,,,,,,,,goal,,,,,,,,,,,
WWEST-F4X-00659,F4,WWEST,cylinder,F4X-00659,EP-TOL,EP-FLOOR,by-tolerance,,start is 1.95 mm clear of floor splat 5337920 (2σ top 18.04 mm); GMC's refined gap 0.962 mm ≤ buffer 1 mm + slack -> no endpoint cell,aerial3d/cells.py:121-126 (grow_cell: refine_gap <= buffer + slack -> None) -> aerial3d/api.py:330-333,UNKNOWN:start_not_certified_free,PASS,stored_route_uv_0.1mm,1.004,True,UNKNOWN:start_not_certified_free,0.11,549453247f5cf37a,1.953,19.99,100.0,1.953,"start endpoint oracle clearance (row robot, 0.01 mm bisection)",True,,,,,,,,start,,,,,,,,,,,
WWEST-F4X-00667,F4,WWEST,cylinder,F4X-00667,EP-TOL,EP-FLOOR,by-tolerance,,goal is 1.19 mm clear of floor splat 5526162 (2σ top 19.80 mm); GMC's refined gap 0.196 mm ≤ buffer 1 mm + slack -> no endpoint cell,aerial3d/cells.py:121-126 (grow_cell: refine_gap <= buffer + slack -> None) -> aerial3d/api.py:330-333,UNKNOWN:goal_not_certified_free,PASS,stored_route_uv_0.1mm,1.009,True,UNKNOWN:goal_not_certified_free,0.11,549453247f5cf37a,5.508,1.191,16.132,1.191,"goal endpoint oracle clearance (row robot, 0.01 mm bisection)",True,,,,,,UNKNOWN:own_verification_unresolved,,goal,,,,,,,,,,,
WWEST-F4X-00670,F4,WWEST,cylinder,F4X-00670,EP-TOL,EP-FLOOR,by-tolerance,,goal is 1.95 mm clear of floor splat 5337920 (2σ top 18.04 mm); GMC's refined gap 0.962 mm ≤ buffer 1 mm + slack -> no endpoint cell,aerial3d/cells.py:121-126 (grow_cell: refine_gap <= buffer + slack -> None) -> aerial3d/api.py:330-333,UNKNOWN:goal_not_certified_free,PASS,stored_route_uv_0.1mm,1.019,True,UNKNOWN:goal_not_certified_free,0.13,549453247f5cf37a,18.379,1.953,23.615,1.953,"goal endpoint oracle clearance (row robot, 0.01 mm bisection)",True,,,,,,,,goal,,,,,,,,,,,
WWEST-F4X-00684,F4,WWEST,cylinder,F4X-00684,EP-TOL,EP-FLOOR,by-tolerance,,goal is 1.25 mm clear of floor splat 5371648 (2σ top 18.75 mm); GMC's refined gap 0.255 mm ≤ buffer 1 mm + slack -> no endpoint cell,aerial3d/cells.py:121-126 (grow_cell: refine_gap <= buffer + slack -> None) -> aerial3d/api.py:330-333,UNKNOWN:goal_not_certified_free,PASS,stored_route_uv_0.1mm,1.059,True,UNKNOWN:goal_not_certified_free,0.12,549453247f5cf37a,19.99,1.25,20.355,1.25,"goal endpoint oracle clearance (row robot, 0.01 mm bisection)",True,,,,,,,,goal,,,,,,,,,,,
WWEST-F4X-00695,F4,WWEST,cylinder,F4X-00695,EP-TOL,EP-FLOOR,by-tolerance,,goal is 1.97 mm clear of floor splat 5496444 (2σ top 18.03 mm); GMC's refined gap 0.974 mm ≤ buffer 1 mm + slack -> no endpoint cell,aerial3d/cells.py:121-126 (grow_cell: refine_gap <= buffer + slack -> None) -> aerial3d/api.py:330-333,UNKNOWN:goal_not_certified_free,PASS,stored_route_uv_0.1mm,1.4,True,UNKNOWN:goal_not_certified_free,0.12,549453247f5cf37a,19.99,1.973,2.295,1.973,"goal endpoint oracle clearance (row robot, 0.01 mm bisection)",True,,,,,,,,goal,,,,,,,,,,,
WWEST-F4X-00705,F4,WWEST,cylinder,F4X-00705,EP-TOL,EP-FLOOR,by-tolerance,,goal is 1.74 mm clear of floor splat 5336712 (2σ top 19.09 mm); GMC's refined gap 0.747 mm ≤ buffer 1 mm + slack -> no endpoint cell,aerial3d/cells.py:121-126 (grow_cell: refine_gap <= buffer + slack -> None) -> aerial3d/api.py:330-333,UNKNOWN:goal_not_certified_free,PASS,stored_route_uv_0.1mm,1.046,True,UNKNOWN:goal_not_certified_free,0.11,549453247f5cf37a,19.99,1.738,100.0,1.738,"goal endpoint oracle clearance (row robot, 0.01 mm bisection)",True,,,,,,,,goal,,,,,,,,,,,
WWEST-F4X-00707,F4,WWEST,cylinder,F4X-00707,EP-TOL,EP-FLOOR,by-tolerance,,start is 1.95 mm clear of floor splat 5337920 (2σ top 18.04 mm); GMC's refined gap 0.962 mm ≤ buffer 1 mm + slack -> no endpoint cell,aerial3d/cells.py:121-126 (grow_cell: refine_gap <= buffer + slack -> None) -> aerial3d/api.py:330-333,UNKNOWN:start_not_certified_free,PASS,stored_route_uv_0.1mm,1.058,True,UNKNOWN:start_not_certified_free,0.11,549453247f5cf37a,1.953,17.334,85.815,1.953,"start endpoint oracle clearance (row robot, 0.01 mm bisection)",True,,,,,,,,start,,,,,,,,,,,
WWEST-F4X-00808,F4,WWEST,cylinder,F4X-00808,EP-TOL,EP-FLOOR,by-tolerance,,goal is 1.25 mm clear of floor splat 5371648 (2σ top 18.75 mm); GMC's refined gap 0.255 mm ≤ buffer 1 mm + slack -> no endpoint cell,aerial3d/cells.py:121-126 (grow_cell: refine_gap <= buffer + slack -> None) -> aerial3d/api.py:330-333,UNKNOWN:goal_not_certified_free,PASS,stored_route_uv_0.1mm,1.039,True,UNKNOWN:goal_not_certified_free,0.11,549453247f5cf37a,12.207,1.25,11.285,1.25,"goal endpoint oracle clearance (row robot, 0.01 mm bisection)",True,,,,,,,,goal,,,,,,,,,,,
WWEST-F4X-00820,F4,WWEST,cylinder,F4X-00820,EP-TOL,EP-FLOOR,by-tolerance,,start is 1.95 mm clear of floor splat 5337920 (2σ top 18.04 mm); GMC's refined gap 0.962 mm ≤ buffer 1 mm + slack -> no endpoint cell,aerial3d/cells.py:121-126 (grow_cell: refine_gap <= buffer + slack -> None) -> aerial3d/api.py:330-333,UNKNOWN:start_not_certified_free,PASS,stored_route_uv_0.1mm,1.269,True,UNKNOWN:start_not_certified_free,0.11,549453247f5cf37a,1.953,16.65,100.0,1.953,"start endpoint oracle clearance (row robot, 0.01 mm bisection)",True,,,,,,,,start,,,,,,,,,,,
WWEST-F4X-00841,F4,WWEST,cylinder,F4X-00841,EP-TOL,EP-FLOOR,by-tolerance,,goal is 1.95 mm clear of floor splat 5337920 (2σ top 18.04 mm); GMC's refined gap 0.962 mm ≤ buffer 1 mm + slack -> no endpoint cell,aerial3d/cells.py:121-126 (grow_cell: refine_gap <= buffer + slack -> None) -> aerial3d/api.py:330-333,UNKNOWN:goal_not_certified_free,PASS,stored_route_uv_0.1mm,1.962,True,UNKNOWN:goal_not_certified_free,0.11,549453247f5cf37a,12.197,1.953,100.0,1.953,"goal endpoint oracle clearance (row robot, 0.01 mm bisection)",True,,,,,,,,goal,,,,,,,,,,,
WWEST-F4X-00852,F4,WWEST,cylinder,F4X-00852,EP-TOL,EP-FLOOR,by-tolerance,,start is 1.07 mm clear of floor splat 5371715 (2σ top 18.92 mm); GMC's refined gap 0.077 mm ≤ buffer 1 mm + slack -> no endpoint cell,aerial3d/cells.py:121-126 (grow_cell: refine_gap <= buffer + slack -> None) -> aerial3d/api.py:330-333,UNKNOWN:start_not_certified_free,PASS,stored_route_uv_0.1mm,1.077,True,UNKNOWN:start_not_certified_free,0.11,549453247f5cf37a,1.074,15.986,100.0,1.074,"start endpoint oracle clearance (row robot, 0.01 mm bisection)",True,,,,,,,,start,,,,,,,,,,,
WWEST-F4X-00856,F4,WWEST,cylinder,F4X-00856,EP-TOL,EP-FLOOR,by-tolerance,,goal is 1.95 mm clear of floor splat 5337920 (2σ top 18.04 mm); GMC's refined gap 0.962 mm ≤ buffer 1 mm + slack -> no endpoint cell,aerial3d/cells.py:121-126 (grow_cell: refine_gap <= buffer + slack -> None) -> aerial3d/api.py:330-333,UNKNOWN:goal_not_certified_free,PASS,stored_route_uv_0.1mm,1.962,True,UNKNOWN:goal_not_certified_free,0.11,549453247f5cf37a,16.836,1.953,100.0,1.953,"goal endpoint oracle clearance (row robot, 0.01 mm bisection)",True,,,,,,,,goal,,,,,,,,,,,
WWEST-F4X-00893,F4,WWEST,cylinder,F4X-00893,EP-TOL,EP-FLOOR,by-tolerance,,start is 1.70 mm clear of floor splat 5526162 (2σ top 19.80 mm); GMC's refined gap 0.706 mm ≤ buffer 1 mm + slack -> no endpoint cell,aerial3d/cells.py:121-126 (grow_cell: refine_gap <= buffer + slack -> None) -> aerial3d/api.py:330-333,UNKNOWN:start_not_certified_free,PASS,stored_route_uv_0.1mm,1.255,True,UNKNOWN:start_not_certified_free,0.11,549453247f5cf37a,1.699,19.99,80.029,1.699,"start endpoint oracle clearance (row robot, 0.01 mm bisection)",True,,,,,,,,start,,,,,,,,,,,
WWEST-F4X-00900,F4,WWEST,cylinder,F4X-00900,EP-TOL,EP-FLOOR,by-tolerance,,goal is 1.56 mm clear of floor splat 5336712 (2σ top 19.09 mm); GMC's refined gap 0.565 mm ≤ buffer 1 mm + slack -> no endpoint cell,aerial3d/cells.py:121-126 (grow_cell: refine_gap <= buffer + slack -> None) -> aerial3d/api.py:330-333,UNKNOWN:goal_not_certified_free,PASS,stored_route_uv_0.1mm,1.19,True,UNKNOWN:goal_not_certified_free,0.11,549453247f5cf37a,16.816,1.562,69.196,1.562,"goal endpoint oracle clearance (row robot, 0.01 mm bisection)",True,,,,,,,,goal,,,,,,,,,,,
WWEST-F4X-00914,F4,WWEST,cylinder,F4X-00914,EP-TOL,EP-FLOOR,by-tolerance,,start is 1.08 mm clear of floor splat 5367392 (2σ top 19.14 mm); GMC's refined gap -0.144 mm ≤ buffer 1 mm + slack -> no endpoint cell,aerial3d/cells.py:121-126 (grow_cell: refine_gap <= buffer + slack -> None) -> aerial3d/api.py:330-333,UNKNOWN:start_not_certified_free,PASS,stored_route_uv_0.1mm,1.01,True,UNKNOWN:start_not_certified_free,0.11,549453247f5cf37a,1.084,19.99,72.766,1.084,"start endpoint oracle clearance (row robot, 0.01 mm bisection)",True,,,,,,UNKNOWN:start_not_certified_free,,start,,,,,,,,,,,
WWEST-F4X-00917,F4,WWEST,cylinder,F4X-00917,EP-TOL,EP-FLOOR,by-tolerance,,start is 1.97 mm clear of floor splat 5496444 (2σ top 18.03 mm); GMC's refined gap 0.974 mm ≤ buffer 1 mm + slack -> no endpoint cell,aerial3d/cells.py:121-126 (grow_cell: refine_gap <= buffer + slack -> None) -> aerial3d/api.py:330-333,UNKNOWN:start_not_certified_free,PASS,stored_route_uv_0.1mm,1.042,True,UNKNOWN:start_not_certified_free,0.11,549453247f5cf37a,1.973,19.99,8.008,1.973,"start endpoint oracle clearance (row robot, 0.01 mm bisection)",True,,,,,,,,start,,,,,,,,,,,
WWEST-F4X-00920,F4,WWEST,cylinder,F4X-00920,EP-TOL,EP-FLOOR,by-tolerance,,goal is 1.97 mm clear of floor splat 5496444 (2σ top 18.03 mm); GMC's refined gap 0.974 mm ≤ buffer 1 mm + slack -> no endpoint cell,aerial3d/cells.py:121-126 (grow_cell: refine_gap <= buffer + slack -> None) -> aerial3d/api.py:330-333,UNKNOWN:goal_not_certified_free,PASS,stored_route_uv_0.1mm,1.502,True,UNKNOWN:goal_not_certified_free,0.11,549453247f5cf37a,19.99,1.973,20.844,1.973,"goal endpoint oracle clearance (row robot, 0.01 mm bisection)",True,,,,,,,,goal,,,,,,,,,,,
WWEST-F4X-00925,F4,WWEST,cylinder,F4X-00925,EP-TOL,EP-FLOOR,by-tolerance,,start is 1.95 mm clear of floor splat 5337920 (2σ top 18.04 mm); GMC's refined gap 0.962 mm ≤ buffer 1 mm + slack -> no endpoint cell,aerial3d/cells.py:121-126 (grow_cell: refine_gap <= buffer + slack -> None) -> aerial3d/api.py:330-333,UNKNOWN:start_not_certified_free,PASS,stored_route_uv_0.1mm,1.343,True,UNKNOWN:start_not_certified_free,0.11,549453247f5cf37a,1.953,19.424,100.0,1.953,"start endpoint oracle clearance (row robot, 0.01 mm bisection)",True,,,,,,,,start,,,,,,,,,,,
WWEST-F4X-00930,F4,WWEST,cylinder,F4X-00930,EP-TOL,EP-FLOOR,by-tolerance,,start is 1.97 mm clear of floor splat 5496444 (2σ top 18.03 mm); GMC's refined gap 0.974 mm ≤ buffer 1 mm + slack -> no endpoint cell,aerial3d/cells.py:121-126 (grow_cell: refine_gap <= buffer + slack -> None) -> aerial3d/api.py:330-333,UNKNOWN:start_not_certified_free,PASS,stored_route_uv_0.1mm,1.104,True,UNKNOWN:start_not_certified_free,0.12,549453247f5cf37a,1.973,19.99,96.124,1.973,"start endpoint oracle clearance (row robot, 0.01 mm bisection)",True,,,,,,,,start,,,,,,,,,,,
WWEST-F4X-00937,F4,WWEST,cylinder,F4X-00937,EP-TOL,EP-FLOOR,by-tolerance,,goal is 1.59 mm clear of floor splat 5336712 (2σ top 19.09 mm); GMC's refined gap 0.601 mm ≤ buffer 1 mm + slack -> no endpoint cell,aerial3d/cells.py:121-126 (grow_cell: refine_gap <= buffer + slack -> None) -> aerial3d/api.py:330-333,UNKNOWN:goal_not_certified_free,PASS,stored_route_uv_0.1mm,1.104,True,UNKNOWN:goal_not_certified_free,0.11,549453247f5cf37a,12.207,1.592,100.0,1.592,"goal endpoint oracle clearance (row robot, 0.01 mm bisection)",True,,,,,,,,goal,,,,,,,,,,,
WWEST-F4X-00942,F4,WWEST,cylinder,F4X-00942,EP-TOL,EP-FLOOR,by-tolerance,,start is 1.97 mm clear of floor splat 5496444 (2σ top 18.03 mm); GMC's refined gap 0.974 mm ≤ buffer 1 mm + slack -> no endpoint cell,aerial3d/cells.py:121-126 (grow_cell: refine_gap <= buffer + slack -> None) -> aerial3d/api.py:330-333,UNKNOWN:start_not_certified_free,PASS,stored_route_uv_0.1mm,1.025,True,UNKNOWN:start_not_certified_free,0.11,549453247f5cf37a,1.973,19.99,59.576,1.973,"start endpoint oracle clearance (row robot, 0.01 mm bisection)",True,,,,,,,,start,,,,,,,,,,,
WWEST-F4X-00944,F4,WWEST,cylinder,F4X-00944,EP-TOL,EP-FLOOR,by-tolerance,,goal is 1.95 mm clear of floor splat 5337920 (2σ top 18.04 mm); GMC's refined gap 0.962 mm ≤ buffer 1 mm + slack -> no endpoint cell,aerial3d/cells.py:121-126 (grow_cell: refine_gap <= buffer + slack -> None) -> aerial3d/api.py:330-333,UNKNOWN:goal_not_certified_free,PASS,stored_route_uv_0.1mm,1.03,True,UNKNOWN:goal_not_certified_free,0.11,549453247f5cf37a,19.99,1.953,20.264,1.953,"goal endpoint oracle clearance (row robot, 0.01 mm bisection)",True,,,,,,,,goal,,,,,,,,,,,
WWEST-F4X-00949,F4,WWEST,cylinder,F4X-00949,EP-TOL,EP-FLOOR,by-tolerance,,goal is 1.95 mm clear of floor splat 5337920 (2σ top 18.04 mm); GMC's refined gap 0.962 mm ≤ buffer 1 mm + slack -> no endpoint cell,aerial3d/cells.py:121-126 (grow_cell: refine_gap <= buffer + slack -> None) -> aerial3d/api.py:330-333,UNKNOWN:goal_not_certified_free,PASS,stored_route_uv_0.1mm,1.056,True,UNKNOWN:goal_not_certified_free,0.11,549453247f5cf37a,12.207,1.953,100.0,1.953,"goal endpoint oracle clearance (row robot, 0.01 mm bisection)",True,,,,,,,,goal,,,,,,,,,,,
WWEST-F4X-00952,F4,WWEST,cylinder,F4X-00952,EP-TOL,EP-FLOOR,by-tolerance,,start is 1.07 mm clear of floor splat 5371715 (2σ top 18.92 mm); GMC's refined gap 0.077 mm ≤ buffer 1 mm + slack -> no endpoint cell,aerial3d/cells.py:121-126 (grow_cell: refine_gap <= buffer + slack -> None) -> aerial3d/api.py:330-333,UNKNOWN:start_not_certified_free,PASS,stored_route_uv_0.1mm,1.003,True,UNKNOWN:start_not_certified_free,0.11,549453247f5cf37a,1.074,19.99,33.948,1.074,"start endpoint oracle clearance (row robot, 0.01 mm bisection)",True,,,,,,,,start,,,,,,,,,,,
WWEST-F4X-00956,F4,WWEST,cylinder,F4X-00956,EP-TOL,EP-FLOOR,by-tolerance,,goal is 1.97 mm clear of floor splat 5496444 (2σ top 18.03 mm); GMC's refined gap 0.974 mm ≤ buffer 1 mm + slack -> no endpoint cell,aerial3d/cells.py:121-126 (grow_cell: refine_gap <= buffer + slack -> None) -> aerial3d/api.py:330-333,UNKNOWN:goal_not_certified_free,PASS,stored_route_uv_0.1mm,1.008,True,UNKNOWN:goal_not_certified_free,0.1,549453247f5cf37a,19.99,1.973,100.0,1.973,"goal endpoint oracle clearance (row robot, 0.01 mm bisection)",True,,,,,,,,goal,,,,,,,,,,,
WWEST-F4X-00995,F4,WWEST,cylinder,F4X-00995,EP-TOL,EP-FLOOR,by-tolerance,,goal is 1.88 mm clear of floor splat 5549414 (2σ top 19.65 mm); GMC's refined gap 0.877 mm ≤ buffer 1 mm + slack -> no endpoint cell,aerial3d/cells.py:121-126 (grow_cell: refine_gap <= buffer + slack -> None) -> aerial3d/api.py:330-333,UNKNOWN:goal_not_certified_free,PASS,stored_route_uv_0.1mm,1.003,True,UNKNOWN:goal_not_certified_free,0.11,549453247f5cf37a,7.48,1.875,19.812,1.875,"goal endpoint oracle clearance (row robot, 0.01 mm bisection)",True,,,,,,,,goal,,,,,,,,,,,
WWEST-F4X-01001,F4,WWEST,cylinder,F4X-01001,EP-TOL,EP-FLOOR,by-tolerance,,goal is 1.95 mm clear of floor splat 5337920 (2σ top 18.04 mm); GMC's refined gap 0.962 mm ≤ buffer 1 mm + slack -> no endpoint cell,aerial3d/cells.py:121-126 (grow_cell: refine_gap <= buffer + slack -> None) -> aerial3d/api.py:330-333,UNKNOWN:goal_not_certified_free,PASS,stored_route_uv_0.1mm,1.036,True,UNKNOWN:goal_not_certified_free,0.11,549453247f5cf37a,19.99,1.953,4.755,1.953,"goal endpoint oracle clearance (row robot, 0.01 mm bisection)",True,,,,,,,,goal,,,,,,,,,,,
WWEST-F4X-01006,F4,WWEST,cylinder,F4X-01006,EP-TOL,EP-FLOOR,by-tolerance,,start is 1.97 mm clear of floor splat 5496444 (2σ top 18.03 mm); GMC's refined gap 0.974 mm ≤ buffer 1 mm + slack -> no endpoint cell,aerial3d/cells.py:121-126 (grow_cell: refine_gap <= buffer + slack -> None) -> aerial3d/api.py:330-333,UNKNOWN:start_not_certified_free,PASS,stored_route_uv_0.1mm,1.039,True,UNKNOWN:start_not_certified_free,0.11,549453247f5cf37a,1.973,12.207,88.44,1.973,"start endpoint oracle clearance (row robot, 0.01 mm bisection)",True,,,,,,,,start,,,,,,,,,,,
WWEST-F4X-01013,F4,WWEST,cylinder,F4X-01013,EP-TOL,EP-FLOOR,by-tolerance,,goal is 1.80 mm clear of floor splat 5739701 (2σ top 18.19 mm); GMC's refined gap 0.806 mm ≤ buffer 1 mm + slack -> no endpoint cell,aerial3d/cells.py:121-126 (grow_cell: refine_gap <= buffer + slack -> None) -> aerial3d/api.py:330-333,UNKNOWN:goal_not_certified_free,PASS,stored_route_uv_0.1mm,1.214,True,UNKNOWN:goal_not_certified_free,0.1,549453247f5cf37a,3.359,1.797,6.018,1.797,"goal endpoint oracle clearance (row robot, 0.01 mm bisection)",True,,,,,,,,goal,,,,,,,,,,,
WWEST-F4X-01022,F4,WWEST,cylinder,F4X-01022,EP-TOL,EP-FLOOR,by-tolerance,,goal is 1.95 mm clear of floor splat 5337920 (2σ top 18.04 mm); GMC's refined gap 0.962 mm ≤ buffer 1 mm + slack -> no endpoint cell,aerial3d/cells.py:121-126 (grow_cell: refine_gap <= buffer + slack -> None) -> aerial3d/api.py:330-333,UNKNOWN:goal_not_certified_free,PASS,stored_route_uv_0.1mm,1.038,True,UNKNOWN:goal_not_certified_free,0.1,549453247f5cf37a,19.99,1.953,38.434,1.953,"goal endpoint oracle clearance (row robot, 0.01 mm bisection)",True,,,,,,,,goal,,,,,,,,,,,
WWEST-F4X-01023,F4,WWEST,cylinder,F4X-01023,EP-TOL,EP-FLOOR,by-tolerance,,goal is 1.95 mm clear of floor splat 5337920 (2σ top 18.04 mm); GMC's refined gap 0.962 mm ≤ buffer 1 mm + slack -> no endpoint cell,aerial3d/cells.py:121-126 (grow_cell: refine_gap <= buffer + slack -> None) -> aerial3d/api.py:330-333,UNKNOWN:goal_not_certified_free,PASS,stored_route_uv_0.1mm,1.275,True,UNKNOWN:goal_not_certified_free,0.11,549453247f5cf37a,19.99,1.953,100.0,1.953,"goal endpoint oracle clearance (row robot, 0.01 mm bisection)",True,,,,,,,,goal,,,,,,,,,,,
WWEST-F4X-01024,F4,WWEST,cylinder,F4X-01024,EP-TOL,EP-FLOOR,by-tolerance,,start is 1.25 mm clear of floor splat 5371648 (2σ top 18.75 mm); GMC's refined gap 0.255 mm ≤ buffer 1 mm + slack -> no endpoint cell,aerial3d/cells.py:121-126 (grow_cell: refine_gap <= buffer + slack -> None) -> aerial3d/api.py:330-333,UNKNOWN:start_not_certified_free,PASS,stored_route_uv_0.1mm,1.035,True,UNKNOWN:start_not_certified_free,0.11,549453247f5cf37a,1.25,3.457,6.122,1.25,"start endpoint oracle clearance (row robot, 0.01 mm bisection)",True,,,,,,,,start,,,,,,,,,,,
WWEST-F4X-01025,F4,WWEST,cylinder,F4X-01025,EP-TOL,EP-FLOOR,by-tolerance,,goal is 1.25 mm clear of floor splat 5371648 (2σ top 18.75 mm); GMC's refined gap 0.255 mm ≤ buffer 1 mm + slack -> no endpoint cell,aerial3d/cells.py:121-126 (grow_cell: refine_gap <= buffer + slack -> None) -> aerial3d/api.py:330-333,UNKNOWN:goal_not_certified_free,PASS,stored_route_uv_0.1mm,1.046,True,UNKNOWN:goal_not_certified_free,0.11,549453247f5cf37a,9.834,1.25,50.055,1.25,"goal endpoint oracle clearance (row robot, 0.01 mm bisection)",True,,,,,,,,goal,,,,,,,,,,,
WWEST-F4X-01026,F4,WWEST,cylinder,F4X-01026,EP-TOL,EP-FLOOR,by-tolerance,,start is 1.97 mm clear of floor splat 5496444 (2σ top 18.03 mm); GMC's refined gap 0.974 mm ≤ buffer 1 mm + slack -> no endpoint cell,aerial3d/cells.py:121-126 (grow_cell: refine_gap <= buffer + slack -> None) -> aerial3d/api.py:330-333,UNKNOWN:start_not_certified_free,PASS,stored_route_uv_0.1mm,1.015,True,UNKNOWN:start_not_certified_free,0.11,549453247f5cf37a,1.973,10.527,9.93,1.973,"start endpoint oracle clearance (row robot, 0.01 mm bisection)",True,,,,,,,,start,,,,,,,,,,,
WWEST-F4X-01031,F4,WWEST,cylinder,F4X-01031,EP-TOL,EP-FLOOR,by-tolerance,,goal is 1.52 mm clear of floor splat 5526162 (2σ top 19.80 mm); GMC's refined gap 0.526 mm ≤ buffer 1 mm + slack -> no endpoint cell,aerial3d/cells.py:121-126 (grow_cell: refine_gap <= buffer + slack -> None) -> aerial3d/api.py:330-333,UNKNOWN:goal_not_certified_free,PASS,stored_route_uv_0.1mm,1.093,True,UNKNOWN:goal_not_certified_free,0.11,549453247f5cf37a,10.889,1.523,100.0,1.523,"goal endpoint oracle clearance (row robot, 0.01 mm bisection)",True,,,,,,,,goal,,,,,,,,,,,
WWEST-F4X-01043,F4,WWEST,cylinder,F4X-01043,EP-TOL,EP-FLOOR,by-tolerance,,goal is 1.25 mm clear of floor splat 5371648 (2σ top 18.75 mm); GMC's refined gap 0.255 mm ≤ buffer 1 mm + slack -> no endpoint cell,aerial3d/cells.py:121-126 (grow_cell: refine_gap <= buffer + slack -> None) -> aerial3d/api.py:330-333,UNKNOWN:goal_not_certified_free,PASS,stored_route_uv_0.1mm,1.003,True,UNKNOWN:goal_not_certified_free,0.11,549453247f5cf37a,12.08,1.25,11.316,1.25,"goal endpoint oracle clearance (row robot, 0.01 mm bisection)",True,,,,,,,,goal,,,,,,,,,,,
WWEST-F4X-01044,F4,WWEST,cylinder,F4X-01044,EP-TOL,EP-FLOOR,by-tolerance,,start is 1.97 mm clear of floor splat 5496444 (2σ top 18.03 mm); GMC's refined gap 0.974 mm ≤ buffer 1 mm + slack -> no endpoint cell,aerial3d/cells.py:121-126 (grow_cell: refine_gap <= buffer + slack -> None) -> aerial3d/api.py:330-333,UNKNOWN:start_not_certified_free,PASS,stored_route_uv_0.1mm,1.974,True,UNKNOWN:start_not_certified_free,0.1,549453247f5cf37a,1.973,14.355,56.488,1.973,"start endpoint oracle clearance (row robot, 0.01 mm bisection)",True,,,,,,,,start,,,,,,,,,,,
WWEST-F4X-01053,F4,WWEST,cylinder,F4X-01053,EP-TOL,EP-FLOOR,by-tolerance,,goal is 1.97 mm clear of floor splat 5496444 (2σ top 18.03 mm); GMC's refined gap 0.974 mm ≤ buffer 1 mm + slack -> no endpoint cell,aerial3d/cells.py:121-126 (grow_cell: refine_gap <= buffer + slack -> None) -> aerial3d/api.py:330-333,UNKNOWN:goal_not_certified_free,PASS,stored_route_uv_0.1mm,1.089,True,UNKNOWN:goal_not_certified_free,0.27,549453247f5cf37a,8.125,1.973,18.573,1.973,"goal endpoint oracle clearance (row robot, 0.01 mm bisection)",True,,,,,,,,goal,,,,,,,,,,,
WWEST-F4X-01057,F4,WWEST,cylinder,F4X-01057,EP-TOL,EP-FLOOR,by-tolerance,,start is 1.35 mm clear of floor splat 5371715 (2σ top 18.92 mm); GMC's refined gap 0.352 mm ≤ buffer 1 mm + slack -> no endpoint cell,aerial3d/cells.py:121-126 (grow_cell: refine_gap <= buffer + slack -> None) -> aerial3d/api.py:330-333,UNKNOWN:start_not_certified_free,PASS,stored_route_uv_0.1mm,1.007,True,UNKNOWN:start_not_certified_free,0.1,549453247f5cf37a,1.348,19.99,3.308,1.348,"start endpoint oracle clearance (row robot, 0.01 mm bisection)",True,,,,,,,,start,,,,,,,,,,,
WWEST-F4X-01060,F4,WWEST,cylinder,F4X-01060,EP-TOL,EP-FLOOR,by-tolerance,,goal is 1.97 mm clear of floor splat 5496444 (2σ top 18.03 mm); GMC's refined gap 0.974 mm ≤ buffer 1 mm + slack -> no endpoint cell,aerial3d/cells.py:121-126 (grow_cell: refine_gap <= buffer + slack -> None) -> aerial3d/api.py:330-333,UNKNOWN:goal_not_certified_free,PASS,stored_route_uv_0.1mm,1.974,True,UNKNOWN:goal_not_certified_free,0.1,549453247f5cf37a,19.99,1.973,100.0,1.973,"goal endpoint oracle clearance (row robot, 0.01 mm bisection)",True,,,,,,,,goal,,,,,,,,,,,
WWEST-F4X-01062,F4,WWEST,cylinder,F4X-01062,EP-TOL,EP-FLOOR,by-tolerance,,start is 1.95 mm clear of floor splat 5337920 (2σ top 18.04 mm); GMC's refined gap 0.962 mm ≤ buffer 1 mm + slack -> no endpoint cell,aerial3d/cells.py:121-126 (grow_cell: refine_gap <= buffer + slack -> None) -> aerial3d/api.py:330-333,UNKNOWN:start_not_certified_free,PASS,stored_route_uv_0.1mm,1.242,True,UNKNOWN:start_not_certified_free,0.1,549453247f5cf37a,1.953,11.641,67.334,1.953,"start endpoint oracle clearance (row robot, 0.01 mm bisection)",True,,,,,,,,start,,,,,,,,,,,
WWEST-F4X-01067,F4,WWEST,cylinder,F4X-01067,EP-TOL,EP-FLOOR,by-tolerance,,goal is 1.34 mm clear of floor splat 5700922 (2σ top 104.32 mm); GMC's refined gap 0.347 mm ≤ buffer 1 mm + slack -> no endpoint cell,aerial3d/cells.py:121-126 (grow_cell: refine_gap <= buffer + slack -> None) -> aerial3d/api.py:330-333,UNKNOWN:goal_not_certified_free,PASS,stored_route_uv_0.1mm,1.175,True,UNKNOWN:goal_not_certified_free,0.09,549453247f5cf37a,10.303,1.338,4.559,1.338,"goal endpoint oracle clearance (row robot, 0.01 mm bisection)",True,,,,,,,,goal,,,,,,,,,,,
WWEST-F4X-01092,F4,WWEST,cylinder,F4X-01092,EP-TOL,EP-FLOOR,by-tolerance,,start is 1.02 mm clear of floor splat 5336509 (2σ top 19.46 mm); GMC's refined gap 0.019 mm ≤ buffer 1 mm + slack -> no endpoint cell,aerial3d/cells.py:121-126 (grow_cell: refine_gap <= buffer + slack -> None) -> aerial3d/api.py:330-333,UNKNOWN:start_not_certified_free,PASS,stored_route_uv_0.1mm,1.007,True,UNKNOWN:start_not_certified_free,0.11,549453247f5cf37a,1.016,9.805,100.0,1.016,"start endpoint oracle clearance (row robot, 0.01 mm bisection)",True,,,,,,UNKNOWN:own_verification_unresolved,,start,,,,,,,,,,,
WWEST-F4X-01095,F4,WWEST,cylinder,F4X-01095,EP-TOL,EP-FLOOR,by-tolerance,,start is 1.97 mm clear of floor splat 5496444 (2σ top 18.03 mm); GMC's refined gap 0.974 mm ≤ buffer 1 mm + slack -> no endpoint cell,aerial3d/cells.py:121-126 (grow_cell: refine_gap <= buffer + slack -> None) -> aerial3d/api.py:330-333,UNKNOWN:start_not_certified_free,PASS,stored_route_uv_0.1mm,1.495,True,UNKNOWN:start_not_certified_free,0.1,549453247f5cf37a,1.973,14.355,25.952,1.973,"start endpoint oracle clearance (row robot, 0.01 mm bisection)",True,,,,,,,,start,,,,,,,,,,,
WWEST-F4X-01102,F4,WWEST,cylinder,F4X-01102,EP-TOL,EP-FLOOR,by-tolerance,,start is 1.25 mm clear of floor splat 5371648 (2σ top 18.75 mm); GMC's refined gap 0.255 mm ≤ buffer 1 mm + slack -> no endpoint cell,aerial3d/cells.py:121-126 (grow_cell: refine_gap <= buffer + slack -> None) -> aerial3d/api.py:330-333,UNKNOWN:start_not_certified_free,PASS,stored_route_uv_0.1mm,1.002,True,UNKNOWN:start_not_certified_free,0.11,549453247f5cf37a,1.25,3.154,5.499,1.25,"start endpoint oracle clearance (row robot, 0.01 mm bisection)",True,,,,,,,,start,,,,,,,,,,,
WWEST-F4X-01111,F4,WWEST,cylinder,F4X-01111,EP-TOL,EP-FLOOR,by-tolerance,,goal is 1.97 mm clear of floor splat 5496444 (2σ top 18.03 mm); GMC's refined gap 0.974 mm ≤ buffer 1 mm + slack -> no endpoint cell,aerial3d/cells.py:121-126 (grow_cell: refine_gap <= buffer + slack -> None) -> aerial3d/api.py:330-333,UNKNOWN:goal_not_certified_free,PASS,stored_route_uv_0.1mm,1.297,True,UNKNOWN:goal_not_certified_free,0.12,549453247f5cf37a,19.99,1.973,17.401,1.973,"goal endpoint oracle clearance (row robot, 0.01 mm bisection)",True,,,,,,,,goal,,,,,,,,,,,
WWEST-F4X-01133,F4,WWEST,cylinder,F4X-01133,EP-TOL,EP-FLOOR,by-tolerance,,start is 1.95 mm clear of floor splat 5337920 (2σ top 18.04 mm); GMC's refined gap 0.962 mm ≤ buffer 1 mm + slack -> no endpoint cell,aerial3d/cells.py:121-126 (grow_cell: refine_gap <= buffer + slack -> None) -> aerial3d/api.py:330-333,UNKNOWN:start_not_certified_free,PASS,stored_route_uv_0.1mm,1.962,True,UNKNOWN:start_not_certified_free,0.13,549453247f5cf37a,1.953,19.99,100.0,1.953,"start endpoint oracle clearance (row robot, 0.01 mm bisection)",True,,,,,,,,start,,,,,,,,,,,
WWEST-F4X-01147,F4,WWEST,cylinder,F4X-01147,EP-TOL,EP-FLOOR,by-tolerance,,start is 1.95 mm clear of floor splat 5337920 (2σ top 18.04 mm); GMC's refined gap 0.962 mm ≤ buffer 1 mm + slack -> no endpoint cell,aerial3d/cells.py:121-126 (grow_cell: refine_gap <= buffer + slack -> None) -> aerial3d/api.py:330-333,UNKNOWN:start_not_certified_free,PASS,stored_route_uv_0.1mm,1.255,True,UNKNOWN:start_not_certified_free,0.13,549453247f5cf37a,1.953,19.99,100.0,1.953,"start endpoint oracle clearance (row robot, 0.01 mm bisection)",True,,,,,,,,start,,,,,,,,,,,
WWEST-F4X-01155,F4,WWEST,cylinder,F4X-01155,EP-TOL,EP-FLOOR,by-tolerance,,goal is 1.95 mm clear of floor splat 5337920 (2σ top 18.04 mm); GMC's refined gap 0.962 mm ≤ buffer 1 mm + slack -> no endpoint cell,aerial3d/cells.py:121-126 (grow_cell: refine_gap <= buffer + slack -> None) -> aerial3d/api.py:330-333,UNKNOWN:goal_not_certified_free,PASS,stored_route_uv_0.1mm,1.082,True,UNKNOWN:goal_not_certified_free,0.13,549453247f5cf37a,19.99,1.953,2.881,1.953,"goal endpoint oracle clearance (row robot, 0.01 mm bisection)",True,,,,,,,,goal,,,,,,,,,,,
WWEST-F4X-01170,F4,WWEST,cylinder,F4X-01170,EP-TOL,EP-FLOOR,by-tolerance,,goal is 1.97 mm clear of floor splat 5496444 (2σ top 18.03 mm); GMC's refined gap 0.974 mm ≤ buffer 1 mm + slack -> no endpoint cell,aerial3d/cells.py:121-126 (grow_cell: refine_gap <= buffer + slack -> None) -> aerial3d/api.py:330-333,UNKNOWN:goal_not_certified_free,PASS,stored_route_uv_0.1mm,1.014,True,UNKNOWN:goal_not_certified_free,0.17,549453247f5cf37a,4.756,1.973,3.345,1.973,"goal endpoint oracle clearance (row robot, 0.01 mm bisection)",True,,,,,,,,goal,,,,,,,,,,,
WWEST-F4X-01175,F4,WWEST,cylinder,F4X-01175,EP-TOL,EP-FLOOR,by-tolerance,,goal is 1.97 mm clear of floor splat 5496444 (2σ top 18.03 mm); GMC's refined gap 0.974 mm ≤ buffer 1 mm + slack -> no endpoint cell,aerial3d/cells.py:121-126 (grow_cell: refine_gap <= buffer + slack -> None) -> aerial3d/api.py:330-333,UNKNOWN:goal_not_certified_free,PASS,stored_route_uv_0.1mm,1.712,True,UNKNOWN:goal_not_certified_free,0.13,549453247f5cf37a,19.99,1.973,18.115,1.973,"goal endpoint oracle clearance (row robot, 0.01 mm bisection)",True,,,,,,,,goal,,,,,,,,,,,
WWEST-F4X-01186,F4,WWEST,cylinder,F4X-01186,EP-TOL,EP-FLOOR,by-tolerance,,start is 1.97 mm clear of floor splat 5496444 (2σ top 18.03 mm); GMC's refined gap 0.974 mm ≤ buffer 1 mm + slack -> no endpoint cell,aerial3d/cells.py:121-126 (grow_cell: refine_gap <= buffer + slack -> None) -> aerial3d/api.py:330-333,UNKNOWN:start_not_certified_free,PASS,stored_route_uv_0.1mm,1.03,True,UNKNOWN:start_not_certified_free,0.13,549453247f5cf37a,1.973,19.99,6.628,1.973,"start endpoint oracle clearance (row robot, 0.01 mm bisection)",True,,,,,,,,start,,,,,,,,,,,
WWEST-F4X-01196,F4,WWEST,cylinder,F4X-01196,EP-TOL,EP-FLOOR,by-tolerance,,start is 1.95 mm clear of floor splat 5337920 (2σ top 18.04 mm); GMC's refined gap 0.962 mm ≤ buffer 1 mm + slack -> no endpoint cell,aerial3d/cells.py:121-126 (grow_cell: refine_gap <= buffer + slack -> None) -> aerial3d/api.py:330-333,UNKNOWN:start_not_certified_free,PASS,stored_route_uv_0.1mm,1.178,True,UNKNOWN:start_not_certified_free,0.12,549453247f5cf37a,1.953,19.99,12.781,1.953,"start endpoint oracle clearance (row robot, 0.01 mm bisection)",True,,,,,,,,start,,,,,,,,,,,
WWEST-F4X-01213,F4,WWEST,cylinder,F4X-01213,EP-TOL,EP-FLOOR,by-tolerance,,start is 1.97 mm clear of floor splat 5496444 (2σ top 18.03 mm); GMC's refined gap 0.974 mm ≤ buffer 1 mm + slack -> no endpoint cell,aerial3d/cells.py:121-126 (grow_cell: refine_gap <= buffer + slack -> None) -> aerial3d/api.py:330-333,UNKNOWN:start_not_certified_free,PASS,stored_route_uv_0.1mm,1.122,True,UNKNOWN:start_not_certified_free,0.12,549453247f5cf37a,1.973,19.99,82.361,1.973,"start endpoint oracle clearance (row robot, 0.01 mm bisection)",True,,,,,,,,start,,,,,,,,,,,
WWEST-F4X-01229,F4,WWEST,cylinder,F4X-01229,EP-TOL,EP-FLOOR,by-tolerance,,goal is 1.25 mm clear of floor splat 5371648 (2σ top 18.75 mm); GMC's refined gap 0.255 mm ≤ buffer 1 mm + slack -> no endpoint cell,aerial3d/cells.py:121-126 (grow_cell: refine_gap <= buffer + slack -> None) -> aerial3d/api.py:330-333,UNKNOWN:goal_not_certified_free,PASS,stored_route_uv_0.1mm,1.043,True,UNKNOWN:goal_not_certified_free,0.14,549453247f5cf37a,19.99,1.25,5.005,1.25,"goal endpoint oracle clearance (row robot, 0.01 mm bisection)",True,,,,,,,,goal,,,,,,,,,,,
WWEST-F4X-01234,F4,WWEST,cylinder,F4X-01234,EP-TOL,EP-FLOOR,by-tolerance,,goal is 1.95 mm clear of floor splat 5337920 (2σ top 18.04 mm); GMC's refined gap 0.962 mm ≤ buffer 1 mm + slack -> no endpoint cell,aerial3d/cells.py:121-126 (grow_cell: refine_gap <= buffer + slack -> None) -> aerial3d/api.py:330-333,UNKNOWN:goal_not_certified_free,PASS,stored_route_uv_0.1mm,1.962,True,UNKNOWN:goal_not_certified_free,0.13,549453247f5cf37a,19.99,1.953,100.0,1.953,"goal endpoint oracle clearance (row robot, 0.01 mm bisection)",True,,,,,,,,goal,,,,,,,,,,,
WWEST-F4X-01249,F4,WWEST,cylinder,F4X-01249,EP-TOL,EP-FLOOR,by-tolerance,,start is 1.97 mm clear of floor splat 5496444 (2σ top 18.03 mm); GMC's refined gap 0.974 mm ≤ buffer 1 mm + slack -> no endpoint cell,aerial3d/cells.py:121-126 (grow_cell: refine_gap <= buffer + slack -> None) -> aerial3d/api.py:330-333,UNKNOWN:start_not_certified_free,PASS,stored_route_uv_0.1mm,1.12,True,UNKNOWN:start_not_certified_free,0.12,549453247f5cf37a,1.973,19.99,30.89,1.973,"start endpoint oracle clearance (row robot, 0.01 mm bisection)",True,,,,,,,,start,,,,,,,,,,,
WWEST-F4X-01261,F4,WWEST,cylinder,F4X-01261,EP-TOL,EP-FLOOR,by-tolerance,,goal is 1.97 mm clear of floor splat 5496444 (2σ top 18.03 mm); GMC's refined gap 0.974 mm ≤ buffer 1 mm + slack -> no endpoint cell,aerial3d/cells.py:121-126 (grow_cell: refine_gap <= buffer + slack -> None) -> aerial3d/api.py:330-333,UNKNOWN:goal_not_certified_free,PASS,stored_route_uv_0.1mm,1.08,True,UNKNOWN:goal_not_certified_free,0.13,549453247f5cf37a,19.99,1.973,11.353,1.973,"goal endpoint oracle clearance (row robot, 0.01 mm bisection)",True,,,,,,,,goal,,,,,,,,,,,
WWEST-F4X-01268,F4,WWEST,cylinder,F4X-01268,EP-TOL,EP-FLOOR,by-tolerance,,start is 1.25 mm clear of floor splat 5371648 (2σ top 18.75 mm); GMC's refined gap 0.255 mm ≤ buffer 1 mm + slack -> no endpoint cell,aerial3d/cells.py:121-126 (grow_cell: refine_gap <= buffer + slack -> None) -> aerial3d/api.py:330-333,UNKNOWN:start_not_certified_free,PASS,stored_route_uv_0.1mm,1.02,True,UNKNOWN:start_not_certified_free,0.13,549453247f5cf37a,1.25,10.703,8.197,1.25,"start endpoint oracle clearance (row robot, 0.01 mm bisection)",True,,,,,,,,start,,,,,,,,,,,
WWEST-F4X-01294,F4,WWEST,cylinder,F4X-01294,EP-TOL,EP-FLOOR,by-tolerance,,goal is 1.95 mm clear of floor splat 5337920 (2σ top 18.04 mm); GMC's refined gap 0.962 mm ≤ buffer 1 mm + slack -> no endpoint cell,aerial3d/cells.py:121-126 (grow_cell: refine_gap <= buffer + slack -> None) -> aerial3d/api.py:330-333,UNKNOWN:goal_not_certified_free,PASS,stored_route_uv_0.1mm,1.962,True,UNKNOWN:goal_not_certified_free,0.13,549453247f5cf37a,19.99,1.953,39.923,1.953,"goal endpoint oracle clearance (row robot, 0.01 mm bisection)",True,,,,,,,,goal,,,,,,,,,,,
WWEST-F4X-01334,F4,WWEST,cylinder,F4X-01334,EP-TOL,EP-FLOOR,by-tolerance,,start is 1.97 mm clear of floor splat 5496444 (2σ top 18.03 mm); GMC's refined gap 0.974 mm ≤ buffer 1 mm + slack -> no endpoint cell,aerial3d/cells.py:121-126 (grow_cell: refine_gap <= buffer + slack -> None) -> aerial3d/api.py:330-333,UNKNOWN:start_not_certified_free,PASS,stored_route_uv_0.1mm,1.25,True,UNKNOWN:start_not_certified_free,0.13,549453247f5cf37a,1.973,14.355,74.664,1.973,"start endpoint oracle clearance (row robot, 0.01 mm bisection)",True,,,,,,,,start,,,,,,,,,,,
WWEST-F4X-01342,F4,WWEST,cylinder,F4X-01342,EP-TOL,EP-FLOOR,by-tolerance,,start is 1.07 mm clear of floor splat 5371715 (2σ top 18.92 mm); GMC's refined gap 0.077 mm ≤ buffer 1 mm + slack -> no endpoint cell,aerial3d/cells.py:121-126 (grow_cell: refine_gap <= buffer + slack -> None) -> aerial3d/api.py:330-333,UNKNOWN:start_not_certified_free,PASS,stored_route_uv_0.1mm,1.047,True,UNKNOWN:start_not_certified_free,0.13,549453247f5cf37a,1.074,19.99,46.997,1.074,"start endpoint oracle clearance (row robot, 0.01 mm bisection)",True,,,,,,,,start,,,,,,,,,,,
WWEST-F4X-01354,F4,WWEST,cylinder,F4X-01354,EP-TOL,EP-FLOOR,by-tolerance,,start is 1.95 mm clear of floor splat 5337920 (2σ top 18.04 mm); GMC's refined gap 0.962 mm ≤ buffer 1 mm + slack -> no endpoint cell,aerial3d/cells.py:121-126 (grow_cell: refine_gap <= buffer + slack -> None) -> aerial3d/api.py:330-333,UNKNOWN:start_not_certified_free,PASS,stored_route_uv_0.1mm,1.962,True,UNKNOWN:start_not_certified_free,0.11,549453247f5cf37a,1.953,14.355,79.224,1.953,"start endpoint oracle clearance (row robot, 0.01 mm bisection)",True,,,,,,,,start,,,,,,,,,,,
WWEST-F4X-01371,F4,WWEST,cylinder,F4X-01371,EP-TOL,EP-FLOOR,by-tolerance,,goal is 1.95 mm clear of floor splat 5337920 (2σ top 18.04 mm); GMC's refined gap 0.962 mm ≤ buffer 1 mm + slack -> no endpoint cell,aerial3d/cells.py:121-126 (grow_cell: refine_gap <= buffer + slack -> None) -> aerial3d/api.py:330-333,UNKNOWN:goal_not_certified_free,PASS,stored_route_uv_0.1mm,1.051,True,UNKNOWN:goal_not_certified_free,0.14,549453247f5cf37a,12.207,1.953,100.0,1.953,"goal endpoint oracle clearance (row robot, 0.01 mm bisection)",True,,,,,,,,goal,,,,,,,,,,,
WWEST-F4X-01415,F4,WWEST,cylinder,F4X-01415,EP-TOL,EP-FLOOR,by-tolerance,,goal is 1.95 mm clear of floor splat 5337920 (2σ top 18.04 mm); GMC's refined gap 0.962 mm ≤ buffer 1 mm + slack -> no endpoint cell,aerial3d/cells.py:121-126 (grow_cell: refine_gap <= buffer + slack -> None) -> aerial3d/api.py:330-333,UNKNOWN:goal_not_certified_free,PASS,stored_route_uv_0.1mm,1.011,True,UNKNOWN:goal_not_certified_free,0.1,549453247f5cf37a,19.99,1.953,43.738,1.953,"goal endpoint oracle clearance (row robot, 0.01 mm bisection)",True,,,,,,,,goal,,,,,,,,,,,
WWEST-F4X-01419,F4,WWEST,cylinder,F4X-01419,EP-TOL,EP-FLOOR,by-tolerance,,goal is 1.97 mm clear of floor splat 5496444 (2σ top 18.03 mm); GMC's refined gap 0.974 mm ≤ buffer 1 mm + slack -> no endpoint cell,aerial3d/cells.py:121-126 (grow_cell: refine_gap <= buffer + slack -> None) -> aerial3d/api.py:330-333,UNKNOWN:goal_not_certified_free,PASS,stored_route_uv_0.1mm,1.267,True,UNKNOWN:goal_not_certified_free,0.11,549453247f5cf37a,19.99,1.973,48.23,1.973,"goal endpoint oracle clearance (row robot, 0.01 mm bisection)",True,,,,,,,,goal,,,,,,,,,,,
WWEST-F4X-01465,F4,WWEST,cylinder,F4X-01465,EP-TOL,EP-FLOOR,by-tolerance,,goal is 1.55 mm clear of floor splat 5336712 (2σ top 19.09 mm); GMC's refined gap 0.557 mm ≤ buffer 1 mm + slack -> no endpoint cell,aerial3d/cells.py:121-126 (grow_cell: refine_gap <= buffer + slack -> None) -> aerial3d/api.py:330-333,UNKNOWN:goal_not_certified_free,PASS,stored_route_uv_0.1mm,1.092,True,UNKNOWN:goal_not_certified_free,0.14,549453247f5cf37a,19.99,1.553,48.248,1.553,"goal endpoint oracle clearance (row robot, 0.01 mm bisection)",True,,,,,,,,goal,,,,,,,,,,,
WWEST-F4X-01468,F4,WWEST,cylinder,F4X-01468,EP-TOL,EP-FLOOR,by-tolerance,,start is 1.66 mm clear of floor splat 5679704 (2σ top 22.75 mm); GMC's refined gap 0.669 mm ≤ buffer 1 mm + slack -> no endpoint cell,aerial3d/cells.py:121-126 (grow_cell: refine_gap <= buffer + slack -> None) -> aerial3d/api.py:330-333,UNKNOWN:start_not_certified_free,PASS,stored_route_uv_0.1mm,1.021,True,UNKNOWN:start_not_certified_free,0.14,549453247f5cf37a,1.66,17.686,4.26,1.66,"start endpoint oracle clearance (row robot, 0.01 mm bisection)",True,,,,,,,,start,,,,,,,,,,,
WWEST-F4X-01478,F4,WWEST,cylinder,F4X-01478,EP-TOL,EP-FLOOR,by-tolerance,,start is 1.95 mm clear of floor splat 5337920 (2σ top 18.04 mm); GMC's refined gap 0.962 mm ≤ buffer 1 mm + slack -> no endpoint cell,aerial3d/cells.py:121-126 (grow_cell: refine_gap <= buffer + slack -> None) -> aerial3d/api.py:330-333,UNKNOWN:start_not_certified_free,PASS,stored_route_uv_0.1mm,1.208,True,UNKNOWN:start_not_certified_free,0.12,549453247f5cf37a,1.953,3.291,47.821,1.953,"start endpoint oracle clearance (row robot, 0.01 mm bisection)",True,,,,,,,,start,,,,,,,,,,,
WWEST-F4X-01486,F4,WWEST,cylinder,F4X-01486,EP-TOL,EP-FLOOR,by-tolerance,,goal is 1.95 mm clear of floor splat 5337920 (2σ top 18.04 mm); GMC's refined gap 0.962 mm ≤ buffer 1 mm + slack -> no endpoint cell,aerial3d/cells.py:121-126 (grow_cell: refine_gap <= buffer + slack -> None) -> aerial3d/api.py:330-333,UNKNOWN:goal_not_certified_free,PASS,stored_route_uv_0.1mm,1.962,True,UNKNOWN:goal_not_certified_free,0.12,549453247f5cf37a,11.641,1.953,77.936,1.953,"goal endpoint oracle clearance (row robot, 0.01 mm bisection)",True,,,,,,,,goal,,,,,,,,,,,
WWEST-F4X-01496,F4,WWEST,cylinder,F4X-01496,EP-TOL,EP-FLOOR,by-tolerance,,start is 1.25 mm clear of floor splat 5371648 (2σ top 18.75 mm); GMC's refined gap 0.255 mm ≤ buffer 1 mm + slack -> no endpoint cell,aerial3d/cells.py:121-126 (grow_cell: refine_gap <= buffer + slack -> None) -> aerial3d/api.py:330-333,UNKNOWN:start_not_certified_free,PASS,stored_route_uv_0.1mm,1.007,True,UNKNOWN:start_not_certified_free,0.12,549453247f5cf37a,1.25,19.99,6.329,1.25,"start endpoint oracle clearance (row robot, 0.01 mm bisection)",True,,,,,,,,start,,,,,,,,,,,
WWEST-F4X-01507,F4,WWEST,cylinder,F4X-01507,EP-TOL,EP-FLOOR,by-tolerance,,goal is 1.95 mm clear of floor splat 5337920 (2σ top 18.04 mm); GMC's refined gap 0.962 mm ≤ buffer 1 mm + slack -> no endpoint cell,aerial3d/cells.py:121-126 (grow_cell: refine_gap <= buffer + slack -> None) -> aerial3d/api.py:330-333,UNKNOWN:goal_not_certified_free,PASS,stored_route_uv_0.1mm,1.01,True,UNKNOWN:goal_not_certified_free,0.12,549453247f5cf37a,12.246,1.953,100.0,1.953,"goal endpoint oracle clearance (row robot, 0.01 mm bisection)",True,,,,,,,,goal,,,,,,,,,,,
WWEST-F4X-01509,F4,WWEST,cylinder,F4X-01509,EP-TOL,EP-FLOOR,by-tolerance,,start is 1.25 mm clear of floor splat 5371648 (2σ top 18.75 mm); GMC's refined gap 0.255 mm ≤ buffer 1 mm + slack -> no endpoint cell,aerial3d/cells.py:121-126 (grow_cell: refine_gap <= buffer + slack -> None) -> aerial3d/api.py:330-333,UNKNOWN:start_not_certified_free,PASS,stored_route_uv_0.1mm,1.042,True,UNKNOWN:start_not_certified_free,0.11,549453247f5cf37a,1.25,14.355,4.669,1.25,"start endpoint oracle clearance (row robot, 0.01 mm bisection)",True,,,,,,,,start,,,,,,,,,,,
WWEST-F4X-01525,F4,WWEST,cylinder,F4X-01525,EP-TOL,EP-FLOOR,by-tolerance,,start is 1.25 mm clear of floor splat 5371648 (2σ top 18.75 mm); GMC's refined gap 0.255 mm ≤ buffer 1 mm + slack -> no endpoint cell,aerial3d/cells.py:121-126 (grow_cell: refine_gap <= buffer + slack -> None) -> aerial3d/api.py:330-333,UNKNOWN:start_not_certified_free,PASS,stored_route_uv_0.1mm,1.007,True,UNKNOWN:start_not_certified_free,0.12,549453247f5cf37a,1.25,19.99,4.608,1.25,"start endpoint oracle clearance (row robot, 0.01 mm bisection)",True,,,,,,,,start,,,,,,,,,,,
WWEST-F4X-01540,F4,WWEST,cylinder,F4X-01540,EP-TOL,EP-FLOOR,by-tolerance,,goal is 1.95 mm clear of floor splat 5337920 (2σ top 18.04 mm); GMC's refined gap 0.962 mm ≤ buffer 1 mm + slack -> no endpoint cell,aerial3d/cells.py:121-126 (grow_cell: refine_gap <= buffer + slack -> None) -> aerial3d/api.py:330-333,UNKNOWN:goal_not_certified_free,PASS,stored_route_uv_0.1mm,1.011,True,UNKNOWN:goal_not_certified_free,0.1,549453247f5cf37a,7.354,1.953,21.588,1.953,"goal endpoint oracle clearance (row robot, 0.01 mm bisection)",True,,,,,,,,goal,,,,,,,,,,,
WWEST-F4X-01548,F4,WWEST,cylinder,F4X-01548,EP-TOL,EP-FLOOR,by-tolerance,,start is 1.63 mm clear of floor splat 5525250 (2σ top 19.66 mm); GMC's refined gap 0.633 mm ≤ buffer 1 mm + slack -> no endpoint cell,aerial3d/cells.py:121-126 (grow_cell: refine_gap <= buffer + slack -> None) -> aerial3d/api.py:330-333,UNKNOWN:start_not_certified_free,PASS,stored_route_uv_0.1mm,1.019,True,UNKNOWN:start_not_certified_free,0.11,549453247f5cf37a,1.631,18.76,31.226,1.631,"start endpoint oracle clearance (row robot, 0.01 mm bisection)",True,,,,,,,,start,,,,,,,,,,,
WWEST-F4X-01579,F4,WWEST,cylinder,F4X-01579,EP-TOL,EP-FLOOR,by-tolerance,,goal is 1.95 mm clear of floor splat 5337920 (2σ top 18.04 mm); GMC's refined gap 0.962 mm ≤ buffer 1 mm + slack -> no endpoint cell,aerial3d/cells.py:121-126 (grow_cell: refine_gap <= buffer + slack -> None) -> aerial3d/api.py:330-333,UNKNOWN:goal_not_certified_free,PASS,stored_route_uv_0.1mm,1.962,True,UNKNOWN:goal_not_certified_free,0.11,549453247f5cf37a,11.641,1.953,100.0,1.953,"goal endpoint oracle clearance (row robot, 0.01 mm bisection)",True,,,,,,,,goal,,,,,,,,,,,
WWEST-F4X-01587,F4,WWEST,cylinder,F4X-01587,EP-TOL,EP-FLOOR,by-tolerance,,goal is 1.97 mm clear of floor splat 5496444 (2σ top 18.03 mm); GMC's refined gap 0.974 mm ≤ buffer 1 mm + slack -> no endpoint cell,aerial3d/cells.py:121-126 (grow_cell: refine_gap <= buffer + slack -> None) -> aerial3d/api.py:330-333,UNKNOWN:goal_not_certified_free,PASS,stored_route_uv_0.1mm,1.085,True,UNKNOWN:goal_not_certified_free,0.11,549453247f5cf37a,19.99,1.973,100.0,1.973,"goal endpoint oracle clearance (row robot, 0.01 mm bisection)",True,,,,,,,,goal,,,,,,,,,,,
WWEST-F4X-01591,F4,WWEST,cylinder,F4X-01591,EP-TOL,EP-FLOOR,by-tolerance,,goal is 1.25 mm clear of floor splat 5371648 (2σ top 18.75 mm); GMC's refined gap 0.255 mm ≤ buffer 1 mm + slack -> no endpoint cell,aerial3d/cells.py:121-126 (grow_cell: refine_gap <= buffer + slack -> None) -> aerial3d/api.py:330-333,UNKNOWN:goal_not_certified_free,PASS,stored_route_uv_0.1mm,1.0,True,UNKNOWN:goal_not_certified_free,0.17,549453247f5cf37a,2.764,1.25,6.787,1.25,"goal endpoint oracle clearance (row robot, 0.01 mm bisection)",True,,,,,,,,goal,,,,,,,,,,,
WWEST-F4X-01605,F4,WWEST,cylinder,F4X-01605,EP-TOL,EP-FLOOR,by-tolerance,,start is 1.07 mm clear of floor splat 5371715 (2σ top 18.92 mm); GMC's refined gap 0.077 mm ≤ buffer 1 mm + slack -> no endpoint cell,aerial3d/cells.py:121-126 (grow_cell: refine_gap <= buffer + slack -> None) -> aerial3d/api.py:330-333,UNKNOWN:start_not_certified_free,PASS,stored_route_uv_0.1mm,1.005,True,UNKNOWN:start_not_certified_free,0.11,549453247f5cf37a,1.074,11.641,31.72,1.074,"start endpoint oracle clearance (row robot, 0.01 mm bisection)",True,,,,,,,,start,,,,,,,,,,,
WWEST-F4X-01612,F4,WWEST,cylinder,F4X-01612,EP-TOL,EP-FLOOR,by-tolerance,,start is 1.95 mm clear of floor splat 5337920 (2σ top 18.04 mm); GMC's refined gap 0.962 mm ≤ buffer 1 mm + slack -> no endpoint cell,aerial3d/cells.py:121-126 (grow_cell: refine_gap <= buffer + slack -> None) -> aerial3d/api.py:330-333,UNKNOWN:start_not_certified_free,PASS,stored_route_uv_0.1mm,1.761,True,UNKNOWN:start_not_certified_free,0.11,549453247f5cf37a,1.953,7.705,100.0,1.953,"start endpoint oracle clearance (row robot, 0.01 mm bisection)",True,,,,,,,,start,,,,,,,,,,,
WWEST-F4X-01621,F4,WWEST,cylinder,F4X-01621,EP-TOL,EP-FLOOR,by-tolerance,,start is 1.95 mm clear of floor splat 5337920 (2σ top 18.04 mm); GMC's refined gap 0.962 mm ≤ buffer 1 mm + slack -> no endpoint cell,aerial3d/cells.py:121-126 (grow_cell: refine_gap <= buffer + slack -> None) -> aerial3d/api.py:330-333,UNKNOWN:start_not_certified_free,PASS,stored_route_uv_0.1mm,1.962,True,UNKNOWN:start_not_certified_free,0.12,549453247f5cf37a,1.953,19.99,100.0,1.953,"start endpoint oracle clearance (row robot, 0.01 mm bisection)",True,,,,,,,,start,,,,,,,,,,,
WWEST-F4X-01641,F4,WWEST,cylinder,F4X-01641,EP-TOL,EP-FLOOR,by-tolerance,,start is 1.95 mm clear of floor splat 5337920 (2σ top 18.04 mm); GMC's refined gap 0.962 mm ≤ buffer 1 mm + slack -> no endpoint cell,aerial3d/cells.py:121-126 (grow_cell: refine_gap <= buffer + slack -> None) -> aerial3d/api.py:330-333,UNKNOWN:start_not_certified_free,PASS,stored_route_uv_0.1mm,1.962,True,UNKNOWN:start_not_certified_free,0.11,549453247f5cf37a,1.953,3.291,98.688,1.953,"start endpoint oracle clearance (row robot, 0.01 mm bisection)",True,,,,,,,,start,,,,,,,,,,,
WWEST-F4X-01656,F4,WWEST,cylinder,F4X-01656,EP-TOL,EP-FLOOR,by-tolerance,,goal is 1.95 mm clear of floor splat 5337920 (2σ top 18.04 mm); GMC's refined gap 0.962 mm ≤ buffer 1 mm + slack -> no endpoint cell,aerial3d/cells.py:121-126 (grow_cell: refine_gap <= buffer + slack -> None) -> aerial3d/api.py:330-333,UNKNOWN:goal_not_certified_free,PASS,stored_route_uv_0.1mm,1.079,True,UNKNOWN:goal_not_certified_free,0.12,549453247f5cf37a,19.99,1.953,81.995,1.953,"goal endpoint oracle clearance (row robot, 0.01 mm bisection)",True,,,,,,,,goal,,,,,,,,,,,
WWEST-F4X-01660,F4,WWEST,cylinder,F4X-01660,EP-TOL,EP-FLOOR,by-tolerance,,start is 1.97 mm clear of floor splat 5496444 (2σ top 18.03 mm); GMC's refined gap 0.974 mm ≤ buffer 1 mm + slack -> no endpoint cell,aerial3d/cells.py:121-126 (grow_cell: refine_gap <= buffer + slack -> None) -> aerial3d/api.py:330-333,UNKNOWN:start_not_certified_free,PASS,stored_route_uv_0.1mm,1.006,True,UNKNOWN:start_not_certified_free,0.12,549453247f5cf37a,1.973,19.99,36.218,1.973,"start endpoint oracle clearance (row robot, 0.01 mm bisection)",True,,,,,,,,start,,,,,,,,,,,
WWEST-F4X-01661,F4,WWEST,cylinder,F4X-01661,EP-TOL,EP-FLOOR,by-tolerance,,start is 1.07 mm clear of floor splat 5371715 (2σ top 18.92 mm); GMC's refined gap 0.077 mm ≤ buffer 1 mm + slack -> no endpoint cell,aerial3d/cells.py:121-126 (grow_cell: refine_gap <= buffer + slack -> None) -> aerial3d/api.py:330-333,UNKNOWN:start_not_certified_free,PASS,stored_route_uv_0.1mm,1.036,True,UNKNOWN:start_not_certified_free,0.11,549453247f5cf37a,1.074,6.826,40.631,1.074,"start endpoint oracle clearance (row robot, 0.01 mm bisection)",True,,,,,,,,start,,,,,,,,,,,
WWEST-F4X-01681,F4,WWEST,cylinder,F4X-01681,EP-TOL,EP-FLOOR,by-tolerance,,start is 1.19 mm clear of floor splat 5536151 (2σ top 24.27 mm); GMC's refined gap 0.193 mm ≤ buffer 1 mm + slack -> no endpoint cell,aerial3d/cells.py:121-126 (grow_cell: refine_gap <= buffer + slack -> None) -> aerial3d/api.py:330-333,UNKNOWN:start_not_certified_free,PASS,stored_route_uv_0.1mm,1.032,True,UNKNOWN:start_not_certified_free,0.11,549453247f5cf37a,1.191,19.99,4.761,1.191,"start endpoint oracle clearance (row robot, 0.01 mm bisection)",True,,,,,,,,start,,,,,,,,,,,
WWEST-F4X-01683,F4,WWEST,cylinder,F4X-01683,EP-TOL,EP-FLOOR,by-tolerance,,goal is 1.97 mm clear of floor splat 5496444 (2σ top 18.03 mm); GMC's refined gap 0.974 mm ≤ buffer 1 mm + slack -> no endpoint cell,aerial3d/cells.py:121-126 (grow_cell: refine_gap <= buffer + slack -> None) -> aerial3d/api.py:330-333,UNKNOWN:goal_not_certified_free,PASS,stored_route_uv_0.1mm,1.792,True,UNKNOWN:goal_not_certified_free,0.11,549453247f5cf37a,12.207,1.973,100.0,1.973,"goal endpoint oracle clearance (row robot, 0.01 mm bisection)",True,,,,,,,,goal,,,,,,,,,,,
WWEST-F4X-01685,F4,WWEST,cylinder,F4X-01685,EP-TOL,EP-FLOOR,by-tolerance,,goal is 1.97 mm clear of floor splat 5496444 (2σ top 18.03 mm); GMC's refined gap 0.974 mm ≤ buffer 1 mm + slack -> no endpoint cell,aerial3d/cells.py:121-126 (grow_cell: refine_gap <= buffer + slack -> None) -> aerial3d/api.py:330-333,UNKNOWN:goal_not_certified_free,PASS,stored_route_uv_0.1mm,1.013,True,UNKNOWN:goal_not_certified_free,0.11,549453247f5cf37a,19.99,1.973,100.0,1.973,"goal endpoint oracle clearance (row robot, 0.01 mm bisection)",True,,,,,,,,goal,,,,,,,,,,,
WWEST-F4X-01689,F4,WWEST,cylinder,F4X-01689,EP-TOL,EP-FLOOR,by-tolerance,,start is 1.95 mm clear of floor splat 5337920 (2σ top 18.04 mm); GMC's refined gap 0.962 mm ≤ buffer 1 mm + slack -> no endpoint cell,aerial3d/cells.py:121-126 (grow_cell: refine_gap <= buffer + slack -> None) -> aerial3d/api.py:330-333,UNKNOWN:start_not_certified_free,PASS,stored_route_uv_0.1mm,1.022,True,UNKNOWN:start_not_certified_free,0.11,549453247f5cf37a,1.953,19.99,13.214,1.953,"start endpoint oracle clearance (row robot, 0.01 mm bisection)",True,,,,,,,,start,,,,,,,,,,,
WWEST-F4X-01696,F4,WWEST,cylinder,F4X-01696,EP-TOL,EP-FLOOR,by-tolerance,,goal is 1.63 mm clear of floor splat 5526162 (2σ top 19.80 mm); GMC's refined gap 0.639 mm ≤ buffer 1 mm + slack -> no endpoint cell,aerial3d/cells.py:121-126 (grow_cell: refine_gap <= buffer + slack -> None) -> aerial3d/api.py:330-333,UNKNOWN:goal_not_certified_free,PASS,stored_route_uv_0.1mm,1.172,True,UNKNOWN:goal_not_certified_free,0.11,549453247f5cf37a,2.988,1.631,100.0,1.631,"goal endpoint oracle clearance (row robot, 0.01 mm bisection)",True,,,,,,,,goal,,,,,,,,,,,
WWEST-F4X-01706,F4,WWEST,cylinder,F4X-01706,EP-TOL,EP-FLOOR,by-tolerance,,goal is 1.25 mm clear of floor splat 5371648 (2σ top 18.75 mm); GMC's refined gap 0.255 mm ≤ buffer 1 mm + slack -> no endpoint cell,aerial3d/cells.py:121-126 (grow_cell: refine_gap <= buffer + slack -> None) -> aerial3d/api.py:330-333,UNKNOWN:goal_not_certified_free,PASS,stored_route_uv_0.1mm,1.011,True,UNKNOWN:goal_not_certified_free,0.11,549453247f5cf37a,19.99,1.25,22.473,1.25,"goal endpoint oracle clearance (row robot, 0.01 mm bisection)",True,,,,,,,,goal,,,,,,,,,,,
WWEST-F4X-01716,F4,WWEST,cylinder,F4X-01716,EP-TOL,EP-FLOOR,by-tolerance,,goal is 1.97 mm clear of floor splat 5496444 (2σ top 18.03 mm); GMC's refined gap 0.974 mm ≤ buffer 1 mm + slack -> no endpoint cell,aerial3d/cells.py:121-126 (grow_cell: refine_gap <= buffer + slack -> None) -> aerial3d/api.py:330-333,UNKNOWN:goal_not_certified_free,PASS,stored_route_uv_0.1mm,1.974,True,UNKNOWN:goal_not_certified_free,0.12,549453247f5cf37a,18.105,1.973,24.164,1.973,"goal endpoint oracle clearance (row robot, 0.01 mm bisection)",True,,,,,,,,goal,,,,,,,,,,,
WWEST-F4X-01727,F4,WWEST,cylinder,F4X-01727,EP-TOL,EP-FLOOR,by-tolerance,,start is 1.95 mm clear of floor splat 5337920 (2σ top 18.04 mm); GMC's refined gap 0.962 mm ≤ buffer 1 mm + slack -> no endpoint cell,aerial3d/cells.py:121-126 (grow_cell: refine_gap <= buffer + slack -> None) -> aerial3d/api.py:330-333,UNKNOWN:start_not_certified_free,PASS,stored_route_uv_0.1mm,1.962,True,UNKNOWN:start_not_certified_free,0.12,549453247f5cf37a,1.953,12.207,100.0,1.953,"start endpoint oracle clearance (row robot, 0.01 mm bisection)",True,,,,,,,,start,,,,,,,,,,,
WWEST-F4X-01741,F4,WWEST,cylinder,F4X-01741,EP-TOL,EP-FLOOR,by-tolerance,,goal is 1.97 mm clear of floor splat 5496444 (2σ top 18.03 mm); GMC's refined gap 0.974 mm ≤ buffer 1 mm + slack -> no endpoint cell,aerial3d/cells.py:121-126 (grow_cell: refine_gap <= buffer + slack -> None) -> aerial3d/api.py:330-333,UNKNOWN:goal_not_certified_free,PASS,stored_route_uv_0.1mm,1.451,True,UNKNOWN:goal_not_certified_free,0.12,549453247f5cf37a,19.99,1.973,55.072,1.973,"goal endpoint oracle clearance (row robot, 0.01 mm bisection)",True,,,,,,,,goal,,,,,,,,,,,
WWEST-F4X-01784,F4,WWEST,cylinder,F4X-01784,EP-TOL,EP-FLOOR,by-tolerance,,start is 1.95 mm clear of floor splat 5337920 (2σ top 18.04 mm); GMC's refined gap 0.962 mm ≤ buffer 1 mm + slack -> no endpoint cell,aerial3d/cells.py:121-126 (grow_cell: refine_gap <= buffer + slack -> None) -> aerial3d/api.py:330-333,UNKNOWN:start_not_certified_free,PASS,stored_route_uv_0.1mm,1.035,True,UNKNOWN:start_not_certified_free,0.2,549453247f5cf37a,1.953,13.623,60.04,1.953,"start endpoint oracle clearance (row robot, 0.01 mm bisection)",True,,,,,,,,start,,,,,,,,,,,
WWEST-F4X-01788,F4,WWEST,cylinder,F4X-01788,EP-TOL,EP-FLOOR,by-tolerance,,start is 1.97 mm clear of floor splat 5496444 (2σ top 18.03 mm); GMC's refined gap 0.974 mm ≤ buffer 1 mm + slack -> no endpoint cell,aerial3d/cells.py:121-126 (grow_cell: refine_gap <= buffer + slack -> None) -> aerial3d/api.py:330-333,UNKNOWN:start_not_certified_free,PASS,stored_route_uv_0.1mm,1.027,True,UNKNOWN:start_not_certified_free,0.12,549453247f5cf37a,1.973,18.486,90.1,1.973,"start endpoint oracle clearance (row robot, 0.01 mm bisection)",True,,,,,,,,start,,,,,,,,,,,
WWEST-F4X-01790,F4,WWEST,cylinder,F4X-01790,EP-TOL,EP-FLOOR,by-tolerance,,start is 1.07 mm clear of floor splat 5371715 (2σ top 18.92 mm); GMC's refined gap 0.077 mm ≤ buffer 1 mm + slack -> no endpoint cell,aerial3d/cells.py:121-126 (grow_cell: refine_gap <= buffer + slack -> None) -> aerial3d/api.py:330-333,UNKNOWN:start_not_certified_free,PASS,stored_route_uv_0.1mm,1.077,True,UNKNOWN:start_not_certified_free,0.11,549453247f5cf37a,1.074,11.172,32.751,1.074,"start endpoint oracle clearance (row robot, 0.01 mm bisection)",True,,,,,,,,start,,,,,,,,,,,
WWEST-F4X-01791,F4,WWEST,cylinder,F4X-01791,EP-TOL,EP-FLOOR,by-tolerance,,start is 1.95 mm clear of floor splat 5337920 (2σ top 18.04 mm); GMC's refined gap 0.962 mm ≤ buffer 1 mm + slack -> no endpoint cell,aerial3d/cells.py:121-126 (grow_cell: refine_gap <= buffer + slack -> None) -> aerial3d/api.py:330-333,UNKNOWN:start_not_certified_free,PASS,stored_route_uv_0.1mm,1.072,True,UNKNOWN:start_not_certified_free,0.11,549453247f5cf37a,1.953,19.99,100.0,1.953,"start endpoint oracle clearance (row robot, 0.01 mm bisection)",True,,,,,,,,start,,,,,,,,,,,
WWEST-F4X-01832,F4,WWEST,cylinder,F4X-01832,EP-TOL,EP-FLOOR,by-tolerance,,start is 1.97 mm clear of floor splat 5496444 (2σ top 18.03 mm); GMC's refined gap 0.974 mm ≤ buffer 1 mm + slack -> no endpoint cell,aerial3d/cells.py:121-126 (grow_cell: refine_gap <= buffer + slack -> None) -> aerial3d/api.py:330-333,UNKNOWN:start_not_certified_free,PASS,stored_route_uv_0.1mm,1.974,True,UNKNOWN:start_not_certified_free,0.11,549453247f5cf37a,1.973,19.99,56.995,1.973,"start endpoint oracle clearance (row robot, 0.01 mm bisection)",True,,,,,,,,start,,,,,,,,,,,
WWEST-F4X-01833,F4,WWEST,cylinder,F4X-01833,EP-TOL,EP-FLOOR,by-tolerance,,start is 1.97 mm clear of floor splat 5496444 (2σ top 18.03 mm); GMC's refined gap 0.974 mm ≤ buffer 1 mm + slack -> no endpoint cell,aerial3d/cells.py:121-126 (grow_cell: refine_gap <= buffer + slack -> None) -> aerial3d/api.py:330-333,UNKNOWN:start_not_certified_free,PASS,stored_route_uv_0.1mm,1.042,True,UNKNOWN:start_not_certified_free,0.11,549453247f5cf37a,1.973,19.99,100.0,1.973,"start endpoint oracle clearance (row robot, 0.01 mm bisection)",True,,,,,,,,start,,,,,,,,,,,
WWEST-F4X-01858,F4,WWEST,cylinder,F4X-01858,EP-TOL,EP-FLOOR,by-tolerance,,start is 1.07 mm clear of floor splat 5371715 (2σ top 18.92 mm); GMC's refined gap 0.077 mm ≤ buffer 1 mm + slack -> no endpoint cell,aerial3d/cells.py:121-126 (grow_cell: refine_gap <= buffer + slack -> None) -> aerial3d/api.py:330-333,UNKNOWN:start_not_certified_free,PASS,stored_route_uv_0.1mm,1.003,True,UNKNOWN:start_not_certified_free,0.12,549453247f5cf37a,1.074,12.207,49.377,1.074,"start endpoint oracle clearance (row robot, 0.01 mm bisection)",True,,,,,,,,start,,,,,,,,,,,
WWEST-F4X-01865,F4,WWEST,cylinder,F4X-01865,EP-TOL,EP-FLOOR,by-tolerance,,start is 1.42 mm clear of floor splat 5700922 (2σ top 104.32 mm); GMC's refined gap 0.424 mm ≤ buffer 1 mm + slack -> no endpoint cell,aerial3d/cells.py:121-126 (grow_cell: refine_gap <= buffer + slack -> None) -> aerial3d/api.py:330-333,UNKNOWN:start_not_certified_free,PASS,stored_route_uv_0.1mm,1.167,True,UNKNOWN:start_not_certified_free,0.12,549453247f5cf37a,1.416,5.4,3.345,1.416,"start endpoint oracle clearance (row robot, 0.01 mm bisection)",True,,,,,,,,start,,,,,,,,,,,
WWEST-F4X-01877,F4,WWEST,cylinder,F4X-01877,EP-TOL,EP-FLOOR,by-tolerance,,goal is 1.97 mm clear of floor splat 5496444 (2σ top 18.03 mm); GMC's refined gap 0.974 mm ≤ buffer 1 mm + slack -> no endpoint cell,aerial3d/cells.py:121-126 (grow_cell: refine_gap <= buffer + slack -> None) -> aerial3d/api.py:330-333,UNKNOWN:goal_not_certified_free,PASS,stored_route_uv_0.1mm,1.006,True,UNKNOWN:goal_not_certified_free,0.11,549453247f5cf37a,19.99,1.973,17.798,1.973,"goal endpoint oracle clearance (row robot, 0.01 mm bisection)",True,,,,,,,,goal,,,,,,,,,,,
WWEST-F4X-01881,F4,WWEST,cylinder,F4X-01881,EP-TOL,EP-FLOOR,by-tolerance,,start is 1.95 mm clear of floor splat 5337920 (2σ top 18.04 mm); GMC's refined gap 0.962 mm ≤ buffer 1 mm + slack -> no endpoint cell,aerial3d/cells.py:121-126 (grow_cell: refine_gap <= buffer + slack -> None) -> aerial3d/api.py:330-333,UNKNOWN:start_not_certified_free,PASS,stored_route_uv_0.1mm,1.253,True,UNKNOWN:start_not_certified_free,0.11,549453247f5cf37a,1.953,14.287,6.836,1.953,"start endpoint oracle clearance (row robot, 0.01 mm bisection)",True,,,,,,,,start,,,,,,,,,,,
WWEST-F4X-01884,F4,WWEST,cylinder,F4X-01884,EP-TOL,EP-FLOOR,by-tolerance,,goal is 1.97 mm clear of floor splat 5496444 (2σ top 18.03 mm); GMC's refined gap 0.974 mm ≤ buffer 1 mm + slack -> no endpoint cell,aerial3d/cells.py:121-126 (grow_cell: refine_gap <= buffer + slack -> None) -> aerial3d/api.py:330-333,UNKNOWN:goal_not_certified_free,PASS,stored_route_uv_0.1mm,1.974,True,UNKNOWN:goal_not_certified_free,0.11,549453247f5cf37a,19.99,1.973,40.863,1.973,"goal endpoint oracle clearance (row robot, 0.01 mm bisection)",True,,,,,,,,goal,,,,,,,,,,,
WWEST-F4X-01885,F4,WWEST,cylinder,F4X-01885,EP-TOL,EP-FLOOR,by-tolerance,,start is 1.30 mm clear of floor splat 5336712 (2σ top 19.09 mm); GMC's refined gap -0.089 mm ≤ buffer 1 mm + slack -> no endpoint cell,aerial3d/cells.py:121-126 (grow_cell: refine_gap <= buffer + slack -> None) -> aerial3d/api.py:330-333,UNKNOWN:start_not_certified_free,PASS,stored_route_uv_0.1mm,1.032,True,UNKNOWN:start_not_certified_free,0.11,549453247f5cf37a,1.299,19.99,100.0,1.299,"start endpoint oracle clearance (row robot, 0.01 mm bisection)",True,,,,,,UNKNOWN:start_not_certified_free,,start,,,,,,,,,,,
WWEST-F4X-01898,F4,WWEST,cylinder,F4X-01898,EP-TOL,EP-FLOOR,by-tolerance,,start is 1.95 mm clear of floor splat 5337920 (2σ top 18.04 mm); GMC's refined gap 0.962 mm ≤ buffer 1 mm + slack -> no endpoint cell,aerial3d/cells.py:121-126 (grow_cell: refine_gap <= buffer + slack -> None) -> aerial3d/api.py:330-333,UNKNOWN:start_not_certified_free,PASS,stored_route_uv_0.1mm,1.962,True,UNKNOWN:start_not_certified_free,0.11,549453247f5cf37a,1.953,3.291,47.266,1.953,"start endpoint oracle clearance (row robot, 0.01 mm bisection)",True,,,,,,,,start,,,,,,,,,,,
WWEST-F4X-01914,F4,WWEST,cylinder,F4X-01914,EP-TOL,EP-FLOOR,by-tolerance,,goal is 1.07 mm clear of floor splat 5371715 (2σ top 18.92 mm); GMC's refined gap 0.077 mm ≤ buffer 1 mm + slack -> no endpoint cell,aerial3d/cells.py:121-126 (grow_cell: refine_gap <= buffer + slack -> None) -> aerial3d/api.py:330-333,UNKNOWN:goal_not_certified_free,PASS,stored_route_uv_0.1mm,1.006,True,UNKNOWN:goal_not_certified_free,0.11,549453247f5cf37a,19.99,1.074,31.476,1.074,"goal endpoint oracle clearance (row robot, 0.01 mm bisection)",True,,,,,,,,goal,,,,,,,,,,,
WWEST-F4X-01927,F4,WWEST,cylinder,F4X-01927,EP-TOL,EP-FLOOR,by-tolerance,,start is 1.95 mm clear of floor splat 5337920 (2σ top 18.04 mm); GMC's refined gap 0.962 mm ≤ buffer 1 mm + slack -> no endpoint cell,aerial3d/cells.py:121-126 (grow_cell: refine_gap <= buffer + slack -> None) -> aerial3d/api.py:330-333,UNKNOWN:start_not_certified_free,PASS,stored_route_uv_0.1mm,1.046,True,UNKNOWN:start_not_certified_free,0.11,549453247f5cf37a,1.953,19.424,60.675,1.953,"start endpoint oracle clearance (row robot, 0.01 mm bisection)",True,,,,,,,,start,,,,,,,,,,,
WWEST-F4X-01929,F4,WWEST,cylinder,F4X-01929,EP-TOL,EP-FLOOR,by-tolerance,,start is 1.95 mm clear of floor splat 5337920 (2σ top 18.04 mm); GMC's refined gap 0.962 mm ≤ buffer 1 mm + slack -> no endpoint cell,aerial3d/cells.py:121-126 (grow_cell: refine_gap <= buffer + slack -> None) -> aerial3d/api.py:330-333,UNKNOWN:start_not_certified_free,PASS,stored_route_uv_0.1mm,1.113,True,UNKNOWN:start_not_certified_free,0.11,549453247f5cf37a,1.953,12.207,100.0,1.953,"start endpoint oracle clearance (row robot, 0.01 mm bisection)",True,,,,,,,,start,,,,,,,,,,,
WWEST-F4X-01930,F4,WWEST,cylinder,F4X-01930,EP-TOL,EP-FLOOR,by-tolerance,,goal is 1.53 mm clear of floor splat 5371648 (2σ top 18.75 mm); GMC's refined gap 0.255 mm ≤ buffer 1 mm + slack -> no endpoint cell,aerial3d/cells.py:121-126 (grow_cell: refine_gap <= buffer + slack -> None) -> aerial3d/api.py:330-333,UNKNOWN:goal_not_certified_free,PASS,stored_route_uv_0.1mm,1.021,True,UNKNOWN:goal_not_certified_free,0.11,549453247f5cf37a,17.588,1.533,23.102,1.533,"goal endpoint oracle clearance (row robot, 0.01 mm bisection)",True,,,,,,,,goal,,,,,,,,,,,
WWEST-F4X-01947,F4,WWEST,cylinder,F4X-01947,EP-TOL,EP-FLOOR,by-tolerance,,start is 1.95 mm clear of floor splat 5337920 (2σ top 18.04 mm); GMC's refined gap 0.962 mm ≤ buffer 1 mm + slack -> no endpoint cell,aerial3d/cells.py:121-126 (grow_cell: refine_gap <= buffer + slack -> None) -> aerial3d/api.py:330-333,UNKNOWN:start_not_certified_free,PASS,stored_route_uv_0.1mm,1.121,True,UNKNOWN:start_not_certified_free,0.11,549453247f5cf37a,1.953,19.99,67.413,1.953,"start endpoint oracle clearance (row robot, 0.01 mm bisection)",True,,,,,,,,start,,,,,,,,,,,
WWEST-F4X-01997,F4,WWEST,cylinder,F4X-01997,EP-TOL,EP-FLOOR,by-tolerance,,goal is 1.95 mm clear of floor splat 5337920 (2σ top 18.04 mm); GMC's refined gap 0.962 mm ≤ buffer 1 mm + slack -> no endpoint cell,aerial3d/cells.py:121-126 (grow_cell: refine_gap <= buffer + slack -> None) -> aerial3d/api.py:330-333,UNKNOWN:goal_not_certified_free,PASS,stored_route_uv_0.1mm,1.13,True,UNKNOWN:goal_not_certified_free,0.11,549453247f5cf37a,6.592,1.953,5.414,1.953,"goal endpoint oracle clearance (row robot, 0.01 mm bisection)",True,,,,,,,,goal,,,,,,,,,,,
WWEST-F4X-02023,F4,WWEST,cylinder,F4X-02023,EP-TOL,EP-FLOOR,by-tolerance,,start is 1.97 mm clear of floor splat 5496444 (2σ top 18.03 mm); GMC's refined gap 0.974 mm ≤ buffer 1 mm + slack -> no endpoint cell,aerial3d/cells.py:121-126 (grow_cell: refine_gap <= buffer + slack -> None) -> aerial3d/api.py:330-333,UNKNOWN:start_not_certified_free,PASS,stored_route_uv_0.1mm,1.974,True,UNKNOWN:start_not_certified_free,0.11,549453247f5cf37a,1.973,19.99,42.297,1.973,"start endpoint oracle clearance (row robot, 0.01 mm bisection)",True,,,,,,,,start,,,,,,,,,,,
WWEST-F4X-02030,F4,WWEST,cylinder,F4X-02030,EP-TOL,EP-FLOOR,by-tolerance,,goal is 1.95 mm clear of floor splat 5337920 (2σ top 18.04 mm); GMC's refined gap 0.962 mm ≤ buffer 1 mm + slack -> no endpoint cell,aerial3d/cells.py:121-126 (grow_cell: refine_gap <= buffer + slack -> None) -> aerial3d/api.py:330-333,UNKNOWN:goal_not_certified_free,PASS,stored_route_uv_0.1mm,1.034,True,UNKNOWN:goal_not_certified_free,0.11,549453247f5cf37a,19.99,1.953,100.0,1.953,"goal endpoint oracle clearance (row robot, 0.01 mm bisection)",True,,,,,,,,goal,,,,,,,,,,,
WWEST-F4X-02037,F4,WWEST,cylinder,F4X-02037,EP-TOL,EP-FLOOR,by-tolerance,,start is 1.97 mm clear of floor splat 5496444 (2σ top 18.03 mm); GMC's refined gap 0.974 mm ≤ buffer 1 mm + slack -> no endpoint cell,aerial3d/cells.py:121-126 (grow_cell: refine_gap <= buffer + slack -> None) -> aerial3d/api.py:330-333,UNKNOWN:start_not_certified_free,PASS,stored_route_uv_0.1mm,1.025,True,UNKNOWN:start_not_certified_free,0.1,549453247f5cf37a,1.973,19.99,35.742,1.973,"start endpoint oracle clearance (row robot, 0.01 mm bisection)",True,,,,,,,,start,,,,,,,,,,,
WWEST-F4X-02042,F4,WWEST,cylinder,F4X-02042,EP-TOL,EP-FLOOR,by-tolerance,,goal is 1.07 mm clear of floor splat 5371715 (2σ top 18.92 mm); GMC's refined gap 0.077 mm ≤ buffer 1 mm + slack -> no endpoint cell,aerial3d/cells.py:121-126 (grow_cell: refine_gap <= buffer + slack -> None) -> aerial3d/api.py:330-333,UNKNOWN:goal_not_certified_free,PASS,stored_route_uv_0.1mm,1.004,True,UNKNOWN:goal_not_certified_free,0.11,549453247f5cf37a,15.088,1.074,59.076,1.074,"goal endpoint oracle clearance (row robot, 0.01 mm bisection)",True,,,,,,,,goal,,,,,,,,,,,
WWEST-F4X-02049,F4,WWEST,cylinder,F4X-02049,EP-TOL,EP-FLOOR,by-tolerance,,goal is 1.95 mm clear of floor splat 5337920 (2σ top 18.04 mm); GMC's refined gap 0.962 mm ≤ buffer 1 mm + slack -> no endpoint cell,aerial3d/cells.py:121-126 (grow_cell: refine_gap <= buffer + slack -> None) -> aerial3d/api.py:330-333,UNKNOWN:goal_not_certified_free,PASS,stored_route_uv_0.1mm,1.258,True,UNKNOWN:goal_not_certified_free,0.11,549453247f5cf37a,19.99,1.953,39.429,1.953,"goal endpoint oracle clearance (row robot, 0.01 mm bisection)",True,,,,,,,,goal,,,,,,,,,,,
WWEST-F4X-02079,F4,WWEST,cylinder,F4X-02079,EP-TOL,EP-FLOOR,by-tolerance,,start is 1.95 mm clear of floor splat 5337920 (2σ top 18.04 mm); GMC's refined gap 0.962 mm ≤ buffer 1 mm + slack -> no endpoint cell,aerial3d/cells.py:121-126 (grow_cell: refine_gap <= buffer + slack -> None) -> aerial3d/api.py:330-333,UNKNOWN:start_not_certified_free,PASS,stored_route_uv_0.1mm,1.233,True,UNKNOWN:start_not_certified_free,0.11,549453247f5cf37a,1.953,19.99,100.0,1.953,"start endpoint oracle clearance (row robot, 0.01 mm bisection)",True,,,,,,,,start,,,,,,,,,,,
WWEST-F4X-02116,F4,WWEST,cylinder,F4X-02116,EP-TOL,EP-FLOOR,by-tolerance,,start is 1.07 mm clear of floor splat 5371715 (2σ top 18.92 mm); GMC's refined gap 0.077 mm ≤ buffer 1 mm + slack -> no endpoint cell,aerial3d/cells.py:121-126 (grow_cell: refine_gap <= buffer + slack -> None) -> aerial3d/api.py:330-333,UNKNOWN:start_not_certified_free,PASS,stored_route_uv_0.1mm,1.002,True,UNKNOWN:start_not_certified_free,0.11,549453247f5cf37a,1.074,19.99,50.58,1.074,"start endpoint oracle clearance (row robot, 0.01 mm bisection)",True,,,,,,,,start,,,,,,,,,,,
WWEST-F4X-02129,F4,WWEST,cylinder,F4X-02129,EP-TOL,EP-FLOOR,by-tolerance,,goal is 1.44 mm clear of floor splat 5336509 (2σ top 19.46 mm); GMC's refined gap 0.442 mm ≤ buffer 1 mm + slack -> no endpoint cell,aerial3d/cells.py:121-126 (grow_cell: refine_gap <= buffer + slack -> None) -> aerial3d/api.py:330-333,UNKNOWN:goal_not_certified_free,PASS,stored_route_uv_0.1mm,1.051,True,UNKNOWN:goal_not_certified_free,0.1,549453247f5cf37a,19.99,1.436,93.738,1.436,"goal endpoint oracle clearance (row robot, 0.01 mm bisection)",True,,,,,,,,goal,,,,,,,,,,,
WWEST-F4X-02133,F4,WWEST,cylinder,F4X-02133,EP-TOL,EP-FLOOR,by-tolerance,,goal is 1.95 mm clear of floor splat 5337920 (2σ top 18.04 mm); GMC's refined gap 0.962 mm ≤ buffer 1 mm + slack -> no endpoint cell,aerial3d/cells.py:121-126 (grow_cell: refine_gap <= buffer + slack -> None) -> aerial3d/api.py:330-333,UNKNOWN:goal_not_certified_free,PASS,stored_route_uv_0.1mm,1.962,True,UNKNOWN:goal_not_certified_free,0.09,549453247f5cf37a,19.99,1.953,100.0,1.953,"goal endpoint oracle clearance (row robot, 0.01 mm bisection)",True,,,,,,,,goal,,,,,,,,,,,
WWEST-F4X-02134,F4,WWEST,cylinder,F4X-02134,EP-TOL,EP-FLOOR,by-tolerance,,start is 1.95 mm clear of floor splat 5337920 (2σ top 18.04 mm); GMC's refined gap 0.962 mm ≤ buffer 1 mm + slack -> no endpoint cell,aerial3d/cells.py:121-126 (grow_cell: refine_gap <= buffer + slack -> None) -> aerial3d/api.py:330-333,UNKNOWN:start_not_certified_free,PASS,stored_route_uv_0.1mm,1.962,True,UNKNOWN:start_not_certified_free,0.11,549453247f5cf37a,1.953,19.99,31.885,1.953,"start endpoint oracle clearance (row robot, 0.01 mm bisection)",True,,,,,,,,start,,,,,,,,,,,
WWEST-F4X-02135,F4,WWEST,cylinder,F4X-02135,EP-TOL,EP-FLOOR,by-tolerance,,start is 1.07 mm clear of floor splat 5371715 (2σ top 18.92 mm); GMC's refined gap 0.077 mm ≤ buffer 1 mm + slack -> no endpoint cell,aerial3d/cells.py:121-126 (grow_cell: refine_gap <= buffer + slack -> None) -> aerial3d/api.py:330-333,UNKNOWN:start_not_certified_free,PASS,stored_route_uv_0.1mm,1.022,True,UNKNOWN:start_not_certified_free,0.11,549453247f5cf37a,1.074,5.928,70.367,1.074,"start endpoint oracle clearance (row robot, 0.01 mm bisection)",True,,,,,,,,start,,,,,,,,,,,
WWEST-F4X-02138,F4,WWEST,cylinder,F4X-02138,EP-TOL,EP-FLOOR,by-tolerance,,start is 1.95 mm clear of floor splat 5337920 (2σ top 18.04 mm); GMC's refined gap 0.962 mm ≤ buffer 1 mm + slack -> no endpoint cell,aerial3d/cells.py:121-126 (grow_cell: refine_gap <= buffer + slack -> None) -> aerial3d/api.py:330-333,UNKNOWN:start_not_certified_free,PASS,stored_route_uv_0.1mm,1.024,True,UNKNOWN:start_not_certified_free,0.11,549453247f5cf37a,1.953,19.99,80.261,1.953,"start endpoint oracle clearance (row robot, 0.01 mm bisection)",True,,,,,,,,start,,,,,,,,,,,
WWEST-F4X-02160,F4,WWEST,cylinder,F4X-02160,EP-TOL,EP-FLOOR,by-tolerance,,start is 1.97 mm clear of floor splat 5496444 (2σ top 18.03 mm); GMC's refined gap 0.974 mm ≤ buffer 1 mm + slack -> no endpoint cell,aerial3d/cells.py:121-126 (grow_cell: refine_gap <= buffer + slack -> None) -> aerial3d/api.py:330-333,UNKNOWN:start_not_certified_free,PASS,stored_route_uv_0.1mm,1.024,True,UNKNOWN:start_not_certified_free,0.11,549453247f5cf37a,1.973,19.424,54.303,1.973,"start endpoint oracle clearance (row robot, 0.01 mm bisection)",True,,,,,,,,start,,,,,,,,,,,
WWEST-F4X-02173,F4,WWEST,cylinder,F4X-02173,EP-TOL,EP-FLOOR,by-tolerance,,start is 1.95 mm clear of floor splat 5337920 (2σ top 18.04 mm); GMC's refined gap 0.962 mm ≤ buffer 1 mm + slack -> no endpoint cell,aerial3d/cells.py:121-126 (grow_cell: refine_gap <= buffer + slack -> None) -> aerial3d/api.py:330-333,UNKNOWN:start_not_certified_free,PASS,stored_route_uv_0.1mm,1.003,True,UNKNOWN:start_not_certified_free,0.11,549453247f5cf37a,1.953,19.424,79.962,1.953,"start endpoint oracle clearance (row robot, 0.01 mm bisection)",True,,,,,,,,start,,,,,,,,,,,
WWEST-F4X-02174,F4,WWEST,cylinder,F4X-02174,EP-TOL,EP-FLOOR,by-tolerance,,goal is 1.56 mm clear of floor splat 5367392 (2σ top 19.14 mm); GMC's refined gap 0.563 mm ≤ buffer 1 mm + slack -> no endpoint cell,aerial3d/cells.py:121-126 (grow_cell: refine_gap <= buffer + slack -> None) -> aerial3d/api.py:330-333,UNKNOWN:goal_not_certified_free,PASS,stored_route_uv_0.1mm,1.005,True,UNKNOWN:goal_not_certified_free,0.11,549453247f5cf37a,12.207,1.562,30.243,1.562,"goal endpoint oracle clearance (row robot, 0.01 mm bisection)",True,,,,,,,,goal,,,,,,,,,,,
WWEST-F4X-02188,F4,WWEST,cylinder,F4X-02188,EP-TOL,EP-FLOOR,by-tolerance,,goal is 1.95 mm clear of floor splat 5337920 (2σ top 18.04 mm); GMC's refined gap 0.962 mm ≤ buffer 1 mm + slack -> no endpoint cell,aerial3d/cells.py:121-126 (grow_cell: refine_gap <= buffer + slack -> None) -> aerial3d/api.py:330-333,UNKNOWN:goal_not_certified_free,PASS,stored_route_uv_0.1mm,1.962,True,UNKNOWN:goal_not_certified_free,0.11,549453247f5cf37a,19.424,1.953,77.777,1.953,"goal endpoint oracle clearance (row robot, 0.01 mm bisection)",True,,,,,,,,goal,,,,,,,,,,,
WWEST-F4X-02189,F4,WWEST,cylinder,F4X-02189,EP-TOL,EP-FLOOR,by-tolerance,,start is 1.07 mm clear of floor splat 5371715 (2σ top 18.92 mm); GMC's refined gap 0.077 mm ≤ buffer 1 mm + slack -> no endpoint cell,aerial3d/cells.py:121-126 (grow_cell: refine_gap <= buffer + slack -> None) -> aerial3d/api.py:330-333,UNKNOWN:start_not_certified_free,PASS,stored_route_uv_0.1mm,1.001,True,UNKNOWN:start_not_certified_free,0.1,549453247f5cf37a,1.074,19.99,24.945,1.074,"start endpoint oracle clearance (row robot, 0.01 mm bisection)",True,,,,,,,,start,,,,,,,,,,,
WWEST-F4X-02204,F4,WWEST,cylinder,F4X-02204,EP-TOL,EP-FLOOR,by-tolerance,,goal is 1.25 mm clear of floor splat 5371648 (2σ top 18.75 mm); GMC's refined gap 0.255 mm ≤ buffer 1 mm + slack -> no endpoint cell,aerial3d/cells.py:121-126 (grow_cell: refine_gap <= buffer + slack -> None) -> aerial3d/api.py:330-333,UNKNOWN:goal_not_certified_free,PASS,stored_route_uv_0.1mm,1.004,True,UNKNOWN:goal_not_certified_free,0.11,549453247f5cf37a,19.99,1.25,49.652,1.25,"goal endpoint oracle clearance (row robot, 0.01 mm bisection)",True,,,,,,,,goal,,,,,,,,,,,
WWEST-F4X-02220,F4,WWEST,cylinder,F4X-02220,EP-TOL,EP-FLOOR,by-tolerance,,start is 1.97 mm clear of floor splat 5496444 (2σ top 18.03 mm); GMC's refined gap 0.974 mm ≤ buffer 1 mm + slack -> no endpoint cell,aerial3d/cells.py:121-126 (grow_cell: refine_gap <= buffer + slack -> None) -> aerial3d/api.py:330-333,UNKNOWN:start_not_certified_free,PASS,stored_route_uv_0.1mm,1.303,True,UNKNOWN:start_not_certified_free,0.12,549453247f5cf37a,1.973,16.836,100.0,1.973,"start endpoint oracle clearance (row robot, 0.01 mm bisection)",True,,,,,,,,start,,,,,,,,,,,
WWEST-F4X-02233,F4,WWEST,cylinder,F4X-02233,EP-TOL,EP-FLOOR,by-tolerance,,goal is 1.97 mm clear of floor splat 5496444 (2σ top 18.03 mm); GMC's refined gap 0.974 mm ≤ buffer 1 mm + slack -> no endpoint cell,aerial3d/cells.py:121-126 (grow_cell: refine_gap <= buffer + slack -> None) -> aerial3d/api.py:330-333,UNKNOWN:goal_not_certified_free,PASS,stored_route_uv_0.1mm,1.529,True,UNKNOWN:goal_not_certified_free,0.1,549453247f5cf37a,14.355,1.973,100.0,1.973,"goal endpoint oracle clearance (row robot, 0.01 mm bisection)",True,,,,,,,,goal,,,,,,,,,,,
WWEST-F4X-02245,F4,WWEST,cylinder,F4X-02245,EP-TOL,EP-FLOOR,by-tolerance,,goal is 1.95 mm clear of floor splat 5337920 (2σ top 18.04 mm); GMC's refined gap 0.962 mm ≤ buffer 1 mm + slack -> no endpoint cell,aerial3d/cells.py:121-126 (grow_cell: refine_gap <= buffer + slack -> None) -> aerial3d/api.py:330-333,UNKNOWN:goal_not_certified_free,PASS,stored_route_uv_0.1mm,1.102,True,UNKNOWN:goal_not_certified_free,0.11,549453247f5cf37a,6.592,1.953,22.168,1.953,"goal endpoint oracle clearance (row robot, 0.01 mm bisection)",True,REACHABLE,1.1919140841346234,REACHABLE,61.59641915303655,,TIMEOUT:query_exceeded_120s,,goal,,,,,,,,,17,17,
WWEST-F4X-02251,F4,WWEST,cylinder,F4X-02251,EP-TOL,EP-FLOOR,by-tolerance,,goal is 1.95 mm clear of floor splat 5337920 (2σ top 18.04 mm); GMC's refined gap 0.962 mm ≤ buffer 1 mm + slack -> no endpoint cell,aerial3d/cells.py:121-126 (grow_cell: refine_gap <= buffer + slack -> None) -> aerial3d/api.py:330-333,UNKNOWN:goal_not_certified_free,PASS,stored_route_uv_0.1mm,1.786,True,UNKNOWN:goal_not_certified_free,0.11,549453247f5cf37a,19.99,1.953,100.0,1.953,"goal endpoint oracle clearance (row robot, 0.01 mm bisection)",True,,,,,,,,goal,,,,,,,,,,,
WWEST-F4X-02274,F4,WWEST,cylinder,F4X-02274,EP-TOL,EP-FLOOR,by-tolerance,,start is 1.97 mm clear of floor splat 5496444 (2σ top 18.03 mm); GMC's refined gap 0.974 mm ≤ buffer 1 mm + slack -> no endpoint cell,aerial3d/cells.py:121-126 (grow_cell: refine_gap <= buffer + slack -> None) -> aerial3d/api.py:330-333,UNKNOWN:start_not_certified_free,PASS,stored_route_uv_0.1mm,1.002,True,UNKNOWN:start_not_certified_free,0.14,549453247f5cf37a,1.973,19.99,93.469,1.973,"start endpoint oracle clearance (row robot, 0.01 mm bisection)",True,,,,,,,,start,,,,,,,,,,,
WWEST-F4X-02283,F4,WWEST,cylinder,F4X-02283,EP-TOL,EP-FLOOR,by-tolerance,,start is 1.95 mm clear of floor splat 5337920 (2σ top 18.04 mm); GMC's refined gap 0.962 mm ≤ buffer 1 mm + slack -> no endpoint cell,aerial3d/cells.py:121-126 (grow_cell: refine_gap <= buffer + slack -> None) -> aerial3d/api.py:330-333,UNKNOWN:start_not_certified_free,PASS,stored_route_uv_0.1mm,1.005,True,UNKNOWN:start_not_certified_free,0.12,549453247f5cf37a,1.953,4.17,7.068,1.953,"start endpoint oracle clearance (row robot, 0.01 mm bisection)",True,,,,,,,,start,,,,,,,,,,,
WWEST-F4X-02288,F4,WWEST,cylinder,F4X-02288,EP-TOL,EP-FLOOR,by-tolerance,,start is 1.95 mm clear of floor splat 5337920 (2σ top 18.04 mm); GMC's refined gap 0.962 mm ≤ buffer 1 mm + slack -> no endpoint cell,aerial3d/cells.py:121-126 (grow_cell: refine_gap <= buffer + slack -> None) -> aerial3d/api.py:330-333,UNKNOWN:start_not_certified_free,PASS,stored_route_uv_0.1mm,1.844,True,UNKNOWN:start_not_certified_free,0.1,549453247f5cf37a,1.953,12.207,39.557,1.953,"start endpoint oracle clearance (row robot, 0.01 mm bisection)",True,,,,,,,,start,,,,,,,,,,,
WWEST-F4X-02294,F4,WWEST,cylinder,F4X-02294,EP-TOL,EP-FLOOR,by-tolerance,,start is 1.95 mm clear of floor splat 5337920 (2σ top 18.04 mm); GMC's refined gap 0.962 mm ≤ buffer 1 mm + slack -> no endpoint cell,aerial3d/cells.py:121-126 (grow_cell: refine_gap <= buffer + slack -> None) -> aerial3d/api.py:330-333,UNKNOWN:start_not_certified_free,PASS,stored_route_uv_0.1mm,1.246,True,UNKNOWN:start_not_certified_free,0.12,549453247f5cf37a,1.953,19.99,52.124,1.953,"start endpoint oracle clearance (row robot, 0.01 mm bisection)",True,,,,,,,,start,,,,,,,,,,,
WWEST-F4X-02328,F4,WWEST,cylinder,F4X-02328,EP-TOL,EP-FLOOR,by-tolerance,,start is 1.96 mm clear of floor splat 5337920 (2σ top 18.04 mm); GMC's refined gap 0.962 mm ≤ buffer 1 mm + slack -> no endpoint cell,aerial3d/cells.py:121-126 (grow_cell: refine_gap <= buffer + slack -> None) -> aerial3d/api.py:330-333,UNKNOWN:start_not_certified_free,PASS,stored_route_uv_0.1mm,1.002,True,UNKNOWN:start_not_certified_free,0.14,549453247f5cf37a,1.963,19.99,48.981,1.963,"start endpoint oracle clearance (row robot, 0.01 mm bisection)",True,,,,,,,,start,,,,,,,,,,,
WWEST-F4X-02356,F4,WWEST,cylinder,F4X-02356,EP-TOL,EP-FLOOR,by-tolerance,,start is 1.97 mm clear of floor splat 5496444 (2σ top 18.03 mm); GMC's refined gap 0.974 mm ≤ buffer 1 mm + slack -> no endpoint cell,aerial3d/cells.py:121-126 (grow_cell: refine_gap <= buffer + slack -> None) -> aerial3d/api.py:330-333,UNKNOWN:start_not_certified_free,PASS,stored_route_uv_0.1mm,1.967,True,UNKNOWN:start_not_certified_free,0.13,549453247f5cf37a,1.973,19.99,50.397,1.973,"start endpoint oracle clearance (row robot, 0.01 mm bisection)",True,,,,,,,,start,,,,,,,,,,,
WWEST-F4X-02363,F4,WWEST,cylinder,F4X-02363,EP-TOL,EP-FLOOR,by-tolerance,,goal is 1.97 mm clear of floor splat 5496444 (2σ top 18.03 mm); GMC's refined gap 0.974 mm ≤ buffer 1 mm + slack -> no endpoint cell,aerial3d/cells.py:121-126 (grow_cell: refine_gap <= buffer + slack -> None) -> aerial3d/api.py:330-333,UNKNOWN:goal_not_certified_free,PASS,stored_route_uv_0.1mm,1.117,True,UNKNOWN:goal_not_certified_free,0.13,549453247f5cf37a,19.99,1.973,5.133,1.973,"goal endpoint oracle clearance (row robot, 0.01 mm bisection)",True,,,,,,,,goal,,,,,,,,,,,
WWEST-F4X-02373,F4,WWEST,cylinder,F4X-02373,EP-TOL,EP-FLOOR,by-tolerance,,start is 1.07 mm clear of floor splat 5371715 (2σ top 18.92 mm); GMC's refined gap 0.078 mm ≤ buffer 1 mm + slack -> no endpoint cell,aerial3d/cells.py:121-126 (grow_cell: refine_gap <= buffer + slack -> None) -> aerial3d/api.py:330-333,UNKNOWN:start_not_certified_free,PASS,stored_route_uv_0.1mm,1.019,True,UNKNOWN:start_not_certified_free,0.14,549453247f5cf37a,1.074,19.99,17.365,1.074,"start endpoint oracle clearance (row robot, 0.01 mm bisection)",True,,,,,,,,start,,,,,,,,,,,
WWEST-F4X-02382,F4,WWEST,cylinder,F4X-02382,EP-TOL,EP-FLOOR,by-tolerance,,start is 1.12 mm clear of floor splat 5496971 (2σ top 55.73 mm); GMC's refined gap 0.131 mm ≤ buffer 1 mm + slack -> no endpoint cell,aerial3d/cells.py:121-126 (grow_cell: refine_gap <= buffer + slack -> None) -> aerial3d/api.py:330-333,UNKNOWN:start_not_certified_free,PASS,stored_route_uv_0.1mm,1.067,True,UNKNOWN:start_not_certified_free,0.14,549453247f5cf37a,1.123,14.912,1.88,1.123,"start endpoint oracle clearance (row robot, 0.01 mm bisection)",True,,,,,,,,start,,,,,,,,,,,
WWEST-F4X-02384,F4,WWEST,cylinder,F4X-02384,EP-TOL,EP-FLOOR,by-tolerance,,goal is 1.95 mm clear of floor splat 5337920 (2σ top 18.04 mm); GMC's refined gap 0.962 mm ≤ buffer 1 mm + slack -> no endpoint cell,aerial3d/cells.py:121-126 (grow_cell: refine_gap <= buffer + slack -> None) -> aerial3d/api.py:330-333,UNKNOWN:goal_not_certified_free,PASS,stored_route_uv_0.1mm,1.006,True,UNKNOWN:goal_not_certified_free,0.15,549453247f5cf37a,19.99,1.953,100.0,1.953,"goal endpoint oracle clearance (row robot, 0.01 mm bisection)",True,,,,,,,,goal,,,,,,,,,,,
WWEST-F4X-02394,F4,WWEST,cylinder,F4X-02394,EP-TOL,EP-FLOOR,by-tolerance,,start is 1.07 mm clear of floor splat 5371715 (2σ top 18.92 mm); GMC's refined gap 0.077 mm ≤ buffer 1 mm + slack -> no endpoint cell,aerial3d/cells.py:121-126 (grow_cell: refine_gap <= buffer + slack -> None) -> aerial3d/api.py:330-333,UNKNOWN:start_not_certified_free,PASS,stored_route_uv_0.1mm,1.012,True,UNKNOWN:start_not_certified_free,0.13,549453247f5cf37a,1.074,19.99,6.488,1.074,"start endpoint oracle clearance (row robot, 0.01 mm bisection)",True,,,,,,,,start,,,,,,,,,,,
WWEST-F4X-02442,F4,WWEST,cylinder,F4X-02442,EP-TOL,EP-FLOOR,by-tolerance,,goal is 1.97 mm clear of floor splat 5496444 (2σ top 18.03 mm); GMC's refined gap 0.974 mm ≤ buffer 1 mm + slack -> no endpoint cell,aerial3d/cells.py:121-126 (grow_cell: refine_gap <= buffer + slack -> None) -> aerial3d/api.py:330-333,UNKNOWN:goal_not_certified_free,PASS,stored_route_uv_0.1mm,1.974,True,UNKNOWN:goal_not_certified_free,0.13,549453247f5cf37a,12.207,1.973,100.0,1.973,"goal endpoint oracle clearance (row robot, 0.01 mm bisection)",True,,,,,,,,goal,,,,,,,,,,,
WWEST-F4X-02445,F4,WWEST,cylinder,F4X-02445,EP-TOL,EP-FLOOR,by-tolerance,,start is 1.70 mm clear of floor splat 5549414 (2σ top 19.65 mm); GMC's refined gap 0.707 mm ≤ buffer 1 mm + slack -> no endpoint cell,aerial3d/cells.py:121-126 (grow_cell: refine_gap <= buffer + slack -> None) -> aerial3d/api.py:330-333,UNKNOWN:start_not_certified_free,PASS,stored_route_uv_0.1mm,1.046,True,UNKNOWN:start_not_certified_free,0.14,549453247f5cf37a,1.699,4.6,4.602,1.699,"start endpoint oracle clearance (row robot, 0.01 mm bisection)",True,,,,,,,,start,,,,,,,,,,,
WWEST-F4X-02457,F4,WWEST,cylinder,F4X-02457,EP-TOL,EP-FLOOR,by-tolerance,,goal is 1.04 mm clear of floor splat 5525250 (2σ top 19.66 mm); GMC's refined gap 0.054 mm ≤ buffer 1 mm + slack -> no endpoint cell,aerial3d/cells.py:121-126 (grow_cell: refine_gap <= buffer + slack -> None) -> aerial3d/api.py:330-333,UNKNOWN:goal_not_certified_free,PASS,stored_route_uv_0.1mm,1.007,True,UNKNOWN:goal_not_certified_free,0.23,549453247f5cf37a,19.99,1.045,100.0,1.045,"goal endpoint oracle clearance (row robot, 0.01 mm bisection)",True,,,,,,,,goal,,,,,,,,,,,
WWEST-F4X-02462,F4,WWEST,cylinder,F4X-02462,EP-TOL,EP-FLOOR,by-tolerance,,start is 1.97 mm clear of floor splat 5496444 (2σ top 18.03 mm); GMC's refined gap 0.974 mm ≤ buffer 1 mm + slack -> no endpoint cell,aerial3d/cells.py:121-126 (grow_cell: refine_gap <= buffer + slack -> None) -> aerial3d/api.py:330-333,UNKNOWN:start_not_certified_free,PASS,stored_route_uv_0.1mm,1.974,True,UNKNOWN:start_not_certified_free,0.16,549453247f5cf37a,1.973,14.355,61.792,1.973,"start endpoint oracle clearance (row robot, 0.01 mm bisection)",True,,,,,,,,start,,,,,,,,,,,
WWEST-F4X-02467,F4,WWEST,cylinder,F4X-02467,EP-TOL,EP-FLOOR,by-tolerance,,goal is 1.97 mm clear of floor splat 5496444 (2σ top 18.03 mm); GMC's refined gap 0.974 mm ≤ buffer 1 mm + slack -> no endpoint cell,aerial3d/cells.py:121-126 (grow_cell: refine_gap <= buffer + slack -> None) -> aerial3d/api.py:330-333,UNKNOWN:goal_not_certified_free,PASS,stored_route_uv_0.1mm,1.009,True,UNKNOWN:goal_not_certified_free,0.14,549453247f5cf37a,5.996,1.973,6.0,1.973,"goal endpoint oracle clearance (row robot, 0.01 mm bisection)",True,,,,,,,,goal,,,,,,,,,,,
WWEST-F4X-02483,F4,WWEST,cylinder,F4X-02483,EP-TOL,EP-FLOOR,by-tolerance,,start is 1.97 mm clear of floor splat 5496444 (2σ top 18.03 mm); GMC's refined gap 0.974 mm ≤ buffer 1 mm + slack -> no endpoint cell,aerial3d/cells.py:121-126 (grow_cell: refine_gap <= buffer + slack -> None) -> aerial3d/api.py:330-333,UNKNOWN:start_not_certified_free,PASS,stored_route_uv_0.1mm,1.682,True,UNKNOWN:start_not_certified_free,0.14,549453247f5cf37a,1.973,19.99,62.36,1.973,"start endpoint oracle clearance (row robot, 0.01 mm bisection)",True,,,,,,,,start,,,,,,,,,,,
WWEST-F4X-02498,F4,WWEST,cylinder,F4X-02498,EP-TOL,EP-FLOOR,by-tolerance,,goal is 1.97 mm clear of floor splat 5337920 (2σ top 18.04 mm); GMC's refined gap 0.962 mm ≤ buffer 1 mm + slack -> no endpoint cell,aerial3d/cells.py:121-126 (grow_cell: refine_gap <= buffer + slack -> None) -> aerial3d/api.py:330-333,UNKNOWN:goal_not_certified_free,PASS,stored_route_uv_0.1mm,1.035,True,UNKNOWN:goal_not_certified_free,0.13,549453247f5cf37a,19.99,1.973,81.128,1.973,"goal endpoint oracle clearance (row robot, 0.01 mm bisection)",True,,,,,,,,goal,,,,,,,,,,,
GAPW1-F4W-00012,F4,GAPW1,sweeper,F4W-00012,EP-TOL,EP-FLOOR,by-tolerance,,goal is 1.95 mm clear of floor splat 5337920 (2σ top 18.04 mm); GMC's refined gap 0.962 mm ≤ buffer 1 mm + slack -> no endpoint cell,aerial3d/cells.py:121-126 (grow_cell: refine_gap <= buffer + slack -> None) -> aerial3d/api.py:330-333,UNKNOWN:goal_not_certified_free,PASS,stored_route_uv_0.1mm,1.962,True,UNKNOWN:goal_not_certified_free,0.03,a160fe048b6c47fd,19.99,1.953,100.0,1.953,"goal endpoint oracle clearance (row robot, 0.01 mm bisection)",True,,,,,,,,goal,,,,,,,,,,,
GAPW1-F4W-00021,F4,GAPW1,sweeper,F4W-00021,EP-TOL,EP-FLOOR,by-tolerance,,goal is 1.95 mm clear of floor splat 5337920 (2σ top 18.04 mm); GMC's refined gap 0.962 mm ≤ buffer 1 mm + slack -> no endpoint cell,aerial3d/cells.py:121-126 (grow_cell: refine_gap <= buffer + slack -> None) -> aerial3d/api.py:330-333,UNKNOWN:goal_not_certified_free,PASS,stored_route_uv_0.1mm,1.962,True,UNKNOWN:goal_not_certified_free,0.03,a160fe048b6c47fd,16.836,1.953,100.0,1.953,"goal endpoint oracle clearance (row robot, 0.01 mm bisection)",True,,,,,,,,goal,,,,,,,,,,,
GAPW1-F4W-00029,F4,GAPW1,sweeper,F4W-00029,EP-TOL,EP-FLOOR,by-tolerance,,start is 1.95 mm clear of floor splat 5337920 (2σ top 18.04 mm); GMC's refined gap 0.962 mm ≤ buffer 1 mm + slack -> no endpoint cell,aerial3d/cells.py:121-126 (grow_cell: refine_gap <= buffer + slack -> None) -> aerial3d/api.py:330-333,UNKNOWN:start_not_certified_free,PASS,stored_route_uv_0.1mm,1.023,True,UNKNOWN:start_not_certified_free,0.03,a160fe048b6c47fd,1.953,19.424,100.0,1.953,"start endpoint oracle clearance (row robot, 0.01 mm bisection)",True,,,,,,,,start,,,,,,,,,,,
GAPW1-F4W-00037,F4,GAPW1,sweeper,F4W-00037,EP-TOL,EP-FLOOR,by-tolerance,,start is 1.97 mm clear of floor splat 5496444 (2σ top 18.03 mm); GMC's refined gap 0.974 mm ≤ buffer 1 mm + slack -> no endpoint cell,aerial3d/cells.py:121-126 (grow_cell: refine_gap <= buffer + slack -> None) -> aerial3d/api.py:330-333,UNKNOWN:start_not_certified_free,PASS,stored_route_uv_0.1mm,1.088,True,UNKNOWN:start_not_certified_free,0.03,a160fe048b6c47fd,1.973,19.99,100.0,1.973,"start endpoint oracle clearance (row robot, 0.01 mm bisection)",True,,,,,,,,start,,,,,,,,,,,
GAPW1-F4W-00047,F4,GAPW1,sweeper,F4W-00047,EP-TOL,EP-FLOOR,by-tolerance,,start is 1.95 mm clear of floor splat 5337920 (2σ top 18.04 mm); GMC's refined gap 0.962 mm ≤ buffer 1 mm + slack -> no endpoint cell,aerial3d/cells.py:121-126 (grow_cell: refine_gap <= buffer + slack -> None) -> aerial3d/api.py:330-333,UNKNOWN:start_not_certified_free,PASS,stored_route_uv_0.1mm,1.701,True,UNKNOWN:start_not_certified_free,0.03,a160fe048b6c47fd,1.953,19.99,100.0,1.953,"start endpoint oracle clearance (row robot, 0.01 mm bisection)",True,,,,,,,,start,,,,,,,,,,,
GAPW1-F4W-00053,F4,GAPW1,sweeper,F4W-00053,EP-TOL,EP-FLOOR,by-tolerance,,start is 1.95 mm clear of floor splat 5337920 (2σ top 18.04 mm); GMC's refined gap 0.962 mm ≤ buffer 1 mm + slack -> no endpoint cell,aerial3d/cells.py:121-126 (grow_cell: refine_gap <= buffer + slack -> None) -> aerial3d/api.py:330-333,UNKNOWN:start_not_certified_free,PASS,stored_route_uv_0.1mm,1.962,True,UNKNOWN:start_not_certified_free,0.03,a160fe048b6c47fd,1.953,13.857,100.0,1.953,"start endpoint oracle clearance (row robot, 0.01 mm bisection)",True,,,,,,,,start,,,,,,,,,,,
GAPW1-F4W-00094,F4,GAPW1,sweeper,F4W-00094,EP-TOL,EP-FLOOR,by-tolerance,,start is 1.95 mm clear of floor splat 5337920 (2σ top 18.04 mm); GMC's refined gap 0.962 mm ≤ buffer 1 mm + slack -> no endpoint cell,aerial3d/cells.py:121-126 (grow_cell: refine_gap <= buffer + slack -> None) -> aerial3d/api.py:330-333,UNKNOWN:start_not_certified_free,PASS,stored_route_uv_0.1mm,1.448,True,UNKNOWN:start_not_certified_free,0.03,a160fe048b6c47fd,1.953,19.99,100.0,1.953,"start endpoint oracle clearance (row robot, 0.01 mm bisection)",True,,,,,,,,start,,,,,,,,,,,
GAPW1-F4W-00133,F4,GAPW1,sweeper,F4W-00133,EP-TOL,EP-FLOOR,by-tolerance,,goal is 1.97 mm clear of floor splat 5496444 (2σ top 18.03 mm); GMC's refined gap 0.974 mm ≤ buffer 1 mm + slack -> no endpoint cell,aerial3d/cells.py:121-126 (grow_cell: refine_gap <= buffer + slack -> None) -> aerial3d/api.py:330-333,UNKNOWN:goal_not_certified_free,PASS,stored_route_uv_0.1mm,1.067,True,UNKNOWN:goal_not_certified_free,0.03,a160fe048b6c47fd,19.99,1.973,100.0,1.973,"goal endpoint oracle clearance (row robot, 0.01 mm bisection)",True,,,,,,,,goal,,,,,,,,,,,
GAPW1-F4W-00139,F4,GAPW1,sweeper,F4W-00139,EP-TOL,EP-FLOOR,by-tolerance,,start is 1.97 mm clear of floor splat 5496444 (2σ top 18.03 mm); GMC's refined gap 0.974 mm ≤ buffer 1 mm + slack -> no endpoint cell,aerial3d/cells.py:121-126 (grow_cell: refine_gap <= buffer + slack -> None) -> aerial3d/api.py:330-333,UNKNOWN:start_not_certified_free,PASS,stored_route_uv_0.1mm,1.652,True,UNKNOWN:start_not_certified_free,0.14,a160fe048b6c47fd,1.973,19.99,100.0,1.973,"start endpoint oracle clearance (row robot, 0.01 mm bisection)",True,,,,,,,,start,,,,,,,,,,,
GAPW1-F4W-00143,F4,GAPW1,sweeper,F4W-00143,EP-TOL,EP-FLOOR,by-tolerance,,goal is 1.97 mm clear of floor splat 5496444 (2σ top 18.03 mm); GMC's refined gap 0.974 mm ≤ buffer 1 mm + slack -> no endpoint cell,aerial3d/cells.py:121-126 (grow_cell: refine_gap <= buffer + slack -> None) -> aerial3d/api.py:330-333,UNKNOWN:goal_not_certified_free,PASS,stored_route_uv_0.1mm,1.003,True,UNKNOWN:goal_not_certified_free,0.03,a160fe048b6c47fd,19.99,1.973,100.0,1.973,"goal endpoint oracle clearance (row robot, 0.01 mm bisection)",True,,,,,,,,goal,,,,,,,,,,,
GAPW1-F4W-00153,F4,GAPW1,sweeper,F4W-00153,EP-TOL,EP-FLOOR,by-tolerance,,start is 1.97 mm clear of floor splat 5496444 (2σ top 18.03 mm); GMC's refined gap 0.974 mm ≤ buffer 1 mm + slack -> no endpoint cell,aerial3d/cells.py:121-126 (grow_cell: refine_gap <= buffer + slack -> None) -> aerial3d/api.py:330-333,UNKNOWN:start_not_certified_free,PASS,stored_route_uv_0.1mm,1.974,True,UNKNOWN:start_not_certified_free,0.02,a160fe048b6c47fd,1.973,19.99,100.0,1.973,"start endpoint oracle clearance (row robot, 0.01 mm bisection)",True,,,,,,,,start,,,,,,,,,,,
GAPW1-F4W-00172,F4,GAPW1,sweeper,F4W-00172,EP-TOL,EP-FLOOR,by-tolerance,,goal is 1.95 mm clear of floor splat 5337920 (2σ top 18.04 mm); GMC's refined gap 0.962 mm ≤ buffer 1 mm + slack -> no endpoint cell,aerial3d/cells.py:121-126 (grow_cell: refine_gap <= buffer + slack -> None) -> aerial3d/api.py:330-333,UNKNOWN:goal_not_certified_free,PASS,stored_route_uv_0.1mm,1.643,True,UNKNOWN:goal_not_certified_free,0.03,a160fe048b6c47fd,19.99,1.953,100.0,1.953,"goal endpoint oracle clearance (row robot, 0.01 mm bisection)",True,,,,,,,,goal,,,,,,,,,,,
GAPW1-F4W-00179,F4,GAPW1,sweeper,F4W-00179,EP-TOL,EP-FLOOR,by-tolerance,,goal is 1.95 mm clear of floor splat 5337920 (2σ top 18.04 mm); GMC's refined gap 0.962 mm ≤ buffer 1 mm + slack -> no endpoint cell,aerial3d/cells.py:121-126 (grow_cell: refine_gap <= buffer + slack -> None) -> aerial3d/api.py:330-333,UNKNOWN:goal_not_certified_free,PASS,stored_route_uv_0.1mm,1.023,True,UNKNOWN:goal_not_certified_free,0.03,a160fe048b6c47fd,19.99,1.953,100.0,1.953,"goal endpoint oracle clearance (row robot, 0.01 mm bisection)",True,,,,,,,,goal,,,,,,,,,,,
GAPW1-F4W-00192,F4,GAPW1,sweeper,F4W-00192,EP-TOL,EP-FLOOR,by-tolerance,,start is 1.97 mm clear of floor splat 5496444 (2σ top 18.03 mm); GMC's refined gap 0.974 mm ≤ buffer 1 mm + slack -> no endpoint cell,aerial3d/cells.py:121-126 (grow_cell: refine_gap <= buffer + slack -> None) -> aerial3d/api.py:330-333,UNKNOWN:start_not_certified_free,PASS,stored_route_uv_0.1mm,1.974,True,UNKNOWN:start_not_certified_free,0.03,a160fe048b6c47fd,1.973,19.531,100.0,1.973,"start endpoint oracle clearance (row robot, 0.01 mm bisection)",True,,,,,,,,start,,,,,,,,,,,
GAPW1-F4W-00196,F4,GAPW1,sweeper,F4W-00196,EP-TOL,EP-FLOOR,by-tolerance,,start is 1.95 mm clear of floor splat 5337920 (2σ top 18.04 mm); GMC's refined gap 0.962 mm ≤ buffer 1 mm + slack -> no endpoint cell,aerial3d/cells.py:121-126 (grow_cell: refine_gap <= buffer + slack -> None) -> aerial3d/api.py:330-333,UNKNOWN:start_not_certified_free,PASS,stored_route_uv_0.1mm,1.962,True,UNKNOWN:start_not_certified_free,0.02,a160fe048b6c47fd,1.953,15.82,100.0,1.953,"start endpoint oracle clearance (row robot, 0.01 mm bisection)",True,,,,,,,,start,,,,,,,,,,,
GAPW1-F4W-00205,F4,GAPW1,sweeper,F4W-00205,EP-TOL,EP-FLOOR,by-tolerance,,goal is 1.95 mm clear of floor splat 5337920 (2σ top 18.04 mm); GMC's refined gap 0.962 mm ≤ buffer 1 mm + slack -> no endpoint cell,aerial3d/cells.py:121-126 (grow_cell: refine_gap <= buffer + slack -> None) -> aerial3d/api.py:330-333,UNKNOWN:goal_not_certified_free,PASS,stored_route_uv_0.1mm,1.057,True,UNKNOWN:goal_not_certified_free,0.02,a160fe048b6c47fd,19.99,1.953,100.0,1.953,"goal endpoint oracle clearance (row robot, 0.01 mm bisection)",True,,,,,,,,goal,,,,,,,,,,,
GAPW1-F4W-00206,F4,GAPW1,sweeper,F4W-00206,EP-TOL,EP-FLOOR,by-tolerance,,start is 1.98 mm clear of floor splat 5496444 (2σ top 18.03 mm); GMC's refined gap 0.974 mm ≤ buffer 1 mm + slack -> no endpoint cell,aerial3d/cells.py:121-126 (grow_cell: refine_gap <= buffer + slack -> None) -> aerial3d/api.py:330-333,UNKNOWN:start_not_certified_free,PASS,stored_route_uv_0.1mm,1.523,True,UNKNOWN:start_not_certified_free,0.03,a160fe048b6c47fd,1.982,19.99,100.0,1.982,"start endpoint oracle clearance (row robot, 0.01 mm bisection)",True,,,,,,,,start,,,,,,,,,,,
GAPW1-F4W-00341,F4,GAPW1,sweeper,F4W-00341,EP-TOL,EP-FLOOR,by-tolerance,,goal is 1.97 mm clear of floor splat 5496444 (2σ top 18.03 mm); GMC's refined gap 0.974 mm ≤ buffer 1 mm + slack -> no endpoint cell,aerial3d/cells.py:121-126 (grow_cell: refine_gap <= buffer + slack -> None) -> aerial3d/api.py:330-333,UNKNOWN:goal_not_certified_free,PASS,stored_route_uv_0.1mm,1.026,True,UNKNOWN:goal_not_certified_free,0.03,a160fe048b6c47fd,19.99,1.973,100.0,1.973,"goal endpoint oracle clearance (row robot, 0.01 mm bisection)",True,,,,,,,,goal,,,,,,,,,,,
GAPW1-F4W-00382,F4,GAPW1,sweeper,F4W-00382,EP-TOL,EP-FLOOR,by-tolerance,,start is 1.25 mm clear of floor splat 5371648 (2σ top 18.75 mm); GMC's refined gap 0.255 mm ≤ buffer 1 mm + slack -> no endpoint cell,aerial3d/cells.py:121-126 (grow_cell: refine_gap <= buffer + slack -> None) -> aerial3d/api.py:330-333,UNKNOWN:start_not_certified_free,PASS,stored_route_uv_0.1mm,1.043,True,UNKNOWN:start_not_certified_free,0.03,a160fe048b6c47fd,1.25,19.99,100.0,1.25,"start endpoint oracle clearance (row robot, 0.01 mm bisection)",True,,,,,,,,start,,,,,,,,,,,
GAPW1-F4W-00389,F4,GAPW1,sweeper,F4W-00389,EP-TOL,EP-FLOOR,by-tolerance,,start is 1.97 mm clear of floor splat 5496444 (2σ top 18.03 mm); GMC's refined gap 0.974 mm ≤ buffer 1 mm + slack -> no endpoint cell,aerial3d/cells.py:121-126 (grow_cell: refine_gap <= buffer + slack -> None) -> aerial3d/api.py:330-333,UNKNOWN:start_not_certified_free,PASS,stored_route_uv_0.1mm,1.037,True,UNKNOWN:start_not_certified_free,0.03,a160fe048b6c47fd,1.973,19.99,100.0,1.973,"start endpoint oracle clearance (row robot, 0.01 mm bisection)",True,,,,,,,,start,,,,,,,,,,,
GAPW1-F4W-00396,F4,GAPW1,sweeper,F4W-00396,EP-TOL,EP-FLOOR,by-tolerance,,start is 1.97 mm clear of floor splat 5496444 (2σ top 18.03 mm); GMC's refined gap 0.974 mm ≤ buffer 1 mm + slack -> no endpoint cell,aerial3d/cells.py:121-126 (grow_cell: refine_gap <= buffer + slack -> None) -> aerial3d/api.py:330-333,UNKNOWN:start_not_certified_free,PASS,stored_route_uv_0.1mm,1.543,True,UNKNOWN:start_not_certified_free,0.03,a160fe048b6c47fd,1.973,19.346,100.0,1.973,"start endpoint oracle clearance (row robot, 0.01 mm bisection)",True,,,,,,,,start,,,,,,,,,,,
GAPW1-F4W-00399,F4,GAPW1,sweeper,F4W-00399,EP-TOL,EP-FLOOR,by-tolerance,,start is 1.95 mm clear of floor splat 5337920 (2σ top 18.04 mm); GMC's refined gap 0.962 mm ≤ buffer 1 mm + slack -> no endpoint cell,aerial3d/cells.py:121-126 (grow_cell: refine_gap <= buffer + slack -> None) -> aerial3d/api.py:330-333,UNKNOWN:start_not_certified_free,PASS,stored_route_uv_0.1mm,1.031,True,UNKNOWN:start_not_certified_free,0.03,a160fe048b6c47fd,1.953,19.99,100.0,1.953,"start endpoint oracle clearance (row robot, 0.01 mm bisection)",True,,,,,,,,start,,,,,,,,,,,
GAPW1-F4W-00414,F4,GAPW1,sweeper,F4W-00414,EP-TOL,EP-FLOOR,by-tolerance,,start is 1.97 mm clear of floor splat 5496444 (2σ top 18.03 mm); GMC's refined gap 0.974 mm ≤ buffer 1 mm + slack -> no endpoint cell,aerial3d/cells.py:121-126 (grow_cell: refine_gap <= buffer + slack -> None) -> aerial3d/api.py:330-333,UNKNOWN:start_not_certified_free,PASS,stored_route_uv_0.1mm,1.038,True,UNKNOWN:start_not_certified_free,0.03,a160fe048b6c47fd,1.973,19.99,100.0,1.973,"start endpoint oracle clearance (row robot, 0.01 mm bisection)",True,,,,,,,,start,,,,,,,,,,,
GAPW1-F4W-00417,F4,GAPW1,sweeper,F4W-00417,EP-TOL,EP-FLOOR,by-tolerance,,goal is 1.97 mm clear of floor splat 5496444 (2σ top 18.03 mm); GMC's refined gap 0.974 mm ≤ buffer 1 mm + slack -> no endpoint cell,aerial3d/cells.py:121-126 (grow_cell: refine_gap <= buffer + slack -> None) -> aerial3d/api.py:330-333,UNKNOWN:goal_not_certified_free,PASS,stored_route_uv_0.1mm,1.061,True,UNKNOWN:goal_not_certified_free,0.03,a160fe048b6c47fd,19.424,1.973,100.0,1.973,"goal endpoint oracle clearance (row robot, 0.01 mm bisection)",True,,,,,,,,goal,,,,,,,,,,,
GAPW1-F4W-00445,F4,GAPW1,sweeper,F4W-00445,EP-TOL,EP-FLOOR,by-tolerance,,goal is 1.97 mm clear of floor splat 5496444 (2σ top 18.03 mm); GMC's refined gap 0.974 mm ≤ buffer 1 mm + slack -> no endpoint cell,aerial3d/cells.py:121-126 (grow_cell: refine_gap <= buffer + slack -> None) -> aerial3d/api.py:330-333,UNKNOWN:goal_not_certified_free,PASS,stored_route_uv_0.1mm,1.007,True,UNKNOWN:goal_not_certified_free,0.03,a160fe048b6c47fd,19.99,1.973,100.0,1.973,"goal endpoint oracle clearance (row robot, 0.01 mm bisection)",True,,,,,,,,goal,,,,,,,,,,,
GAPW1-F4W-00447,F4,GAPW1,sweeper,F4W-00447,EP-TOL,EP-FLOOR,by-tolerance,,start is 1.95 mm clear of floor splat 5337920 (2σ top 18.04 mm); GMC's refined gap 0.962 mm ≤ buffer 1 mm + slack -> no endpoint cell,aerial3d/cells.py:121-126 (grow_cell: refine_gap <= buffer + slack -> None) -> aerial3d/api.py:330-333,UNKNOWN:start_not_certified_free,PASS,stored_route_uv_0.1mm,1.016,True,UNKNOWN:start_not_certified_free,0.03,a160fe048b6c47fd,1.953,19.99,100.0,1.953,"start endpoint oracle clearance (row robot, 0.01 mm bisection)",True,,,,,,,,start,,,,,,,,,,,
GAPW1-F4W-00453,F4,GAPW1,sweeper,F4W-00453,EP-TOL,EP-FLOOR,by-tolerance,,goal is 1.95 mm clear of floor splat 5337920 (2σ top 18.04 mm); GMC's refined gap 0.962 mm ≤ buffer 1 mm + slack -> no endpoint cell,aerial3d/cells.py:121-126 (grow_cell: refine_gap <= buffer + slack -> None) -> aerial3d/api.py:330-333,UNKNOWN:goal_not_certified_free,PASS,stored_route_uv_0.1mm,1.962,True,UNKNOWN:goal_not_certified_free,0.03,a160fe048b6c47fd,19.99,1.953,100.0,1.953,"goal endpoint oracle clearance (row robot, 0.01 mm bisection)",True,,,,,,,,goal,,,,,,,,,,,
GAPW1-F4W-00460,F4,GAPW1,sweeper,F4W-00460,EP-TOL,EP-FLOOR,by-tolerance,,start is 1.97 mm clear of floor splat 5496444 (2σ top 18.03 mm); GMC's refined gap 0.974 mm ≤ buffer 1 mm + slack -> no endpoint cell,aerial3d/cells.py:121-126 (grow_cell: refine_gap <= buffer + slack -> None) -> aerial3d/api.py:330-333,UNKNOWN:start_not_certified_free,PASS,stored_route_uv_0.1mm,1.974,True,UNKNOWN:start_not_certified_free,0.02,a160fe048b6c47fd,1.973,19.99,100.0,1.973,"start endpoint oracle clearance (row robot, 0.01 mm bisection)",True,,,,,,,,start,,,,,,,,,,,
GAPW1-F4W-00461,F4,GAPW1,sweeper,F4W-00461,EP-TOL,EP-FLOOR,by-tolerance,,goal is 1.95 mm clear of floor splat 5337920 (2σ top 18.04 mm); GMC's refined gap 0.962 mm ≤ buffer 1 mm + slack -> no endpoint cell,aerial3d/cells.py:121-126 (grow_cell: refine_gap <= buffer + slack -> None) -> aerial3d/api.py:330-333,UNKNOWN:goal_not_certified_free,PASS,stored_route_uv_0.1mm,1.028,True,UNKNOWN:goal_not_certified_free,0.03,a160fe048b6c47fd,12.207,1.953,100.0,1.953,"goal endpoint oracle clearance (row robot, 0.01 mm bisection)",True,,,,,,,,goal,,,,,,,,,,,
GAPW1-F4W-00475,F4,GAPW1,sweeper,F4W-00475,EP-TOL,EP-FLOOR,by-tolerance,,start is 1.97 mm clear of floor splat 5496444 (2σ top 18.03 mm); GMC's refined gap 0.974 mm ≤ buffer 1 mm + slack -> no endpoint cell,aerial3d/cells.py:121-126 (grow_cell: refine_gap <= buffer + slack -> None) -> aerial3d/api.py:330-333,UNKNOWN:start_not_certified_free,PASS,stored_route_uv_0.1mm,1.223,True,UNKNOWN:start_not_certified_free,0.02,a160fe048b6c47fd,1.973,12.207,100.0,1.973,"start endpoint oracle clearance (row robot, 0.01 mm bisection)",True,,,,,,,,start,,,,,,,,,,,
GAPW1-F4W-00478,F4,GAPW1,sweeper,F4W-00478,EP-TOL,EP-FLOOR,by-tolerance,,start is 1.97 mm clear of floor splat 5496444 (2σ top 18.03 mm); GMC's refined gap 0.974 mm ≤ buffer 1 mm + slack -> no endpoint cell,aerial3d/cells.py:121-126 (grow_cell: refine_gap <= buffer + slack -> None) -> aerial3d/api.py:330-333,UNKNOWN:start_not_certified_free,PASS,stored_route_uv_0.1mm,1.019,True,UNKNOWN:start_not_certified_free,0.03,a160fe048b6c47fd,1.973,19.99,100.0,1.973,"start endpoint oracle clearance (row robot, 0.01 mm bisection)",True,,,,,,,,start,,,,,,,,,,,
GAPW1-F4W-00485,F4,GAPW1,sweeper,F4W-00485,EP-TOL,EP-FLOOR,by-tolerance,,goal is 1.97 mm clear of floor splat 5496444 (2σ top 18.03 mm); GMC's refined gap 0.976 mm ≤ buffer 1 mm + slack -> no endpoint cell,aerial3d/cells.py:121-126 (grow_cell: refine_gap <= buffer + slack -> None) -> aerial3d/api.py:330-333,UNKNOWN:goal_not_certified_free,PASS,stored_route_uv_0.1mm,1.135,True,UNKNOWN:goal_not_certified_free,0.03,a160fe048b6c47fd,19.434,1.973,100.0,1.973,"goal endpoint oracle clearance (row robot, 0.01 mm bisection)",True,,,,,,,,goal,,,,,,,,,,,
GAPW1-F4W-00487,F4,GAPW1,sweeper,F4W-00487,EP-TOL,EP-FLOOR,by-tolerance,,start is 1.95 mm clear of floor splat 5337920 (2σ top 18.04 mm); GMC's refined gap 0.962 mm ≤ buffer 1 mm + slack -> no endpoint cell,aerial3d/cells.py:121-126 (grow_cell: refine_gap <= buffer + slack -> None) -> aerial3d/api.py:330-333,UNKNOWN:start_not_certified_free,PASS,stored_route_uv_0.1mm,1.962,True,UNKNOWN:start_not_certified_free,0.03,a160fe048b6c47fd,1.953,19.99,100.0,1.953,"start endpoint oracle clearance (row robot, 0.01 mm bisection)",True,,,,,,,,start,,,,,,,,,,,
GAPW1-F4W-00501,F4,GAPW1,sweeper,F4W-00501,EP-TOL,EP-FLOOR,by-tolerance,,start is 1.95 mm clear of floor splat 5337920 (2σ top 18.04 mm); GMC's refined gap 0.962 mm ≤ buffer 1 mm + slack -> no endpoint cell,aerial3d/cells.py:121-126 (grow_cell: refine_gap <= buffer + slack -> None) -> aerial3d/api.py:330-333,UNKNOWN:start_not_certified_free,PASS,stored_route_uv_0.1mm,1.962,True,UNKNOWN:start_not_certified_free,0.03,a160fe048b6c47fd,1.953,19.99,100.0,1.953,"start endpoint oracle clearance (row robot, 0.01 mm bisection)",True,,,,,,,,start,,,,,,,,,,,
GAPW1-F4W-00535,F4,GAPW1,sweeper,F4W-00535,EP-TOL,EP-FLOOR,by-tolerance,,start is 1.95 mm clear of floor splat 5337920 (2σ top 18.04 mm); GMC's refined gap 0.962 mm ≤ buffer 1 mm + slack -> no endpoint cell,aerial3d/cells.py:121-126 (grow_cell: refine_gap <= buffer + slack -> None) -> aerial3d/api.py:330-333,UNKNOWN:start_not_certified_free,PASS,stored_route_uv_0.1mm,1.018,True,UNKNOWN:start_not_certified_free,0.03,a160fe048b6c47fd,1.953,19.99,100.0,1.953,"start endpoint oracle clearance (row robot, 0.01 mm bisection)",True,,,,,,,,start,,,,,,,,,,,
GAPW1-F4W-00578,F4,GAPW1,sweeper,F4W-00578,EP-TOL,EP-FLOOR,by-tolerance,,goal is 1.97 mm clear of floor splat 5496444 (2σ top 18.03 mm); GMC's refined gap 0.974 mm ≤ buffer 1 mm + slack -> no endpoint cell,aerial3d/cells.py:121-126 (grow_cell: refine_gap <= buffer + slack -> None) -> aerial3d/api.py:330-333,UNKNOWN:goal_not_certified_free,PASS,stored_route_uv_0.1mm,1.0,True,UNKNOWN:goal_not_certified_free,0.03,a160fe048b6c47fd,19.99,1.973,100.0,1.973,"goal endpoint oracle clearance (row robot, 0.01 mm bisection)",True,,,,,,,,goal,,,,,,,,,,,
GAPW1-F4W-00584,F4,GAPW1,sweeper,F4W-00584,EP-TOL,EP-FLOOR,by-tolerance,,goal is 1.97 mm clear of floor splat 5496444 (2σ top 18.03 mm); GMC's refined gap 0.974 mm ≤ buffer 1 mm + slack -> no endpoint cell,aerial3d/cells.py:121-126 (grow_cell: refine_gap <= buffer + slack -> None) -> aerial3d/api.py:330-333,UNKNOWN:goal_not_certified_free,PASS,stored_route_uv_0.1mm,1.103,True,UNKNOWN:goal_not_certified_free,0.03,a160fe048b6c47fd,19.99,1.973,100.0,1.973,"goal endpoint oracle clearance (row robot, 0.01 mm bisection)",True,,,,,,,,goal,,,,,,,,,,,
GAPW1-F4W-00592,F4,GAPW1,sweeper,F4W-00592,EP-TOL,EP-FLOOR,by-tolerance,,goal is 1.95 mm clear of floor splat 5337920 (2σ top 18.04 mm); GMC's refined gap 0.962 mm ≤ buffer 1 mm + slack -> no endpoint cell,aerial3d/cells.py:121-126 (grow_cell: refine_gap <= buffer + slack -> None) -> aerial3d/api.py:330-333,UNKNOWN:goal_not_certified_free,PASS,stored_route_uv_0.1mm,1.0,True,UNKNOWN:goal_not_certified_free,0.03,a160fe048b6c47fd,19.99,1.953,100.0,1.953,"goal endpoint oracle clearance (row robot, 0.01 mm bisection)",True,,,,,,,,goal,,,,,,,,,,,
GAPW1-F4W-00602,F4,GAPW1,sweeper,F4W-00602,EP-TOL,EP-FLOOR,by-tolerance,,goal is 1.97 mm clear of floor splat 5496444 (2σ top 18.03 mm); GMC's refined gap 0.974 mm ≤ buffer 1 mm + slack -> no endpoint cell,aerial3d/cells.py:121-126 (grow_cell: refine_gap <= buffer + slack -> None) -> aerial3d/api.py:330-333,UNKNOWN:goal_not_certified_free,PASS,stored_route_uv_0.1mm,1.196,True,UNKNOWN:goal_not_certified_free,0.03,a160fe048b6c47fd,19.99,1.973,100.0,1.973,"goal endpoint oracle clearance (row robot, 0.01 mm bisection)",True,,,,,,,,goal,,,,,,,,,,,
GAPW1-F4W-00613,F4,GAPW1,sweeper,F4W-00613,EP-TOL,EP-FLOOR,by-tolerance,,start is 1.97 mm clear of floor splat 5496444 (2σ top 18.03 mm); GMC's refined gap 0.974 mm ≤ buffer 1 mm + slack -> no endpoint cell,aerial3d/cells.py:121-126 (grow_cell: refine_gap <= buffer + slack -> None) -> aerial3d/api.py:330-333,UNKNOWN:start_not_certified_free,PASS,stored_route_uv_0.1mm,1.974,True,UNKNOWN:start_not_certified_free,0.02,a160fe048b6c47fd,1.973,14.355,100.0,1.973,"start endpoint oracle clearance (row robot, 0.01 mm bisection)",True,,,,,,,,start,,,,,,,,,,,
GAPW1-F4W-00621,F4,GAPW1,sweeper,F4W-00621,EP-TOL,EP-FLOOR,by-tolerance,,goal is 1.95 mm clear of floor splat 5337920 (2σ top 18.04 mm); GMC's refined gap 0.962 mm ≤ buffer 1 mm + slack -> no endpoint cell,aerial3d/cells.py:121-126 (grow_cell: refine_gap <= buffer + slack -> None) -> aerial3d/api.py:330-333,UNKNOWN:goal_not_certified_free,PASS,stored_route_uv_0.1mm,1.962,True,UNKNOWN:goal_not_certified_free,0.03,a160fe048b6c47fd,11.748,1.953,100.0,1.953,"goal endpoint oracle clearance (row robot, 0.01 mm bisection)",True,,,,,,,,goal,,,,,,,,,,,
GAPW1-F4W-00646,F4,GAPW1,sweeper,F4W-00646,EP-TOL,EP-FLOOR,by-tolerance,,start is 1.25 mm clear of floor splat 5371648 (2σ top 18.75 mm); GMC's refined gap 0.255 mm ≤ buffer 1 mm + slack -> no endpoint cell,aerial3d/cells.py:121-126 (grow_cell: refine_gap <= buffer + slack -> None) -> aerial3d/api.py:330-333,UNKNOWN:start_not_certified_free,PASS,stored_route_uv_0.1mm,1.008,True,UNKNOWN:start_not_certified_free,0.03,a160fe048b6c47fd,1.25,14.355,100.0,1.25,"start endpoint oracle clearance (row robot, 0.01 mm bisection)",True,,,,,,,,start,,,,,,,,,,,
GAPW1-F4W-00722,F4,GAPW1,sweeper,F4W-00722,EP-TOL,EP-FLOOR,by-tolerance,,start is 1.97 mm clear of floor splat 5496444 (2σ top 18.03 mm); GMC's refined gap 0.974 mm ≤ buffer 1 mm + slack -> no endpoint cell,aerial3d/cells.py:121-126 (grow_cell: refine_gap <= buffer + slack -> None) -> aerial3d/api.py:330-333,UNKNOWN:start_not_certified_free,PASS,stored_route_uv_0.1mm,1.065,True,UNKNOWN:start_not_certified_free,0.03,a160fe048b6c47fd,1.973,19.99,100.0,1.973,"start endpoint oracle clearance (row robot, 0.01 mm bisection)",True,,,,,,,,start,,,,,,,,,,,
GAPW1-F4W-00738,F4,GAPW1,sweeper,F4W-00738,EP-TOL,EP-FLOOR,by-tolerance,,start is 1.97 mm clear of floor splat 5496444 (2σ top 18.03 mm); GMC's refined gap 0.974 mm ≤ buffer 1 mm + slack -> no endpoint cell,aerial3d/cells.py:121-126 (grow_cell: refine_gap <= buffer + slack -> None) -> aerial3d/api.py:330-333,UNKNOWN:start_not_certified_free,PASS,stored_route_uv_0.1mm,1.227,True,UNKNOWN:start_not_certified_free,0.03,a160fe048b6c47fd,1.973,19.99,100.0,1.973,"start endpoint oracle clearance (row robot, 0.01 mm bisection)",True,,,,,,,,start,,,,,,,,,,,
GAPW1-F4W-00779,F4,GAPW1,sweeper,F4W-00779,EP-TOL,EP-FLOOR,by-tolerance,,start is 1.97 mm clear of floor splat 5496444 (2σ top 18.03 mm); GMC's refined gap 0.974 mm ≤ buffer 1 mm + slack -> no endpoint cell,aerial3d/cells.py:121-126 (grow_cell: refine_gap <= buffer + slack -> None) -> aerial3d/api.py:330-333,UNKNOWN:start_not_certified_free,PASS,stored_route_uv_0.1mm,1.158,True,UNKNOWN:start_not_certified_free,0.03,a160fe048b6c47fd,1.973,19.99,100.0,1.973,"start endpoint oracle clearance (row robot, 0.01 mm bisection)",True,,,,,,,,start,,,,,,,,,,,
GAPW1-F4W-00791,F4,GAPW1,sweeper,F4W-00791,EP-TOL,EP-FLOOR,by-tolerance,,goal is 1.95 mm clear of floor splat 5337920 (2σ top 18.04 mm); GMC's refined gap 0.962 mm ≤ buffer 1 mm + slack -> no endpoint cell,aerial3d/cells.py:121-126 (grow_cell: refine_gap <= buffer + slack -> None) -> aerial3d/api.py:330-333,UNKNOWN:goal_not_certified_free,PASS,stored_route_uv_0.1mm,1.061,True,UNKNOWN:goal_not_certified_free,0.03,a160fe048b6c47fd,12.207,1.953,100.0,1.953,"goal endpoint oracle clearance (row robot, 0.01 mm bisection)",True,,,,,,,,goal,,,,,,,,,,,
GAPW1-F4W-00817,F4,GAPW1,sweeper,F4W-00817,EP-TOL,EP-FLOOR,by-tolerance,,start is 1.95 mm clear of floor splat 5337920 (2σ top 18.04 mm); GMC's refined gap 0.962 mm ≤ buffer 1 mm + slack -> no endpoint cell,aerial3d/cells.py:121-126 (grow_cell: refine_gap <= buffer + slack -> None) -> aerial3d/api.py:330-333,UNKNOWN:start_not_certified_free,PASS,stored_route_uv_0.1mm,1.844,True,UNKNOWN:start_not_certified_free,0.03,a160fe048b6c47fd,1.953,19.99,100.0,1.953,"start endpoint oracle clearance (row robot, 0.01 mm bisection)",True,,,,,,,,start,,,,,,,,,,,
GAPW1-F4W-00838,F4,GAPW1,sweeper,F4W-00838,EP-TOL,EP-FLOOR,by-tolerance,,goal is 1.25 mm clear of floor splat 5371648 (2σ top 18.75 mm); GMC's refined gap 0.255 mm ≤ buffer 1 mm + slack -> no endpoint cell,aerial3d/cells.py:121-126 (grow_cell: refine_gap <= buffer + slack -> None) -> aerial3d/api.py:330-333,UNKNOWN:goal_not_certified_free,PASS,stored_route_uv_0.1mm,1.022,True,UNKNOWN:goal_not_certified_free,0.03,a160fe048b6c47fd,19.99,1.25,100.0,1.25,"goal endpoint oracle clearance (row robot, 0.01 mm bisection)",True,,,,,,,,goal,,,,,,,,,,,
GAPW1-F4W-00845,F4,GAPW1,sweeper,F4W-00845,EP-TOL,EP-FLOOR,by-tolerance,,goal is 1.97 mm clear of floor splat 5337920 (2σ top 18.04 mm); GMC's refined gap 0.973 mm ≤ buffer 1 mm + slack -> no endpoint cell,aerial3d/cells.py:121-126 (grow_cell: refine_gap <= buffer + slack -> None) -> aerial3d/api.py:330-333,UNKNOWN:goal_not_certified_free,PASS,stored_route_uv_0.1mm,1.026,True,UNKNOWN:goal_not_certified_free,0.03,a160fe048b6c47fd,19.99,1.973,100.0,1.973,"goal endpoint oracle clearance (row robot, 0.01 mm bisection)",True,,,,,,,,goal,,,,,,,,,,,
GAPW1-F4W-00846,F4,GAPW1,sweeper,F4W-00846,EP-TOL,EP-FLOOR,by-tolerance,,start is 1.97 mm clear of floor splat 5496444 (2σ top 18.03 mm); GMC's refined gap 0.974 mm ≤ buffer 1 mm + slack -> no endpoint cell,aerial3d/cells.py:121-126 (grow_cell: refine_gap <= buffer + slack -> None) -> aerial3d/api.py:330-333,UNKNOWN:start_not_certified_free,PASS,stored_route_uv_0.1mm,1.974,True,UNKNOWN:start_not_certified_free,0.03,a160fe048b6c47fd,1.973,19.99,100.0,1.973,"start endpoint oracle clearance (row robot, 0.01 mm bisection)",True,,,,,,,,start,,,,,,,,,,,
GAPW1-F4W-00866,F4,GAPW1,sweeper,F4W-00866,EP-TOL,EP-FLOOR,by-tolerance,,start is 1.95 mm clear of floor splat 5337920 (2σ top 18.04 mm); GMC's refined gap 0.962 mm ≤ buffer 1 mm + slack -> no endpoint cell,aerial3d/cells.py:121-126 (grow_cell: refine_gap <= buffer + slack -> None) -> aerial3d/api.py:330-333,UNKNOWN:start_not_certified_free,PASS,stored_route_uv_0.1mm,1.103,True,UNKNOWN:start_not_certified_free,0.03,a160fe048b6c47fd,1.953,19.99,100.0,1.953,"start endpoint oracle clearance (row robot, 0.01 mm bisection)",True,,,,,,,,start,,,,,,,,,,,
GAPW1-F4W-00871,F4,GAPW1,sweeper,F4W-00871,EP-TOL,EP-FLOOR,by-tolerance,,start is 1.95 mm clear of floor splat 5337920 (2σ top 18.04 mm); GMC's refined gap 0.962 mm ≤ buffer 1 mm + slack -> no endpoint cell,aerial3d/cells.py:121-126 (grow_cell: refine_gap <= buffer + slack -> None) -> aerial3d/api.py:330-333,UNKNOWN:start_not_certified_free,PASS,stored_route_uv_0.1mm,1.019,True,UNKNOWN:start_not_certified_free,0.02,a160fe048b6c47fd,1.953,19.99,100.0,1.953,"start endpoint oracle clearance (row robot, 0.01 mm bisection)",True,,,,,,,,start,,,,,,,,,,,
GAPW1-F4W-00878,F4,GAPW1,sweeper,F4W-00878,EP-TOL,EP-FLOOR,by-tolerance,,start is 1.98 mm clear of floor splat 5496444 (2σ top 18.03 mm); GMC's refined gap 0.974 mm ≤ buffer 1 mm + slack -> no endpoint cell,aerial3d/cells.py:121-126 (grow_cell: refine_gap <= buffer + slack -> None) -> aerial3d/api.py:330-333,UNKNOWN:start_not_certified_free,PASS,stored_route_uv_0.1mm,1.414,True,UNKNOWN:start_not_certified_free,0.03,a160fe048b6c47fd,1.982,19.99,100.0,1.982,"start endpoint oracle clearance (row robot, 0.01 mm bisection)",True,,,,,,,,start,,,,,,,,,,,
GAPW1-F4W-00895,F4,GAPW1,sweeper,F4W-00895,EP-TOL,EP-FLOOR,by-tolerance,,start is 1.95 mm clear of floor splat 5337920 (2σ top 18.04 mm); GMC's refined gap 0.962 mm ≤ buffer 1 mm + slack -> no endpoint cell,aerial3d/cells.py:121-126 (grow_cell: refine_gap <= buffer + slack -> None) -> aerial3d/api.py:330-333,UNKNOWN:start_not_certified_free,PASS,stored_route_uv_0.1mm,1.962,True,UNKNOWN:start_not_certified_free,0.02,a160fe048b6c47fd,1.953,19.99,100.0,1.953,"start endpoint oracle clearance (row robot, 0.01 mm bisection)",True,,,,,,,,start,,,,,,,,,,,
GAPW1-F4W-00929,F4,GAPW1,sweeper,F4W-00929,EP-TOL,EP-FLOOR,by-tolerance,,start is 1.95 mm clear of floor splat 5337920 (2σ top 18.04 mm); GMC's refined gap 0.962 mm ≤ buffer 1 mm + slack -> no endpoint cell,aerial3d/cells.py:121-126 (grow_cell: refine_gap <= buffer + slack -> None) -> aerial3d/api.py:330-333,UNKNOWN:start_not_certified_free,PASS,stored_route_uv_0.1mm,1.035,True,UNKNOWN:start_not_certified_free,0.03,a160fe048b6c47fd,1.953,19.99,100.0,1.953,"start endpoint oracle clearance (row robot, 0.01 mm bisection)",True,,,,,,,,start,,,,,,,,,,,
GAPW1-F4W-00944,F4,GAPW1,sweeper,F4W-00944,EP-TOL,EP-FLOOR,by-tolerance,,start is 1.95 mm clear of floor splat 5337920 (2σ top 18.04 mm); GMC's refined gap 0.962 mm ≤ buffer 1 mm + slack -> no endpoint cell,aerial3d/cells.py:121-126 (grow_cell: refine_gap <= buffer + slack -> None) -> aerial3d/api.py:330-333,UNKNOWN:start_not_certified_free,PASS,stored_route_uv_0.1mm,1.048,True,UNKNOWN:start_not_certified_free,0.03,a160fe048b6c47fd,1.953,14.453,100.0,1.953,"start endpoint oracle clearance (row robot, 0.01 mm bisection)",True,,,,,,,,start,,,,,,,,,,,
GAPW1-F4W-00951,F4,GAPW1,sweeper,F4W-00951,EP-TOL,EP-FLOOR,by-tolerance,,goal is 1.97 mm clear of floor splat 5496444 (2σ top 18.03 mm); GMC's refined gap 0.974 mm ≤ buffer 1 mm + slack -> no endpoint cell,aerial3d/cells.py:121-126 (grow_cell: refine_gap <= buffer + slack -> None) -> aerial3d/api.py:330-333,UNKNOWN:goal_not_certified_free,PASS,stored_route_uv_0.1mm,1.069,True,UNKNOWN:goal_not_certified_free,0.03,a160fe048b6c47fd,19.99,1.973,100.0,1.973,"goal endpoint oracle clearance (row robot, 0.01 mm bisection)",True,,,,,,,,goal,,,,,,,,,,,
GAPW1-F4W-00956,F4,GAPW1,sweeper,F4W-00956,EP-TOL,EP-FLOOR,by-tolerance,,start is 1.95 mm clear of floor splat 5337920 (2σ top 18.04 mm); GMC's refined gap 0.962 mm ≤ buffer 1 mm + slack -> no endpoint cell,aerial3d/cells.py:121-126 (grow_cell: refine_gap <= buffer + slack -> None) -> aerial3d/api.py:330-333,UNKNOWN:start_not_certified_free,PASS,stored_route_uv_0.1mm,1.181,True,UNKNOWN:start_not_certified_free,0.03,a160fe048b6c47fd,1.953,12.51,100.0,1.953,"start endpoint oracle clearance (row robot, 0.01 mm bisection)",True,,,,,,,,start,,,,,,,,,,,
GAPW1-F4W-00973,F4,GAPW1,sweeper,F4W-00973,EP-TOL,EP-FLOOR,by-tolerance,,goal is 1.95 mm clear of floor splat 5337920 (2σ top 18.04 mm); GMC's refined gap 0.962 mm ≤ buffer 1 mm + slack -> no endpoint cell,aerial3d/cells.py:121-126 (grow_cell: refine_gap <= buffer + slack -> None) -> aerial3d/api.py:330-333,UNKNOWN:goal_not_certified_free,PASS,stored_route_uv_0.1mm,1.962,True,UNKNOWN:goal_not_certified_free,0.03,a160fe048b6c47fd,14.912,1.953,100.0,1.953,"goal endpoint oracle clearance (row robot, 0.01 mm bisection)",True,,,,,,,,goal,,,,,,,,,,,
GAPW1-F4W-00980,F4,GAPW1,sweeper,F4W-00980,EP-TOL,EP-FLOOR,by-tolerance,,goal is 1.95 mm clear of floor splat 5337920 (2σ top 18.04 mm); GMC's refined gap 0.962 mm ≤ buffer 1 mm + slack -> no endpoint cell,aerial3d/cells.py:121-126 (grow_cell: refine_gap <= buffer + slack -> None) -> aerial3d/api.py:330-333,UNKNOWN:goal_not_certified_free,PASS,stored_route_uv_0.1mm,1.349,True,UNKNOWN:goal_not_certified_free,0.03,a160fe048b6c47fd,19.99,1.953,100.0,1.953,"goal endpoint oracle clearance (row robot, 0.01 mm bisection)",True,,,,,,,,goal,,,,,,,,,,,
GAPW1-F4W-00981,F4,GAPW1,sweeper,F4W-00981,EP-TOL,EP-FLOOR,by-tolerance,,start is 1.95 mm clear of floor splat 5337920 (2σ top 18.04 mm); GMC's refined gap 0.962 mm ≤ buffer 1 mm + slack -> no endpoint cell,aerial3d/cells.py:121-126 (grow_cell: refine_gap <= buffer + slack -> None) -> aerial3d/api.py:330-333,UNKNOWN:start_not_certified_free,PASS,stored_route_uv_0.1mm,1.083,True,UNKNOWN:start_not_certified_free,0.03,a160fe048b6c47fd,1.953,14.355,100.0,1.953,"start endpoint oracle clearance (row robot, 0.01 mm bisection)",True,,,,,,,,start,,,,,,,,,,,
GAPW1-F4W-01003,F4,GAPW1,sweeper,F4W-01003,EP-TOL,EP-FLOOR,by-tolerance,,goal is 1.95 mm clear of floor splat 5337920 (2σ top 18.04 mm); GMC's refined gap 0.962 mm ≤ buffer 1 mm + slack -> no endpoint cell,aerial3d/cells.py:121-126 (grow_cell: refine_gap <= buffer + slack -> None) -> aerial3d/api.py:330-333,UNKNOWN:goal_not_certified_free,PASS,stored_route_uv_0.1mm,1.962,True,UNKNOWN:goal_not_certified_free,0.03,a160fe048b6c47fd,7.705,1.953,100.0,1.953,"goal endpoint oracle clearance (row robot, 0.01 mm bisection)",True,,,,,,,,goal,,,,,,,,,,,
GAPW1-F4W-01009,F4,GAPW1,sweeper,F4W-01009,EP-TOL,EP-FLOOR,by-tolerance,,start is 1.95 mm clear of floor splat 5337920 (2σ top 18.04 mm); GMC's refined gap 0.962 mm ≤ buffer 1 mm + slack -> no endpoint cell,aerial3d/cells.py:121-126 (grow_cell: refine_gap <= buffer + slack -> None) -> aerial3d/api.py:330-333,UNKNOWN:start_not_certified_free,PASS,stored_route_uv_0.1mm,1.038,True,UNKNOWN:start_not_certified_free,0.03,a160fe048b6c47fd,1.953,19.99,100.0,1.953,"start endpoint oracle clearance (row robot, 0.01 mm bisection)",True,,,,,,,,start,,,,,,,,,,,
GAPW1-F4W-01011,F4,GAPW1,sweeper,F4W-01011,EP-TOL,EP-FLOOR,by-tolerance,,goal is 1.95 mm clear of floor splat 5337920 (2σ top 18.04 mm); GMC's refined gap 0.962 mm ≤ buffer 1 mm + slack -> no endpoint cell,aerial3d/cells.py:121-126 (grow_cell: refine_gap <= buffer + slack -> None) -> aerial3d/api.py:330-333,UNKNOWN:goal_not_certified_free,PASS,stored_route_uv_0.1mm,1.02,True,UNKNOWN:goal_not_certified_free,0.03,a160fe048b6c47fd,19.99,1.953,100.0,1.953,"goal endpoint oracle clearance (row robot, 0.01 mm bisection)",True,,,,,,,,goal,,,,,,,,,,,
GAPW1-F4W-01013,F4,GAPW1,sweeper,F4W-01013,EP-TOL,EP-FLOOR,by-tolerance,,goal is 1.97 mm clear of floor splat 5496444 (2σ top 18.03 mm); GMC's refined gap 0.974 mm ≤ buffer 1 mm + slack -> no endpoint cell,aerial3d/cells.py:121-126 (grow_cell: refine_gap <= buffer + slack -> None) -> aerial3d/api.py:330-333,UNKNOWN:goal_not_certified_free,PASS,stored_route_uv_0.1mm,1.003,True,UNKNOWN:goal_not_certified_free,0.03,a160fe048b6c47fd,19.99,1.973,100.0,1.973,"goal endpoint oracle clearance (row robot, 0.01 mm bisection)",True,,,,,,,,goal,,,,,,,,,,,
GAPW1-F4W-01048,F4,GAPW1,sweeper,F4W-01048,EP-TOL,EP-FLOOR,by-tolerance,,start is 1.30 mm clear of floor splat 5371648 (2σ top 18.75 mm); GMC's refined gap 0.301 mm ≤ buffer 1 mm + slack -> no endpoint cell,aerial3d/cells.py:121-126 (grow_cell: refine_gap <= buffer + slack -> None) -> aerial3d/api.py:330-333,UNKNOWN:start_not_certified_free,PASS,stored_route_uv_0.1mm,1.255,True,UNKNOWN:start_not_certified_free,0.03,a160fe048b6c47fd,1.299,19.99,100.0,1.299,"start endpoint oracle clearance (row robot, 0.01 mm bisection)",True,,,,,,,,start,,,,,,,,,,,
GAPW1-F4W-01050,F4,GAPW1,sweeper,F4W-01050,EP-TOL,EP-FLOOR,by-tolerance,,start is 1.97 mm clear of floor splat 5496444 (2σ top 18.03 mm); GMC's refined gap 0.974 mm ≤ buffer 1 mm + slack -> no endpoint cell,aerial3d/cells.py:121-126 (grow_cell: refine_gap <= buffer + slack -> None) -> aerial3d/api.py:330-333,UNKNOWN:start_not_certified_free,PASS,stored_route_uv_0.1mm,1.684,True,UNKNOWN:start_not_certified_free,0.03,a160fe048b6c47fd,1.973,19.99,100.0,1.973,"start endpoint oracle clearance (row robot, 0.01 mm bisection)",True,,,,,,,,start,,,,,,,,,,,
GAPW1-F4W-01052,F4,GAPW1,sweeper,F4W-01052,EP-TOL,EP-FLOOR,by-tolerance,,start is 1.97 mm clear of floor splat 5496444 (2σ top 18.03 mm); GMC's refined gap 0.974 mm ≤ buffer 1 mm + slack -> no endpoint cell,aerial3d/cells.py:121-126 (grow_cell: refine_gap <= buffer + slack -> None) -> aerial3d/api.py:330-333,UNKNOWN:start_not_certified_free,PASS,stored_route_uv_0.1mm,1.974,True,UNKNOWN:start_not_certified_free,0.03,a160fe048b6c47fd,1.973,19.99,100.0,1.973,"start endpoint oracle clearance (row robot, 0.01 mm bisection)",True,,,,,,,,start,,,,,,,,,,,
GAPW1-F4W-01086,F4,GAPW1,sweeper,F4W-01086,EP-TOL,EP-FLOOR,by-tolerance,,start is 1.25 mm clear of floor splat 5371648 (2σ top 18.75 mm); GMC's refined gap 0.255 mm ≤ buffer 1 mm + slack -> no endpoint cell,aerial3d/cells.py:121-126 (grow_cell: refine_gap <= buffer + slack -> None) -> aerial3d/api.py:330-333,UNKNOWN:start_not_certified_free,PASS,stored_route_uv_0.1mm,1.0,True,UNKNOWN:start_not_certified_free,0.03,a160fe048b6c47fd,1.25,19.99,100.0,1.25,"start endpoint oracle clearance (row robot, 0.01 mm bisection)",True,,,,,,,,start,,,,,,,,,,,
GAPW1-F4W-01091,F4,GAPW1,sweeper,F4W-01091,EP-TOL,EP-FLOOR,by-tolerance,,start is 1.95 mm clear of floor splat 5337920 (2σ top 18.04 mm); GMC's refined gap 0.962 mm ≤ buffer 1 mm + slack -> no endpoint cell,aerial3d/cells.py:121-126 (grow_cell: refine_gap <= buffer + slack -> None) -> aerial3d/api.py:330-333,UNKNOWN:start_not_certified_free,PASS,stored_route_uv_0.1mm,1.962,True,UNKNOWN:start_not_certified_free,0.03,a160fe048b6c47fd,1.953,19.99,100.0,1.953,"start endpoint oracle clearance (row robot, 0.01 mm bisection)",True,,,,,,,,start,,,,,,,,,,,
GAPW1-F4W-01110,F4,GAPW1,sweeper,F4W-01110,EP-TOL,EP-FLOOR,by-tolerance,,start is 1.95 mm clear of floor splat 5337920 (2σ top 18.04 mm); GMC's refined gap 0.962 mm ≤ buffer 1 mm + slack -> no endpoint cell,aerial3d/cells.py:121-126 (grow_cell: refine_gap <= buffer + slack -> None) -> aerial3d/api.py:330-333,UNKNOWN:start_not_certified_free,PASS,stored_route_uv_0.1mm,1.409,True,UNKNOWN:start_not_certified_free,0.02,a160fe048b6c47fd,1.953,19.99,100.0,1.953,"start endpoint oracle clearance (row robot, 0.01 mm bisection)",True,,,,,,,,start,,,,,,,,,,,
GAPW1-F4W-01132,F4,GAPW1,sweeper,F4W-01132,EP-TOL,EP-FLOOR,by-tolerance,,start is 1.97 mm clear of floor splat 5496444 (2σ top 18.03 mm); GMC's refined gap 0.974 mm ≤ buffer 1 mm + slack -> no endpoint cell,aerial3d/cells.py:121-126 (grow_cell: refine_gap <= buffer + slack -> None) -> aerial3d/api.py:330-333,UNKNOWN:start_not_certified_free,PASS,stored_route_uv_0.1mm,1.046,True,UNKNOWN:start_not_certified_free,0.03,a160fe048b6c47fd,1.973,19.99,100.0,1.973,"start endpoint oracle clearance (row robot, 0.01 mm bisection)",True,,,,,,,,start,,,,,,,,,,,
GAPW1-F4W-01134,F4,GAPW1,sweeper,F4W-01134,EP-TOL,EP-FLOOR,by-tolerance,,start is 1.97 mm clear of floor splat 5496444 (2σ top 18.03 mm); GMC's refined gap 0.974 mm ≤ buffer 1 mm + slack -> no endpoint cell,aerial3d/cells.py:121-126 (grow_cell: refine_gap <= buffer + slack -> None) -> aerial3d/api.py:330-333,UNKNOWN:start_not_certified_free,PASS,stored_route_uv_0.1mm,1.974,True,UNKNOWN:start_not_certified_free,0.02,a160fe048b6c47fd,1.973,19.99,100.0,1.973,"start endpoint oracle clearance (row robot, 0.01 mm bisection)",True,,,,,,,,start,,,,,,,,,,,
GAPW1-F4W-01138,F4,GAPW1,sweeper,F4W-01138,EP-TOL,EP-FLOOR,by-tolerance,,goal is 1.97 mm clear of floor splat 5496444 (2σ top 18.03 mm); GMC's refined gap 0.974 mm ≤ buffer 1 mm + slack -> no endpoint cell,aerial3d/cells.py:121-126 (grow_cell: refine_gap <= buffer + slack -> None) -> aerial3d/api.py:330-333,UNKNOWN:goal_not_certified_free,PASS,stored_route_uv_0.1mm,1.135,True,UNKNOWN:goal_not_certified_free,0.03,a160fe048b6c47fd,19.99,1.973,100.0,1.973,"goal endpoint oracle clearance (row robot, 0.01 mm bisection)",True,,,,,,,,goal,,,,,,,,,,,
GAPW1-F4W-01150,F4,GAPW1,sweeper,F4W-01150,EP-TOL,EP-FLOOR,by-tolerance,,start is 1.95 mm clear of floor splat 5337920 (2σ top 18.04 mm); GMC's refined gap 0.962 mm ≤ buffer 1 mm + slack -> no endpoint cell,aerial3d/cells.py:121-126 (grow_cell: refine_gap <= buffer + slack -> None) -> aerial3d/api.py:330-333,UNKNOWN:start_not_certified_free,PASS,stored_route_uv_0.1mm,1.962,True,UNKNOWN:start_not_certified_free,0.03,a160fe048b6c47fd,1.953,3.291,100.0,1.953,"start endpoint oracle clearance (row robot, 0.01 mm bisection)",True,,,,,,,,start,,,,,,,,,,,
GAPW1-F4W-01208,F4,GAPW1,sweeper,F4W-01208,EP-TOL,EP-FLOOR,by-tolerance,,goal is 1.98 mm clear of floor splat 5337920 (2σ top 18.04 mm); GMC's refined gap 0.984 mm ≤ buffer 1 mm + slack -> no endpoint cell,aerial3d/cells.py:121-126 (grow_cell: refine_gap <= buffer + slack -> None) -> aerial3d/api.py:330-333,UNKNOWN:goal_not_certified_free,PASS,stored_route_uv_0.1mm,1.03,True,UNKNOWN:goal_not_certified_free,0.03,a160fe048b6c47fd,19.99,1.982,100.0,1.982,"goal endpoint oracle clearance (row robot, 0.01 mm bisection)",True,,,,,,,,goal,,,,,,,,,,,
GAPW1-F4W-01219,F4,GAPW1,sweeper,F4W-01219,EP-TOL,EP-FLOOR,by-tolerance,,start is 1.25 mm clear of floor splat 5371648 (2σ top 18.75 mm); GMC's refined gap 0.255 mm ≤ buffer 1 mm + slack -> no endpoint cell,aerial3d/cells.py:121-126 (grow_cell: refine_gap <= buffer + slack -> None) -> aerial3d/api.py:330-333,UNKNOWN:start_not_certified_free,PASS,stored_route_uv_0.1mm,1.04,True,UNKNOWN:start_not_certified_free,0.03,a160fe048b6c47fd,1.25,19.99,100.0,1.25,"start endpoint oracle clearance (row robot, 0.01 mm bisection)",True,,,,,,,,start,,,,,,,,,,,
GAPW1-F4W-01230,F4,GAPW1,sweeper,F4W-01230,EP-TOL,EP-FLOOR,by-tolerance,,goal is 1.95 mm clear of floor splat 5337920 (2σ top 18.04 mm); GMC's refined gap 0.962 mm ≤ buffer 1 mm + slack -> no endpoint cell,aerial3d/cells.py:121-126 (grow_cell: refine_gap <= buffer + slack -> None) -> aerial3d/api.py:330-333,UNKNOWN:goal_not_certified_free,PASS,stored_route_uv_0.1mm,1.962,True,UNKNOWN:goal_not_certified_free,0.03,a160fe048b6c47fd,16.836,1.953,100.0,1.953,"goal endpoint oracle clearance (row robot, 0.01 mm bisection)",True,,,,,,,,goal,,,,,,,,,,,
GAPW1-F4W-01258,F4,GAPW1,sweeper,F4W-01258,EP-TOL,EP-FLOOR,by-tolerance,,start is 1.97 mm clear of floor splat 5496444 (2σ top 18.03 mm); GMC's refined gap 0.974 mm ≤ buffer 1 mm + slack -> no endpoint cell,aerial3d/cells.py:121-126 (grow_cell: refine_gap <= buffer + slack -> None) -> aerial3d/api.py:330-333,UNKNOWN:start_not_certified_free,PASS,stored_route_uv_0.1mm,1.974,True,UNKNOWN:start_not_certified_free,0.03,a160fe048b6c47fd,1.973,12.207,100.0,1.973,"start endpoint oracle clearance (row robot, 0.01 mm bisection)",True,,,,,,,,start,,,,,,,,,,,
GAPW1-F4W-01261,F4,GAPW1,sweeper,F4W-01261,EP-TOL,EP-FLOOR,by-tolerance,,start is 1.95 mm clear of floor splat 5337920 (2σ top 18.04 mm); GMC's refined gap 0.962 mm ≤ buffer 1 mm + slack -> no endpoint cell,aerial3d/cells.py:121-126 (grow_cell: refine_gap <= buffer + slack -> None) -> aerial3d/api.py:330-333,UNKNOWN:start_not_certified_free,PASS,stored_route_uv_0.1mm,1.004,True,UNKNOWN:start_not_certified_free,0.02,a160fe048b6c47fd,1.953,19.99,100.0,1.953,"start endpoint oracle clearance (row robot, 0.01 mm bisection)",True,,,,,,,,start,,,,,,,,,,,
GAPW1-F4W-01297,F4,GAPW1,sweeper,F4W-01297,EP-TOL,EP-FLOOR,by-tolerance,,start is 1.97 mm clear of floor splat 5496444 (2σ top 18.03 mm); GMC's refined gap 0.974 mm ≤ buffer 1 mm + slack -> no endpoint cell,aerial3d/cells.py:121-126 (grow_cell: refine_gap <= buffer + slack -> None) -> aerial3d/api.py:330-333,UNKNOWN:start_not_certified_free,PASS,stored_route_uv_0.1mm,1.004,True,UNKNOWN:start_not_certified_free,0.03,a160fe048b6c47fd,1.973,19.99,100.0,1.973,"start endpoint oracle clearance (row robot, 0.01 mm bisection)",True,,,,,,,,start,,,,,,,,,,,
GAPW1-F4W-01327,F4,GAPW1,sweeper,F4W-01327,EP-TOL,EP-FLOOR,by-tolerance,,start is 1.95 mm clear of floor splat 5337920 (2σ top 18.04 mm); GMC's refined gap 0.962 mm ≤ buffer 1 mm + slack -> no endpoint cell,aerial3d/cells.py:121-126 (grow_cell: refine_gap <= buffer + slack -> None) -> aerial3d/api.py:330-333,UNKNOWN:start_not_certified_free,PASS,stored_route_uv_0.1mm,1.003,True,UNKNOWN:start_not_certified_free,0.03,a160fe048b6c47fd,1.953,19.99,100.0,1.953,"start endpoint oracle clearance (row robot, 0.01 mm bisection)",True,,,,,,,,start,,,,,,,,,,,
GAPW1-F4W-01328,F4,GAPW1,sweeper,F4W-01328,EP-TOL,EP-FLOOR,by-tolerance,,goal is 1.97 mm clear of floor splat 5496444 (2σ top 18.03 mm); GMC's refined gap 0.974 mm ≤ buffer 1 mm + slack -> no endpoint cell,aerial3d/cells.py:121-126 (grow_cell: refine_gap <= buffer + slack -> None) -> aerial3d/api.py:330-333,UNKNOWN:goal_not_certified_free,PASS,stored_route_uv_0.1mm,1.974,True,UNKNOWN:goal_not_certified_free,0.03,a160fe048b6c47fd,19.99,1.973,100.0,1.973,"goal endpoint oracle clearance (row robot, 0.01 mm bisection)",True,,,,,,,,goal,,,,,,,,,,,
GAPW1-F4W-01337,F4,GAPW1,sweeper,F4W-01337,EP-TOL,EP-FLOOR,by-tolerance,,goal is 1.95 mm clear of floor splat 5337920 (2σ top 18.04 mm); GMC's refined gap 0.962 mm ≤ buffer 1 mm + slack -> no endpoint cell,aerial3d/cells.py:121-126 (grow_cell: refine_gap <= buffer + slack -> None) -> aerial3d/api.py:330-333,UNKNOWN:goal_not_certified_free,PASS,stored_route_uv_0.1mm,1.004,True,UNKNOWN:goal_not_certified_free,0.03,a160fe048b6c47fd,19.99,1.953,100.0,1.953,"goal endpoint oracle clearance (row robot, 0.01 mm bisection)",True,,,,,,,,goal,,,,,,,,,,,
GAPW1-F4W-01356,F4,GAPW1,sweeper,F4W-01356,EP-TOL,EP-FLOOR,by-tolerance,,start is 1.95 mm clear of floor splat 5337920 (2σ top 18.04 mm); GMC's refined gap 0.962 mm ≤ buffer 1 mm + slack -> no endpoint cell,aerial3d/cells.py:121-126 (grow_cell: refine_gap <= buffer + slack -> None) -> aerial3d/api.py:330-333,UNKNOWN:start_not_certified_free,PASS,stored_route_uv_0.1mm,1.069,True,UNKNOWN:start_not_certified_free,0.03,a160fe048b6c47fd,1.953,19.99,100.0,1.953,"start endpoint oracle clearance (row robot, 0.01 mm bisection)",True,,,,,,,,start,,,,,,,,,,,
GAPW1-F4W-01460,F4,GAPW1,sweeper,F4W-01460,EP-TOL,EP-FLOOR,by-tolerance,,start is 1.95 mm clear of floor splat 5337920 (2σ top 18.04 mm); GMC's refined gap 0.962 mm ≤ buffer 1 mm + slack -> no endpoint cell,aerial3d/cells.py:121-126 (grow_cell: refine_gap <= buffer + slack -> None) -> aerial3d/api.py:330-333,UNKNOWN:start_not_certified_free,PASS,stored_route_uv_0.1mm,1.962,True,UNKNOWN:start_not_certified_free,0.03,a160fe048b6c47fd,1.953,19.99,100.0,1.953,"start endpoint oracle clearance (row robot, 0.01 mm bisection)",True,,,,,,,,start,,,,,,,,,,,
GAPW1-F4W-01489,F4,GAPW1,sweeper,F4W-01489,EP-TOL,EP-FLOOR,by-tolerance,,goal is 1.95 mm clear of floor splat 5337920 (2σ top 18.04 mm); GMC's refined gap 0.962 mm ≤ buffer 1 mm + slack -> no endpoint cell,aerial3d/cells.py:121-126 (grow_cell: refine_gap <= buffer + slack -> None) -> aerial3d/api.py:330-333,UNKNOWN:goal_not_certified_free,PASS,stored_route_uv_0.1mm,1.962,True,UNKNOWN:goal_not_certified_free,0.03,a160fe048b6c47fd,19.277,1.953,100.0,1.953,"goal endpoint oracle clearance (row robot, 0.01 mm bisection)",True,,,,,,,,goal,,,,,,,,,,,
S-F4S-00052,F4,S,sweeper,F4S-00052,EP-TOL,EP-FLOOR,by-tolerance,,goal is 1.50 mm clear of floor splat 5813409 (2σ top 18.49 mm); GMC's refined gap 0.512 mm ≤ buffer 1 mm + slack -> no endpoint cell,aerial3d/cells.py:121-126 (grow_cell: refine_gap <= buffer + slack -> None) -> aerial3d/api.py:330-333,UNKNOWN:goal_not_certified_free,PASS,stored_route_uv_0.1mm,1.512,True,UNKNOWN:goal_not_certified_free,0.01,a17c75430cd3fec4,7.129,1.504,100.0,1.504,"goal endpoint oracle clearance (row robot, 0.01 mm bisection)",True,,,,,,,,goal,,,,,,,,,,,
S-F4S-00084,F4,S,sweeper,F4S-00084,EP-TOL,EP-FLOOR,by-tolerance,,goal is 1.50 mm clear of floor splat 5813409 (2σ top 18.49 mm); GMC's refined gap 0.512 mm ≤ buffer 1 mm + slack -> no endpoint cell,aerial3d/cells.py:121-126 (grow_cell: refine_gap <= buffer + slack -> None) -> aerial3d/api.py:330-333,UNKNOWN:goal_not_certified_free,PASS,stored_route_uv_0.1mm,1.512,True,UNKNOWN:goal_not_certified_free,0.01,a17c75430cd3fec4,6.172,1.504,100.0,1.504,"goal endpoint oracle clearance (row robot, 0.01 mm bisection)",True,,,,,,,,goal,,,,,,,,,,,
S-F4S-00128,F4,S,sweeper,F4S-00128,EP-TOL,EP-FLOOR,by-tolerance,,start is 1.50 mm clear of floor splat 5813409 (2σ top 18.49 mm); GMC's refined gap 0.512 mm ≤ buffer 1 mm + slack -> no endpoint cell,aerial3d/cells.py:121-126 (grow_cell: refine_gap <= buffer + slack -> None) -> aerial3d/api.py:330-333,UNKNOWN:start_not_certified_free,PASS,stored_route_uv_0.1mm,1.512,True,UNKNOWN:start_not_certified_free,0.01,a17c75430cd3fec4,1.504,6.875,100.0,1.504,"start endpoint oracle clearance (row robot, 0.01 mm bisection)",True,,,,,,,,start,,,,,,,,,,,
S-F4S-00165,F4,S,sweeper,F4S-00165,EP-TOL,EP-FLOOR,by-tolerance,,goal is 1.50 mm clear of floor splat 5813409 (2σ top 18.49 mm); GMC's refined gap 0.512 mm ≤ buffer 1 mm + slack -> no endpoint cell,aerial3d/cells.py:121-126 (grow_cell: refine_gap <= buffer + slack -> None) -> aerial3d/api.py:330-333,UNKNOWN:goal_not_certified_free,PASS,stored_route_uv_0.1mm,1.512,True,UNKNOWN:goal_not_certified_free,0.01,a17c75430cd3fec4,6.475,1.504,100.0,1.504,"goal endpoint oracle clearance (row robot, 0.01 mm bisection)",True,,,,,,,,goal,,,,,,,,,,,
S-F4S-00198,F4,S,sweeper,F4S-00198,EP-TOL,EP-FLOOR,by-tolerance,,goal is 1.50 mm clear of floor splat 5813409 (2σ top 18.49 mm); GMC's refined gap 0.512 mm ≤ buffer 1 mm + slack -> no endpoint cell,aerial3d/cells.py:121-126 (grow_cell: refine_gap <= buffer + slack -> None) -> aerial3d/api.py:330-333,UNKNOWN:goal_not_certified_free,PASS,stored_route_uv_0.1mm,1.512,True,UNKNOWN:goal_not_certified_free,0.01,a17c75430cd3fec4,6.904,1.504,100.0,1.504,"goal endpoint oracle clearance (row robot, 0.01 mm bisection)",True,,,,,,,,goal,,,,,,,,,,,
S-F4S-00221,F4,S,sweeper,F4S-00221,EP-TOL,EP-FLOOR,by-tolerance,,start is 1.50 mm clear of floor splat 5813409 (2σ top 18.49 mm); GMC's refined gap 0.512 mm ≤ buffer 1 mm + slack -> no endpoint cell,aerial3d/cells.py:121-126 (grow_cell: refine_gap <= buffer + slack -> None) -> aerial3d/api.py:330-333,UNKNOWN:start_not_certified_free,PASS,stored_route_uv_0.1mm,1.512,True,UNKNOWN:start_not_certified_free,0.01,a17c75430cd3fec4,1.504,7.52,100.0,1.504,"start endpoint oracle clearance (row robot, 0.01 mm bisection)",True,,,,,,,,start,,,,,,,,,,,
S-F4S-00242,F4,S,sweeper,F4S-00242,EP-TOL,EP-FLOOR,by-tolerance,,start is 1.50 mm clear of floor splat 5813409 (2σ top 18.49 mm); GMC's refined gap 0.512 mm ≤ buffer 1 mm + slack -> no endpoint cell,aerial3d/cells.py:121-126 (grow_cell: refine_gap <= buffer + slack -> None) -> aerial3d/api.py:330-333,UNKNOWN:start_not_certified_free,PASS,stored_route_uv_0.1mm,1.512,True,UNKNOWN:start_not_certified_free,0.01,a17c75430cd3fec4,1.504,7.295,100.0,1.504,"start endpoint oracle clearance (row robot, 0.01 mm bisection)",True,,,,,,,,start,,,,,,,,,,,
S-F4S-00246,F4,S,sweeper,F4S-00246,EP-TOL,EP-FLOOR,by-tolerance,,goal is 1.50 mm clear of floor splat 5813409 (2σ top 18.49 mm); GMC's refined gap 0.512 mm ≤ buffer 1 mm + slack -> no endpoint cell,aerial3d/cells.py:121-126 (grow_cell: refine_gap <= buffer + slack -> None) -> aerial3d/api.py:330-333,UNKNOWN:goal_not_certified_free,PASS,stored_route_uv_0.1mm,1.512,True,UNKNOWN:goal_not_certified_free,0.01,a17c75430cd3fec4,7.705,1.504,100.0,1.504,"goal endpoint oracle clearance (row robot, 0.01 mm bisection)",True,,,,,,,,goal,,,,,,,,,,,
S-F4S-00256,F4,S,sweeper,F4S-00256,EP-TOL,EP-FLOOR,by-tolerance,,start is 1.50 mm clear of floor splat 5813409 (2σ top 18.49 mm); GMC's refined gap 0.512 mm ≤ buffer 1 mm + slack -> no endpoint cell,aerial3d/cells.py:121-126 (grow_cell: refine_gap <= buffer + slack -> None) -> aerial3d/api.py:330-333,UNKNOWN:start_not_certified_free,PASS,stored_route_uv_0.1mm,1.512,True,UNKNOWN:start_not_certified_free,0.01,a17c75430cd3fec4,1.504,7.363,100.0,1.504,"start endpoint oracle clearance (row robot, 0.01 mm bisection)",True,,,,,,,,start,,,,,,,,,,,
S-F4S-00301,F4,S,sweeper,F4S-00301,EP-TOL,EP-FLOOR,by-tolerance,,goal is 1.50 mm clear of floor splat 5813409 (2σ top 18.49 mm); GMC's refined gap 0.512 mm ≤ buffer 1 mm + slack -> no endpoint cell,aerial3d/cells.py:121-126 (grow_cell: refine_gap <= buffer + slack -> None) -> aerial3d/api.py:330-333,UNKNOWN:goal_not_certified_free,PASS,stored_route_uv_0.1mm,1.512,True,UNKNOWN:goal_not_certified_free,0.01,a17c75430cd3fec4,7.207,1.504,100.0,1.504,"goal endpoint oracle clearance (row robot, 0.01 mm bisection)",True,,,,,,,,goal,,,,,,,,,,,
S-F4S-00384,F4,S,sweeper,F4S-00384,EP-TOL,EP-FLOOR,by-tolerance,,start is 1.50 mm clear of floor splat 5813409 (2σ top 18.49 mm); GMC's refined gap 0.512 mm ≤ buffer 1 mm + slack -> no endpoint cell,aerial3d/cells.py:121-126 (grow_cell: refine_gap <= buffer + slack -> None) -> aerial3d/api.py:330-333,UNKNOWN:start_not_certified_free,PASS,stored_route_uv_0.1mm,1.512,True,UNKNOWN:start_not_certified_free,0.01,a17c75430cd3fec4,1.504,7.1,100.0,1.504,"start endpoint oracle clearance (row robot, 0.01 mm bisection)",True,,,,,,,,start,,,,,,,,,,,
S-F4S-00392,F4,S,sweeper,F4S-00392,EP-TOL,EP-FLOOR,by-tolerance,,start is 1.51 mm clear of floor splat 5813409 (2σ top 18.49 mm); GMC's refined gap 0.512 mm ≤ buffer 1 mm + slack -> no endpoint cell,aerial3d/cells.py:121-126 (grow_cell: refine_gap <= buffer + slack -> None) -> aerial3d/api.py:330-333,UNKNOWN:start_not_certified_free,PASS,stored_route_uv_0.1mm,1.512,True,UNKNOWN:start_not_certified_free,0.01,a17c75430cd3fec4,1.514,7.041,100.0,1.514,"start endpoint oracle clearance (row robot, 0.01 mm bisection)",True,,,,,,,,start,,,,,,,,,,,
S-F4S-00508,F4,S,sweeper,F4S-00508,EP-TOL,EP-FLOOR,by-tolerance,,goal is 1.50 mm clear of floor splat 5813409 (2σ top 18.49 mm); GMC's refined gap 0.512 mm ≤ buffer 1 mm + slack -> no endpoint cell,aerial3d/cells.py:121-126 (grow_cell: refine_gap <= buffer + slack -> None) -> aerial3d/api.py:330-333,UNKNOWN:goal_not_certified_free,PASS,stored_route_uv_0.1mm,1.512,True,UNKNOWN:goal_not_certified_free,0.01,a17c75430cd3fec4,7.168,1.504,100.0,1.504,"goal endpoint oracle clearance (row robot, 0.01 mm bisection)",True,,,,,,,,goal,,,,,,,,,,,
S-F4S-00519,F4,S,sweeper,F4S-00519,EP-TOL,EP-FLOOR,by-tolerance,,goal is 1.50 mm clear of floor splat 5813409 (2σ top 18.49 mm); GMC's refined gap 0.512 mm ≤ buffer 1 mm + slack -> no endpoint cell,aerial3d/cells.py:121-126 (grow_cell: refine_gap <= buffer + slack -> None) -> aerial3d/api.py:330-333,UNKNOWN:goal_not_certified_free,PASS,stored_route_uv_0.1mm,1.512,True,UNKNOWN:goal_not_certified_free,0.01,a17c75430cd3fec4,6.641,1.504,100.0,1.504,"goal endpoint oracle clearance (row robot, 0.01 mm bisection)",True,,,,,,,,goal,,,,,,,,,,,
S-F4S-00540,F4,S,sweeper,F4S-00540,EP-TOL,EP-FLOOR,by-tolerance,,goal is 1.50 mm clear of floor splat 5813409 (2σ top 18.49 mm); GMC's refined gap 0.512 mm ≤ buffer 1 mm + slack -> no endpoint cell,aerial3d/cells.py:121-126 (grow_cell: refine_gap <= buffer + slack -> None) -> aerial3d/api.py:330-333,UNKNOWN:goal_not_certified_free,PASS,stored_route_uv_0.1mm,1.512,True,UNKNOWN:goal_not_certified_free,0.01,a17c75430cd3fec4,8.193,1.504,100.0,1.504,"goal endpoint oracle clearance (row robot, 0.01 mm bisection)",True,,,,,,,,goal,,,,,,,,,,,
S-F4S-00594,F4,S,sweeper,F4S-00594,EP-TOL,EP-FLOOR,by-tolerance,,start is 1.51 mm clear of floor splat 5813409 (2σ top 18.49 mm); GMC's refined gap 0.512 mm ≤ buffer 1 mm + slack -> no endpoint cell,aerial3d/cells.py:121-126 (grow_cell: refine_gap <= buffer + slack -> None) -> aerial3d/api.py:330-333,UNKNOWN:start_not_certified_free,PASS,stored_route_uv_0.1mm,1.512,True,UNKNOWN:start_not_certified_free,0.01,a17c75430cd3fec4,1.514,7.832,100.0,1.514,"start endpoint oracle clearance (row robot, 0.01 mm bisection)",True,,,,,,,,start,,,,,,,,,,,
S-F4S-00611,F4,S,sweeper,F4S-00611,EP-TOL,EP-FLOOR,by-tolerance,,goal is 1.50 mm clear of floor splat 5813409 (2σ top 18.49 mm); GMC's refined gap 0.512 mm ≤ buffer 1 mm + slack -> no endpoint cell,aerial3d/cells.py:121-126 (grow_cell: refine_gap <= buffer + slack -> None) -> aerial3d/api.py:330-333,UNKNOWN:goal_not_certified_free,PASS,stored_route_uv_0.1mm,1.512,True,UNKNOWN:goal_not_certified_free,0.01,a17c75430cd3fec4,7.295,1.504,100.0,1.504,"goal endpoint oracle clearance (row robot, 0.01 mm bisection)",True,,,,,,,,goal,,,,,,,,,,,
S-F4S-00620,F4,S,sweeper,F4S-00620,EP-TOL,EP-FLOOR,by-tolerance,,goal is 1.50 mm clear of floor splat 5813409 (2σ top 18.49 mm); GMC's refined gap 0.512 mm ≤ buffer 1 mm + slack -> no endpoint cell,aerial3d/cells.py:121-126 (grow_cell: refine_gap <= buffer + slack -> None) -> aerial3d/api.py:330-333,UNKNOWN:goal_not_certified_free,PASS,stored_route_uv_0.1mm,1.512,True,UNKNOWN:goal_not_certified_free,0.01,a17c75430cd3fec4,7.363,1.504,100.0,1.504,"goal endpoint oracle clearance (row robot, 0.01 mm bisection)",True,,,,,,,,goal,,,,,,,,,,,
S-F4S-00632,F4,S,sweeper,F4S-00632,EP-TOL,EP-FLOOR,by-tolerance,,start is 1.50 mm clear of floor splat 5813409 (2σ top 18.49 mm); GMC's refined gap 0.512 mm ≤ buffer 1 mm + slack -> no endpoint cell,aerial3d/cells.py:121-126 (grow_cell: refine_gap <= buffer + slack -> None) -> aerial3d/api.py:330-333,UNKNOWN:start_not_certified_free,PASS,stored_route_uv_0.1mm,1.512,True,UNKNOWN:start_not_certified_free,0.01,a17c75430cd3fec4,1.504,7.148,100.0,1.504,"start endpoint oracle clearance (row robot, 0.01 mm bisection)",True,,,,,,,,start,,,,,,,,,,,
S-F4S-00633,F4,S,sweeper,F4S-00633,EP-TOL,EP-FLOOR,by-tolerance,,start is 1.50 mm clear of floor splat 5813409 (2σ top 18.49 mm); GMC's refined gap 0.512 mm ≤ buffer 1 mm + slack -> no endpoint cell,aerial3d/cells.py:121-126 (grow_cell: refine_gap <= buffer + slack -> None) -> aerial3d/api.py:330-333,UNKNOWN:start_not_certified_free,PASS,stored_route_uv_0.1mm,1.512,True,UNKNOWN:start_not_certified_free,0.01,a17c75430cd3fec4,1.504,7.549,100.0,1.504,"start endpoint oracle clearance (row robot, 0.01 mm bisection)",True,,,,,,,,start,,,,,,,,,,,
S-F4S-00655,F4,S,sweeper,F4S-00655,EP-TOL,EP-FLOOR,by-tolerance,,goal is 1.50 mm clear of floor splat 5813409 (2σ top 18.49 mm); GMC's refined gap 0.512 mm ≤ buffer 1 mm + slack -> no endpoint cell,aerial3d/cells.py:121-126 (grow_cell: refine_gap <= buffer + slack -> None) -> aerial3d/api.py:330-333,UNKNOWN:goal_not_certified_free,PASS,stored_route_uv_0.1mm,1.121,True,UNKNOWN:goal_not_certified_free,0.01,a17c75430cd3fec4,6.68,1.504,100.0,1.504,"goal endpoint oracle clearance (row robot, 0.01 mm bisection)",True,,,,,,,,goal,,,,,,,,,,,
S-F4S-00656,F4,S,sweeper,F4S-00656,EP-TOL,EP-FLOOR,by-tolerance,,goal is 1.50 mm clear of floor splat 5813409 (2σ top 18.49 mm); GMC's refined gap 0.512 mm ≤ buffer 1 mm + slack -> no endpoint cell,aerial3d/cells.py:121-126 (grow_cell: refine_gap <= buffer + slack -> None) -> aerial3d/api.py:330-333,UNKNOWN:goal_not_certified_free,PASS,stored_route_uv_0.1mm,1.512,True,UNKNOWN:goal_not_certified_free,0.01,a17c75430cd3fec4,7.998,1.504,100.0,1.504,"goal endpoint oracle clearance (row robot, 0.01 mm bisection)",True,,,,,,,,goal,,,,,,,,,,,
S-F4S-00686,F4,S,sweeper,F4S-00686,EP-TOL,EP-FLOOR,by-tolerance,,goal is 1.50 mm clear of floor splat 5813409 (2σ top 18.49 mm); GMC's refined gap 0.512 mm ≤ buffer 1 mm + slack -> no endpoint cell,aerial3d/cells.py:121-126 (grow_cell: refine_gap <= buffer + slack -> None) -> aerial3d/api.py:330-333,UNKNOWN:goal_not_certified_free,PASS,stored_route_uv_0.1mm,1.512,True,UNKNOWN:goal_not_certified_free,0.01,a17c75430cd3fec4,8.164,1.504,100.0,1.504,"goal endpoint oracle clearance (row robot, 0.01 mm bisection)",True,,,,,,,,goal,,,,,,,,,,,
S-F4S-00704,F4,S,sweeper,F4S-00704,EP-TOL,EP-FLOOR,by-tolerance,,start is 1.50 mm clear of floor splat 5813409 (2σ top 18.49 mm); GMC's refined gap 0.512 mm ≤ buffer 1 mm + slack -> no endpoint cell,aerial3d/cells.py:121-126 (grow_cell: refine_gap <= buffer + slack -> None) -> aerial3d/api.py:330-333,UNKNOWN:start_not_certified_free,PASS,stored_route_uv_0.1mm,1.512,True,UNKNOWN:start_not_certified_free,0.01,a17c75430cd3fec4,1.504,7.256,100.0,1.504,"start endpoint oracle clearance (row robot, 0.01 mm bisection)",True,,,,,,,,start,,,,,,,,,,,
S-F4S-00771,F4,S,sweeper,F4S-00771,EP-TOL,EP-FLOOR,by-tolerance,,start is 1.50 mm clear of floor splat 5813409 (2σ top 18.49 mm); GMC's refined gap 0.512 mm ≤ buffer 1 mm + slack -> no endpoint cell,aerial3d/cells.py:121-126 (grow_cell: refine_gap <= buffer + slack -> None) -> aerial3d/api.py:330-333,UNKNOWN:start_not_certified_free,PASS,stored_route_uv_0.1mm,1.512,True,UNKNOWN:start_not_certified_free,0.01,a17c75430cd3fec4,1.504,7.92,100.0,1.504,"start endpoint oracle clearance (row robot, 0.01 mm bisection)",True,,,,,,,,start,,,,,,,,,,,
S-F4S-00798,F4,S,sweeper,F4S-00798,EP-TOL,EP-FLOOR,by-tolerance,,goal is 1.50 mm clear of floor splat 5813409 (2σ top 18.49 mm); GMC's refined gap 0.512 mm ≤ buffer 1 mm + slack -> no endpoint cell,aerial3d/cells.py:121-126 (grow_cell: refine_gap <= buffer + slack -> None) -> aerial3d/api.py:330-333,UNKNOWN:goal_not_certified_free,PASS,stored_route_uv_0.1mm,1.512,True,UNKNOWN:goal_not_certified_free,0.01,a17c75430cd3fec4,6.436,1.504,100.0,1.504,"goal endpoint oracle clearance (row robot, 0.01 mm bisection)",True,,,,,,,,goal,,,,,,,,,,,
S-F4S-00839,F4,S,sweeper,F4S-00839,EP-TOL,EP-FLOOR,by-tolerance,,start is 1.50 mm clear of floor splat 5813409 (2σ top 18.49 mm); GMC's refined gap 0.512 mm ≤ buffer 1 mm + slack -> no endpoint cell,aerial3d/cells.py:121-126 (grow_cell: refine_gap <= buffer + slack -> None) -> aerial3d/api.py:330-333,UNKNOWN:start_not_certified_free,PASS,stored_route_uv_0.1mm,1.512,True,UNKNOWN:start_not_certified_free,0.01,a17c75430cd3fec4,1.504,7.764,100.0,1.504,"start endpoint oracle clearance (row robot, 0.01 mm bisection)",True,,,,,,,,start,,,,,,,,,,,
S-F4S-00892,F4,S,sweeper,F4S-00892,EP-TOL,EP-FLOOR,by-tolerance,,start is 1.50 mm clear of floor splat 5813409 (2σ top 18.49 mm); GMC's refined gap 0.512 mm ≤ buffer 1 mm + slack -> no endpoint cell,aerial3d/cells.py:121-126 (grow_cell: refine_gap <= buffer + slack -> None) -> aerial3d/api.py:330-333,UNKNOWN:start_not_certified_free,PASS,stored_route_uv_0.1mm,1.512,True,UNKNOWN:start_not_certified_free,0.01,a17c75430cd3fec4,1.504,7.402,100.0,1.504,"start endpoint oracle clearance (row robot, 0.01 mm bisection)",True,,,,,,,,start,,,,,,,,,,,
S-F4S-00894,F4,S,sweeper,F4S-00894,EP-TOL,EP-FLOOR,by-tolerance,,goal is 1.50 mm clear of floor splat 5813409 (2σ top 18.49 mm); GMC's refined gap 0.512 mm ≤ buffer 1 mm + slack -> no endpoint cell,aerial3d/cells.py:121-126 (grow_cell: refine_gap <= buffer + slack -> None) -> aerial3d/api.py:330-333,UNKNOWN:goal_not_certified_free,PASS,stored_route_uv_0.1mm,1.512,True,UNKNOWN:goal_not_certified_free,0.01,a17c75430cd3fec4,7.051,1.504,100.0,1.504,"goal endpoint oracle clearance (row robot, 0.01 mm bisection)",True,,,,,,,,goal,,,,,,,,,,,
S-F4S-00923,F4,S,sweeper,F4S-00923,EP-TOL,EP-FLOOR,by-tolerance,,start is 1.50 mm clear of floor splat 5813409 (2σ top 18.49 mm); GMC's refined gap 0.512 mm ≤ buffer 1 mm + slack -> no endpoint cell,aerial3d/cells.py:121-126 (grow_cell: refine_gap <= buffer + slack -> None) -> aerial3d/api.py:330-333,UNKNOWN:start_not_certified_free,PASS,stored_route_uv_0.1mm,1.17,True,UNKNOWN:start_not_certified_free,0.01,a17c75430cd3fec4,1.504,6.484,100.0,1.504,"start endpoint oracle clearance (row robot, 0.01 mm bisection)",True,,,,,,,,start,,,,,,,,,,,
S-F4S-00959,F4,S,sweeper,F4S-00959,EP-TOL,EP-FLOOR,by-tolerance,,start is 1.50 mm clear of floor splat 5813409 (2σ top 18.49 mm); GMC's refined gap 0.512 mm ≤ buffer 1 mm + slack -> no endpoint cell,aerial3d/cells.py:121-126 (grow_cell: refine_gap <= buffer + slack -> None) -> aerial3d/api.py:330-333,UNKNOWN:start_not_certified_free,PASS,stored_route_uv_0.1mm,1.512,True,UNKNOWN:start_not_certified_free,0.01,a17c75430cd3fec4,1.504,7.246,100.0,1.504,"start endpoint oracle clearance (row robot, 0.01 mm bisection)",True,,,,,,,,start,,,,,,,,,,,
S-F4S-00995,F4,S,sweeper,F4S-00995,EP-TOL,EP-FLOOR,by-tolerance,,goal is 1.50 mm clear of floor splat 5813409 (2σ top 18.49 mm); GMC's refined gap 0.512 mm ≤ buffer 1 mm + slack -> no endpoint cell,aerial3d/cells.py:121-126 (grow_cell: refine_gap <= buffer + slack -> None) -> aerial3d/api.py:330-333,UNKNOWN:goal_not_certified_free,PASS,stored_route_uv_0.1mm,1.512,True,UNKNOWN:goal_not_certified_free,0.01,a17c75430cd3fec4,6.396,1.504,100.0,1.504,"goal endpoint oracle clearance (row robot, 0.01 mm bisection)",True,,,,,,,,goal,,,,,,,,,,,
WWEST-F4X-00024,F4,WWEST,sweeper,F4X-00024,EP-TOL,EP-FLOOR,by-tolerance,,goal is 1.97 mm clear of floor splat 5496444 (2σ top 18.03 mm); GMC's refined gap 0.974 mm ≤ buffer 1 mm + slack -> no endpoint cell,aerial3d/cells.py:121-126 (grow_cell: refine_gap <= buffer + slack -> None) -> aerial3d/api.py:330-333,UNKNOWN:goal_not_certified_free,PASS,stored_route_uv_0.1mm,1.974,True,UNKNOWN:goal_not_certified_free,0.04,29e3d020cb81ffa1,19.99,1.973,100.0,1.973,"goal endpoint oracle clearance (row robot, 0.01 mm bisection)",True,,,,,,,,goal,,,,,,,,,,,
WWEST-F4X-00086,F4,WWEST,sweeper,F4X-00086,EP-TOL,EP-FLOOR,by-tolerance,,goal is 1.97 mm clear of floor splat 5496444 (2σ top 18.03 mm); GMC's refined gap 0.974 mm ≤ buffer 1 mm + slack -> no endpoint cell,aerial3d/cells.py:121-126 (grow_cell: refine_gap <= buffer + slack -> None) -> aerial3d/api.py:330-333,UNKNOWN:goal_not_certified_free,PASS,stored_route_uv_0.1mm,1.064,True,UNKNOWN:goal_not_certified_free,0.04,29e3d020cb81ffa1,16.318,1.973,100.0,1.973,"goal endpoint oracle clearance (row robot, 0.01 mm bisection)",True,,,,,,,,goal,,,,,,,,,,,
WWEST-F4X-00202,F4,WWEST,sweeper,F4X-00202,EP-TOL,EP-FLOOR,by-tolerance,,goal is 1.07 mm clear of floor splat 5371715 (2σ top 18.92 mm); GMC's refined gap 0.077 mm ≤ buffer 1 mm + slack -> no endpoint cell,aerial3d/cells.py:121-126 (grow_cell: refine_gap <= buffer + slack -> None) -> aerial3d/api.py:330-333,UNKNOWN:goal_not_certified_free,PASS,stored_route_uv_0.1mm,1.008,True,UNKNOWN:goal_not_certified_free,0.04,29e3d020cb81ffa1,16.094,1.074,100.0,1.074,"goal endpoint oracle clearance (row robot, 0.01 mm bisection)",True,,,,,,,,goal,,,,,,,,,,,
WWEST-F4X-00205,F4,WWEST,sweeper,F4X-00205,EP-TOL,EP-FLOOR,by-tolerance,,goal is 1.45 mm clear of floor splat 5371715 (2σ top 18.92 mm); GMC's refined gap 0.454 mm ≤ buffer 1 mm + slack -> no endpoint cell,aerial3d/cells.py:121-126 (grow_cell: refine_gap <= buffer + slack -> None) -> aerial3d/api.py:330-333,UNKNOWN:goal_not_certified_free,PASS,stored_route_uv_0.1mm,1.043,True,UNKNOWN:goal_not_certified_free,0.04,29e3d020cb81ffa1,19.99,1.445,100.0,1.445,"goal endpoint oracle clearance (row robot, 0.01 mm bisection)",True,,,,,,,,goal,,,,,,,,,,,
WWEST-F4X-00213,F4,WWEST,sweeper,F4X-00213,EP-TOL,EP-FLOOR,by-tolerance,,start is 1.97 mm clear of floor splat 5496444 (2σ top 18.03 mm); GMC's refined gap 0.974 mm ≤ buffer 1 mm + slack -> no endpoint cell,aerial3d/cells.py:121-126 (grow_cell: refine_gap <= buffer + slack -> None) -> aerial3d/api.py:330-333,UNKNOWN:start_not_certified_free,PASS,stored_route_uv_0.1mm,1.962,True,UNKNOWN:start_not_certified_free,0.04,29e3d020cb81ffa1,1.973,14.453,100.0,1.973,"start endpoint oracle clearance (row robot, 0.01 mm bisection)",True,,,,,,,,start,,,,,,,,,,,
WWEST-F4X-00271,F4,WWEST,sweeper,F4X-00271,EP-TOL,EP-FLOOR,by-tolerance,,start is 1.54 mm clear of floor splat 5371648 (2σ top 18.75 mm); GMC's refined gap 0.545 mm ≤ buffer 1 mm + slack -> no endpoint cell,aerial3d/cells.py:121-126 (grow_cell: refine_gap <= buffer + slack -> None) -> aerial3d/api.py:330-333,UNKNOWN:start_not_certified_free,PASS,stored_route_uv_0.1mm,1.255,True,UNKNOWN:start_not_certified_free,0.04,29e3d020cb81ffa1,1.543,2.764,100.0,1.543,"start endpoint oracle clearance (row robot, 0.01 mm bisection)",True,,,,,,,,start,,,,,,,,,,,
WWEST-F4X-00300,F4,WWEST,sweeper,F4X-00300,EP-TOL,EP-FLOOR,by-tolerance,,start is 1.95 mm clear of floor splat 5337920 (2σ top 18.04 mm); GMC's refined gap 0.962 mm ≤ buffer 1 mm + slack -> no endpoint cell,aerial3d/cells.py:121-126 (grow_cell: refine_gap <= buffer + slack -> None) -> aerial3d/api.py:330-333,UNKNOWN:start_not_certified_free,PASS,stored_route_uv_0.1mm,1.142,True,UNKNOWN:start_not_certified_free,0.04,29e3d020cb81ffa1,1.953,19.99,100.0,1.953,"start endpoint oracle clearance (row robot, 0.01 mm bisection)",True,,,,,,,,start,,,,,,,,,,,
WWEST-F4X-00428,F4,WWEST,sweeper,F4X-00428,EP-TOL,EP-FLOOR,by-tolerance,,start is 1.97 mm clear of floor splat 5496444 (2σ top 18.03 mm); GMC's refined gap 0.974 mm ≤ buffer 1 mm + slack -> no endpoint cell,aerial3d/cells.py:121-126 (grow_cell: refine_gap <= buffer + slack -> None) -> aerial3d/api.py:330-333,UNKNOWN:start_not_certified_free,PASS,stored_route_uv_0.1mm,1.044,True,UNKNOWN:start_not_certified_free,0.03,29e3d020cb81ffa1,1.973,19.99,100.0,1.973,"start endpoint oracle clearance (row robot, 0.01 mm bisection)",True,,,,,,,,start,,,,,,,,,,,
WWEST-F4X-00449,F4,WWEST,sweeper,F4X-00449,EP-TOL,EP-FLOOR,by-tolerance,,start is 1.95 mm clear of floor splat 5337920 (2σ top 18.04 mm); GMC's refined gap 0.962 mm ≤ buffer 1 mm + slack -> no endpoint cell,aerial3d/cells.py:121-126 (grow_cell: refine_gap <= buffer + slack -> None) -> aerial3d/api.py:330-333,UNKNOWN:start_not_certified_free,PASS,stored_route_uv_0.1mm,1.029,True,UNKNOWN:start_not_certified_free,0.03,29e3d020cb81ffa1,1.953,19.99,100.0,1.953,"start endpoint oracle clearance (row robot, 0.01 mm bisection)",True,,,,,,,,start,,,,,,,,,,,
WWEST-F4X-00552,F4,WWEST,sweeper,F4X-00552,EP-TOL,EP-FLOOR,by-tolerance,,start is 1.97 mm clear of floor splat 5496444 (2σ top 18.03 mm); GMC's refined gap 0.974 mm ≤ buffer 1 mm + slack -> no endpoint cell,aerial3d/cells.py:121-126 (grow_cell: refine_gap <= buffer + slack -> None) -> aerial3d/api.py:330-333,UNKNOWN:start_not_certified_free,PASS,stored_route_uv_0.1mm,1.079,True,UNKNOWN:start_not_certified_free,0.03,29e3d020cb81ffa1,1.973,14.355,100.0,1.973,"start endpoint oracle clearance (row robot, 0.01 mm bisection)",True,,,,,,,,start,,,,,,,,,,,
WWEST-F4X-00563,F4,WWEST,sweeper,F4X-00563,EP-TOL,EP-FLOOR,by-tolerance,,goal is 1.97 mm clear of floor splat 5496444 (2σ top 18.03 mm); GMC's refined gap 0.974 mm ≤ buffer 1 mm + slack -> no endpoint cell,aerial3d/cells.py:121-126 (grow_cell: refine_gap <= buffer + slack -> None) -> aerial3d/api.py:330-333,UNKNOWN:goal_not_certified_free,PASS,stored_route_uv_0.1mm,1.025,True,UNKNOWN:goal_not_certified_free,0.14,29e3d020cb81ffa1,19.99,1.973,100.0,1.973,"goal endpoint oracle clearance (row robot, 0.01 mm bisection)",True,,,,,,,,goal,,,,,,,,,,,
WWEST-F4X-00574,F4,WWEST,sweeper,F4X-00574,EP-TOL,EP-FLOOR,by-tolerance,,start is 1.25 mm clear of floor splat 5371648 (2σ top 18.75 mm); GMC's refined gap 0.255 mm ≤ buffer 1 mm + slack -> no endpoint cell,aerial3d/cells.py:121-126 (grow_cell: refine_gap <= buffer + slack -> None) -> aerial3d/api.py:330-333,UNKNOWN:start_not_certified_free,PASS,stored_route_uv_0.1mm,1.007,True,UNKNOWN:start_not_certified_free,0.03,29e3d020cb81ffa1,1.25,19.99,100.0,1.25,"start endpoint oracle clearance (row robot, 0.01 mm bisection)",True,,,,,,,,start,,,,,,,,,,,
WWEST-F4X-00647,F4,WWEST,sweeper,F4X-00647,EP-TOL,EP-FLOOR,by-tolerance,,goal is 1.35 mm clear of floor splat 5371648 (2σ top 18.75 mm); GMC's refined gap 0.355 mm ≤ buffer 1 mm + slack -> no endpoint cell,aerial3d/cells.py:121-126 (grow_cell: refine_gap <= buffer + slack -> None) -> aerial3d/api.py:330-333,UNKNOWN:goal_not_certified_free,PASS,stored_route_uv_0.1mm,1.021,True,UNKNOWN:goal_not_certified_free,0.03,29e3d020cb81ffa1,19.99,1.348,100.0,1.348,"goal endpoint oracle clearance (row robot, 0.01 mm bisection)",True,,,,,,,,goal,,,,,,,,,,,
WWEST-F4X-00684,F4,WWEST,sweeper,F4X-00684,EP-TOL,EP-FLOOR,by-tolerance,,goal is 1.25 mm clear of floor splat 5371648 (2σ top 18.75 mm); GMC's refined gap 0.255 mm ≤ buffer 1 mm + slack -> no endpoint cell,aerial3d/cells.py:121-126 (grow_cell: refine_gap <= buffer + slack -> None) -> aerial3d/api.py:330-333,UNKNOWN:goal_not_certified_free,PASS,stored_route_uv_0.1mm,1.059,True,UNKNOWN:goal_not_certified_free,0.04,29e3d020cb81ffa1,19.99,1.25,100.0,1.25,"goal endpoint oracle clearance (row robot, 0.01 mm bisection)",True,,,,,,,,goal,,,,,,,,,,,
WWEST-F4X-00808,F4,WWEST,sweeper,F4X-00808,EP-TOL,EP-FLOOR,by-tolerance,,goal is 1.25 mm clear of floor splat 5371648 (2σ top 18.75 mm); GMC's refined gap 0.255 mm ≤ buffer 1 mm + slack -> no endpoint cell,aerial3d/cells.py:121-126 (grow_cell: refine_gap <= buffer + slack -> None) -> aerial3d/api.py:330-333,UNKNOWN:goal_not_certified_free,PASS,stored_route_uv_0.1mm,1.039,True,UNKNOWN:goal_not_certified_free,0.04,29e3d020cb81ffa1,13.926,1.25,100.0,1.25,"goal endpoint oracle clearance (row robot, 0.01 mm bisection)",True,,,,,,,,goal,,,,,,,,,,,
WWEST-F4X-00856,F4,WWEST,sweeper,F4X-00856,EP-TOL,EP-FLOOR,by-tolerance,,goal is 1.95 mm clear of floor splat 5337920 (2σ top 18.04 mm); GMC's refined gap 0.962 mm ≤ buffer 1 mm + slack -> no endpoint cell,aerial3d/cells.py:121-126 (grow_cell: refine_gap <= buffer + slack -> None) -> aerial3d/api.py:330-333,UNKNOWN:goal_not_certified_free,PASS,stored_route_uv_0.1mm,1.962,True,UNKNOWN:goal_not_certified_free,0.04,29e3d020cb81ffa1,16.836,1.953,100.0,1.953,"goal endpoint oracle clearance (row robot, 0.01 mm bisection)",True,,,,,,,,goal,,,,,,,,,,,
WWEST-F4X-00930,F4,WWEST,sweeper,F4X-00930,EP-TOL,EP-FLOOR,by-tolerance,,start is 1.97 mm clear of floor splat 5496444 (2σ top 18.03 mm); GMC's refined gap 0.974 mm ≤ buffer 1 mm + slack -> no endpoint cell,aerial3d/cells.py:121-126 (grow_cell: refine_gap <= buffer + slack -> None) -> aerial3d/api.py:330-333,UNKNOWN:start_not_certified_free,PASS,stored_route_uv_0.1mm,1.104,True,UNKNOWN:start_not_certified_free,0.03,29e3d020cb81ffa1,1.973,19.99,100.0,1.973,"start endpoint oracle clearance (row robot, 0.01 mm bisection)",True,,,,,,,,start,,,,,,,,,,,
WWEST-F4X-00942,F4,WWEST,sweeper,F4X-00942,EP-TOL,EP-FLOOR,by-tolerance,,start is 1.97 mm clear of floor splat 5496444 (2σ top 18.03 mm); GMC's refined gap 0.974 mm ≤ buffer 1 mm + slack -> no endpoint cell,aerial3d/cells.py:121-126 (grow_cell: refine_gap <= buffer + slack -> None) -> aerial3d/api.py:330-333,UNKNOWN:start_not_certified_free,PASS,stored_route_uv_0.1mm,1.025,True,UNKNOWN:start_not_certified_free,0.04,29e3d020cb81ffa1,1.973,19.99,100.0,1.973,"start endpoint oracle clearance (row robot, 0.01 mm bisection)",True,,,,,,,,start,,,,,,,,,,,
WWEST-F4X-00949,F4,WWEST,sweeper,F4X-00949,EP-TOL,EP-FLOOR,by-tolerance,,goal is 1.95 mm clear of floor splat 5337920 (2σ top 18.04 mm); GMC's refined gap 0.962 mm ≤ buffer 1 mm + slack -> no endpoint cell,aerial3d/cells.py:121-126 (grow_cell: refine_gap <= buffer + slack -> None) -> aerial3d/api.py:330-333,UNKNOWN:goal_not_certified_free,PASS,stored_route_uv_0.1mm,1.056,True,UNKNOWN:goal_not_certified_free,0.04,29e3d020cb81ffa1,13.555,1.953,100.0,1.953,"goal endpoint oracle clearance (row robot, 0.01 mm bisection)",True,,,,,,,,goal,,,,,,,,,,,
WWEST-F4X-00952,F4,WWEST,sweeper,F4X-00952,EP-TOL,EP-FLOOR,by-tolerance,,start is 1.15 mm clear of floor splat 5371715 (2σ top 18.92 mm); GMC's refined gap 0.158 mm ≤ buffer 1 mm + slack -> no endpoint cell,aerial3d/cells.py:121-126 (grow_cell: refine_gap <= buffer + slack -> None) -> aerial3d/api.py:330-333,UNKNOWN:start_not_certified_free,PASS,stored_route_uv_0.1mm,1.003,True,UNKNOWN:start_not_certified_free,0.04,29e3d020cb81ffa1,1.152,19.99,100.0,1.152,"start endpoint oracle clearance (row robot, 0.01 mm bisection)",True,,,,,,,,start,,,,,,,,,,,
WWEST-F4X-01001,F4,WWEST,sweeper,F4X-01001,EP-TOL,EP-FLOOR,by-tolerance,,goal is 1.95 mm clear of floor splat 5337920 (2σ top 18.04 mm); GMC's refined gap 0.962 mm ≤ buffer 1 mm + slack -> no endpoint cell,aerial3d/cells.py:121-126 (grow_cell: refine_gap <= buffer + slack -> None) -> aerial3d/api.py:330-333,UNKNOWN:goal_not_certified_free,PASS,stored_route_uv_0.1mm,1.036,True,UNKNOWN:goal_not_certified_free,0.04,29e3d020cb81ffa1,19.99,1.953,100.0,1.953,"goal endpoint oracle clearance (row robot, 0.01 mm bisection)",True,,,,,,,,goal,,,,,,,,,,,
WWEST-F4X-01024,F4,WWEST,sweeper,F4X-01024,EP-TOL,EP-FLOOR,by-tolerance,,start is 1.25 mm clear of floor splat 5371648 (2σ top 18.75 mm); GMC's refined gap 0.255 mm ≤ buffer 1 mm + slack -> no endpoint cell,aerial3d/cells.py:121-126 (grow_cell: refine_gap <= buffer + slack -> None) -> aerial3d/api.py:330-333,UNKNOWN:start_not_certified_free,PASS,stored_route_uv_0.1mm,1.035,True,UNKNOWN:start_not_certified_free,0.03,29e3d020cb81ffa1,1.25,19.99,100.0,1.25,"start endpoint oracle clearance (row robot, 0.01 mm bisection)",True,,,,,,,,start,,,,,,,,,,,
WWEST-F4X-01043,F4,WWEST,sweeper,F4X-01043,EP-TOL,EP-FLOOR,by-tolerance,,goal is 1.25 mm clear of floor splat 5371648 (2σ top 18.75 mm); GMC's refined gap 0.255 mm ≤ buffer 1 mm + slack -> no endpoint cell,aerial3d/cells.py:121-126 (grow_cell: refine_gap <= buffer + slack -> None) -> aerial3d/api.py:330-333,UNKNOWN:goal_not_certified_free,PASS,stored_route_uv_0.1mm,1.003,True,UNKNOWN:goal_not_certified_free,0.04,29e3d020cb81ffa1,14.668,1.25,100.0,1.25,"goal endpoint oracle clearance (row robot, 0.01 mm bisection)",True,,,,,,,,goal,,,,,,,,,,,
WWEST-F4X-01060,F4,WWEST,sweeper,F4X-01060,EP-TOL,EP-FLOOR,by-tolerance,,goal is 1.97 mm clear of floor splat 5496444 (2σ top 18.03 mm); GMC's refined gap 0.974 mm ≤ buffer 1 mm + slack -> no endpoint cell,aerial3d/cells.py:121-126 (grow_cell: refine_gap <= buffer + slack -> None) -> aerial3d/api.py:330-333,UNKNOWN:goal_not_certified_free,PASS,stored_route_uv_0.1mm,1.974,True,UNKNOWN:goal_not_certified_free,0.04,29e3d020cb81ffa1,19.99,1.973,100.0,1.973,"goal endpoint oracle clearance (row robot, 0.01 mm bisection)",True,,,,,,,,goal,,,,,,,,,,,
WWEST-F4X-01133,F4,WWEST,sweeper,F4X-01133,EP-TOL,EP-FLOOR,by-tolerance,,start is 1.95 mm clear of floor splat 5337920 (2σ top 18.04 mm); GMC's refined gap 0.962 mm ≤ buffer 1 mm + slack -> no endpoint cell,aerial3d/cells.py:121-126 (grow_cell: refine_gap <= buffer + slack -> None) -> aerial3d/api.py:330-333,UNKNOWN:start_not_certified_free,PASS,stored_route_uv_0.1mm,1.962,True,UNKNOWN:start_not_certified_free,0.04,29e3d020cb81ffa1,1.953,19.99,100.0,1.953,"start endpoint oracle clearance (row robot, 0.01 mm bisection)",True,,,,,,,,start,,,,,,,,,,,
WWEST-F4X-01196,F4,WWEST,sweeper,F4X-01196,EP-TOL,EP-FLOOR,by-tolerance,,start is 1.95 mm clear of floor splat 5337920 (2σ top 18.04 mm); GMC's refined gap 0.962 mm ≤ buffer 1 mm + slack -> no endpoint cell,aerial3d/cells.py:121-126 (grow_cell: refine_gap <= buffer + slack -> None) -> aerial3d/api.py:330-333,UNKNOWN:start_not_certified_free,PASS,stored_route_uv_0.1mm,1.178,True,UNKNOWN:start_not_certified_free,0.03,29e3d020cb81ffa1,1.953,19.99,100.0,1.953,"start endpoint oracle clearance (row robot, 0.01 mm bisection)",True,,,,,,,,start,,,,,,,,,,,
WWEST-F4X-01234,F4,WWEST,sweeper,F4X-01234,EP-TOL,EP-FLOOR,by-tolerance,,goal is 1.95 mm clear of floor splat 5337920 (2σ top 18.04 mm); GMC's refined gap 0.962 mm ≤ buffer 1 mm + slack -> no endpoint cell,aerial3d/cells.py:121-126 (grow_cell: refine_gap <= buffer + slack -> None) -> aerial3d/api.py:330-333,UNKNOWN:goal_not_certified_free,PASS,stored_route_uv_0.1mm,1.962,True,UNKNOWN:goal_not_certified_free,0.04,29e3d020cb81ffa1,19.99,1.953,100.0,1.953,"goal endpoint oracle clearance (row robot, 0.01 mm bisection)",True,,,,,,,,goal,,,,,,,,,,,
WWEST-F4X-01478,F4,WWEST,sweeper,F4X-01478,EP-TOL,EP-FLOOR,by-tolerance,,start is 1.95 mm clear of floor splat 5337920 (2σ top 18.04 mm); GMC's refined gap 0.962 mm ≤ buffer 1 mm + slack -> no endpoint cell,aerial3d/cells.py:121-126 (grow_cell: refine_gap <= buffer + slack -> None) -> aerial3d/api.py:330-333,UNKNOWN:start_not_certified_free,PASS,stored_route_uv_0.1mm,1.208,True,UNKNOWN:start_not_certified_free,0.04,29e3d020cb81ffa1,1.953,14.717,100.0,1.953,"start endpoint oracle clearance (row robot, 0.01 mm bisection)",True,,,,,,,,start,,,,,,,,,,,
WWEST-F4X-01525,F4,WWEST,sweeper,F4X-01525,EP-TOL,EP-FLOOR,by-tolerance,,start is 1.25 mm clear of floor splat 5371648 (2σ top 18.75 mm); GMC's refined gap 0.255 mm ≤ buffer 1 mm + slack -> no endpoint cell,aerial3d/cells.py:121-126 (grow_cell: refine_gap <= buffer + slack -> None) -> aerial3d/api.py:330-333,UNKNOWN:start_not_certified_free,PASS,stored_route_uv_0.1mm,1.007,True,UNKNOWN:start_not_certified_free,0.04,29e3d020cb81ffa1,1.25,19.99,100.0,1.25,"start endpoint oracle clearance (row robot, 0.01 mm bisection)",True,,,,,,,,start,,,,,,,,,,,
WWEST-F4X-01540,F4,WWEST,sweeper,F4X-01540,EP-TOL,EP-FLOOR,by-tolerance,,goal is 1.95 mm clear of floor splat 5337920 (2σ top 18.04 mm); GMC's refined gap 0.962 mm ≤ buffer 1 mm + slack -> no endpoint cell,aerial3d/cells.py:121-126 (grow_cell: refine_gap <= buffer + slack -> None) -> aerial3d/api.py:330-333,UNKNOWN:goal_not_certified_free,PASS,stored_route_uv_0.1mm,1.011,True,UNKNOWN:goal_not_certified_free,0.04,29e3d020cb81ffa1,19.346,1.953,100.0,1.953,"goal endpoint oracle clearance (row robot, 0.01 mm bisection)",True,,,,,,,,goal,,,,,,,,,,,
WWEST-F4X-01591,F4,WWEST,sweeper,F4X-01591,EP-TOL,EP-FLOOR,by-tolerance,,goal is 1.25 mm clear of floor splat 5371648 (2σ top 18.75 mm); GMC's refined gap 0.255 mm ≤ buffer 1 mm + slack -> no endpoint cell,aerial3d/cells.py:121-126 (grow_cell: refine_gap <= buffer + slack -> None) -> aerial3d/api.py:330-333,UNKNOWN:goal_not_certified_free,PASS,stored_route_uv_0.1mm,1.0,True,UNKNOWN:goal_not_certified_free,0.03,29e3d020cb81ffa1,14.668,1.25,100.0,1.25,"goal endpoint oracle clearance (row robot, 0.01 mm bisection)",True,,,,,,,,goal,,,,,,,,,,,
WWEST-F4X-01612,F4,WWEST,sweeper,F4X-01612,EP-TOL,EP-FLOOR,by-tolerance,,start is 1.95 mm clear of floor splat 5337920 (2σ top 18.04 mm); GMC's refined gap 0.962 mm ≤ buffer 1 mm + slack -> no endpoint cell,aerial3d/cells.py:121-126 (grow_cell: refine_gap <= buffer + slack -> None) -> aerial3d/api.py:330-333,UNKNOWN:start_not_certified_free,PASS,stored_route_uv_0.1mm,1.761,True,UNKNOWN:start_not_certified_free,0.03,29e3d020cb81ffa1,1.953,19.99,100.0,1.953,"start endpoint oracle clearance (row robot, 0.01 mm bisection)",True,,,,,,,,start,,,,,,,,,,,
WWEST-F4X-01661,F4,WWEST,sweeper,F4X-01661,EP-TOL,EP-FLOOR,by-tolerance,,start is 1.07 mm clear of floor splat 5371715 (2σ top 18.92 mm); GMC's refined gap 0.077 mm ≤ buffer 1 mm + slack -> no endpoint cell,aerial3d/cells.py:121-126 (grow_cell: refine_gap <= buffer + slack -> None) -> aerial3d/api.py:330-333,UNKNOWN:start_not_certified_free,PASS,stored_route_uv_0.1mm,1.036,True,UNKNOWN:start_not_certified_free,0.03,29e3d020cb81ffa1,1.074,19.99,100.0,1.074,"start endpoint oracle clearance (row robot, 0.01 mm bisection)",True,,,,,,,,start,,,,,,,,,,,
WWEST-F4X-01685,F4,WWEST,sweeper,F4X-01685,EP-TOL,EP-FLOOR,by-tolerance,,goal is 1.97 mm clear of floor splat 5496444 (2σ top 18.03 mm); GMC's refined gap 0.974 mm ≤ buffer 1 mm + slack -> no endpoint cell,aerial3d/cells.py:121-126 (grow_cell: refine_gap <= buffer + slack -> None) -> aerial3d/api.py:330-333,UNKNOWN:goal_not_certified_free,PASS,stored_route_uv_0.1mm,1.013,True,UNKNOWN:goal_not_certified_free,0.04,29e3d020cb81ffa1,19.99,1.973,100.0,1.973,"goal endpoint oracle clearance (row robot, 0.01 mm bisection)",True,,,,,,,,goal,,,,,,,,,,,
WWEST-F4X-01706,F4,WWEST,sweeper,F4X-01706,EP-TOL,EP-FLOOR,by-tolerance,,goal is 1.84 mm clear of floor splat 5374528 (2σ top 18.16 mm); GMC's refined gap 0.844 mm ≤ buffer 1 mm + slack -> no endpoint cell,aerial3d/cells.py:121-126 (grow_cell: refine_gap <= buffer + slack -> None) -> aerial3d/api.py:330-333,UNKNOWN:goal_not_certified_free,PASS,stored_route_uv_0.1mm,1.011,True,UNKNOWN:goal_not_certified_free,0.04,29e3d020cb81ffa1,19.99,1.836,100.0,1.836,"goal endpoint oracle clearance (row robot, 0.01 mm bisection)",True,,,,,,,,goal,,,,,,,,,,,
WWEST-F4X-01727,F4,WWEST,sweeper,F4X-01727,EP-TOL,EP-FLOOR,by-tolerance,,start is 1.95 mm clear of floor splat 5337920 (2σ top 18.04 mm); GMC's refined gap 0.962 mm ≤ buffer 1 mm + slack -> no endpoint cell,aerial3d/cells.py:121-126 (grow_cell: refine_gap <= buffer + slack -> None) -> aerial3d/api.py:330-333,UNKNOWN:start_not_certified_free,PASS,stored_route_uv_0.1mm,1.962,True,UNKNOWN:start_not_certified_free,0.03,29e3d020cb81ffa1,1.953,19.99,100.0,1.953,"start endpoint oracle clearance (row robot, 0.01 mm bisection)",True,,,,,,,,start,,,,,,,,,,,
WWEST-F4X-01741,F4,WWEST,sweeper,F4X-01741,EP-TOL,EP-FLOOR,by-tolerance,,goal is 1.99 mm clear of floor splat 5496444 (2σ top 18.03 mm); GMC's refined gap 0.974 mm ≤ buffer 1 mm + slack -> no endpoint cell,aerial3d/cells.py:121-126 (grow_cell: refine_gap <= buffer + slack -> None) -> aerial3d/api.py:330-333,UNKNOWN:goal_not_certified_free,PASS,stored_route_uv_0.1mm,1.451,True,UNKNOWN:goal_not_certified_free,0.04,29e3d020cb81ffa1,19.99,1.992,100.0,1.992,"goal endpoint oracle clearance (row robot, 0.01 mm bisection)",True,,,,,,,,goal,,,,,,,,,,,
WWEST-F4X-01790,F4,WWEST,sweeper,F4X-01790,EP-TOL,EP-FLOOR,by-tolerance,,start is 1.07 mm clear of floor splat 5371715 (2σ top 18.92 mm); GMC's refined gap 0.077 mm ≤ buffer 1 mm + slack -> no endpoint cell,aerial3d/cells.py:121-126 (grow_cell: refine_gap <= buffer + slack -> None) -> aerial3d/api.py:330-333,UNKNOWN:start_not_certified_free,PASS,stored_route_uv_0.1mm,1.077,True,UNKNOWN:start_not_certified_free,0.03,29e3d020cb81ffa1,1.074,19.99,100.0,1.074,"start endpoint oracle clearance (row robot, 0.01 mm bisection)",True,,,,,,,,start,,,,,,,,,,,
WWEST-F4X-01791,F4,WWEST,sweeper,F4X-01791,EP-TOL,EP-FLOOR,by-tolerance,,start is 1.95 mm clear of floor splat 5337920 (2σ top 18.04 mm); GMC's refined gap 0.962 mm ≤ buffer 1 mm + slack -> no endpoint cell,aerial3d/cells.py:121-126 (grow_cell: refine_gap <= buffer + slack -> None) -> aerial3d/api.py:330-333,UNKNOWN:start_not_certified_free,PASS,stored_route_uv_0.1mm,1.072,True,UNKNOWN:start_not_certified_free,0.03,29e3d020cb81ffa1,1.953,19.99,100.0,1.953,"start endpoint oracle clearance (row robot, 0.01 mm bisection)",True,,,,,,,,start,,,,,,,,,,,
WWEST-F4X-01832,F4,WWEST,sweeper,F4X-01832,EP-TOL,EP-FLOOR,by-tolerance,,start is 1.97 mm clear of floor splat 5496444 (2σ top 18.03 mm); GMC's refined gap 0.974 mm ≤ buffer 1 mm + slack -> no endpoint cell,aerial3d/cells.py:121-126 (grow_cell: refine_gap <= buffer + slack -> None) -> aerial3d/api.py:330-333,UNKNOWN:start_not_certified_free,PASS,stored_route_uv_0.1mm,1.974,True,UNKNOWN:start_not_certified_free,0.04,29e3d020cb81ffa1,1.973,19.99,100.0,1.973,"start endpoint oracle clearance (row robot, 0.01 mm bisection)",True,,,,,,,,start,,,,,,,,,,,
WWEST-F4X-01833,F4,WWEST,sweeper,F4X-01833,EP-TOL,EP-FLOOR,by-tolerance,,start is 1.97 mm clear of floor splat 5496444 (2σ top 18.03 mm); GMC's refined gap 0.974 mm ≤ buffer 1 mm + slack -> no endpoint cell,aerial3d/cells.py:121-126 (grow_cell: refine_gap <= buffer + slack -> None) -> aerial3d/api.py:330-333,UNKNOWN:start_not_certified_free,PASS,stored_route_uv_0.1mm,1.042,True,UNKNOWN:start_not_certified_free,0.03,29e3d020cb81ffa1,1.973,19.99,100.0,1.973,"start endpoint oracle clearance (row robot, 0.01 mm bisection)",True,,,,,,,,start,,,,,,,,,,,
WWEST-F4X-01858,F4,WWEST,sweeper,F4X-01858,EP-TOL,EP-FLOOR,by-tolerance,,start is 1.07 mm clear of floor splat 5371715 (2σ top 18.92 mm); GMC's refined gap 0.077 mm ≤ buffer 1 mm + slack -> no endpoint cell,aerial3d/cells.py:121-126 (grow_cell: refine_gap <= buffer + slack -> None) -> aerial3d/api.py:330-333,UNKNOWN:start_not_certified_free,PASS,stored_route_uv_0.1mm,1.003,True,UNKNOWN:start_not_certified_free,0.03,29e3d020cb81ffa1,1.074,19.99,100.0,1.074,"start endpoint oracle clearance (row robot, 0.01 mm bisection)",True,,,,,,,,start,,,,,,,,,,,
WWEST-F4X-01884,F4,WWEST,sweeper,F4X-01884,EP-TOL,EP-FLOOR,by-tolerance,,goal is 1.97 mm clear of floor splat 5496444 (2σ top 18.03 mm); GMC's refined gap 0.974 mm ≤ buffer 1 mm + slack -> no endpoint cell,aerial3d/cells.py:121-126 (grow_cell: refine_gap <= buffer + slack -> None) -> aerial3d/api.py:330-333,UNKNOWN:goal_not_certified_free,PASS,stored_route_uv_0.1mm,1.974,True,UNKNOWN:goal_not_certified_free,0.04,29e3d020cb81ffa1,19.99,1.973,100.0,1.973,"goal endpoint oracle clearance (row robot, 0.01 mm bisection)",True,,,,,,,,goal,,,,,,,,,,,
WWEST-F4X-01929,F4,WWEST,sweeper,F4X-01929,EP-TOL,EP-FLOOR,by-tolerance,,start is 1.95 mm clear of floor splat 5337920 (2σ top 18.04 mm); GMC's refined gap 0.962 mm ≤ buffer 1 mm + slack -> no endpoint cell,aerial3d/cells.py:121-126 (grow_cell: refine_gap <= buffer + slack -> None) -> aerial3d/api.py:330-333,UNKNOWN:start_not_certified_free,PASS,stored_route_uv_0.1mm,1.113,True,UNKNOWN:start_not_certified_free,0.03,29e3d020cb81ffa1,1.953,12.979,100.0,1.953,"start endpoint oracle clearance (row robot, 0.01 mm bisection)",True,,,,,,,,start,,,,,,,,,,,
WWEST-F4X-01947,F4,WWEST,sweeper,F4X-01947,EP-TOL,EP-FLOOR,by-tolerance,,start is 1.95 mm clear of floor splat 5337920 (2σ top 18.04 mm); GMC's refined gap 0.962 mm ≤ buffer 1 mm + slack -> no endpoint cell,aerial3d/cells.py:121-126 (grow_cell: refine_gap <= buffer + slack -> None) -> aerial3d/api.py:330-333,UNKNOWN:start_not_certified_free,PASS,stored_route_uv_0.1mm,1.121,True,UNKNOWN:start_not_certified_free,0.03,29e3d020cb81ffa1,1.953,19.99,100.0,1.953,"start endpoint oracle clearance (row robot, 0.01 mm bisection)",True,,,,,,,,start,,,,,,,,,,,
WWEST-F4X-01997,F4,WWEST,sweeper,F4X-01997,EP-TOL,EP-FLOOR,by-tolerance,,goal is 1.95 mm clear of floor splat 5337920 (2σ top 18.04 mm); GMC's refined gap 0.962 mm ≤ buffer 1 mm + slack -> no endpoint cell,aerial3d/cells.py:121-126 (grow_cell: refine_gap <= buffer + slack -> None) -> aerial3d/api.py:330-333,UNKNOWN:goal_not_certified_free,PASS,stored_route_uv_0.1mm,1.13,True,UNKNOWN:goal_not_certified_free,0.04,29e3d020cb81ffa1,6.846,1.953,100.0,1.953,"goal endpoint oracle clearance (row robot, 0.01 mm bisection)",True,,,,,,,,goal,,,,,,,,,,,
WWEST-F4X-02037,F4,WWEST,sweeper,F4X-02037,EP-TOL,EP-FLOOR,by-tolerance,,start is 1.97 mm clear of floor splat 5496444 (2σ top 18.03 mm); GMC's refined gap 0.974 mm ≤ buffer 1 mm + slack -> no endpoint cell,aerial3d/cells.py:121-126 (grow_cell: refine_gap <= buffer + slack -> None) -> aerial3d/api.py:330-333,UNKNOWN:start_not_certified_free,PASS,stored_route_uv_0.1mm,1.025,True,UNKNOWN:start_not_certified_free,0.04,29e3d020cb81ffa1,1.973,19.99,100.0,1.973,"start endpoint oracle clearance (row robot, 0.01 mm bisection)",True,,,,,,,,start,,,,,,,,,,,
WWEST-F4X-02049,F4,WWEST,sweeper,F4X-02049,EP-TOL,EP-FLOOR,by-tolerance,,goal is 1.95 mm clear of floor splat 5337920 (2σ top 18.04 mm); GMC's refined gap 0.962 mm ≤ buffer 1 mm + slack -> no endpoint cell,aerial3d/cells.py:121-126 (grow_cell: refine_gap <= buffer + slack -> None) -> aerial3d/api.py:330-333,UNKNOWN:goal_not_certified_free,PASS,stored_route_uv_0.1mm,1.258,True,UNKNOWN:goal_not_certified_free,0.04,29e3d020cb81ffa1,19.99,1.953,100.0,1.953,"goal endpoint oracle clearance (row robot, 0.01 mm bisection)",True,,,,,,,,goal,,,,,,,,,,,
WWEST-F4X-02116,F4,WWEST,sweeper,F4X-02116,EP-TOL,EP-FLOOR,by-tolerance,,start is 1.07 mm clear of floor splat 5371715 (2σ top 18.92 mm); GMC's refined gap 0.077 mm ≤ buffer 1 mm + slack -> no endpoint cell,aerial3d/cells.py:121-126 (grow_cell: refine_gap <= buffer + slack -> None) -> aerial3d/api.py:330-333,UNKNOWN:start_not_certified_free,PASS,stored_route_uv_0.1mm,1.002,True,UNKNOWN:start_not_certified_free,0.03,29e3d020cb81ffa1,1.074,19.99,100.0,1.074,"start endpoint oracle clearance (row robot, 0.01 mm bisection)",True,,,,,,,,start,,,,,,,,,,,
WWEST-F4X-02135,F4,WWEST,sweeper,F4X-02135,EP-TOL,EP-FLOOR,by-tolerance,,start is 1.69 mm clear of floor splat 5371715 (2σ top 18.92 mm); GMC's refined gap 0.698 mm ≤ buffer 1 mm + slack -> no endpoint cell,aerial3d/cells.py:121-126 (grow_cell: refine_gap <= buffer + slack -> None) -> aerial3d/api.py:330-333,UNKNOWN:start_not_certified_free,PASS,stored_route_uv_0.1mm,1.022,True,UNKNOWN:start_not_certified_free,0.04,29e3d020cb81ffa1,1.689,5.928,100.0,1.689,"start endpoint oracle clearance (row robot, 0.01 mm bisection)",True,,,,,,,,start,,,,,,,,,,,
WWEST-F4X-02189,F4,WWEST,sweeper,F4X-02189,EP-TOL,EP-FLOOR,by-tolerance,,start is 1.07 mm clear of floor splat 5371715 (2σ top 18.92 mm); GMC's refined gap 0.077 mm ≤ buffer 1 mm + slack -> no endpoint cell,aerial3d/cells.py:121-126 (grow_cell: refine_gap <= buffer + slack -> None) -> aerial3d/api.py:330-333,UNKNOWN:start_not_certified_free,PASS,stored_route_uv_0.1mm,1.001,True,UNKNOWN:start_not_certified_free,0.03,29e3d020cb81ffa1,1.074,19.99,100.0,1.074,"start endpoint oracle clearance (row robot, 0.01 mm bisection)",True,,,,,,,,start,,,,,,,,,,,
WWEST-F4X-02204,F4,WWEST,sweeper,F4X-02204,EP-TOL,EP-FLOOR,by-tolerance,,goal is 1.25 mm clear of floor splat 5371648 (2σ top 18.75 mm); GMC's refined gap 0.255 mm ≤ buffer 1 mm + slack -> no endpoint cell,aerial3d/cells.py:121-126 (grow_cell: refine_gap <= buffer + slack -> None) -> aerial3d/api.py:330-333,UNKNOWN:goal_not_certified_free,PASS,stored_route_uv_0.1mm,1.004,True,UNKNOWN:goal_not_certified_free,0.04,29e3d020cb81ffa1,19.99,1.25,100.0,1.25,"goal endpoint oracle clearance (row robot, 0.01 mm bisection)",True,,,,,,,,goal,,,,,,,,,,,
WWEST-F4X-02233,F4,WWEST,sweeper,F4X-02233,EP-TOL,EP-FLOOR,by-tolerance,,goal is 1.97 mm clear of floor splat 5496444 (2σ top 18.03 mm); GMC's refined gap 0.974 mm ≤ buffer 1 mm + slack -> no endpoint cell,aerial3d/cells.py:121-126 (grow_cell: refine_gap <= buffer + slack -> None) -> aerial3d/api.py:330-333,UNKNOWN:goal_not_certified_free,PASS,stored_route_uv_0.1mm,1.529,True,UNKNOWN:goal_not_certified_free,0.04,29e3d020cb81ffa1,19.99,1.973,100.0,1.973,"goal endpoint oracle clearance (row robot, 0.01 mm bisection)",True,,,,,,,,goal,,,,,,,,,,,
WWEST-F4X-02294,F4,WWEST,sweeper,F4X-02294,EP-TOL,EP-FLOOR,by-tolerance,,start is 1.95 mm clear of floor splat 5337920 (2σ top 18.04 mm); GMC's refined gap 0.962 mm ≤ buffer 1 mm + slack -> no endpoint cell,aerial3d/cells.py:121-126 (grow_cell: refine_gap <= buffer + slack -> None) -> aerial3d/api.py:330-333,UNKNOWN:start_not_certified_free,PASS,stored_route_uv_0.1mm,1.246,True,UNKNOWN:start_not_certified_free,0.04,29e3d020cb81ffa1,1.953,19.99,100.0,1.953,"start endpoint oracle clearance (row robot, 0.01 mm bisection)",True,,,,,,,,start,,,,,,,,,,,
WWEST-F4X-02442,F4,WWEST,sweeper,F4X-02442,EP-TOL,EP-FLOOR,by-tolerance,,goal is 1.97 mm clear of floor splat 5496444 (2σ top 18.03 mm); GMC's refined gap 0.974 mm ≤ buffer 1 mm + slack -> no endpoint cell,aerial3d/cells.py:121-126 (grow_cell: refine_gap <= buffer + slack -> None) -> aerial3d/api.py:330-333,UNKNOWN:goal_not_certified_free,PASS,stored_route_uv_0.1mm,1.974,True,UNKNOWN:goal_not_certified_free,0.04,29e3d020cb81ffa1,13.691,1.973,100.0,1.973,"goal endpoint oracle clearance (row robot, 0.01 mm bisection)",True,,,,,,,,goal,,,,,,,,,,,
WWEST-F4X-02462,F4,WWEST,sweeper,F4X-02462,EP-TOL,EP-FLOOR,by-tolerance,,start is 1.97 mm clear of floor splat 5496444 (2σ top 18.03 mm); GMC's refined gap 0.974 mm ≤ buffer 1 mm + slack -> no endpoint cell,aerial3d/cells.py:121-126 (grow_cell: refine_gap <= buffer + slack -> None) -> aerial3d/api.py:330-333,UNKNOWN:start_not_certified_free,PASS,stored_route_uv_0.1mm,1.974,True,UNKNOWN:start_not_certified_free,0.03,29e3d020cb81ffa1,1.973,19.99,100.0,1.973,"start endpoint oracle clearance (row robot, 0.01 mm bisection)",True,,,,,,,,start,,,,,,,,,,,
WWEST-F4X-02483,F4,WWEST,sweeper,F4X-02483,EP-TOL,EP-FLOOR,by-tolerance,,start is 1.97 mm clear of floor splat 5496444 (2σ top 18.03 mm); GMC's refined gap 0.974 mm ≤ buffer 1 mm + slack -> no endpoint cell,aerial3d/cells.py:121-126 (grow_cell: refine_gap <= buffer + slack -> None) -> aerial3d/api.py:330-333,UNKNOWN:start_not_certified_free,PASS,stored_route_uv_0.1mm,1.682,True,UNKNOWN:start_not_certified_free,0.04,29e3d020cb81ffa1,1.973,19.99,100.0,1.973,"start endpoint oracle clearance (row robot, 0.01 mm bisection)",True,,,,,,,,start,,,,,,,,,,,
GAPW1-F4W-00245,F4,GAPW1,cylinder,F4W-00245,EP-TOL,EP-SIDE,by-tolerance,,goal is 1.45 mm clear of Gaussian 2052367 (2σ top 1277.30 mm); GMC's refined gap 0.449 mm ≤ buffer 1 mm + slack -> no endpoint cell,aerial3d/cells.py:121-126 (grow_cell: refine_gap <= buffer + slack -> None) -> aerial3d/api.py:330-333,UNKNOWN:goal_not_certified_free,PASS,stored_route_uv_0.1mm,1.009,True,UNKNOWN:goal_not_certified_free,0.06,abfa278e193c88d4,5.43,1.445,1.447,1.445,"goal endpoint oracle clearance (row robot, 0.01 mm bisection)",True,,,,,,,,goal,,,,,,,,,,,
GAPW1-F4W-00914,F4,GAPW1,cylinder,F4W-00914,EP-TOL,EP-SIDE,by-tolerance,,goal is 1.20 mm clear of Gaussian 2052340 (2σ top 1423.27 mm); GMC's refined gap 0.208 mm ≤ buffer 1 mm + slack -> no endpoint cell,aerial3d/cells.py:121-126 (grow_cell: refine_gap <= buffer + slack -> None) -> aerial3d/api.py:330-333,UNKNOWN:goal_not_certified_free,PASS,stored_route_uv_0.1mm,1.021,True,UNKNOWN:goal_not_certified_free,0.06,abfa278e193c88d4,11.211,1.201,1.202,1.201,"goal endpoint oracle clearance (row robot, 0.01 mm bisection)",True,,,,,,,,goal,,,,,,,,,,,
WWEST-F4X-01495,F4,WWEST,cylinder,F4X-01495,EP-TOL,EP-SIDE,by-tolerance,,start is 1.02 mm clear of Gaussian 5550406 (2σ top 208.20 mm); GMC's refined gap 0.016 mm ≤ buffer 1 mm + slack -> no endpoint cell,aerial3d/cells.py:121-126 (grow_cell: refine_gap <= buffer + slack -> None) -> aerial3d/api.py:330-333,UNKNOWN:start_not_certified_free,PASS,stored_route_uv_0.1mm,1.016,True,UNKNOWN:start_not_certified_free,0.12,549453247f5cf37a,1.016,14.912,1.013,1.016,"start endpoint oracle clearance (row robot, 0.01 mm bisection)",True,,,,,,,,start,,,,,,,,,,,
WWEST-F4X-02244,F4,WWEST,cylinder,F4X-02244,EP-TOL,EP-SIDE,by-tolerance,,goal is 1.58 mm clear of Gaussian 5536400 (2σ top 121.39 mm); GMC's refined gap 0.585 mm ≤ buffer 1 mm + slack -> no endpoint cell,aerial3d/cells.py:121-126 (grow_cell: refine_gap <= buffer + slack -> None) -> aerial3d/api.py:330-333,UNKNOWN:goal_not_certified_free,PASS,stored_route_uv_0.1mm,1.0,True,UNKNOWN:goal_not_certified_free,0.11,549453247f5cf37a,2.988,1.582,1.581,1.582,"goal endpoint oracle clearance (row robot, 0.01 mm bisection)",True,,,,,,,,goal,,,,,,,,,,,
GAPW1-F4W-00054,F4,GAPW1,cylinder,F4W-00054,EXPORT-DOMAIN,REPLAY-AABB,export,,exported edge 1: its swept world AABB leaves the route prism by 1.6 mm in v although every exported pose is inside (own verifier CERTIFIED),gs3d/oracle.py:165-166 (known_space.contains_aabb of the swept world AABB) -> gs3d/integration.py:47-55; called from aerial3d/api.py:417-423,UNKNOWN:shared_replay_failed,PASS,stored_route_uv_0.1mm,1.012,True,UNKNOWN:shared_replay_failed,0.2,abfa278e193c88d4,9.844,7.471,21.32,21.32,"A* route lateral clearance (row robot, chassis +3 mm, margin 0)",False,,,,,,,False,,,10,0.1,0,0.0,0,0.0,,,,
GAPW1-F4W-00074,F4,GAPW1,cylinder,F4W-00074,EXPORT-DOMAIN,REPLAY-AABB,export,,exported edge 34: its swept world AABB leaves the route prism by 11.8 mm in v although every exported pose is inside (own verifier CERTIFIED),gs3d/oracle.py:165-166 (known_space.contains_aabb of the swept world AABB) -> gs3d/integration.py:47-55; called from aerial3d/api.py:417-423,UNKNOWN:shared_replay_failed,PASS,stored_route_uv_0.1mm,1.024,True,UNKNOWN:shared_replay_failed,52.24,abfa278e193c88d4,19.424,19.99,0.928,0.928,"A* route lateral clearance (row robot, chassis +3 mm, margin 0)",True,,,,,,,False,,,109,38.72,182,1.09,43,12.12,,,,
GAPW1-F4W-00079,F4,GAPW1,cylinder,F4W-00079,EXPORT-DOMAIN,REPLAY-AABB,export,,exported edge 16: its swept world AABB leaves the route prism by 29.1 mm in u although every exported pose is inside (own verifier CERTIFIED),gs3d/oracle.py:165-166 (known_space.contains_aabb of the swept world AABB) -> gs3d/integration.py:47-55; called from aerial3d/api.py:417-423,UNKNOWN:shared_replay_failed,PASS,stored_route_uv_0.1mm,1.002,True,UNKNOWN:shared_replay_failed,3.29,abfa278e193c88d4,19.99,19.99,4.901,4.901,"A* route lateral clearance (row robot, chassis +3 mm, margin 0)",False,,,,,,,False,,,7,2.3,0,0.0,,,,,,
GAPW1-F4W-00087,F4,GAPW1,cylinder,F4W-00087,EXPORT-DOMAIN,REPLAY-AABB,export,,exported edge 1: its swept world AABB leaves the route prism by 45.4 mm in v although every exported pose is inside (own verifier CERTIFIED),gs3d/oracle.py:165-166 (known_space.contains_aabb of the swept world AABB) -> gs3d/integration.py:47-55; called from aerial3d/api.py:417-423,UNKNOWN:shared_replay_failed,PASS,stored_route_uv_0.1mm,1.001,True,UNKNOWN:shared_replay_failed,0.67,abfa278e193c88d4,2.422,7.559,3.699,3.699,"A* route lateral clearance (row robot, chassis +3 mm, margin 0)",False,,,,,,,False,,,16,0.36,27,0.23,1,0.01,,,,
GAPW1-F4W-00150,F4,GAPW1,cylinder,F4W-00150,EXPORT-DOMAIN,REPLAY-AABB,export,,exported edge 1: its swept world AABB leaves the route prism by 17.0 mm in u although every exported pose is inside (own verifier CERTIFIED),gs3d/oracle.py:165-166 (known_space.contains_aabb of the swept world AABB) -> gs3d/integration.py:47-55; called from aerial3d/api.py:417-423,UNKNOWN:shared_replay_failed,PASS,stored_route_uv_0.1mm,1.096,True,UNKNOWN:shared_replay_failed,10.86,abfa278e193c88d4,13.584,7.559,8.051,8.051,"A* route lateral clearance (row robot, chassis +3 mm, margin 0)",False,,,,,,,False,,,70,9.77,114,0.67,14,0.1,,,,
GAPW1-F4W-00157,F4,GAPW1,cylinder,F4W-00157,EXPORT-DOMAIN,REPLAY-AABB,export,,exported edge 17: its swept world AABB leaves the route prism by 27.1 mm in v although every exported pose is inside (own verifier CERTIFIED),gs3d/oracle.py:165-166 (known_space.contains_aabb of the swept world AABB) -> gs3d/integration.py:47-55; called from aerial3d/api.py:417-423,UNKNOWN:shared_replay_failed,PASS,stored_route_uv_0.1mm,1.235,True,UNKNOWN:shared_replay_failed,0.08,abfa278e193c88d4,5.098,19.99,12.537,12.537,"A* route lateral clearance (row robot, chassis +3 mm, margin 0)",False,,,,,,,False,,,1,0.01,,,,,,,,
GAPW1-F4W-00159,F4,GAPW1,cylinder,F4W-00159,EXPORT-DOMAIN,REPLAY-AABB,export,,exported edge 31: its swept world AABB leaves the route prism by 0.7 mm in v although every exported pose is inside (own verifier CERTIFIED),gs3d/oracle.py:165-166 (known_space.contains_aabb of the swept world AABB) -> gs3d/integration.py:47-55; called from aerial3d/api.py:417-423,UNKNOWN:shared_replay_failed,PASS,stored_route_uv_0.1mm,1.255,True,UNKNOWN:shared_replay_failed,5.09,abfa278e193c88d4,19.99,15.117,17.645,17.645,"A* route lateral clearance (row robot, chassis +3 mm, margin 0)",False,,,,,,,False,,,90,3.46,193,1.33,8,0.06,,,,
GAPW1-F4W-00215,F4,GAPW1,cylinder,F4W-00215,EXPORT-DOMAIN,REPLAY-AABB,export,,exported edge 1: its swept world AABB leaves the route prism by 12.0 mm in v although every exported pose is inside (own verifier CERTIFIED),gs3d/oracle.py:165-166 (known_space.contains_aabb of the swept world AABB) -> gs3d/integration.py:47-55; called from aerial3d/api.py:417-423,UNKNOWN:shared_replay_failed,PASS,stored_route_uv_0.1mm,1.051,True,UNKNOWN:shared_replay_failed,9.41,abfa278e193c88d4,19.99,19.99,1.3,1.3,"A* route lateral clearance (row robot, chassis +3 mm, margin 0)",True,,,,,,,False,,,99,7.42,195,1.45,31,0.3,,,,
GAPW1-F4W-00274,F4,GAPW1,cylinder,F4W-00274,EXPORT-DOMAIN,REPLAY-AABB,export,,exported edge 1: its swept world AABB leaves the route prism by 4.2 mm in u although every exported pose is inside (own verifier CERTIFIED),gs3d/oracle.py:165-166 (known_space.contains_aabb of the swept world AABB) -> gs3d/integration.py:47-55; called from aerial3d/api.py:417-423,UNKNOWN:shared_replay_failed,PASS,stored_route_uv_0.1mm,1.005,True,UNKNOWN:shared_replay_failed,8.08,abfa278e193c88d4,14.355,3.291,20.874,20.874,"A* route lateral clearance (row robot, chassis +3 mm, margin 0)",False,,,,,,,False,,,11,7.14,48,0.86,2,0.01,,,,
GAPW1-F4W-00347,F4,GAPW1,cylinder,F4W-00347,EXPORT-DOMAIN,REPLAY-AABB,export,,exported edge 31: its swept world AABB leaves the route prism by 11.2 mm in v although every exported pose is inside (own verifier CERTIFIED),gs3d/oracle.py:165-166 (known_space.contains_aabb of the swept world AABB) -> gs3d/integration.py:47-55; called from aerial3d/api.py:417-423,UNKNOWN:shared_replay_failed,PASS,stored_route_uv_0.1mm,1.03,True,UNKNOWN:shared_replay_failed,7.92,abfa278e193c88d4,19.99,19.99,5.701,5.701,"A* route lateral clearance (row robot, chassis +3 mm, margin 0)",False,,,,,,,False,,,99,6.35,190,1.32,3,0.01,,,,
GAPW1-F4W-00357,F4,GAPW1,cylinder,F4W-00357,EXPORT-DOMAIN,REPLAY-AABB,export,,exported edge 1: its swept world AABB leaves the route prism by 3.1 mm in u although every exported pose is inside (own verifier CERTIFIED),gs3d/oracle.py:165-166 (known_space.contains_aabb of the swept world AABB) -> gs3d/integration.py:47-55; called from aerial3d/api.py:417-423,UNKNOWN:shared_replay_failed,PASS,stored_route_uv_0.1mm,3.179,True,UNKNOWN:shared_replay_failed,0.66,abfa278e193c88d4,12.207,17.686,5.499,5.499,"A* route lateral clearance (row robot, chassis +3 mm, margin 0)",False,,,,,,,False,,,13,0.23,67,0.32,2,0.02,,,,
GAPW1-F4W-00381,F4,GAPW1,cylinder,F4W-00381,EXPORT-DOMAIN,REPLAY-AABB,export,,exported edge 1: its swept world AABB leaves the route prism by 19.6 mm in v although every exported pose is inside (own verifier CERTIFIED),gs3d/oracle.py:165-166 (known_space.contains_aabb of the swept world AABB) -> gs3d/integration.py:47-55; called from aerial3d/api.py:417-423,UNKNOWN:shared_replay_failed,PASS,stored_route_uv_0.1mm,1.046,True,UNKNOWN:shared_replay_failed,16.72,abfa278e193c88d4,7.344,5.43,6.927,6.927,"A* route lateral clearance (row robot, chassis +3 mm, margin 0)",False,,,,,,,False,,,41,16.23,72,0.37,6,0.03,,,,
GAPW1-F4W-00468,F4,GAPW1,cylinder,F4W-00468,EXPORT-DOMAIN,REPLAY-AABB,export,,exported edge 27: its swept world AABB leaves the route prism by 2.6 mm in v although every exported pose is inside (own verifier CERTIFIED),gs3d/oracle.py:165-166 (known_space.contains_aabb of the swept world AABB) -> gs3d/integration.py:47-55; called from aerial3d/api.py:417-423,UNKNOWN:shared_replay_failed,PASS,stored_route_uv_0.1mm,1.124,True,UNKNOWN:shared_replay_failed,11.0,abfa278e193c88d4,19.99,15.117,11.658,11.658,"A* route lateral clearance (row robot, chassis +3 mm, margin 0)",False,,,,,,,False,,,149,9.75,175,0.97,12,0.08,,,,
GAPW1-F4W-00498,F4,GAPW1,cylinder,F4W-00498,EXPORT-DOMAIN,REPLAY-AABB,export,,exported edge 26: its swept world AABB leaves the route prism by 4.5 mm in u although every exported pose is inside (own verifier CERTIFIED),gs3d/oracle.py:165-166 (known_space.contains_aabb of the swept world AABB) -> gs3d/integration.py:47-55; called from aerial3d/api.py:417-423,UNKNOWN:shared_replay_failed,PASS,stored_route_uv_0.1mm,1.016,True,UNKNOWN:shared_replay_failed,2.2,abfa278e193c88d4,17.686,13.271,16.766,16.766,"A* route lateral clearance (row robot, chassis +3 mm, margin 0)",False,,,,,,,False,,,53,1.02,173,0.95,6,0.05,,,,
GAPW1-F4W-00518,F4,GAPW1,cylinder,F4W-00518,EXPORT-DOMAIN,REPLAY-AABB,export,,exported edge 27: its swept world AABB leaves the route prism by 6.9 mm in u although every exported pose is inside (own verifier CERTIFIED),gs3d/oracle.py:165-166 (known_space.contains_aabb of the swept world AABB) -> gs3d/integration.py:47-55; called from aerial3d/api.py:417-423,UNKNOWN:shared_replay_failed,PASS,stored_route_uv_0.1mm,2.489,True,UNKNOWN:shared_replay_failed,7.35,abfa278e193c88d4,5.43,12.91,2.722,2.722,"A* route lateral clearance (row robot, chassis +3 mm, margin 0)",False,,,,,,,False,,,48,6.61,57,0.45,6,0.05,,,,
GAPW1-F4W-00588,F4,GAPW1,cylinder,F4W-00588,EXPORT-DOMAIN,REPLAY-AABB,export,,exported edge 25: its swept world AABB leaves the route prism by 1.6 mm in v although every exported pose is inside (own verifier CERTIFIED),gs3d/oracle.py:165-166 (known_space.contains_aabb of the swept world AABB) -> gs3d/integration.py:47-55; called from aerial3d/api.py:417-423,UNKNOWN:shared_replay_failed,PASS,stored_route_uv_0.1mm,1.472,True,UNKNOWN:shared_replay_failed,1.08,abfa278e193c88d4,8.438,19.99,14.667,14.667,"A* route lateral clearance (row robot, chassis +3 mm, margin 0)",False,,,,,,,False,,,24,0.52,45,0.29,6,0.06,,,,
GAPW1-F4W-00655,F4,GAPW1,cylinder,F4W-00655,EXPORT-DOMAIN,REPLAY-AABB,export,,exported edge 1: its swept world AABB leaves the route prism by 43.4 mm in v although every exported pose is inside (own verifier CERTIFIED),gs3d/oracle.py:165-166 (known_space.contains_aabb of the swept world AABB) -> gs3d/integration.py:47-55; called from aerial3d/api.py:417-423,UNKNOWN:shared_replay_failed,PASS,stored_route_uv_0.1mm,1.028,True,UNKNOWN:shared_replay_failed,0.37,abfa278e193c88d4,19.99,5.098,3.552,3.552,"A* route lateral clearance (row robot, chassis +3 mm, margin 0)",False,,,,,,,False,,,3,0.05,24,0.28,,,,,,
GAPW1-F4W-00720,F4,GAPW1,cylinder,F4W-00720,EXPORT-DOMAIN,REPLAY-AABB,export,,exported edge 22: its swept world AABB leaves the route prism by 21.2 mm in v although every exported pose is inside (own verifier CERTIFIED),gs3d/oracle.py:165-166 (known_space.contains_aabb of the swept world AABB) -> gs3d/integration.py:47-55; called from aerial3d/api.py:417-423,UNKNOWN:shared_replay_failed,PASS,stored_route_uv_0.1mm,1.066,True,UNKNOWN:shared_replay_failed,2.23,abfa278e193c88d4,19.99,17.686,5.029,5.029,"A* route lateral clearance (row robot, chassis +3 mm, margin 0)",False,,,,,,,False,,,39,0.63,216,1.4,2,0.01,,,,
GAPW1-F4W-00843,F4,GAPW1,cylinder,F4W-00843,EXPORT-DOMAIN,REPLAY-AABB,export,,exported edge 21: its swept world AABB leaves the route prism by 8.8 mm in v although every exported pose is inside (own verifier CERTIFIED),gs3d/oracle.py:165-166 (known_space.contains_aabb of the swept world AABB) -> gs3d/integration.py:47-55; called from aerial3d/api.py:417-423,UNKNOWN:shared_replay_failed,PASS,stored_route_uv_0.1mm,1.144,True,UNKNOWN:shared_replay_failed,1.12,abfa278e193c88d4,5.43,19.99,6.299,6.299,"A* route lateral clearance (row robot, chassis +3 mm, margin 0)",False,,,,,,,False,,,16,0.57,57,0.37,1,0.0,,,,
GAPW1-F4W-00947,F4,GAPW1,cylinder,F4W-00947,EXPORT-DOMAIN,REPLAY-AABB,export,,exported edge 1: its swept world AABB leaves the route prism by 20.9 mm in v although every exported pose is inside (own verifier CERTIFIED),gs3d/oracle.py:165-166 (known_space.contains_aabb of the swept world AABB) -> gs3d/integration.py:47-55; called from aerial3d/api.py:417-423,UNKNOWN:shared_replay_failed,PASS,stored_route_uv_0.1mm,1.001,True,UNKNOWN:shared_replay_failed,8.52,abfa278e193c88d4,19.99,13.076,17.572,17.572,"A* route lateral clearance (row robot, chassis +3 mm, margin 0)",False,,,,,,,False,,,35,8.14,42,0.23,6,0.03,,,,
GAPW1-F4W-00984,F4,GAPW1,cylinder,F4W-00984,EXPORT-DOMAIN,REPLAY-AABB,export,,exported edge 26: its swept world AABB leaves the route prism by 7.3 mm in u although every exported pose is inside (own verifier CERTIFIED),gs3d/oracle.py:165-166 (known_space.contains_aabb of the swept world AABB) -> gs3d/integration.py:47-55; called from aerial3d/api.py:417-423,UNKNOWN:shared_replay_failed,PASS,stored_route_uv_0.1mm,3.737,True,UNKNOWN:shared_replay_failed,5.25,abfa278e193c88d4,4.941,14.355,3.552,3.552,"A* route lateral clearance (row robot, chassis +3 mm, margin 0)",False,,,,,,,False,,,47,4.36,74,0.62,16,0.08,,,,
GAPW1-F4W-00990,F4,GAPW1,cylinder,F4W-00990,EXPORT-DOMAIN,REPLAY-AABB,export,,exported edge 1: its swept world AABB leaves the route prism by 26.5 mm in u although every exported pose is inside (own verifier CERTIFIED),gs3d/oracle.py:165-166 (known_space.contains_aabb of the swept world AABB) -> gs3d/integration.py:47-55; called from aerial3d/api.py:417-423,UNKNOWN:shared_replay_failed,PASS,stored_route_uv_0.1mm,1.029,True,UNKNOWN:shared_replay_failed,41.95,abfa278e193c88d4,19.99,19.248,9.027,9.027,"A* route lateral clearance (row robot, chassis +3 mm, margin 0)",False,,,,,,,False,,,48,29.44,154,5.13,25,7.18,,,,
GAPW1-F4W-01008,F4,GAPW1,cylinder,F4W-01008,EXPORT-DOMAIN,REPLAY-AABB,export,,exported edge 1: its swept world AABB leaves the route prism by 17.8 mm in u although every exported pose is inside (own verifier CERTIFIED),gs3d/oracle.py:165-166 (known_space.contains_aabb of the swept world AABB) -> gs3d/integration.py:47-55; called from aerial3d/api.py:417-423,UNKNOWN:shared_replay_failed,PASS,stored_route_uv_0.1mm,1.078,True,UNKNOWN:shared_replay_failed,17.36,abfa278e193c88d4,14.355,4.316,1.227,1.227,"A* route lateral clearance (row robot, chassis +3 mm, margin 0)",True,,,,,,,False,,,106,16.0,120,0.71,23,0.22,,,,
GAPW1-F4W-01020,F4,GAPW1,cylinder,F4W-01020,EXPORT-DOMAIN,REPLAY-AABB,export,,exported edge 1: its swept world AABB leaves the route prism by 12.8 mm in u although every exported pose is inside (own verifier CERTIFIED),gs3d/oracle.py:165-166 (known_space.contains_aabb of the swept world AABB) -> gs3d/integration.py:47-55; called from aerial3d/api.py:417-423,UNKNOWN:shared_replay_failed,PASS,stored_route_uv_0.1mm,1.082,True,UNKNOWN:shared_replay_failed,33.13,abfa278e193c88d4,14.355,8.438,4.822,4.822,"A* route lateral clearance (row robot, chassis +3 mm, margin 0)",False,,,,,,,False,,,101,30.85,178,1.72,36,0.3,,,,
GAPW1-F4W-01035,F4,GAPW1,cylinder,F4W-01035,EXPORT-DOMAIN,REPLAY-AABB,export,,exported edge 17: its swept world AABB leaves the route prism by 25.1 mm in u although every exported pose is inside (own verifier CERTIFIED),gs3d/oracle.py:165-166 (known_space.contains_aabb of the swept world AABB) -> gs3d/integration.py:47-55; called from aerial3d/api.py:417-423,UNKNOWN:shared_replay_failed,PASS,stored_route_uv_0.1mm,1.046,True,UNKNOWN:shared_replay_failed,0.19,abfa278e193c88d4,12.441,14.355,0.323,0.323,"A* route lateral clearance (row robot, chassis +3 mm, margin 0)",True,,,,,,,False,,,,,,,,,,,,
GAPW1-F4W-01073,F4,GAPW1,cylinder,F4W-01073,EXPORT-DOMAIN,REPLAY-AABB,export,,exported edge 36: its swept world AABB leaves the route prism by 9.6 mm in v although every exported pose is inside (own verifier CERTIFIED),gs3d/oracle.py:165-166 (known_space.contains_aabb of the swept world AABB) -> gs3d/integration.py:47-55; called from aerial3d/api.py:417-423,UNKNOWN:shared_replay_failed,PASS,stored_route_uv_0.1mm,1.025,True,UNKNOWN:shared_replay_failed,34.28,abfa278e193c88d4,12.207,19.99,5.2,5.2,"A* route lateral clearance (row robot, chassis +3 mm, margin 0)",False,,,,,,,False,,,81,32.6,114,1.13,26,0.25,,,,
GAPW1-F4W-01096,F4,GAPW1,cylinder,F4W-01096,EXPORT-DOMAIN,REPLAY-AABB,export,,exported edge 31: its swept world AABB leaves the route prism by 0.0 mm in v although every exported pose is inside (own verifier CERTIFIED),gs3d/oracle.py:165-166 (known_space.contains_aabb of the swept world AABB) -> gs3d/integration.py:47-55; called from aerial3d/api.py:417-423,UNKNOWN:shared_replay_failed,PASS,stored_route_uv_0.1mm,1.05,True,UNKNOWN:shared_replay_failed,9.2,abfa278e193c88d4,12.207,19.99,13.3,13.3,"A* route lateral clearance (row robot, chassis +3 mm, margin 0)",False,,,,,,,False,,,69,8.03,85,0.84,6,0.07,,,,
GAPW1-F4W-01120,F4,GAPW1,cylinder,F4W-01120,EXPORT-DOMAIN,REPLAY-AABB,export,,exported edge 27: its swept world AABB leaves the route prism by 4.7 mm in v although every exported pose is inside (own verifier CERTIFIED),gs3d/oracle.py:165-166 (known_space.contains_aabb of the swept world AABB) -> gs3d/integration.py:47-55; called from aerial3d/api.py:417-423,UNKNOWN:shared_replay_failed,PASS,stored_route_uv_0.1mm,1.077,True,UNKNOWN:shared_replay_failed,16.45,abfa278e193c88d4,19.99,17.764,0.702,0.702,"A* route lateral clearance (row robot, chassis +3 mm, margin 0)",True,,,,,,,False,,,156,15.29,99,0.73,17,0.09,,,,
GAPW1-F4W-01125,F4,GAPW1,cylinder,F4W-01125,EXPORT-DOMAIN,REPLAY-AABB,export,,exported edge 1: its swept world AABB leaves the route prism by 11.7 mm in v although every exported pose is inside (own verifier CERTIFIED),gs3d/oracle.py:165-166 (known_space.contains_aabb of the swept world AABB) -> gs3d/integration.py:47-55; called from aerial3d/api.py:417-423,UNKNOWN:shared_replay_failed,PASS,stored_route_uv_0.1mm,1.255,True,UNKNOWN:shared_replay_failed,8.9,abfa278e193c88d4,7.432,19.99,11.798,11.798,"A* route lateral clearance (row robot, chassis +3 mm, margin 0)",False,,,,,,,False,,,78,7.75,92,0.71,11,0.21,,,,
GAPW1-F4W-01140,F4,GAPW1,cylinder,F4W-01140,EXPORT-DOMAIN,REPLAY-AABB,export,,exported edge 21: its swept world AABB leaves the route prism by 14.7 mm in v although every exported pose is inside (own verifier CERTIFIED),gs3d/oracle.py:165-166 (known_space.contains_aabb of the swept world AABB) -> gs3d/integration.py:47-55; called from aerial3d/api.py:417-423,UNKNOWN:shared_replay_failed,PASS,stored_route_uv_0.1mm,1.006,True,UNKNOWN:shared_replay_failed,61.79,abfa278e193c88d4,19.99,3.223,5.89,5.89,"A* route lateral clearance (row robot, chassis +3 mm, margin 0)",False,,,,,,,False,,,15,19.07,73,41.18,1,0.01,,,,
GAPW1-F4W-01160,F4,GAPW1,cylinder,F4W-01160,EXPORT-DOMAIN,REPLAY-AABB,export,,exported edge 1: its swept world AABB leaves the route prism by 13.3 mm in v although every exported pose is inside (own verifier CERTIFIED),gs3d/oracle.py:165-166 (known_space.contains_aabb of the swept world AABB) -> gs3d/integration.py:47-55; called from aerial3d/api.py:417-423,UNKNOWN:shared_replay_failed,PASS,stored_route_uv_0.1mm,1.421,True,UNKNOWN:shared_replay_failed,0.88,abfa278e193c88d4,10.859,19.99,16.528,16.528,"A* route lateral clearance (row robot, chassis +3 mm, margin 0)",False,,,,,,,False,,,33,0.51,65,0.27,4,0.02,,,,
GAPW1-F4W-01178,F4,GAPW1,cylinder,F4W-01178,EXPORT-DOMAIN,REPLAY-AABB,export,,exported edge 32: its swept world AABB leaves the route prism by 1.9 mm in u although every exported pose is inside (own verifier CERTIFIED),gs3d/oracle.py:165-166 (known_space.contains_aabb of the swept world AABB) -> gs3d/integration.py:47-55; called from aerial3d/api.py:417-423,UNKNOWN:shared_replay_failed,PASS,stored_route_uv_0.1mm,1.255,True,UNKNOWN:shared_replay_failed,27.19,abfa278e193c88d4,8.438,12.207,2.875,2.875,"A* route lateral clearance (row robot, chassis +3 mm, margin 0)",False,,,,,,,False,,,73,26.05,109,0.81,7,0.07,,,,
GAPW1-F4W-01198,F4,GAPW1,cylinder,F4W-01198,EXPORT-DOMAIN,REPLAY-AABB,export,,exported edge 1: its swept world AABB leaves the route prism by 12.1 mm in v although every exported pose is inside (own verifier CERTIFIED),gs3d/oracle.py:165-166 (known_space.contains_aabb of the swept world AABB) -> gs3d/integration.py:47-55; called from aerial3d/api.py:417-423,UNKNOWN:shared_replay_failed,PASS,stored_route_uv_0.1mm,1.009,True,UNKNOWN:shared_replay_failed,4.98,abfa278e193c88d4,19.99,8.584,4.199,4.199,"A* route lateral clearance (row robot, chassis +3 mm, margin 0)",False,,,,,,,False,,,26,4.51,63,0.32,6,0.04,,,,
GAPW1-F4W-01218,F4,GAPW1,cylinder,F4W-01218,EXPORT-DOMAIN,REPLAY-AABB,export,,exported edge 36: its swept world AABB leaves the route prism by 4.4 mm in v although every exported pose is inside (own verifier CERTIFIED),gs3d/oracle.py:165-166 (known_space.contains_aabb of the swept world AABB) -> gs3d/integration.py:47-55; called from aerial3d/api.py:417-423,UNKNOWN:shared_replay_failed,PASS,stored_route_uv_0.1mm,1.077,True,UNKNOWN:shared_replay_failed,56.61,abfa278e193c88d4,14.502,17.744,1.001,1.001,"A* route lateral clearance (row robot, chassis +3 mm, margin 0)",True,,,,,,,False,,,172,43.58,120,0.77,89,11.87,,,,
GAPW1-F4W-01250,F4,GAPW1,cylinder,F4W-01250,EXPORT-DOMAIN,REPLAY-AABB,export,,exported edge 1: its swept world AABB leaves the route prism by 10.8 mm in v although every exported pose is inside (own verifier CERTIFIED),gs3d/oracle.py:165-166 (known_space.contains_aabb of the swept world AABB) -> gs3d/integration.py:47-55; called from aerial3d/api.py:417-423,UNKNOWN:shared_replay_failed,PASS,stored_route_uv_0.1mm,1.077,True,UNKNOWN:shared_replay_failed,9.49,abfa278e193c88d4,19.99,19.99,8.502,8.502,"A* route lateral clearance (row robot, chassis +3 mm, margin 0)",False,,,,,,,False,,,106,7.67,180,1.46,9,0.1,,,,
GAPW1-F4W-01252,F4,GAPW1,cylinder,F4W-01252,EXPORT-DOMAIN,REPLAY-AABB,export,,exported edge 1: its swept world AABB leaves the route prism by 20.7 mm in u although every exported pose is inside (own verifier CERTIFIED),gs3d/oracle.py:165-166 (known_space.contains_aabb of the swept world AABB) -> gs3d/integration.py:47-55; called from aerial3d/api.py:417-423,UNKNOWN:shared_replay_failed,PASS,stored_route_uv_0.1mm,1.046,True,UNKNOWN:shared_replay_failed,1.93,abfa278e193c88d4,14.756,19.99,12.323,12.323,"A* route lateral clearance (row robot, chassis +3 mm, margin 0)",False,,,,,,,False,,,2,1.07,0,0.0,,,,,,
GAPW1-F4W-01315,F4,GAPW1,cylinder,F4W-01315,EXPORT-DOMAIN,REPLAY-AABB,export,,exported edge 1: its swept world AABB leaves the route prism by 11.5 mm in v although every exported pose is inside (own verifier CERTIFIED),gs3d/oracle.py:165-166 (known_space.contains_aabb of the swept world AABB) -> gs3d/integration.py:47-55; called from aerial3d/api.py:417-423,UNKNOWN:shared_replay_failed,PASS,stored_route_uv_0.1mm,1.004,True,UNKNOWN:shared_replay_failed,52.73,abfa278e193c88d4,19.99,9.521,2.124,2.124,"A* route lateral clearance (row robot, chassis +3 mm, margin 0)",False,,,,,,,False,,,227,47.76,265,2.45,84,2.17,,,,
GAPW1-F4W-01347,F4,GAPW1,cylinder,F4W-01347,EXPORT-DOMAIN,REPLAY-AABB,export,,exported edge 1: its swept world AABB leaves the route prism by 8.1 mm in v although every exported pose is inside (own verifier CERTIFIED),gs3d/oracle.py:165-166 (known_space.contains_aabb of the swept world AABB) -> gs3d/integration.py:47-55; called from aerial3d/api.py:417-423,UNKNOWN:shared_replay_failed,PASS,stored_route_uv_0.1mm,1.027,True,UNKNOWN:shared_replay_failed,18.09,abfa278e193c88d4,7.432,19.99,13.3,13.3,"A* route lateral clearance (row robot, chassis +3 mm, margin 0)",False,,,,,,,False,,,155,16.35,176,1.2,15,0.25,,,,
GAPW1-F4W-01349,F4,GAPW1,cylinder,F4W-01349,EXPORT-DOMAIN,REPLAY-AABB,export,,exported edge 1: its swept world AABB leaves the route prism by 10.5 mm in v although every exported pose is inside (own verifier CERTIFIED),gs3d/oracle.py:165-166 (known_space.contains_aabb of the swept world AABB) -> gs3d/integration.py:47-55; called from aerial3d/api.py:417-423,UNKNOWN:shared_replay_failed,PASS,stored_route_uv_0.1mm,1.077,True,UNKNOWN:shared_replay_failed,16.96,abfa278e193c88d4,19.99,19.99,9.473,9.473,"A* route lateral clearance (row robot, chassis +3 mm, margin 0)",False,,,,,,,False,,,138,15.14,223,1.47,4,0.05,,,,
GAPW1-F4W-01385,F4,GAPW1,cylinder,F4W-01385,EXPORT-DOMAIN,REPLAY-AABB,export,,exported edge 27: its swept world AABB leaves the route prism by 16.7 mm in v although every exported pose is inside (own verifier CERTIFIED),gs3d/oracle.py:165-166 (known_space.contains_aabb of the swept world AABB) -> gs3d/integration.py:47-55; called from aerial3d/api.py:417-423,UNKNOWN:shared_replay_failed,PASS,stored_route_uv_0.1mm,1.169,True,UNKNOWN:shared_replay_failed,3.96,abfa278e193c88d4,3.857,7.451,6.476,6.476,"A* route lateral clearance (row robot, chassis +3 mm, margin 0)",False,,,,,,,False,,,87,3.0,100,0.67,6,0.07,,,,
GAPW1-F4W-01399,F4,GAPW1,cylinder,F4W-01399,EXPORT-DOMAIN,REPLAY-AABB,export,,exported edge 1: its swept world AABB leaves the route prism by 23.7 mm in v although every exported pose is inside (own verifier CERTIFIED),gs3d/oracle.py:165-166 (known_space.contains_aabb of the swept world AABB) -> gs3d/integration.py:47-55; called from aerial3d/api.py:417-423,UNKNOWN:shared_replay_failed,PASS,stored_route_uv_0.1mm,1.974,True,UNKNOWN:shared_replay_failed,0.3,abfa278e193c88d4,19.99,7.559,13.898,13.898,"A* route lateral clearance (row robot, chassis +3 mm, margin 0)",False,,,,,,,False,,,13,0.13,15,0.09,2,0.01,,,,
GAPW1-F4W-01424,F4,GAPW1,cylinder,F4W-01424,EXPORT-DOMAIN,REPLAY-AABB,export,,exported edge 27: its swept world AABB leaves the route prism by 5.5 mm in v although every exported pose is inside (own verifier CERTIFIED),gs3d/oracle.py:165-166 (known_space.contains_aabb of the swept world AABB) -> gs3d/integration.py:47-55; called from aerial3d/api.py:417-423,UNKNOWN:shared_replay_failed,PASS,stored_route_uv_0.1mm,1.123,True,UNKNOWN:shared_replay_failed,3.36,abfa278e193c88d4,7.705,19.99,8.35,8.35,"A* route lateral clearance (row robot, chassis +3 mm, margin 0)",False,,,,,,,False,,,27,2.62,81,0.57,7,0.04,,,,
GAPW1-F4W-01463,F4,GAPW1,cylinder,F4W-01463,EXPORT-DOMAIN,REPLAY-AABB,export,,exported edge 1: its swept world AABB leaves the route prism by 22.4 mm in v although every exported pose is inside (own verifier CERTIFIED),gs3d/oracle.py:165-166 (known_space.contains_aabb of the swept world AABB) -> gs3d/integration.py:47-55; called from aerial3d/api.py:417-423,UNKNOWN:shared_replay_failed,PASS,stored_route_uv_0.1mm,1.077,True,UNKNOWN:shared_replay_failed,13.23,abfa278e193c88d4,15.117,19.99,1.453,1.453,"A* route lateral clearance (row robot, chassis +3 mm, margin 0)",True,,,,,,,False,,,161,10.88,258,1.79,15,0.25,,,,
GAPW1-F4W-01468,F4,GAPW1,cylinder,F4W-01468,EXPORT-DOMAIN,REPLAY-AABB,export,,exported edge 38: its swept world AABB leaves the route prism by 14.3 mm in u although every exported pose is inside (own verifier CERTIFIED),gs3d/oracle.py:165-166 (known_space.contains_aabb of the swept world AABB) -> gs3d/integration.py:47-55; called from aerial3d/api.py:417-423,UNKNOWN:shared_replay_failed,PASS,stored_route_uv_0.1mm,1.246,True,UNKNOWN:shared_replay_failed,8.98,abfa278e193c88d4,8.74,14.355,3.772,3.772,"A* route lateral clearance (row robot, chassis +3 mm, margin 0)",False,,,,,,,False,,,124,7.67,94,0.52,57,0.4,,,,
GAPW1-F4W-01474,F4,GAPW1,cylinder,F4W-01474,EXPORT-DOMAIN,REPLAY-AABB,export,,exported edge 1: its swept world AABB leaves the route prism by 11.7 mm in v although every exported pose is inside (own verifier CERTIFIED),gs3d/oracle.py:165-166 (known_space.contains_aabb of the swept world AABB) -> gs3d/integration.py:47-55; called from aerial3d/api.py:417-423,UNKNOWN:shared_replay_failed,PASS,stored_route_uv_0.1mm,3.292,True,UNKNOWN:shared_replay_failed,0.06,abfa278e193c88d4,19.99,5.098,24.17,24.17,"A* route lateral clearance (row robot, chassis +3 mm, margin 0)",False,,,,,,,False,,,1,0.01,,,,,,,,
GAPW1-F4W-01498,F4,GAPW1,cylinder,F4W-01498,EXPORT-DOMAIN,REPLAY-AABB,export,,exported edge 23: its swept world AABB leaves the route prism by 11.1 mm in v although every exported pose is inside (own verifier CERTIFIED),gs3d/oracle.py:165-166 (known_space.contains_aabb of the swept world AABB) -> gs3d/integration.py:47-55; called from aerial3d/api.py:417-423,UNKNOWN:shared_replay_failed,PASS,stored_route_uv_0.1mm,1.006,True,UNKNOWN:shared_replay_failed,1.83,abfa278e193c88d4,19.053,17.686,5.896,5.896,"A* route lateral clearance (row robot, chassis +3 mm, margin 0)",False,,,,,,,False,,,55,0.97,138,0.62,8,0.04,,,,
S-F4S-00002,F4,S,cylinder,F4S-00002,EXPORT-DOMAIN,REPLAY-AABB,export,,exported edge 16: its swept world AABB leaves the route prism by 10.7 mm in v although every exported pose is inside (own verifier CERTIFIED),gs3d/oracle.py:165-166 (known_space.contains_aabb of the swept world AABB) -> gs3d/integration.py:47-55; called from aerial3d/api.py:417-423,UNKNOWN:shared_replay_failed,PASS,stored_route_uv_0.1mm,1.512,True,UNKNOWN:shared_replay_failed,0.04,8352bdd37aab07a2,6.797,6.533,0.0,0.0,"A* route lateral clearance (row robot, chassis +3 mm, margin 0)",True,,,,,,,False,,,3,0.0,0,0.0,,,,,,
S-F4S-00004,F4,S,cylinder,F4S-00004,EXPORT-DOMAIN,REPLAY-AABB,export,,exported edge 12: its swept world AABB leaves the route prism by 2.6 mm in v although every exported pose is inside (own verifier CERTIFIED),gs3d/oracle.py:165-166 (known_space.contains_aabb of the swept world AABB) -> gs3d/integration.py:47-55; called from aerial3d/api.py:417-423,UNKNOWN:shared_replay_failed,PASS,stored_route_uv_0.1mm,1.349,True,UNKNOWN:shared_replay_failed,0.03,8352bdd37aab07a2,9.697,8.291,2.014,2.014,"A* route lateral clearance (row robot, chassis +3 mm, margin 0)",True,,,,,,,False,,,3,0.0,0,0.0,,,,,,
S-F4S-00006,F4,S,cylinder,F4S-00006,EXPORT-DOMAIN,REPLAY-AABB,export,,exported edge 14: its swept world AABB leaves the route prism by 7.6 mm in v although every exported pose is inside (own verifier CERTIFIED),gs3d/oracle.py:165-166 (known_space.contains_aabb of the swept world AABB) -> gs3d/integration.py:47-55; called from aerial3d/api.py:417-423,UNKNOWN:shared_replay_failed,PASS,stored_route_uv_0.1mm,1.108,True,UNKNOWN:shared_replay_failed,0.04,8352bdd37aab07a2,6.826,5.742,1.453,1.453,"A* route lateral clearance (row robot, chassis +3 mm, margin 0)",True,,,,,,,False,,,5,0.0,0,0.0,,,,,,
S-F4S-00007,F4,S,cylinder,F4S-00007,EXPORT-DOMAIN,REPLAY-AABB,export,,exported edge 1: its swept world AABB leaves the route prism by 41.1 mm in v although every exported pose is inside (own verifier CERTIFIED),gs3d/oracle.py:165-166 (known_space.contains_aabb of the swept world AABB) -> gs3d/integration.py:47-55; called from aerial3d/api.py:417-423,UNKNOWN:shared_replay_failed,PASS,stored_route_uv_0.1mm,1.512,True,UNKNOWN:shared_replay_failed,0.01,8352bdd37aab07a2,7.354,6.123,8.63,8.63,"A* route lateral clearance (row robot, chassis +3 mm, margin 0)",False,,,,,,,False,,,7,0.0,0,0.0,,,,,,
S-F4S-00008,F4,S,cylinder,F4S-00008,EXPORT-DOMAIN,REPLAY-AABB,export,,exported edge 1: its swept world AABB leaves the route prism by 26.8 mm in v although every exported pose is inside (own verifier CERTIFIED),gs3d/oracle.py:165-166 (known_space.contains_aabb of the swept world AABB) -> gs3d/integration.py:47-55; called from aerial3d/api.py:417-423,UNKNOWN:shared_replay_failed,PASS,stored_route_uv_0.1mm,1.512,True,UNKNOWN:shared_replay_failed,0.2,8352bdd37aab07a2,6.26,6.465,0.14,0.14,"A* route lateral clearance (row robot, chassis +3 mm, margin 0)",True,,,,,,,False,,,7,0.0,0,0.0,,,,,,
S-F4S-00010,F4,S,cylinder,F4S-00010,EXPORT-DOMAIN,REPLAY-AABB,export,,exported edge 1: its swept world AABB leaves the route prism by 61.7 mm in v although every exported pose is inside (own verifier CERTIFIED),gs3d/oracle.py:165-166 (known_space.contains_aabb of the swept world AABB) -> gs3d/integration.py:47-55; called from aerial3d/api.py:417-423,UNKNOWN:shared_replay_failed,PASS,stored_route_uv_0.1mm,1.512,True,UNKNOWN:shared_replay_failed,0.01,8352bdd37aab07a2,9.336,8.35,9.473,9.473,"A* route lateral clearance (row robot, chassis +3 mm, margin 0)",False,,,,,,,False,,,,,,,,,,,,
S-F4S-00012,F4,S,cylinder,F4S-00012,EXPORT-DOMAIN,REPLAY-AABB,export,,exported edge 14: its swept world AABB leaves the route prism by 1.4 mm in v although every exported pose is inside (own verifier CERTIFIED),gs3d/oracle.py:165-166 (known_space.contains_aabb of the swept world AABB) -> gs3d/integration.py:47-55; called from aerial3d/api.py:417-423,UNKNOWN:shared_replay_failed,PASS,stored_route_uv_0.1mm,1.512,True,UNKNOWN:shared_replay_failed,0.03,8352bdd37aab07a2,6.699,7.187,0.665,0.665,"A* route lateral clearance (row robot, chassis +3 mm, margin 0)",True,,,,,,,False,,,5,0.0,0,0.0,,,,,,
S-F4S-00015,F4,S,cylinder,F4S-00015,EXPORT-DOMAIN,REPLAY-AABB,export,,exported edge 1: its swept world AABB leaves the route prism by 30.2 mm in v although every exported pose is inside (own verifier CERTIFIED),gs3d/oracle.py:165-166 (known_space.contains_aabb of the swept world AABB) -> gs3d/integration.py:47-55; called from aerial3d/api.py:417-423,UNKNOWN:shared_replay_failed,PASS,stored_route_uv_0.1mm,1.512,True,UNKNOWN:shared_replay_failed,0.01,8352bdd37aab07a2,7.588,8.711,28.882,28.882,"A* route lateral clearance (row robot, chassis +3 mm, margin 0)",False,,,,,,,False,,,4,0.0,0,0.0,,,,,,
S-F4S-00016,F4,S,cylinder,F4S-00016,EXPORT-DOMAIN,REPLAY-AABB,export,,exported edge 16: its swept world AABB leaves the route prism by 8.6 mm in v although every exported pose is inside (own verifier CERTIFIED),gs3d/oracle.py:165-166 (known_space.contains_aabb of the swept world AABB) -> gs3d/integration.py:47-55; called from aerial3d/api.py:417-423,UNKNOWN:shared_replay_failed,PASS,stored_route_uv_0.1mm,1.512,True,UNKNOWN:shared_replay_failed,0.07,8352bdd37aab07a2,6.592,2.92,1.892,1.892,"A* route lateral clearance (row robot, chassis +3 mm, margin 0)",True,,,,,,,False,,,7,0.0,0,0.0,,,,,,
S-F4S-00019,F4,S,cylinder,F4S-00019,EXPORT-DOMAIN,REPLAY-AABB,export,,exported edge 1: its swept world AABB leaves the route prism by 13.1 mm in v although every exported pose is inside (own verifier CERTIFIED),gs3d/oracle.py:165-166 (known_space.contains_aabb of the swept world AABB) -> gs3d/integration.py:47-55; called from aerial3d/api.py:417-423,UNKNOWN:shared_replay_failed,PASS,stored_route_uv_0.1mm,1.512,True,UNKNOWN:shared_replay_failed,0.01,8352bdd37aab07a2,8.105,6.631,1.715,1.715,"A* route lateral clearance (row robot, chassis +3 mm, margin 0)",True,,,,,,,False,,,9,0.0,0,0.0,0,0.0,,,,
S-F4S-00024,F4,S,cylinder,F4S-00024,EXPORT-DOMAIN,REPLAY-AABB,export,,exported edge 6: its swept world AABB leaves the route prism by 0.7 mm in v although every exported pose is inside (own verifier CERTIFIED),gs3d/oracle.py:165-166 (known_space.contains_aabb of the swept world AABB) -> gs3d/integration.py:47-55; called from aerial3d/api.py:417-423,UNKNOWN:shared_replay_failed,PASS,stored_route_uv_0.1mm,1.512,True,UNKNOWN:shared_replay_failed,0.03,8352bdd37aab07a2,6.025,6.572,0.989,0.989,"A* route lateral clearance (row robot, chassis +3 mm, margin 0)",True,,,,,,,False,,,3,0.0,0,0.0,,,,,,
S-F4S-00025,F4,S,cylinder,F4S-00025,EXPORT-DOMAIN,REPLAY-AABB,export,,exported edge 13: its swept world AABB leaves the route prism by 1.5 mm in v although every exported pose is inside (own verifier CERTIFIED),gs3d/oracle.py:165-166 (known_space.contains_aabb of the swept world AABB) -> gs3d/integration.py:47-55; called from aerial3d/api.py:417-423,UNKNOWN:shared_replay_failed,PASS,stored_route_uv_0.1mm,1.241,True,UNKNOWN:shared_replay_failed,0.04,8352bdd37aab07a2,6.416,5.957,1.892,1.892,"A* route lateral clearance (row robot, chassis +3 mm, margin 0)",True,,,,,,,False,,,4,0.0,0,0.0,,,,,,
S-F4S-00027,F4,S,cylinder,F4S-00027,EXPORT-DOMAIN,REPLAY-AABB,export,,exported edge 11: its swept world AABB leaves the route prism by 2.1 mm in v although every exported pose is inside (own verifier CERTIFIED),gs3d/oracle.py:165-166 (known_space.contains_aabb of the swept world AABB) -> gs3d/integration.py:47-55; called from aerial3d/api.py:417-423,UNKNOWN:shared_replay_failed,PASS,stored_route_uv_0.1mm,1.195,True,UNKNOWN:shared_replay_failed,0.03,8352bdd37aab07a2,9.258,8.066,0.14,0.14,"A* route lateral clearance (row robot, chassis +3 mm, margin 0)",True,,,,,,,False,,,3,0.0,0,0.0,,,,,,
S-F4S-00029,F4,S,cylinder,F4S-00029,EXPORT-DOMAIN,REPLAY-AABB,export,,exported edge 15: its swept world AABB leaves the route prism by 5.4 mm in v although every exported pose is inside (own verifier CERTIFIED),gs3d/oracle.py:165-166 (known_space.contains_aabb of the swept world AABB) -> gs3d/integration.py:47-55; called from aerial3d/api.py:417-423,UNKNOWN:shared_replay_failed,PASS,stored_route_uv_0.1mm,1.512,True,UNKNOWN:shared_replay_failed,0.03,8352bdd37aab07a2,8.125,8.301,2.539,2.539,"A* route lateral clearance (row robot, chassis +3 mm, margin 0)",False,,,,,,,False,,,,,,,,,,,,
S-F4S-00031,F4,S,cylinder,F4S-00031,EXPORT-DOMAIN,REPLAY-AABB,export,,exported edge 3: its swept world AABB leaves the route prism by 24.6 mm in v although every exported pose is inside (own verifier CERTIFIED),gs3d/oracle.py:165-166 (known_space.contains_aabb of the swept world AABB) -> gs3d/integration.py:47-55; called from aerial3d/api.py:417-423,UNKNOWN:shared_replay_failed,PASS,stored_route_uv_0.1mm,1.512,True,UNKNOWN:shared_replay_failed,0.01,8352bdd37aab07a2,4.639,6.563,3.589,3.589,"A* route lateral clearance (row robot, chassis +3 mm, margin 0)",False,,,,,,,False,,,6,0.0,0,0.0,0,0.0,,,,
S-F4S-00037,F4,S,cylinder,F4S-00037,EXPORT-DOMAIN,REPLAY-AABB,export,,exported edge 6: its swept world AABB leaves the route prism by 0.4 mm in v although every exported pose is inside (own verifier CERTIFIED),gs3d/oracle.py:165-166 (known_space.contains_aabb of the swept world AABB) -> gs3d/integration.py:47-55; called from aerial3d/api.py:417-423,UNKNOWN:shared_replay_failed,PASS,stored_route_uv_0.1mm,1.512,True,UNKNOWN:shared_replay_failed,0.02,8352bdd37aab07a2,6.797,6.689,1.74,1.74,"A* route lateral clearance (row robot, chassis +3 mm, margin 0)",True,,,,,,,False,,,4,0.0,0,0.0,,,,,,
S-F4S-00041,F4,S,cylinder,F4S-00041,EXPORT-DOMAIN,REPLAY-AABB,export,,exported edge 15: its swept world AABB leaves the route prism by 5.0 mm in v although every exported pose is inside (own verifier CERTIFIED),gs3d/oracle.py:165-166 (known_space.contains_aabb of the swept world AABB) -> gs3d/integration.py:47-55; called from aerial3d/api.py:417-423,UNKNOWN:shared_replay_failed,PASS,stored_route_uv_0.1mm,1.512,True,UNKNOWN:shared_replay_failed,0.04,8352bdd37aab07a2,6.885,2.959,2.344,2.344,"A* route lateral clearance (row robot, chassis +3 mm, margin 0)",False,,,,,,,False,,,4,0.0,0,0.0,,,,,,
S-F4S-00043,F4,S,cylinder,F4S-00043,EXPORT-DOMAIN,REPLAY-AABB,export,,exported edge 1: its swept world AABB leaves the route prism by 73.2 mm in v although every exported pose is inside (own verifier CERTIFIED),gs3d/oracle.py:165-166 (known_space.contains_aabb of the swept world AABB) -> gs3d/integration.py:47-55; called from aerial3d/api.py:417-423,UNKNOWN:shared_replay_failed,PASS,stored_route_uv_0.1mm,1.512,True,UNKNOWN:shared_replay_failed,0.24,8352bdd37aab07a2,8.799,7.119,0.775,0.775,"A* route lateral clearance (row robot, chassis +3 mm, margin 0)",True,,,,,,,False,,,12,0.1,22,0.11,5,0.0,,,,
S-F4S-00044,F4,S,cylinder,F4S-00044,EXPORT-DOMAIN,REPLAY-AABB,export,,exported edge 1: its swept world AABB leaves the route prism by 13.7 mm in v although every exported pose is inside (own verifier CERTIFIED),gs3d/oracle.py:165-166 (known_space.contains_aabb of the swept world AABB) -> gs3d/integration.py:47-55; called from aerial3d/api.py:417-423,UNKNOWN:shared_replay_failed,PASS,stored_route_uv_0.1mm,1.512,True,UNKNOWN:shared_replay_failed,0.01,8352bdd37aab07a2,5.977,7.305,0.665,0.665,"A* route lateral clearance (row robot, chassis +3 mm, margin 0)",True,,,,,,,False,,,4,0.0,0,0.0,,,,,,
S-F4S-00047,F4,S,cylinder,F4S-00047,EXPORT-DOMAIN,REPLAY-AABB,export,,exported edge 14: its swept world AABB leaves the route prism by 4.8 mm in v although every exported pose is inside (own verifier CERTIFIED),gs3d/oracle.py:165-166 (known_space.contains_aabb of the swept world AABB) -> gs3d/integration.py:47-55; called from aerial3d/api.py:417-423,UNKNOWN:shared_replay_failed,PASS,stored_route_uv_0.1mm,1.512,True,UNKNOWN:shared_replay_failed,0.03,8352bdd37aab07a2,6.65,6.67,0.14,0.14,"A* route lateral clearance (row robot, chassis +3 mm, margin 0)",True,,,,,,,False,,,7,0.0,0,0.0,,,,,,
S-F4S-00050,F4,S,cylinder,F4S-00050,EXPORT-DOMAIN,REPLAY-AABB,export,,exported edge 1: its swept world AABB leaves the route prism by 66.7 mm in v although every exported pose is inside (own verifier CERTIFIED),gs3d/oracle.py:165-166 (known_space.contains_aabb of the swept world AABB) -> gs3d/integration.py:47-55; called from aerial3d/api.py:417-423,UNKNOWN:shared_replay_failed,PASS,stored_route_uv_0.1mm,1.512,True,UNKNOWN:shared_replay_failed,0.01,8352bdd37aab07a2,7.432,6.719,2.386,2.386,"A* route lateral clearance (row robot, chassis +3 mm, margin 0)",False,,,,,,,False,,,6,0.0,0,0.0,0,0.0,,,,
S-F4S-00053,F4,S,cylinder,F4S-00053,EXPORT-DOMAIN,REPLAY-AABB,export,,exported edge 1: its swept world AABB leaves the route prism by 68.3 mm in v although every exported pose is inside (own verifier CERTIFIED),gs3d/oracle.py:165-166 (known_space.contains_aabb of the swept world AABB) -> gs3d/integration.py:47-55; called from aerial3d/api.py:417-423,UNKNOWN:shared_replay_failed,PASS,stored_route_uv_0.1mm,1.512,True,UNKNOWN:shared_replay_failed,0.02,8352bdd37aab07a2,7.256,8.008,4.224,4.224,"A* route lateral clearance (row robot, chassis +3 mm, margin 0)",False,,,,,,,False,,,3,0.0,0,0.0,,,,,,
S-F4S-00055,F4,S,cylinder,F4S-00055,EXPORT-DOMAIN,REPLAY-AABB,export,,exported edge 9: its swept world AABB leaves the route prism by 0.9 mm in v although every exported pose is inside (own verifier CERTIFIED),gs3d/oracle.py:165-166 (known_space.contains_aabb of the swept world AABB) -> gs3d/integration.py:47-55; called from aerial3d/api.py:417-423,UNKNOWN:shared_replay_failed,PASS,stored_route_uv_0.1mm,1.349,True,UNKNOWN:shared_replay_failed,0.03,8352bdd37aab07a2,9.141,8.242,2.264,2.264,"A* route lateral clearance (row robot, chassis +3 mm, margin 0)",False,,,,,,,False,,,3,0.0,0,0.0,,,,,,
S-F4S-00061,F4,S,cylinder,F4S-00061,EXPORT-DOMAIN,REPLAY-AABB,export,,exported edge 1: its swept world AABB leaves the route prism by 51.4 mm in v although every exported pose is inside (own verifier CERTIFIED),gs3d/oracle.py:165-166 (known_space.contains_aabb of the swept world AABB) -> gs3d/integration.py:47-55; called from aerial3d/api.py:417-423,UNKNOWN:shared_replay_failed,PASS,stored_route_uv_0.1mm,1.512,True,UNKNOWN:shared_replay_failed,0.02,8352bdd37aab07a2,6.113,6.924,3.473,3.473,"A* route lateral clearance (row robot, chassis +3 mm, margin 0)",False,,,,,,,False,,,6,0.01,0,0.0,1,0.0,,,,
S-F4S-00064,F4,S,cylinder,F4S-00064,EXPORT-DOMAIN,REPLAY-AABB,export,,exported edge 1: its swept world AABB leaves the route prism by 3.9 mm in v although every exported pose is inside (own verifier CERTIFIED),gs3d/oracle.py:165-166 (known_space.contains_aabb of the swept world AABB) -> gs3d/integration.py:47-55; called from aerial3d/api.py:417-423,UNKNOWN:shared_replay_failed,PASS,stored_route_uv_0.1mm,1.512,True,UNKNOWN:shared_replay_failed,0.02,8352bdd37aab07a2,6.758,7.217,19.11,19.11,"A* route lateral clearance (row robot, chassis +3 mm, margin 0)",False,,,,,,,False,,,3,0.0,0,0.0,,,,,,
S-F4S-00068,F4,S,cylinder,F4S-00068,EXPORT-DOMAIN,REPLAY-AABB,export,,exported edge 1: its swept world AABB leaves the route prism by 20.2 mm in v although every exported pose is inside (own verifier CERTIFIED),gs3d/oracle.py:165-166 (known_space.contains_aabb of the swept world AABB) -> gs3d/integration.py:47-55; called from aerial3d/api.py:417-423,UNKNOWN:shared_replay_failed,PASS,stored_route_uv_0.1mm,1.172,True,UNKNOWN:shared_replay_failed,0.19,8352bdd37aab07a2,5.684,8.486,1.801,1.801,"A* route lateral clearance (row robot, chassis +3 mm, margin 0)",True,,,,,,,False,,,12,0.07,28,0.1,4,0.0,,,,
S-F4S-00070,F4,S,cylinder,F4S-00070,EXPORT-DOMAIN,REPLAY-AABB,export,,exported edge 12: its swept world AABB leaves the route prism by 0.7 mm in v although every exported pose is inside (own verifier CERTIFIED),gs3d/oracle.py:165-166 (known_space.contains_aabb of the swept world AABB) -> gs3d/integration.py:47-55; called from aerial3d/api.py:417-423,UNKNOWN:shared_replay_failed,PASS,stored_route_uv_0.1mm,1.512,True,UNKNOWN:shared_replay_failed,0.03,8352bdd37aab07a2,7.285,7.881,0.018,0.018,"A* route lateral clearance (row robot, chassis +3 mm, margin 0)",True,,,,,,,False,,,3,0.0,0,0.0,,,,,,
S-F4S-00071,F4,S,cylinder,F4S-00071,EXPORT-DOMAIN,REPLAY-AABB,export,,exported edge 1: its swept world AABB leaves the route prism by 1.3 mm in v although every exported pose is inside (own verifier CERTIFIED),gs3d/oracle.py:165-166 (known_space.contains_aabb of the swept world AABB) -> gs3d/integration.py:47-55; called from aerial3d/api.py:417-423,UNKNOWN:shared_replay_failed,PASS,stored_route_uv_0.1mm,1.512,True,UNKNOWN:shared_replay_failed,0.01,8352bdd37aab07a2,7.92,6.377,21.136,21.136,"A* route lateral clearance (row robot, chassis +3 mm, margin 0)",False,,,,,,,False,,,3,0.0,0,0.0,,,,,,
S-F4S-00072,F4,S,cylinder,F4S-00072,EXPORT-DOMAIN,REPLAY-AABB,export,,exported edge 17: its swept world AABB leaves the route prism by 8.5 mm in v although every exported pose is inside (own verifier CERTIFIED),gs3d/oracle.py:165-166 (known_space.contains_aabb of the swept world AABB) -> gs3d/integration.py:47-55; called from aerial3d/api.py:417-423,UNKNOWN:shared_replay_failed,PASS,stored_route_uv_0.1mm,1.512,True,UNKNOWN:shared_replay_failed,0.03,8352bdd37aab07a2,8.242,6.65,0.317,0.317,"A* route lateral clearance (row robot, chassis +3 mm, margin 0)",True,,,,,,,False,,,9,0.0,0,0.0,0,0.0,,,,
S-F4S-00074,F4,S,cylinder,F4S-00074,EXPORT-DOMAIN,REPLAY-AABB,export,,exported edge 1: its swept world AABB leaves the route prism by 52.1 mm in v although every exported pose is inside (own verifier CERTIFIED),gs3d/oracle.py:165-166 (known_space.contains_aabb of the swept world AABB) -> gs3d/integration.py:47-55; called from aerial3d/api.py:417-423,UNKNOWN:shared_replay_failed,PASS,stored_route_uv_0.1mm,1.512,True,UNKNOWN:shared_replay_failed,0.02,8352bdd37aab07a2,6.963,7.959,3.363,3.363,"A* route lateral clearance (row robot, chassis +3 mm, margin 0)",False,,,,,,,False,,,4,0.0,0,0.0,,,,,,
S-F4S-00075,F4,S,cylinder,F4S-00075,EXPORT-DOMAIN,REPLAY-AABB,export,,exported edge 8: its swept world AABB leaves the route prism by 3.4 mm in v although every exported pose is inside (own verifier CERTIFIED),gs3d/oracle.py:165-166 (known_space.contains_aabb of the swept world AABB) -> gs3d/integration.py:47-55; called from aerial3d/api.py:417-423,UNKNOWN:shared_replay_failed,PASS,stored_route_uv_0.1mm,1.512,True,UNKNOWN:shared_replay_failed,0.06,8352bdd37aab07a2,6.211,5.547,1.398,1.398,"A* route lateral clearance (row robot, chassis +3 mm, margin 0)",True,,,,,,,False,,,6,0.01,0,0.0,1,0.0,,,,
S-F4S-00077,F4,S,cylinder,F4S-00077,EXPORT-DOMAIN,REPLAY-AABB,export,,exported edge 12: its swept world AABB leaves the route prism by 5.6 mm in v although every exported pose is inside (own verifier CERTIFIED),gs3d/oracle.py:165-166 (known_space.contains_aabb of the swept world AABB) -> gs3d/integration.py:47-55; called from aerial3d/api.py:417-423,UNKNOWN:shared_replay_failed,PASS,stored_route_uv_0.1mm,1.512,True,UNKNOWN:shared_replay_failed,0.02,8352bdd37aab07a2,6.865,6.826,0.769,0.769,"A* route lateral clearance (row robot, chassis +3 mm, margin 0)",True,,,,,,,False,,,7,0.0,0,0.0,,,,,,
S-F4S-00080,F4,S,cylinder,F4S-00080,EXPORT-DOMAIN,REPLAY-AABB,export,,exported edge 14: its swept world AABB leaves the route prism by 12.4 mm in v although every exported pose is inside (own verifier CERTIFIED),gs3d/oracle.py:165-166 (known_space.contains_aabb of the swept world AABB) -> gs3d/integration.py:47-55; called from aerial3d/api.py:417-423,UNKNOWN:shared_replay_failed,PASS,stored_route_uv_0.1mm,1.512,True,UNKNOWN:shared_replay_failed,0.02,8352bdd37aab07a2,8.145,7.08,1.862,1.862,"A* route lateral clearance (row robot, chassis +3 mm, margin 0)",True,,,,,,,False,,,3,0.0,0,0.0,,,,,,
S-F4S-00082,F4,S,cylinder,F4S-00082,EXPORT-DOMAIN,REPLAY-AABB,export,,exported edge 12: its swept world AABB leaves the route prism by 2.8 mm in v although every exported pose is inside (own verifier CERTIFIED),gs3d/oracle.py:165-166 (known_space.contains_aabb of the swept world AABB) -> gs3d/integration.py:47-55; called from aerial3d/api.py:417-423,UNKNOWN:shared_replay_failed,PASS,stored_route_uv_0.1mm,1.199,True,UNKNOWN:shared_replay_failed,0.03,8352bdd37aab07a2,6.514,7.305,0.092,0.092,"A* route lateral clearance (row robot, chassis +3 mm, margin 0)",True,,,,,,,False,,,3,0.0,0,0.0,,,,,,
S-F4S-00083,F4,S,cylinder,F4S-00083,EXPORT-DOMAIN,REPLAY-AABB,export,,exported edge 1: its swept world AABB leaves the route prism by 59.8 mm in v although every exported pose is inside (own verifier CERTIFIED),gs3d/oracle.py:165-166 (known_space.contains_aabb of the swept world AABB) -> gs3d/integration.py:47-55; called from aerial3d/api.py:417-423,UNKNOWN:shared_replay_failed,PASS,stored_route_uv_0.1mm,1.512,True,UNKNOWN:shared_replay_failed,0.01,8352bdd37aab07a2,7.705,7.461,2.838,2.838,"A* route lateral clearance (row robot, chassis +3 mm, margin 0)",False,,,,,,,False,,,3,0.0,0,0.0,,,,,,
S-F4S-00086,F4,S,cylinder,F4S-00086,EXPORT-DOMAIN,REPLAY-AABB,export,,exported edge 15: its swept world AABB leaves the route prism by 10.2 mm in v although every exported pose is inside (own verifier CERTIFIED),gs3d/oracle.py:165-166 (known_space.contains_aabb of the swept world AABB) -> gs3d/integration.py:47-55; called from aerial3d/api.py:417-423,UNKNOWN:shared_replay_failed,PASS,stored_route_uv_0.1mm,1.512,True,UNKNOWN:shared_replay_failed,0.03,8352bdd37aab07a2,6.445,6.221,0.214,0.214,"A* route lateral clearance (row robot, chassis +3 mm, margin 0)",True,,,,,,,False,,,4,0.0,0,0.0,,,,,,
S-F4S-00088,F4,S,cylinder,F4S-00088,EXPORT-DOMAIN,REPLAY-AABB,export,,exported edge 1: its swept world AABB leaves the route prism by 12.9 mm in v although every exported pose is inside (own verifier CERTIFIED),gs3d/oracle.py:165-166 (known_space.contains_aabb of the swept world AABB) -> gs3d/integration.py:47-55; called from aerial3d/api.py:417-423,UNKNOWN:shared_replay_failed,PASS,stored_route_uv_0.1mm,1.512,True,UNKNOWN:shared_replay_failed,0.06,8352bdd37aab07a2,7.705,7.656,6.165,6.165,"A* route lateral clearance (row robot, chassis +3 mm, margin 0)",False,,,,,,,False,,,13,0.02,1,0.0,1,0.0,,,,
S-F4S-00089,F4,S,cylinder,F4S-00089,EXPORT-DOMAIN,REPLAY-AABB,export,,exported edge 1: its swept world AABB leaves the route prism by 24.5 mm in v although every exported pose is inside (own verifier CERTIFIED),gs3d/oracle.py:165-166 (known_space.contains_aabb of the swept world AABB) -> gs3d/integration.py:47-55; called from aerial3d/api.py:417-423,UNKNOWN:shared_replay_failed,PASS,stored_route_uv_0.1mm,1.111,True,UNKNOWN:shared_replay_failed,0.02,8352bdd37aab07a2,6.348,5.898,0.909,0.909,"A* route lateral clearance (row robot, chassis +3 mm, margin 0)",True,,,,,,,False,,,11,0.0,0,0.0,0,0.0,,,,
S-F4S-00095,F4,S,cylinder,F4S-00095,EXPORT-DOMAIN,REPLAY-AABB,export,,exported edge 12: its swept world AABB leaves the route prism by 0.4 mm in v although every exported pose is inside (own verifier CERTIFIED),gs3d/oracle.py:165-166 (known_space.contains_aabb of the swept world AABB) -> gs3d/integration.py:47-55; called from aerial3d/api.py:417-423,UNKNOWN:shared_replay_failed,PASS,stored_route_uv_0.1mm,1.512,True,UNKNOWN:shared_replay_failed,0.02,8352bdd37aab07a2,6.221,6.582,2.563,2.563,"A* route lateral clearance (row robot, chassis +3 mm, margin 0)",False,,,,,,,False,,,4,0.0,0,0.0,,,,,,
S-F4S-00097,F4,S,cylinder,F4S-00097,EXPORT-DOMAIN,REPLAY-AABB,export,,exported edge 3: its swept world AABB leaves the route prism by 33.9 mm in v although every exported pose is inside (own verifier CERTIFIED),gs3d/oracle.py:165-166 (known_space.contains_aabb of the swept world AABB) -> gs3d/integration.py:47-55; called from aerial3d/api.py:417-423,UNKNOWN:shared_replay_failed,PASS,stored_route_uv_0.1mm,1.512,True,UNKNOWN:shared_replay_failed,0.02,8352bdd37aab07a2,8.652,6.182,24.469,24.469,"A* route lateral clearance (row robot, chassis +3 mm, margin 0)",False,,,,,,,False,,,13,0.0,6,0.0,0,0.0,,,,
S-F4S-00099,F4,S,cylinder,F4S-00099,EXPORT-DOMAIN,REPLAY-AABB,export,,exported edge 11: its swept world AABB leaves the route prism by 4.4 mm in v although every exported pose is inside (own verifier CERTIFIED),gs3d/oracle.py:165-166 (known_space.contains_aabb of the swept world AABB) -> gs3d/integration.py:47-55; called from aerial3d/api.py:417-423,UNKNOWN:shared_replay_failed,PASS,stored_route_uv_0.1mm,1.512,True,UNKNOWN:shared_replay_failed,0.02,8352bdd37aab07a2,7.285,6.621,1.41,1.41,"A* route lateral clearance (row robot, chassis +3 mm, margin 0)",True,,,,,,,False,,,3,0.0,0,0.0,,,,,,
S-F4S-00103,F4,S,cylinder,F4S-00103,EXPORT-DOMAIN,REPLAY-AABB,export,,exported edge 3: its swept world AABB leaves the route prism by 13.9 mm in v although every exported pose is inside (own verifier CERTIFIED),gs3d/oracle.py:165-166 (known_space.contains_aabb of the swept world AABB) -> gs3d/integration.py:47-55; called from aerial3d/api.py:417-423,UNKNOWN:shared_replay_failed,PASS,stored_route_uv_0.1mm,1.512,True,UNKNOWN:shared_replay_failed,0.01,8352bdd37aab07a2,6.689,6.914,13.788,13.788,"A* route lateral clearance (row robot, chassis +3 mm, margin 0)",False,,,,,,,False,,,4,0.0,0,0.0,,,,,,
S-F4S-00104,F4,S,cylinder,F4S-00104,EXPORT-DOMAIN,REPLAY-AABB,export,,exported edge 14: its swept world AABB leaves the route prism by 11.0 mm in v although every exported pose is inside (own verifier CERTIFIED),gs3d/oracle.py:165-166 (known_space.contains_aabb of the swept world AABB) -> gs3d/integration.py:47-55; called from aerial3d/api.py:417-423,UNKNOWN:shared_replay_failed,PASS,stored_route_uv_0.1mm,1.512,True,UNKNOWN:shared_replay_failed,0.03,8352bdd37aab07a2,6.943,6.895,0.964,0.964,"A* route lateral clearance (row robot, chassis +3 mm, margin 0)",True,,,,,,,False,,,3,0.0,0,0.0,,,,,,
S-F4S-00105,F4,S,cylinder,F4S-00105,EXPORT-DOMAIN,REPLAY-AABB,export,,exported edge 1: its swept world AABB leaves the route prism by 42.7 mm in v although every exported pose is inside (own verifier CERTIFIED),gs3d/oracle.py:165-166 (known_space.contains_aabb of the swept world AABB) -> gs3d/integration.py:47-55; called from aerial3d/api.py:417-423,UNKNOWN:shared_replay_failed,PASS,stored_route_uv_0.1mm,1.512,True,UNKNOWN:shared_replay_failed,0.02,8352bdd37aab07a2,6.328,7.725,22.296,22.296,"A* route lateral clearance (row robot, chassis +3 mm, margin 0)",False,,,,,,,False,,,4,0.0,0,0.0,,,,,,
S-F4S-00112,F4,S,cylinder,F4S-00112,EXPORT-DOMAIN,REPLAY-AABB,export,,exported edge 1: its swept world AABB leaves the route prism by 40.0 mm in v although every exported pose is inside (own verifier CERTIFIED),gs3d/oracle.py:165-166 (known_space.contains_aabb of the swept world AABB) -> gs3d/integration.py:47-55; called from aerial3d/api.py:417-423,UNKNOWN:shared_replay_failed,PASS,stored_route_uv_0.1mm,1.512,True,UNKNOWN:shared_replay_failed,0.06,8352bdd37aab07a2,7.91,7.363,9.845,9.845,"A* route lateral clearance (row robot, chassis +3 mm, margin 0)",False,,,,,,,False,,,4,0.0,0,0.0,,,,,,
S-F4S-00114,F4,S,cylinder,F4S-00114,EXPORT-DOMAIN,REPLAY-AABB,export,,exported edge 1: its swept world AABB leaves the route prism by 4.7 mm in v although every exported pose is inside (own verifier CERTIFIED),gs3d/oracle.py:165-166 (known_space.contains_aabb of the swept world AABB) -> gs3d/integration.py:47-55; called from aerial3d/api.py:417-423,UNKNOWN:shared_replay_failed,PASS,stored_route_uv_0.1mm,1.512,True,UNKNOWN:shared_replay_failed,0.02,8352bdd37aab07a2,6.68,7.031,7.037,7.037,"A* route lateral clearance (row robot, chassis +3 mm, margin 0)",False,,,,,,,False,,,9,0.0,0,0.0,,,,,,
S-F4S-00118,F4,S,cylinder,F4S-00118,EXPORT-DOMAIN,REPLAY-AABB,export,,exported edge 15: its swept world AABB leaves the route prism by 5.6 mm in v although every exported pose is inside (own verifier CERTIFIED),gs3d/oracle.py:165-166 (known_space.contains_aabb of the swept world AABB) -> gs3d/integration.py:47-55; called from aerial3d/api.py:417-423,UNKNOWN:shared_replay_failed,PASS,stored_route_uv_0.1mm,1.512,True,UNKNOWN:shared_replay_failed,0.04,8352bdd37aab07a2,8.604,7.363,0.543,0.543,"A* route lateral clearance (row robot, chassis +3 mm, margin 0)",True,,,,,,,False,,,7,0.0,0,0.0,0,0.0,,,,
S-F4S-00119,F4,S,cylinder,F4S-00119,EXPORT-DOMAIN,REPLAY-AABB,export,,exported edge 1: its swept world AABB leaves the route prism by 14.4 mm in v although every exported pose is inside (own verifier CERTIFIED),gs3d/oracle.py:165-166 (known_space.contains_aabb of the swept world AABB) -> gs3d/integration.py:47-55; called from aerial3d/api.py:417-423,UNKNOWN:shared_replay_failed,PASS,stored_route_uv_0.1mm,1.512,True,UNKNOWN:shared_replay_failed,0.02,8352bdd37aab07a2,6.826,6.416,0.348,0.348,"A* route lateral clearance (row robot, chassis +3 mm, margin 0)",True,,,,,,,False,,,4,0.0,0,0.0,,,,,,
S-F4S-00121,F4,S,cylinder,F4S-00121,EXPORT-DOMAIN,REPLAY-AABB,export,,exported edge 14: its swept world AABB leaves the route prism by 6.1 mm in v although every exported pose is inside (own verifier CERTIFIED),gs3d/oracle.py:165-166 (known_space.contains_aabb of the swept world AABB) -> gs3d/integration.py:47-55; called from aerial3d/api.py:417-423,UNKNOWN:shared_replay_failed,PASS,stored_route_uv_0.1mm,1.512,True,UNKNOWN:shared_replay_failed,0.04,8352bdd37aab07a2,8.662,7.715,2.417,2.417,"A* route lateral clearance (row robot, chassis +3 mm, margin 0)",False,,,,,,,False,,,7,0.0,0,0.0,0,0.0,,,,
S-F4S-00122,F4,S,cylinder,F4S-00122,EXPORT-DOMAIN,REPLAY-AABB,export,,exported edge 1: its swept world AABB leaves the route prism by 63.6 mm in v although every exported pose is inside (own verifier CERTIFIED),gs3d/oracle.py:165-166 (known_space.contains_aabb of the swept world AABB) -> gs3d/integration.py:47-55; called from aerial3d/api.py:417-423,UNKNOWN:shared_replay_failed,PASS,stored_route_uv_0.1mm,1.512,True,UNKNOWN:shared_replay_failed,0.02,8352bdd37aab07a2,6.211,6.24,7.074,7.074,"A* route lateral clearance (row robot, chassis +3 mm, margin 0)",False,,,,,,,False,,,3,0.0,0,0.0,,,,,,
S-F4S-00123,F4,S,cylinder,F4S-00123,EXPORT-DOMAIN,REPLAY-AABB,export,,exported edge 1: its swept world AABB leaves the route prism by 52.6 mm in v although every exported pose is inside (own verifier CERTIFIED),gs3d/oracle.py:165-166 (known_space.contains_aabb of the swept world AABB) -> gs3d/integration.py:47-55; called from aerial3d/api.py:417-423,UNKNOWN:shared_replay_failed,PASS,stored_route_uv_0.1mm,1.275,True,UNKNOWN:shared_replay_failed,0.01,8352bdd37aab07a2,7.988,9.316,2.087,2.087,"A* route lateral clearance (row robot, chassis +3 mm, margin 0)",True,,,,,,,False,,,9,0.0,0,0.0,0,0.0,,,,
S-F4S-00124,F4,S,cylinder,F4S-00124,EXPORT-DOMAIN,REPLAY-AABB,export,,exported edge 1: its swept world AABB leaves the route prism by 7.9 mm in v although every exported pose is inside (own verifier CERTIFIED),gs3d/oracle.py:165-166 (known_space.contains_aabb of the swept world AABB) -> gs3d/integration.py:47-55; called from aerial3d/api.py:417-423,UNKNOWN:shared_replay_failed,PASS,stored_route_uv_0.1mm,1.512,True,UNKNOWN:shared_replay_failed,0.02,8352bdd37aab07a2,6.484,5.732,0.751,0.751,"A* route lateral clearance (row robot, chassis +3 mm, margin 0)",True,,,,,,,False,,,5,0.0,0,0.0,,,,,,
S-F4S-00127,F4,S,cylinder,F4S-00127,EXPORT-DOMAIN,REPLAY-AABB,export,,exported edge 1: its swept world AABB leaves the route prism by 3.6 mm in v although every exported pose is inside (own verifier CERTIFIED),gs3d/oracle.py:165-166 (known_space.contains_aabb of the swept world AABB) -> gs3d/integration.py:47-55; called from aerial3d/api.py:417-423,UNKNOWN:shared_replay_failed,PASS,stored_route_uv_0.1mm,1.512,True,UNKNOWN:shared_replay_failed,0.01,8352bdd37aab07a2,8.467,6.025,21.283,21.283,"A* route lateral clearance (row robot, chassis +3 mm, margin 0)",False,,,,,,,False,,,3,0.0,0,0.0,,,,,,
S-F4S-00131,F4,S,cylinder,F4S-00131,EXPORT-DOMAIN,REPLAY-AABB,export,,exported edge 1: its swept world AABB leaves the route prism by 21.2 mm in v although every exported pose is inside (own verifier CERTIFIED),gs3d/oracle.py:165-166 (known_space.contains_aabb of the swept world AABB) -> gs3d/integration.py:47-55; called from aerial3d/api.py:417-423,UNKNOWN:shared_replay_failed,PASS,stored_route_uv_0.1mm,1.349,True,UNKNOWN:shared_replay_failed,0.01,8352bdd37aab07a2,6.045,6.709,0.287,0.287,"A* route lateral clearance (row robot, chassis +3 mm, margin 0)",True,,,,,,,False,,,4,0.0,0,0.0,,,,,,
S-F4S-00135,F4,S,cylinder,F4S-00135,EXPORT-DOMAIN,REPLAY-AABB,export,,exported edge 3: its swept world AABB leaves the route prism by 22.8 mm in v although every exported pose is inside (own verifier CERTIFIED),gs3d/oracle.py:165-166 (known_space.contains_aabb of the swept world AABB) -> gs3d/integration.py:47-55; called from aerial3d/api.py:417-423,UNKNOWN:shared_replay_failed,PASS,stored_route_uv_0.1mm,1.512,True,UNKNOWN:shared_replay_failed,0.01,8352bdd37aab07a2,5.889,7.002,31.445,31.445,"A* route lateral clearance (row robot, chassis +3 mm, margin 0)",False,,,,,,,False,,,6,0.0,0,0.0,0,0.0,,,,
S-F4S-00137,F4,S,cylinder,F4S-00137,EXPORT-DOMAIN,REPLAY-AABB,export,,exported edge 17: its swept world AABB leaves the route prism by 0.5 mm in v although every exported pose is inside (own verifier CERTIFIED),gs3d/oracle.py:165-166 (known_space.contains_aabb of the swept world AABB) -> gs3d/integration.py:47-55; called from aerial3d/api.py:417-423,UNKNOWN:shared_replay_failed,PASS,stored_route_uv_0.1mm,1.512,True,UNKNOWN:shared_replay_failed,0.04,8352bdd37aab07a2,7.49,7.256,10.413,10.413,"A* route lateral clearance (row robot, chassis +3 mm, margin 0)",False,,,,,,,False,,,4,0.0,0,0.0,,,,,,
S-F4S-00139,F4,S,cylinder,F4S-00139,EXPORT-DOMAIN,REPLAY-AABB,export,,exported edge 1: its swept world AABB leaves the route prism by 16.4 mm in v although every exported pose is inside (own verifier CERTIFIED),gs3d/oracle.py:165-166 (known_space.contains_aabb of the swept world AABB) -> gs3d/integration.py:47-55; called from aerial3d/api.py:417-423,UNKNOWN:shared_replay_failed,PASS,stored_route_uv_0.1mm,1.512,True,UNKNOWN:shared_replay_failed,0.01,8352bdd37aab07a2,8.037,7.051,2.826,2.826,"A* route lateral clearance (row robot, chassis +3 mm, margin 0)",False,,,,,,,False,,,6,0.0,0,0.0,0,0.0,,,,
S-F4S-00140,F4,S,cylinder,F4S-00140,EXPORT-DOMAIN,REPLAY-AABB,export,,exported edge 3: its swept world AABB leaves the route prism by 33.4 mm in v although every exported pose is inside (own verifier CERTIFIED),gs3d/oracle.py:165-166 (known_space.contains_aabb of the swept world AABB) -> gs3d/integration.py:47-55; called from aerial3d/api.py:417-423,UNKNOWN:shared_replay_failed,PASS,stored_route_uv_0.1mm,1.512,True,UNKNOWN:shared_replay_failed,0.02,8352bdd37aab07a2,5.908,6.006,27.698,27.698,"A* route lateral clearance (row robot, chassis +3 mm, margin 0)",False,,,,,,,False,,,6,0.01,0,0.0,0,0.0,,,,
S-F4S-00141,F4,S,cylinder,F4S-00141,EXPORT-DOMAIN,REPLAY-AABB,export,,exported edge 13: its swept world AABB leaves the route prism by 9.4 mm in v although every exported pose is inside (own verifier CERTIFIED),gs3d/oracle.py:165-166 (known_space.contains_aabb of the swept world AABB) -> gs3d/integration.py:47-55; called from aerial3d/api.py:417-423,UNKNOWN:shared_replay_failed,PASS,stored_route_uv_0.1mm,1.349,True,UNKNOWN:shared_replay_failed,0.03,8352bdd37aab07a2,7.48,6.152,0.83,0.83,"A* route lateral clearance (row robot, chassis +3 mm, margin 0)",True,,,,,,,False,,,4,0.0,0,0.0,,,,,,
S-F4S-00142,F4,S,cylinder,F4S-00142,EXPORT-DOMAIN,REPLAY-AABB,export,,exported edge 18: its swept world AABB leaves the route prism by 17.7 mm in v although every exported pose is inside (own verifier CERTIFIED),gs3d/oracle.py:165-166 (known_space.contains_aabb of the swept world AABB) -> gs3d/integration.py:47-55; called from aerial3d/api.py:417-423,UNKNOWN:shared_replay_failed,PASS,stored_route_uv_0.1mm,1.512,True,UNKNOWN:shared_replay_failed,0.03,8352bdd37aab07a2,6.807,6.318,0.94,0.94,"A* route lateral clearance (row robot, chassis +3 mm, margin 0)",True,,,,,,,False,,,9,0.0,0,0.0,,,,,,
S-F4S-00143,F4,S,cylinder,F4S-00143,EXPORT-DOMAIN,REPLAY-AABB,export,,exported edge 16: its swept world AABB leaves the route prism by 1.3 mm in v although every exported pose is inside (own verifier CERTIFIED),gs3d/oracle.py:165-166 (known_space.contains_aabb of the swept world AABB) -> gs3d/integration.py:47-55; called from aerial3d/api.py:417-423,UNKNOWN:shared_replay_failed,PASS,stored_route_uv_0.1mm,1.512,True,UNKNOWN:shared_replay_failed,0.03,8352bdd37aab07a2,7.139,5.791,3.674,3.674,"A* route lateral clearance (row robot, chassis +3 mm, margin 0)",False,,,,,,,False,,,6,0.0,0,0.0,1,0.0,,,,
S-F4S-00144,F4,S,cylinder,F4S-00144,EXPORT-DOMAIN,REPLAY-AABB,export,,exported edge 16: its swept world AABB leaves the route prism by 14.9 mm in v although every exported pose is inside (own verifier CERTIFIED),gs3d/oracle.py:165-166 (known_space.contains_aabb of the swept world AABB) -> gs3d/integration.py:47-55; called from aerial3d/api.py:417-423,UNKNOWN:shared_replay_failed,PASS,stored_route_uv_0.1mm,1.512,True,UNKNOWN:shared_replay_failed,0.03,8352bdd37aab07a2,7.148,7.588,2.563,2.563,"A* route lateral clearance (row robot, chassis +3 mm, margin 0)",False,,,,,,,False,,,3,0.0,0,0.0,,,,,,
S-F4S-00145,F4,S,cylinder,F4S-00145,EXPORT-DOMAIN,REPLAY-AABB,export,,exported edge 1: its swept world AABB leaves the route prism by 49.6 mm in v although every exported pose is inside (own verifier CERTIFIED),gs3d/oracle.py:165-166 (known_space.contains_aabb of the swept world AABB) -> gs3d/integration.py:47-55; called from aerial3d/api.py:417-423,UNKNOWN:shared_replay_failed,PASS,stored_route_uv_0.1mm,1.512,True,UNKNOWN:shared_replay_failed,0.01,8352bdd37aab07a2,8.574,8.945,19.0,19.0,"A* route lateral clearance (row robot, chassis +3 mm, margin 0)",False,,,,,,,False,,,,,,,,,,,,
S-F4S-00146,F4,S,cylinder,F4S-00146,EXPORT-DOMAIN,REPLAY-AABB,export,,exported edge 1: its swept world AABB leaves the route prism by 13.6 mm in v although every exported pose is inside (own verifier CERTIFIED),gs3d/oracle.py:165-166 (known_space.contains_aabb of the swept world AABB) -> gs3d/integration.py:47-55; called from aerial3d/api.py:417-423,UNKNOWN:shared_replay_failed,PASS,stored_route_uv_0.1mm,1.512,True,UNKNOWN:shared_replay_failed,0.02,8352bdd37aab07a2,8.252,6.963,33.38,33.38,"A* route lateral clearance (row robot, chassis +3 mm, margin 0)",False,,,,,,,False,,,4,0.0,0,0.0,,,,,,
S-F4S-00147,F4,S,cylinder,F4S-00147,EXPORT-DOMAIN,REPLAY-AABB,export,,exported edge 1: its swept world AABB leaves the route prism by 28.3 mm in v although every exported pose is inside (own verifier CERTIFIED),gs3d/oracle.py:165-166 (known_space.contains_aabb of the swept world AABB) -> gs3d/integration.py:47-55; called from aerial3d/api.py:417-423,UNKNOWN:shared_replay_failed,PASS,stored_route_uv_0.1mm,1.387,True,UNKNOWN:shared_replay_failed,0.01,8352bdd37aab07a2,7.998,6.631,22.821,22.821,"A* route lateral clearance (row robot, chassis +3 mm, margin 0)",False,,,,,,,False,,,6,0.0,0,0.0,0,0.0,,,,
S-F4S-00149,F4,S,cylinder,F4S-00149,EXPORT-DOMAIN,REPLAY-AABB,export,,exported edge 1: its swept world AABB leaves the route prism by 61.0 mm in v although every exported pose is inside (own verifier CERTIFIED),gs3d/oracle.py:165-166 (known_space.contains_aabb of the swept world AABB) -> gs3d/integration.py:47-55; called from aerial3d/api.py:417-423,UNKNOWN:shared_replay_failed,PASS,stored_route_uv_0.1mm,1.349,True,UNKNOWN:shared_replay_failed,0.11,8352bdd37aab07a2,7.842,6.279,0.14,0.14,"A* route lateral clearance (row robot, chassis +3 mm, margin 0)",True,,,,,,,False,,,12,0.06,14,0.03,5,0.01,,,,
S-F4S-00150,F4,S,cylinder,F4S-00150,EXPORT-DOMAIN,REPLAY-AABB,export,,exported edge 1: its swept world AABB leaves the route prism by 2.0 mm in v although every exported pose is inside (own verifier CERTIFIED),gs3d/oracle.py:165-166 (known_space.contains_aabb of the swept world AABB) -> gs3d/integration.py:47-55; called from aerial3d/api.py:417-423,UNKNOWN:shared_replay_failed,PASS,stored_route_uv_0.1mm,1.157,True,UNKNOWN:shared_replay_failed,0.17,8352bdd37aab07a2,7.637,8.311,3.662,3.662,"A* route lateral clearance (row robot, chassis +3 mm, margin 0)",False,,,,,,,False,,,12,0.02,26,0.13,6,0.0,,,,
S-F4S-00154,F4,S,cylinder,F4S-00154,EXPORT-DOMAIN,REPLAY-AABB,export,,exported edge 18: its swept world AABB leaves the route prism by 9.3 mm in v although every exported pose is inside (own verifier CERTIFIED),gs3d/oracle.py:165-166 (known_space.contains_aabb of the swept world AABB) -> gs3d/integration.py:47-55; called from aerial3d/api.py:417-423,UNKNOWN:shared_replay_failed,PASS,stored_route_uv_0.1mm,1.502,True,UNKNOWN:shared_replay_failed,0.06,8352bdd37aab07a2,7.021,5.674,1.593,1.593,"A* route lateral clearance (row robot, chassis +3 mm, margin 0)",True,,,,,,,False,,,9,0.01,0,0.0,,,,,,
S-F4S-00155,F4,S,cylinder,F4S-00155,EXPORT-DOMAIN,REPLAY-AABB,export,,exported edge 13: its swept world AABB leaves the route prism by 6.5 mm in v although every exported pose is inside (own verifier CERTIFIED),gs3d/oracle.py:165-166 (known_space.contains_aabb of the swept world AABB) -> gs3d/integration.py:47-55; called from aerial3d/api.py:417-423,UNKNOWN:shared_replay_failed,PASS,stored_route_uv_0.1mm,1.512,True,UNKNOWN:shared_replay_failed,0.04,8352bdd37aab07a2,6.211,7.744,0.769,0.769,"A* route lateral clearance (row robot, chassis +3 mm, margin 0)",True,,,,,,,False,,,4,0.0,0,0.0,,,,,,
S-F4S-00163,F4,S,cylinder,F4S-00163,EXPORT-DOMAIN,REPLAY-AABB,export,,exported edge 1: its swept world AABB leaves the route prism by 8.4 mm in v although every exported pose is inside (own verifier CERTIFIED),gs3d/oracle.py:165-166 (known_space.contains_aabb of the swept world AABB) -> gs3d/integration.py:47-55; called from aerial3d/api.py:417-423,UNKNOWN:shared_replay_failed,PASS,stored_route_uv_0.1mm,1.512,True,UNKNOWN:shared_replay_failed,0.02,8352bdd37aab07a2,8.721,6.621,9.125,9.125,"A* route lateral clearance (row robot, chassis +3 mm, margin 0)",False,,,,,,,False,,,9,0.0,0,0.0,,,,,,
S-F4S-00166,F4,S,cylinder,F4S-00166,EXPORT-DOMAIN,REPLAY-AABB,export,,exported edge 1: its swept world AABB leaves the route prism by 57.6 mm in v although every exported pose is inside (own verifier CERTIFIED),gs3d/oracle.py:165-166 (known_space.contains_aabb of the swept world AABB) -> gs3d/integration.py:47-55; called from aerial3d/api.py:417-423,UNKNOWN:shared_replay_failed,PASS,stored_route_uv_0.1mm,1.512,True,UNKNOWN:shared_replay_failed,0.01,8352bdd37aab07a2,9.326,9.219,2.643,2.643,"A* route lateral clearance (row robot, chassis +3 mm, margin 0)",False,,,,,,,False,,,3,0.0,0,0.0,,,,,,
S-F4S-00168,F4,S,cylinder,F4S-00168,EXPORT-DOMAIN,REPLAY-AABB,export,,exported edge 1: its swept world AABB leaves the route prism by 22.1 mm in v although every exported pose is inside (own verifier CERTIFIED),gs3d/oracle.py:165-166 (known_space.contains_aabb of the swept world AABB) -> gs3d/integration.py:47-55; called from aerial3d/api.py:417-423,UNKNOWN:shared_replay_failed,PASS,stored_route_uv_0.1mm,1.512,True,UNKNOWN:shared_replay_failed,0.02,8352bdd37aab07a2,9.6,8.564,5.609,5.609,"A* route lateral clearance (row robot, chassis +3 mm, margin 0)",False,,,,,,,False,,,7,0.0,0,0.0,,,,,,
S-F4S-00169,F4,S,cylinder,F4S-00169,EXPORT-DOMAIN,REPLAY-AABB,export,,exported edge 23: its swept world AABB leaves the route prism by 1.8 mm in v although every exported pose is inside (own verifier CERTIFIED),gs3d/oracle.py:165-166 (known_space.contains_aabb of the swept world AABB) -> gs3d/integration.py:47-55; called from aerial3d/api.py:417-423,UNKNOWN:shared_replay_failed,PASS,stored_route_uv_0.1mm,1.169,True,UNKNOWN:shared_replay_failed,0.55,8352bdd37aab07a2,2.227,6.514,0.378,0.378,"A* route lateral clearance (row robot, chassis +3 mm, margin 0)",True,,,,,,,False,,,36,0.1,234,0.34,11,0.01,,,,
S-F4S-00170,F4,S,cylinder,F4S-00170,EXPORT-DOMAIN,REPLAY-AABB,export,,exported edge 20: its swept world AABB leaves the route prism by 12.5 mm in v although every exported pose is inside (own verifier CERTIFIED),gs3d/oracle.py:165-166 (known_space.contains_aabb of the swept world AABB) -> gs3d/integration.py:47-55; called from aerial3d/api.py:417-423,UNKNOWN:shared_replay_failed,PASS,stored_route_uv_0.1mm,1.512,True,UNKNOWN:shared_replay_failed,0.07,8352bdd37aab07a2,7.041,6.338,0.989,0.989,"A* route lateral clearance (row robot, chassis +3 mm, margin 0)",True,,,,,,,False,,,15,0.0,0,0.0,0,0.0,,,,
S-F4S-00171,F4,S,cylinder,F4S-00171,EXPORT-DOMAIN,REPLAY-AABB,export,,exported edge 1: its swept world AABB leaves the route prism by 55.4 mm in v although every exported pose is inside (own verifier CERTIFIED),gs3d/oracle.py:165-166 (known_space.contains_aabb of the swept world AABB) -> gs3d/integration.py:47-55; called from aerial3d/api.py:417-423,UNKNOWN:shared_replay_failed,PASS,stored_route_uv_0.1mm,1.289,True,UNKNOWN:shared_replay_failed,0.01,8352bdd37aab07a2,6.279,7.158,0.842,0.842,"A* route lateral clearance (row robot, chassis +3 mm, margin 0)",True,,,,,,,False,,,5,0.0,0,0.0,,,,,,
S-F4S-00175,F4,S,cylinder,F4S-00175,EXPORT-DOMAIN,REPLAY-AABB,export,,exported edge 13: its swept world AABB leaves the route prism by 0.1 mm in v although every exported pose is inside (own verifier CERTIFIED),gs3d/oracle.py:165-166 (known_space.contains_aabb of the swept world AABB) -> gs3d/integration.py:47-55; called from aerial3d/api.py:417-423,UNKNOWN:shared_replay_failed,PASS,stored_route_uv_0.1mm,1.512,True,UNKNOWN:shared_replay_failed,0.03,8352bdd37aab07a2,9.854,9.58,1.514,1.514,"A* route lateral clearance (row robot, chassis +3 mm, margin 0)",True,,,,,,,False,,,3,0.0,0,0.0,,,,,,
S-F4S-00176,F4,S,cylinder,F4S-00176,EXPORT-DOMAIN,REPLAY-AABB,export,,exported edge 3: its swept world AABB leaves the route prism by 0.5 mm in v although every exported pose is inside (own verifier CERTIFIED),gs3d/oracle.py:165-166 (known_space.contains_aabb of the swept world AABB) -> gs3d/integration.py:47-55; called from aerial3d/api.py:417-423,UNKNOWN:shared_replay_failed,PASS,stored_route_uv_0.1mm,1.268,True,UNKNOWN:shared_replay_failed,0.02,8352bdd37aab07a2,3.877,6.191,5.554,5.554,"A* route lateral clearance (row robot, chassis +3 mm, margin 0)",False,,,,,,,False,,,11,0.0,0,0.0,0,0.0,,,,
S-F4S-00178,F4,S,cylinder,F4S-00178,EXPORT-DOMAIN,REPLAY-AABB,export,,exported edge 1: its swept world AABB leaves the route prism by 53.9 mm in v although every exported pose is inside (own verifier CERTIFIED),gs3d/oracle.py:165-166 (known_space.contains_aabb of the swept world AABB) -> gs3d/integration.py:47-55; called from aerial3d/api.py:417-423,UNKNOWN:shared_replay_failed,PASS,stored_route_uv_0.1mm,1.512,True,UNKNOWN:shared_replay_failed,0.01,8352bdd37aab07a2,6.455,6.201,0.464,0.464,"A* route lateral clearance (row robot, chassis +3 mm, margin 0)",True,,,,,,,False,,,4,0.0,0,0.0,,,,,,
S-F4S-00180,F4,S,cylinder,F4S-00180,EXPORT-DOMAIN,REPLAY-AABB,export,,exported edge 3: its swept world AABB leaves the route prism by 20.8 mm in v although every exported pose is inside (own verifier CERTIFIED),gs3d/oracle.py:165-166 (known_space.contains_aabb of the swept world AABB) -> gs3d/integration.py:47-55; called from aerial3d/api.py:417-423,UNKNOWN:shared_replay_failed,PASS,stored_route_uv_0.1mm,1.512,True,UNKNOWN:shared_replay_failed,0.01,8352bdd37aab07a2,5.732,7.305,5.389,5.389,"A* route lateral clearance (row robot, chassis +3 mm, margin 0)",False,,,,,,,False,,,4,0.0,0,0.0,,,,,,
S-F4S-00182,F4,S,cylinder,F4S-00182,EXPORT-DOMAIN,REPLAY-AABB,export,,exported edge 1: its swept world AABB leaves the route prism by 19.2 mm in v although every exported pose is inside (own verifier CERTIFIED),gs3d/oracle.py:165-166 (known_space.contains_aabb of the swept world AABB) -> gs3d/integration.py:47-55; called from aerial3d/api.py:417-423,UNKNOWN:shared_replay_failed,PASS,stored_route_uv_0.1mm,1.426,True,UNKNOWN:shared_replay_failed,0.01,8352bdd37aab07a2,6.729,6.953,1.44,1.44,"A* route lateral clearance (row robot, chassis +3 mm, margin 0)",True,,,,,,,False,,,4,0.0,0,0.0,,,,,,
S-F4S-00187,F4,S,cylinder,F4S-00187,EXPORT-DOMAIN,REPLAY-AABB,export,,exported edge 16: its swept world AABB leaves the route prism by 2.7 mm in v although every exported pose is inside (own verifier CERTIFIED),gs3d/oracle.py:165-166 (known_space.contains_aabb of the swept world AABB) -> gs3d/integration.py:47-55; called from aerial3d/api.py:417-423,UNKNOWN:shared_replay_failed,PASS,stored_route_uv_0.1mm,1.512,True,UNKNOWN:shared_replay_failed,0.03,8352bdd37aab07a2,6.143,6.396,2.087,2.087,"A* route lateral clearance (row robot, chassis +3 mm, margin 0)",True,,,,,,,False,,,7,0.0,0,0.0,,,,,,
S-F4S-00192,F4,S,cylinder,F4S-00192,EXPORT-DOMAIN,REPLAY-AABB,export,,exported edge 18: its swept world AABB leaves the route prism by 3.1 mm in v although every exported pose is inside (own verifier CERTIFIED),gs3d/oracle.py:165-166 (known_space.contains_aabb of the swept world AABB) -> gs3d/integration.py:47-55; called from aerial3d/api.py:417-423,UNKNOWN:shared_replay_failed,PASS,stored_route_uv_0.1mm,1.512,True,UNKNOWN:shared_replay_failed,0.05,8352bdd37aab07a2,5.908,6.572,0.916,0.916,"A* route lateral clearance (row robot, chassis +3 mm, margin 0)",True,,,,,,,False,,,7,0.0,0,0.0,1,0.0,,,,
S-F4S-00194,F4,S,cylinder,F4S-00194,EXPORT-DOMAIN,REPLAY-AABB,export,,exported edge 1: its swept world AABB leaves the route prism by 16.9 mm in v although every exported pose is inside (own verifier CERTIFIED),gs3d/oracle.py:165-166 (known_space.contains_aabb of the swept world AABB) -> gs3d/integration.py:47-55; called from aerial3d/api.py:417-423,UNKNOWN:shared_replay_failed,PASS,stored_route_uv_0.1mm,1.512,True,UNKNOWN:shared_replay_failed,0.01,8352bdd37aab07a2,6.797,6.475,0.5,0.5,"A* route lateral clearance (row robot, chassis +3 mm, margin 0)",True,,,,,,,False,,,7,0.0,0,0.0,0,0.0,,,,
S-F4S-00196,F4,S,cylinder,F4S-00196,EXPORT-DOMAIN,REPLAY-AABB,export,,exported edge 19: its swept world AABB leaves the route prism by 13.2 mm in v although every exported pose is inside (own verifier CERTIFIED),gs3d/oracle.py:165-166 (known_space.contains_aabb of the swept world AABB) -> gs3d/integration.py:47-55; called from aerial3d/api.py:417-423,UNKNOWN:shared_replay_failed,PASS,stored_route_uv_0.1mm,1.512,True,UNKNOWN:shared_replay_failed,0.03,8352bdd37aab07a2,6.055,6.592,2.313,2.313,"A* route lateral clearance (row robot, chassis +3 mm, margin 0)",False,,,,,,,False,,,9,0.0,0,0.0,0,0.0,,,,
S-F4S-00197,F4,S,cylinder,F4S-00197,EXPORT-DOMAIN,REPLAY-AABB,export,,exported edge 1: its swept world AABB leaves the route prism by 10.2 mm in v although every exported pose is inside (own verifier CERTIFIED),gs3d/oracle.py:165-166 (known_space.contains_aabb of the swept world AABB) -> gs3d/integration.py:47-55; called from aerial3d/api.py:417-423,UNKNOWN:shared_replay_failed,PASS,stored_route_uv_0.1mm,1.512,True,UNKNOWN:shared_replay_failed,0.01,8352bdd37aab07a2,6.504,7.021,0.574,0.574,"A* route lateral clearance (row robot, chassis +3 mm, margin 0)",True,,,,,,,False,,,6,0.0,0,0.0,1,0.0,,,,
S-F4S-00199,F4,S,cylinder,F4S-00199,EXPORT-DOMAIN,REPLAY-AABB,export,,exported edge 1: its swept world AABB leaves the route prism by 35.8 mm in v although every exported pose is inside (own verifier CERTIFIED),gs3d/oracle.py:165-166 (known_space.contains_aabb of the swept world AABB) -> gs3d/integration.py:47-55; called from aerial3d/api.py:417-423,UNKNOWN:shared_replay_failed,PASS,stored_route_uv_0.1mm,1.512,True,UNKNOWN:shared_replay_failed,0.01,8352bdd37aab07a2,6.768,7.695,25.171,25.171,"A* route lateral clearance (row robot, chassis +3 mm, margin 0)",False,,,,,,,False,,,6,0.0,0,0.0,0,0.0,,,,
S-F4S-00201,F4,S,cylinder,F4S-00201,EXPORT-DOMAIN,REPLAY-AABB,export,,exported edge 16: its swept world AABB leaves the route prism by 1.5 mm in v although every exported pose is inside (own verifier CERTIFIED),gs3d/oracle.py:165-166 (known_space.contains_aabb of the swept world AABB) -> gs3d/integration.py:47-55; called from aerial3d/api.py:417-423,UNKNOWN:shared_replay_failed,PASS,stored_route_uv_0.1mm,1.512,True,UNKNOWN:shared_replay_failed,0.2,8352bdd37aab07a2,7.5,6.523,1.514,1.514,"A* route lateral clearance (row robot, chassis +3 mm, margin 0)",True,,,,,,,False,,,12,0.02,15,0.13,2,0.0,,,,
S-F4S-00204,F4,S,cylinder,F4S-00204,EXPORT-DOMAIN,REPLAY-AABB,export,,exported edge 14: its swept world AABB leaves the route prism by 2.8 mm in v although every exported pose is inside (own verifier CERTIFIED),gs3d/oracle.py:165-166 (known_space.contains_aabb of the swept world AABB) -> gs3d/integration.py:47-55; called from aerial3d/api.py:417-423,UNKNOWN:shared_replay_failed,PASS,stored_route_uv_0.1mm,1.121,True,UNKNOWN:shared_replay_failed,0.03,8352bdd37aab07a2,7.266,6.309,0.586,0.586,"A* route lateral clearance (row robot, chassis +3 mm, margin 0)",True,,,,,,,False,,,3,0.0,0,0.0,,,,,,
S-F4S-00206,F4,S,cylinder,F4S-00206,EXPORT-DOMAIN,REPLAY-AABB,export,,exported edge 4: its swept world AABB leaves the route prism by 15.2 mm in v although every exported pose is inside (own verifier CERTIFIED),gs3d/oracle.py:165-166 (known_space.contains_aabb of the swept world AABB) -> gs3d/integration.py:47-55; called from aerial3d/api.py:417-423,UNKNOWN:shared_replay_failed,PASS,stored_route_uv_0.1mm,1.512,True,UNKNOWN:shared_replay_failed,0.02,8352bdd37aab07a2,7.539,6.855,0.153,0.153,"A* route lateral clearance (row robot, chassis +3 mm, margin 0)",True,,,,,,,False,,,6,0.0,0,0.0,0,0.0,,,,
S-F4S-00209,F4,S,cylinder,F4S-00209,EXPORT-DOMAIN,REPLAY-AABB,export,,exported edge 10: its swept world AABB leaves the route prism by 1.3 mm in v although every exported pose is inside (own verifier CERTIFIED),gs3d/oracle.py:165-166 (known_space.contains_aabb of the swept world AABB) -> gs3d/integration.py:47-55; called from aerial3d/api.py:417-423,UNKNOWN:shared_replay_failed,PASS,stored_route_uv_0.1mm,1.512,True,UNKNOWN:shared_replay_failed,0.04,8352bdd37aab07a2,7.471,7.949,1.025,1.025,"A* route lateral clearance (row robot, chassis +3 mm, margin 0)",True,,,,,,,False,,,6,0.0,0,0.0,0,0.0,,,,
S-F4S-00212,F4,S,cylinder,F4S-00212,EXPORT-DOMAIN,REPLAY-AABB,export,,exported edge 1: its swept world AABB leaves the route prism by 57.1 mm in v although every exported pose is inside (own verifier CERTIFIED),gs3d/oracle.py:165-166 (known_space.contains_aabb of the swept world AABB) -> gs3d/integration.py:47-55; called from aerial3d/api.py:417-423,UNKNOWN:shared_replay_failed,PASS,stored_route_uv_0.1mm,1.512,True,UNKNOWN:shared_replay_failed,0.21,8352bdd37aab07a2,5.527,6.699,0.909,0.909,"A* route lateral clearance (row robot, chassis +3 mm, margin 0)",True,,,,,,,False,,,7,0.01,6,0.0,0,0.0,,,,
S-F4S-00213,F4,S,cylinder,F4S-00213,EXPORT-DOMAIN,REPLAY-AABB,export,,exported edge 1: its swept world AABB leaves the route prism by 2.4 mm in v although every exported pose is inside (own verifier CERTIFIED),gs3d/oracle.py:165-166 (known_space.contains_aabb of the swept world AABB) -> gs3d/integration.py:47-55; called from aerial3d/api.py:417-423,UNKNOWN:shared_replay_failed,PASS,stored_route_uv_0.1mm,1.512,True,UNKNOWN:shared_replay_failed,0.02,8352bdd37aab07a2,6.602,6.65,5.115,5.115,"A* route lateral clearance (row robot, chassis +3 mm, margin 0)",False,,,,,,,False,,,4,0.0,0,0.0,,,,,,
S-F4S-00214,F4,S,cylinder,F4S-00214,EXPORT-DOMAIN,REPLAY-AABB,export,,exported edge 9: its swept world AABB leaves the route prism by 0.3 mm in v although every exported pose is inside (own verifier CERTIFIED),gs3d/oracle.py:165-166 (known_space.contains_aabb of the swept world AABB) -> gs3d/integration.py:47-55; called from aerial3d/api.py:417-423,UNKNOWN:shared_replay_failed,PASS,stored_route_uv_0.1mm,1.349,True,UNKNOWN:shared_replay_failed,0.02,8352bdd37aab07a2,9.141,6.123,15.283,15.283,"A* route lateral clearance (row robot, chassis +3 mm, margin 0)",False,,,,,,,False,,,4,0.0,0,0.0,,,,,,
S-F4S-00215,F4,S,cylinder,F4S-00215,EXPORT-DOMAIN,REPLAY-AABB,export,,exported edge 11: its swept world AABB leaves the route prism by 2.0 mm in v although every exported pose is inside (own verifier CERTIFIED),gs3d/oracle.py:165-166 (known_space.contains_aabb of the swept world AABB) -> gs3d/integration.py:47-55; called from aerial3d/api.py:417-423,UNKNOWN:shared_replay_failed,PASS,stored_route_uv_0.1mm,1.512,True,UNKNOWN:shared_replay_failed,0.02,8352bdd37aab07a2,6.719,6.494,1.251,1.251,"A* route lateral clearance (row robot, chassis +3 mm, margin 0)",True,,,,,,,False,,,3,0.0,0,0.0,,,,,,
S-F4S-00219,F4,S,cylinder,F4S-00219,EXPORT-DOMAIN,REPLAY-AABB,export,,exported edge 18: its swept world AABB leaves the route prism by 8.9 mm in v although every exported pose is inside (own verifier CERTIFIED),gs3d/oracle.py:165-166 (known_space.contains_aabb of the swept world AABB) -> gs3d/integration.py:47-55; called from aerial3d/api.py:417-423,UNKNOWN:shared_replay_failed,PASS,stored_route_uv_0.1mm,1.512,True,UNKNOWN:shared_replay_failed,0.06,8352bdd37aab07a2,6.914,6.631,0.305,0.305,"A* route lateral clearance (row robot, chassis +3 mm, margin 0)",True,,,,,,,False,,,11,0.01,0,0.0,1,0.0,,,,
S-F4S-00220,F4,S,cylinder,F4S-00220,EXPORT-DOMAIN,REPLAY-AABB,export,,exported edge 3: its swept world AABB leaves the route prism by 1.0 mm in v although every exported pose is inside (own verifier CERTIFIED),gs3d/oracle.py:165-166 (known_space.contains_aabb of the swept world AABB) -> gs3d/integration.py:47-55; called from aerial3d/api.py:417-423,UNKNOWN:shared_replay_failed,PASS,stored_route_uv_0.1mm,1.512,True,UNKNOWN:shared_replay_failed,0.01,8352bdd37aab07a2,5.967,6.924,17.157,17.157,"A* route lateral clearance (row robot, chassis +3 mm, margin 0)",False,,,,,,,False,,,4,0.0,0,0.0,,,,,,
S-F4S-00222,F4,S,cylinder,F4S-00222,EXPORT-DOMAIN,REPLAY-AABB,export,,exported edge 1: its swept world AABB leaves the route prism by 55.7 mm in v although every exported pose is inside (own verifier CERTIFIED),gs3d/oracle.py:165-166 (known_space.contains_aabb of the swept world AABB) -> gs3d/integration.py:47-55; called from aerial3d/api.py:417-423,UNKNOWN:shared_replay_failed,PASS,stored_route_uv_0.1mm,1.512,True,UNKNOWN:shared_replay_failed,0.02,8352bdd37aab07a2,6.27,6.67,12.25,12.25,"A* route lateral clearance (row robot, chassis +3 mm, margin 0)",False,,,,,,,False,,,7,0.0,0,0.0,1,0.0,,,,
S-F4S-00223,F4,S,cylinder,F4S-00223,EXPORT-DOMAIN,REPLAY-AABB,export,,exported edge 1: its swept world AABB leaves the route prism by 41.9 mm in v although every exported pose is inside (own verifier CERTIFIED),gs3d/oracle.py:165-166 (known_space.contains_aabb of the swept world AABB) -> gs3d/integration.py:47-55; called from aerial3d/api.py:417-423,UNKNOWN:shared_replay_failed,PASS,stored_route_uv_0.1mm,1.512,True,UNKNOWN:shared_replay_failed,0.01,8352bdd37aab07a2,6.406,7.217,20.874,20.874,"A* route lateral clearance (row robot, chassis +3 mm, margin 0)",False,,,,,,,False,,,4,0.0,0,0.0,,,,,,
S-F4S-00225,F4,S,cylinder,F4S-00225,EXPORT-DOMAIN,REPLAY-AABB,export,,exported edge 6: its swept world AABB leaves the route prism by 1.9 mm in v although every exported pose is inside (own verifier CERTIFIED),gs3d/oracle.py:165-166 (known_space.contains_aabb of the swept world AABB) -> gs3d/integration.py:47-55; called from aerial3d/api.py:417-423,UNKNOWN:shared_replay_failed,PASS,stored_route_uv_0.1mm,1.512,True,UNKNOWN:shared_replay_failed,0.02,8352bdd37aab07a2,9.854,8.232,1.038,1.038,"A* route lateral clearance (row robot, chassis +3 mm, margin 0)",True,,,,,,,False,,,3,0.0,0,0.0,,,,,,
S-F4S-00226,F4,S,cylinder,F4S-00226,EXPORT-DOMAIN,REPLAY-AABB,export,,exported edge 1: its swept world AABB leaves the route prism by 2.7 mm in v although every exported pose is inside (own verifier CERTIFIED),gs3d/oracle.py:165-166 (known_space.contains_aabb of the swept world AABB) -> gs3d/integration.py:47-55; called from aerial3d/api.py:417-423,UNKNOWN:shared_replay_failed,PASS,stored_route_uv_0.1mm,1.512,True,UNKNOWN:shared_replay_failed,0.02,8352bdd37aab07a2,6.709,6.709,21.362,21.362,"A* route lateral clearance (row robot, chassis +3 mm, margin 0)",False,,,,,,,False,,,5,0.0,0,0.0,,,,,,
S-F4S-00227,F4,S,cylinder,F4S-00227,EXPORT-DOMAIN,REPLAY-AABB,export,,exported edge 20: its swept world AABB leaves the route prism by 0.9 mm in v although every exported pose is inside (own verifier CERTIFIED),gs3d/oracle.py:165-166 (known_space.contains_aabb of the swept world AABB) -> gs3d/integration.py:47-55; called from aerial3d/api.py:417-423,UNKNOWN:shared_replay_failed,PASS,stored_route_uv_0.1mm,1.512,True,UNKNOWN:shared_replay_failed,0.03,8352bdd37aab07a2,7.168,6.885,2.313,2.313,"A* route lateral clearance (row robot, chassis +3 mm, margin 0)",False,,,,,,,False,,,9,0.0,0,0.0,0,0.0,,,,
S-F4S-00229,F4,S,cylinder,F4S-00229,EXPORT-DOMAIN,REPLAY-AABB,export,,exported edge 17: its swept world AABB leaves the route prism by 10.2 mm in v although every exported pose is inside (own verifier CERTIFIED),gs3d/oracle.py:165-166 (known_space.contains_aabb of the swept world AABB) -> gs3d/integration.py:47-55; called from aerial3d/api.py:417-423,UNKNOWN:shared_replay_failed,PASS,stored_route_uv_0.1mm,1.512,True,UNKNOWN:shared_replay_failed,0.03,8352bdd37aab07a2,7.559,6.943,2.24,2.24,"A* route lateral clearance (row robot, chassis +3 mm, margin 0)",False,,,,,,,False,,,9,0.0,0,0.0,0,0.0,,,,
S-F4S-00231,F4,S,cylinder,F4S-00231,EXPORT-DOMAIN,REPLAY-AABB,export,,exported edge 6: its swept world AABB leaves the route prism by 0.4 mm in v although every exported pose is inside (own verifier CERTIFIED),gs3d/oracle.py:165-166 (known_space.contains_aabb of the swept world AABB) -> gs3d/integration.py:47-55; called from aerial3d/api.py:417-423,UNKNOWN:shared_replay_failed,PASS,stored_route_uv_0.1mm,1.11,True,UNKNOWN:shared_replay_failed,0.02,8352bdd37aab07a2,6.641,7.656,6.134,6.134,"A* route lateral clearance (row robot, chassis +3 mm, margin 0)",False,,,,,,,False,,,3,0.0,0,0.0,,,,,,
S-F4S-00232,F4,S,cylinder,F4S-00232,EXPORT-DOMAIN,REPLAY-AABB,export,,exported edge 1: its swept world AABB leaves the route prism by 13.0 mm in v although every exported pose is inside (own verifier CERTIFIED),gs3d/oracle.py:165-166 (known_space.contains_aabb of the swept world AABB) -> gs3d/integration.py:47-55; called from aerial3d/api.py:417-423,UNKNOWN:shared_replay_failed,PASS,stored_route_uv_0.1mm,1.512,True,UNKNOWN:shared_replay_failed,0.01,8352bdd37aab07a2,6.67,8.408,11.908,11.908,"A* route lateral clearance (row robot, chassis +3 mm, margin 0)",False,,,,,,,False,,,3,0.0,0,0.0,,,,,,
S-F4S-00234,F4,S,cylinder,F4S-00234,EXPORT-DOMAIN,REPLAY-AABB,export,,exported edge 11: its swept world AABB leaves the route prism by 4.1 mm in v although every exported pose is inside (own verifier CERTIFIED),gs3d/oracle.py:165-166 (known_space.contains_aabb of the swept world AABB) -> gs3d/integration.py:47-55; called from aerial3d/api.py:417-423,UNKNOWN:shared_replay_failed,PASS,stored_route_uv_0.1mm,1.512,True,UNKNOWN:shared_replay_failed,0.02,8352bdd37aab07a2,6.758,6.602,2.313,2.313,"A* route lateral clearance (row robot, chassis +3 mm, margin 0)",False,,,,,,,False,,,3,0.0,0,0.0,,,,,,
S-F4S-00235,F4,S,cylinder,F4S-00235,EXPORT-DOMAIN,REPLAY-AABB,export,,exported edge 1: its swept world AABB leaves the route prism by 61.7 mm in v although every exported pose is inside (own verifier CERTIFIED),gs3d/oracle.py:165-166 (known_space.contains_aabb of the swept world AABB) -> gs3d/integration.py:47-55; called from aerial3d/api.py:417-423,UNKNOWN:shared_replay_failed,PASS,stored_route_uv_0.1mm,1.512,True,UNKNOWN:shared_replay_failed,0.01,8352bdd37aab07a2,6.953,7.676,8.948,8.948,"A* route lateral clearance (row robot, chassis +3 mm, margin 0)",False,,,,,,,False,,,3,0.0,0,0.0,,,,,,
S-F4S-00237,F4,S,cylinder,F4S-00237,EXPORT-DOMAIN,REPLAY-AABB,export,,exported edge 17: its swept world AABB leaves the route prism by 10.3 mm in v although every exported pose is inside (own verifier CERTIFIED),gs3d/oracle.py:165-166 (known_space.contains_aabb of the swept world AABB) -> gs3d/integration.py:47-55; called from aerial3d/api.py:417-423,UNKNOWN:shared_replay_failed,PASS,stored_route_uv_0.1mm,1.349,True,UNKNOWN:shared_replay_failed,0.03,8352bdd37aab07a2,6.289,9.297,1.19,1.19,"A* route lateral clearance (row robot, chassis +3 mm, margin 0)",True,,,,,,,False,,,4,0.0,0,0.0,,,,,,
S-F4S-00238,F4,S,cylinder,F4S-00238,EXPORT-DOMAIN,REPLAY-AABB,export,,exported edge 21: its swept world AABB leaves the route prism by 8.9 mm in v although every exported pose is inside (own verifier CERTIFIED),gs3d/oracle.py:165-166 (known_space.contains_aabb of the swept world AABB) -> gs3d/integration.py:47-55; called from aerial3d/api.py:417-423,UNKNOWN:shared_replay_failed,PASS,stored_route_uv_0.1mm,1.512,True,UNKNOWN:shared_replay_failed,0.07,8352bdd37aab07a2,2.412,6.553,2.46,2.46,"A* route lateral clearance (row robot, chassis +3 mm, margin 0)",False,,,,,,,False,,,16,0.0,9,0.0,4,0.0,,,,
S-F4S-00240,F4,S,cylinder,F4S-00240,EXPORT-DOMAIN,REPLAY-AABB,export,,exported edge 1: its swept world AABB leaves the route prism by 50.3 mm in v although every exported pose is inside (own verifier CERTIFIED),gs3d/oracle.py:165-166 (known_space.contains_aabb of the swept world AABB) -> gs3d/integration.py:47-55; called from aerial3d/api.py:417-423,UNKNOWN:shared_replay_failed,PASS,stored_route_uv_0.1mm,1.512,True,UNKNOWN:shared_replay_failed,0.01,8352bdd37aab07a2,6.758,7.705,15.021,15.021,"A* route lateral clearance (row robot, chassis +3 mm, margin 0)",False,,,,,,,False,,,7,0.0,0,0.0,0,0.0,,,,
S-F4S-00241,F4,S,cylinder,F4S-00241,EXPORT-DOMAIN,REPLAY-AABB,export,,exported edge 1: its swept world AABB leaves the route prism by 27.0 mm in v although every exported pose is inside (own verifier CERTIFIED),gs3d/oracle.py:165-166 (known_space.contains_aabb of the swept world AABB) -> gs3d/integration.py:47-55; called from aerial3d/api.py:417-423,UNKNOWN:shared_replay_failed,PASS,stored_route_uv_0.1mm,1.512,True,UNKNOWN:shared_replay_failed,0.02,8352bdd37aab07a2,6.455,5.84,2.765,2.765,"A* route lateral clearance (row robot, chassis +3 mm, margin 0)",False,,,,,,,False,,,7,0.0,0,0.0,0,0.0,,,,
S-F4S-00244,F4,S,cylinder,F4S-00244,EXPORT-DOMAIN,REPLAY-AABB,export,,exported edge 19: its swept world AABB leaves the route prism by 0.8 mm in v although every exported pose is inside (own verifier CERTIFIED),gs3d/oracle.py:165-166 (known_space.contains_aabb of the swept world AABB) -> gs3d/integration.py:47-55; called from aerial3d/api.py:417-423,UNKNOWN:shared_replay_failed,PASS,stored_route_uv_0.1mm,1.512,True,UNKNOWN:shared_replay_failed,0.04,8352bdd37aab07a2,7.178,6.855,4.291,4.291,"A* route lateral clearance (row robot, chassis +3 mm, margin 0)",False,,,,,,,False,,,6,0.0,0,0.0,0,0.0,,,,
S-F4S-00245,F4,S,cylinder,F4S-00245,EXPORT-DOMAIN,REPLAY-AABB,export,,exported edge 1: its swept world AABB leaves the route prism by 14.5 mm in v although every exported pose is inside (own verifier CERTIFIED),gs3d/oracle.py:165-166 (known_space.contains_aabb of the swept world AABB) -> gs3d/integration.py:47-55; called from aerial3d/api.py:417-423,UNKNOWN:shared_replay_failed,PASS,stored_route_uv_0.1mm,1.512,True,UNKNOWN:shared_replay_failed,0.01,8352bdd37aab07a2,6.543,6.387,2.039,2.039,"A* route lateral clearance (row robot, chassis +3 mm, margin 0)",True,,,,,,,False,,,9,0.0,0,0.0,1,0.0,,,,
S-F4S-00247,F4,S,cylinder,F4S-00247,EXPORT-DOMAIN,REPLAY-AABB,export,,exported edge 1: its swept world AABB leaves the route prism by 31.5 mm in v although every exported pose is inside (own verifier CERTIFIED),gs3d/oracle.py:165-166 (known_space.contains_aabb of the swept world AABB) -> gs3d/integration.py:47-55; called from aerial3d/api.py:417-423,UNKNOWN:shared_replay_failed,PASS,stored_route_uv_0.1mm,1.512,True,UNKNOWN:shared_replay_failed,0.01,8352bdd37aab07a2,6.777,6.846,1.111,1.111,"A* route lateral clearance (row robot, chassis +3 mm, margin 0)",True,,,,,,,False,,,3,0.0,0,0.0,,,,,,
S-F4S-00249,F4,S,cylinder,F4S-00249,EXPORT-DOMAIN,REPLAY-AABB,export,,exported edge 1: its swept world AABB leaves the route prism by 16.3 mm in v although every exported pose is inside (own verifier CERTIFIED),gs3d/oracle.py:165-166 (known_space.contains_aabb of the swept world AABB) -> gs3d/integration.py:47-55; called from aerial3d/api.py:417-423,UNKNOWN:shared_replay_failed,PASS,stored_route_uv_0.1mm,1.512,True,UNKNOWN:shared_replay_failed,0.01,8352bdd37aab07a2,6.719,6.875,10.858,10.858,"A* route lateral clearance (row robot, chassis +3 mm, margin 0)",False,,,,,,,False,,,4,0.0,0,0.0,,,,,,
S-F4S-00250,F4,S,cylinder,F4S-00250,EXPORT-DOMAIN,REPLAY-AABB,export,,exported edge 1: its swept world AABB leaves the route prism by 11.2 mm in v although every exported pose is inside (own verifier CERTIFIED),gs3d/oracle.py:165-166 (known_space.contains_aabb of the swept world AABB) -> gs3d/integration.py:47-55; called from aerial3d/api.py:417-423,UNKNOWN:shared_replay_failed,PASS,stored_route_uv_0.1mm,1.512,True,UNKNOWN:shared_replay_failed,0.01,8352bdd37aab07a2,6.758,6.65,0.513,0.513,"A* route lateral clearance (row robot, chassis +3 mm, margin 0)",True,,,,,,,False,,,7,0.0,0,0.0,,,,,,
S-F4S-00255,F4,S,cylinder,F4S-00255,EXPORT-DOMAIN,REPLAY-AABB,export,,exported edge 1: its swept world AABB leaves the route prism by 13.4 mm in v although every exported pose is inside (own verifier CERTIFIED),gs3d/oracle.py:165-166 (known_space.contains_aabb of the swept world AABB) -> gs3d/integration.py:47-55; called from aerial3d/api.py:417-423,UNKNOWN:shared_replay_failed,PASS,stored_route_uv_0.1mm,1.512,True,UNKNOWN:shared_replay_failed,0.02,8352bdd37aab07a2,5.918,7.432,36.829,36.829,"A* route lateral clearance (row robot, chassis +3 mm, margin 0)",False,,,,,,,False,,,4,0.0,0,0.0,,,,,,
S-F4S-00260,F4,S,cylinder,F4S-00260,EXPORT-DOMAIN,REPLAY-AABB,export,,exported edge 12: its swept world AABB leaves the route prism by 10.3 mm in v although every exported pose is inside (own verifier CERTIFIED),gs3d/oracle.py:165-166 (known_space.contains_aabb of the swept world AABB) -> gs3d/integration.py:47-55; called from aerial3d/api.py:417-423,UNKNOWN:shared_replay_failed,PASS,stored_route_uv_0.1mm,1.512,True,UNKNOWN:shared_replay_failed,0.03,8352bdd37aab07a2,7.539,7.031,2.386,2.386,"A* route lateral clearance (row robot, chassis +3 mm, margin 0)",False,,,,,,,False,,,7,0.0,0,0.0,0,0.0,,,,
S-F4S-00261,F4,S,cylinder,F4S-00261,EXPORT-DOMAIN,REPLAY-AABB,export,,exported edge 1: its swept world AABB leaves the route prism by 9.0 mm in v although every exported pose is inside (own verifier CERTIFIED),gs3d/oracle.py:165-166 (known_space.contains_aabb of the swept world AABB) -> gs3d/integration.py:47-55; called from aerial3d/api.py:417-423,UNKNOWN:shared_replay_failed,PASS,stored_route_uv_0.1mm,1.22,True,UNKNOWN:shared_replay_failed,0.01,8352bdd37aab07a2,7.314,8.545,0.964,0.964,"A* route lateral clearance (row robot, chassis +3 mm, margin 0)",True,,,,,,,False,,,7,0.0,0,0.0,0,0.0,,,,
S-F4S-00262,F4,S,cylinder,F4S-00262,EXPORT-DOMAIN,REPLAY-AABB,export,,exported edge 13: its swept world AABB leaves the route prism by 5.1 mm in v although every exported pose is inside (own verifier CERTIFIED),gs3d/oracle.py:165-166 (known_space.contains_aabb of the swept world AABB) -> gs3d/integration.py:47-55; called from aerial3d/api.py:417-423,UNKNOWN:shared_replay_failed,PASS,stored_route_uv_0.1mm,1.512,True,UNKNOWN:shared_replay_failed,0.03,8352bdd37aab07a2,7.988,7.187,2.386,2.386,"A* route lateral clearance (row robot, chassis +3 mm, margin 0)",False,,,,,,,False,,,3,0.0,0,0.0,,,,,,
S-F4S-00263,F4,S,cylinder,F4S-00263,EXPORT-DOMAIN,REPLAY-AABB,export,,exported edge 1: its swept world AABB leaves the route prism by 29.4 mm in v although every exported pose is inside (own verifier CERTIFIED),gs3d/oracle.py:165-166 (known_space.contains_aabb of the swept world AABB) -> gs3d/integration.py:47-55; called from aerial3d/api.py:417-423,UNKNOWN:shared_replay_failed,PASS,stored_route_uv_0.1mm,1.512,True,UNKNOWN:shared_replay_failed,0.07,8352bdd37aab07a2,7.002,8.389,15.961,15.961,"A* route lateral clearance (row robot, chassis +3 mm, margin 0)",False,,,,,,,False,,,9,0.02,12,0.02,2,0.0,,,,
S-F4S-00265,F4,S,cylinder,F4S-00265,EXPORT-DOMAIN,REPLAY-AABB,export,,exported edge 1: its swept world AABB leaves the route prism by 39.5 mm in v although every exported pose is inside (own verifier CERTIFIED),gs3d/oracle.py:165-166 (known_space.contains_aabb of the swept world AABB) -> gs3d/integration.py:47-55; called from aerial3d/api.py:417-423,UNKNOWN:shared_replay_failed,PASS,stored_route_uv_0.1mm,1.054,True,UNKNOWN:shared_replay_failed,0.02,8352bdd37aab07a2,7.695,7.256,2.264,2.264,"A* route lateral clearance (row robot, chassis +3 mm, margin 0)",False,,,,,,,False,,,6,0.01,6,0.0,0,0.0,,,,
S-F4S-00274,F4,S,cylinder,F4S-00274,EXPORT-DOMAIN,REPLAY-AABB,export,,exported edge 17: its swept world AABB leaves the route prism by 4.3 mm in v although every exported pose is inside (own verifier CERTIFIED),gs3d/oracle.py:165-166 (known_space.contains_aabb of the swept world AABB) -> gs3d/integration.py:47-55; called from aerial3d/api.py:417-423,UNKNOWN:shared_replay_failed,PASS,stored_route_uv_0.1mm,1.346,True,UNKNOWN:shared_replay_failed,0.03,8352bdd37aab07a2,6.064,7.187,1.862,1.862,"A* route lateral clearance (row robot, chassis +3 mm, margin 0)",True,,,,,,,False,,,3,0.0,0,0.0,,,,,,
S-F4S-00276,F4,S,cylinder,F4S-00276,EXPORT-DOMAIN,REPLAY-AABB,export,,exported edge 1: its swept world AABB leaves the route prism by 24.6 mm in v although every exported pose is inside (own verifier CERTIFIED),gs3d/oracle.py:165-166 (known_space.contains_aabb of the swept world AABB) -> gs3d/integration.py:47-55; called from aerial3d/api.py:417-423,UNKNOWN:shared_replay_failed,PASS,stored_route_uv_0.1mm,1.512,True,UNKNOWN:shared_replay_failed,0.01,8352bdd37aab07a2,7.5,7.412,30.53,30.53,"A* route lateral clearance (row robot, chassis +3 mm, margin 0)",False,,,,,,,False,,,3,0.0,0,0.0,,,,,,
S-F4S-00279,F4,S,cylinder,F4S-00279,EXPORT-DOMAIN,REPLAY-AABB,export,,exported edge 1: its swept world AABB leaves the route prism by 28.5 mm in v although every exported pose is inside (own verifier CERTIFIED),gs3d/oracle.py:165-166 (known_space.contains_aabb of the swept world AABB) -> gs3d/integration.py:47-55; called from aerial3d/api.py:417-423,UNKNOWN:shared_replay_failed,PASS,stored_route_uv_0.1mm,1.512,True,UNKNOWN:shared_replay_failed,0.2,8352bdd37aab07a2,6.553,5.918,1.959,1.959,"A* route lateral clearance (row robot, chassis +3 mm, margin 0)",True,,,,,,,False,,,16,0.03,26,0.14,4,0.0,,,,
S-F4S-00283,F4,S,cylinder,F4S-00283,EXPORT-DOMAIN,REPLAY-AABB,export,,exported edge 1: its swept world AABB leaves the route prism by 28.6 mm in v although every exported pose is inside (own verifier CERTIFIED),gs3d/oracle.py:165-166 (known_space.contains_aabb of the swept world AABB) -> gs3d/integration.py:47-55; called from aerial3d/api.py:417-423,UNKNOWN:shared_replay_failed,PASS,stored_route_uv_0.1mm,1.512,True,UNKNOWN:shared_replay_failed,0.01,8352bdd37aab07a2,6.484,6.885,31.519,31.519,"A* route lateral clearance (row robot, chassis +3 mm, margin 0)",False,,,,,,,False,,,3,0.0,0,0.0,,,,,,
S-F4S-00284,F4,S,cylinder,F4S-00284,EXPORT-DOMAIN,REPLAY-AABB,export,,exported edge 2: its swept world AABB leaves the route prism by 0.9 mm in v although every exported pose is inside (own verifier CERTIFIED),gs3d/oracle.py:165-166 (known_space.contains_aabb of the swept world AABB) -> gs3d/integration.py:47-55; called from aerial3d/api.py:417-423,UNKNOWN:shared_replay_failed,PASS,stored_route_uv_0.1mm,1.512,True,UNKNOWN:shared_replay_failed,0.02,8352bdd37aab07a2,9.854,9.443,1.715,1.715,"A* route lateral clearance (row robot, chassis +3 mm, margin 0)",True,,,,,,,False,,,4,0.0,2,0.0,,,,,,
S-F4S-00287,F4,S,cylinder,F4S-00287,EXPORT-DOMAIN,REPLAY-AABB,export,,exported edge 1: its swept world AABB leaves the route prism by 7.5 mm in v although every exported pose is inside (own verifier CERTIFIED),gs3d/oracle.py:165-166 (known_space.contains_aabb of the swept world AABB) -> gs3d/integration.py:47-55; called from aerial3d/api.py:417-423,UNKNOWN:shared_replay_failed,PASS,stored_route_uv_0.1mm,1.512,True,UNKNOWN:shared_replay_failed,0.02,8352bdd37aab07a2,6.807,7.451,17.535,17.535,"A* route lateral clearance (row robot, chassis +3 mm, margin 0)",False,,,,,,,False,,,4,0.0,0,0.0,,,,,,
S-F4S-00288,F4,S,cylinder,F4S-00288,EXPORT-DOMAIN,REPLAY-AABB,export,,exported edge 1: its swept world AABB leaves the route prism by 48.0 mm in v although every exported pose is inside (own verifier CERTIFIED),gs3d/oracle.py:165-166 (known_space.contains_aabb of the swept world AABB) -> gs3d/integration.py:47-55; called from aerial3d/api.py:417-423,UNKNOWN:shared_replay_failed,PASS,stored_route_uv_0.1mm,1.512,True,UNKNOWN:shared_replay_failed,0.01,8352bdd37aab07a2,7.754,6.113,12.909,12.909,"A* route lateral clearance (row robot, chassis +3 mm, margin 0)",False,,,,,,,False,,,8,0.0,0,0.0,,,,,,
S-F4S-00290,F4,S,cylinder,F4S-00290,EXPORT-DOMAIN,REPLAY-AABB,export,,exported edge 1: its swept world AABB leaves the route prism by 28.3 mm in v although every exported pose is inside (own verifier CERTIFIED),gs3d/oracle.py:165-166 (known_space.contains_aabb of the swept world AABB) -> gs3d/integration.py:47-55; called from aerial3d/api.py:417-423,UNKNOWN:shared_replay_failed,PASS,stored_route_uv_0.1mm,1.512,True,UNKNOWN:shared_replay_failed,0.01,8352bdd37aab07a2,7.129,6.563,17.48,17.48,"A* route lateral clearance (row robot, chassis +3 mm, margin 0)",False,,,,,,,False,,,7,0.0,0,0.0,,,,,,
S-F4S-00297,F4,S,cylinder,F4S-00297,EXPORT-DOMAIN,REPLAY-AABB,export,,exported edge 1: its swept world AABB leaves the route prism by 55.1 mm in v although every exported pose is inside (own verifier CERTIFIED),gs3d/oracle.py:165-166 (known_space.contains_aabb of the swept world AABB) -> gs3d/integration.py:47-55; called from aerial3d/api.py:417-423,UNKNOWN:shared_replay_failed,PASS,stored_route_uv_0.1mm,1.426,True,UNKNOWN:shared_replay_failed,0.14,8352bdd37aab07a2,6.914,5.645,0.287,0.287,"A* route lateral clearance (row robot, chassis +3 mm, margin 0)",True,,,,,,,False,,,12,0.05,17,0.07,5,0.0,,,,
S-F4S-00298,F4,S,cylinder,F4S-00298,EXPORT-DOMAIN,REPLAY-AABB,export,,exported edge 16: its swept world AABB leaves the route prism by 1.6 mm in v although every exported pose is inside (own verifier CERTIFIED),gs3d/oracle.py:165-166 (known_space.contains_aabb of the swept world AABB) -> gs3d/integration.py:47-55; called from aerial3d/api.py:417-423,UNKNOWN:shared_replay_failed,PASS,stored_route_uv_0.1mm,1.158,True,UNKNOWN:shared_replay_failed,0.06,8352bdd37aab07a2,6.504,6.611,1.562,1.562,"A* route lateral clearance (row robot, chassis +3 mm, margin 0)",True,,,,,,,False,,,11,0.0,0,0.0,,,,,,
S-F4S-00300,F4,S,cylinder,F4S-00300,EXPORT-DOMAIN,REPLAY-AABB,export,,exported edge 15: its swept world AABB leaves the route prism by 0.0 mm in v although every exported pose is inside (own verifier CERTIFIED),gs3d/oracle.py:165-166 (known_space.contains_aabb of the swept world AABB) -> gs3d/integration.py:47-55; called from aerial3d/api.py:417-423,UNKNOWN:shared_replay_failed,PASS,stored_route_uv_0.1mm,1.512,True,UNKNOWN:shared_replay_failed,0.04,8352bdd37aab07a2,7.48,8.037,0.061,0.061,"A* route lateral clearance (row robot, chassis +3 mm, margin 0)",True,,,,,,,False,,,4,0.0,0,0.0,,,,,,
S-F4S-00302,F4,S,cylinder,F4S-00302,EXPORT-DOMAIN,REPLAY-AABB,export,,exported edge 1: its swept world AABB leaves the route prism by 31.1 mm in v although every exported pose is inside (own verifier CERTIFIED),gs3d/oracle.py:165-166 (known_space.contains_aabb of the swept world AABB) -> gs3d/integration.py:47-55; called from aerial3d/api.py:417-423,UNKNOWN:shared_replay_failed,PASS,stored_route_uv_0.1mm,1.512,True,UNKNOWN:shared_replay_failed,0.02,8352bdd37aab07a2,6.582,8.418,4.34,4.34,"A* route lateral clearance (row robot, chassis +3 mm, margin 0)",False,,,,,,,False,,,4,0.0,0,0.0,,,,,,
S-F4S-00303,F4,S,cylinder,F4S-00303,EXPORT-DOMAIN,REPLAY-AABB,export,,exported edge 1: its swept world AABB leaves the route prism by 2.3 mm in v although every exported pose is inside (own verifier CERTIFIED),gs3d/oracle.py:165-166 (known_space.contains_aabb of the swept world AABB) -> gs3d/integration.py:47-55; called from aerial3d/api.py:417-423,UNKNOWN:shared_replay_failed,PASS,stored_route_uv_0.1mm,1.03,True,UNKNOWN:shared_replay_failed,0.01,8352bdd37aab07a2,6.289,8.828,1.935,1.935,"A* route lateral clearance (row robot, chassis +3 mm, margin 0)",True,,,,,,,False,,,1,0.0,0,0.0,,,,,,
S-F4S-00304,F4,S,cylinder,F4S-00304,EXPORT-DOMAIN,REPLAY-AABB,export,,exported edge 16: its swept world AABB leaves the route prism by 7.0 mm in v although every exported pose is inside (own verifier CERTIFIED),gs3d/oracle.py:165-166 (known_space.contains_aabb of the swept world AABB) -> gs3d/integration.py:47-55; called from aerial3d/api.py:417-423,UNKNOWN:shared_replay_failed,PASS,stored_route_uv_0.1mm,1.437,True,UNKNOWN:shared_replay_failed,0.03,8352bdd37aab07a2,9.033,8.662,2.49,2.49,"A* route lateral clearance (row robot, chassis +3 mm, margin 0)",False,,,,,,,False,,,4,0.0,0,0.0,,,,,,
S-F4S-00305,F4,S,cylinder,F4S-00305,EXPORT-DOMAIN,REPLAY-AABB,export,,exported edge 1: its swept world AABB leaves the route prism by 10.8 mm in v although every exported pose is inside (own verifier CERTIFIED),gs3d/oracle.py:165-166 (known_space.contains_aabb of the swept world AABB) -> gs3d/integration.py:47-55; called from aerial3d/api.py:417-423,UNKNOWN:shared_replay_failed,PASS,stored_route_uv_0.1mm,1.512,True,UNKNOWN:shared_replay_failed,0.01,8352bdd37aab07a2,7.256,6.934,0.165,0.165,"A* route lateral clearance (row robot, chassis +3 mm, margin 0)",True,,,,,,,False,,,6,0.0,0,0.0,1,0.0,,,,
S-F4S-00306,F4,S,cylinder,F4S-00306,EXPORT-DOMAIN,REPLAY-AABB,export,,exported edge 1: its swept world AABB leaves the route prism by 22.4 mm in v although every exported pose is inside (own verifier CERTIFIED),gs3d/oracle.py:165-166 (known_space.contains_aabb of the swept world AABB) -> gs3d/integration.py:47-55; called from aerial3d/api.py:417-423,UNKNOWN:shared_replay_failed,PASS,stored_route_uv_0.1mm,1.512,True,UNKNOWN:shared_replay_failed,0.01,8352bdd37aab07a2,7.559,8.203,11.334,11.334,"A* route lateral clearance (row robot, chassis +3 mm, margin 0)",False,,,,,,,False,,,6,0.0,0,0.0,1,0.0,,,,
S-F4S-00307,F4,S,cylinder,F4S-00307,EXPORT-DOMAIN,REPLAY-AABB,export,,exported edge 1: its swept world AABB leaves the route prism by 22.7 mm in v although every exported pose is inside (own verifier CERTIFIED),gs3d/oracle.py:165-166 (known_space.contains_aabb of the swept world AABB) -> gs3d/integration.py:47-55; called from aerial3d/api.py:417-423,UNKNOWN:shared_replay_failed,PASS,stored_route_uv_0.1mm,1.311,True,UNKNOWN:shared_replay_failed,0.02,8352bdd37aab07a2,7.607,6.787,4.889,4.889,"A* route lateral clearance (row robot, chassis +3 mm, margin 0)",False,,,,,,,False,,,5,0.0,0,0.0,,,,,,
S-F4S-00311,F4,S,cylinder,F4S-00311,EXPORT-DOMAIN,REPLAY-AABB,export,,exported edge 15: its swept world AABB leaves the route prism by 3.4 mm in v although every exported pose is inside (own verifier CERTIFIED),gs3d/oracle.py:165-166 (known_space.contains_aabb of the swept world AABB) -> gs3d/integration.py:47-55; called from aerial3d/api.py:417-423,UNKNOWN:shared_replay_failed,PASS,stored_route_uv_0.1mm,1.512,True,UNKNOWN:shared_replay_failed,0.13,8352bdd37aab07a2,8.604,8.691,2.252,2.252,"A* route lateral clearance (row robot, chassis +3 mm, margin 0)",False,,,,,,,False,,,16,0.04,7,0.04,6,0.0,,,,
S-F4S-00312,F4,S,cylinder,F4S-00312,EXPORT-DOMAIN,REPLAY-AABB,export,,exported edge 17: its swept world AABB leaves the route prism by 6.5 mm in v although every exported pose is inside (own verifier CERTIFIED),gs3d/oracle.py:165-166 (known_space.contains_aabb of the swept world AABB) -> gs3d/integration.py:47-55; called from aerial3d/api.py:417-423,UNKNOWN:shared_replay_failed,PASS,stored_route_uv_0.1mm,1.512,True,UNKNOWN:shared_replay_failed,0.03,8352bdd37aab07a2,8.223,6.455,2.191,2.191,"A* route lateral clearance (row robot, chassis +3 mm, margin 0)",False,,,,,,,False,,,7,0.0,0,0.0,,,,,,
S-F4S-00318,F4,S,cylinder,F4S-00318,EXPORT-DOMAIN,REPLAY-AABB,export,,exported edge 1: its swept world AABB leaves the route prism by 32.4 mm in v although every exported pose is inside (own verifier CERTIFIED),gs3d/oracle.py:165-166 (known_space.contains_aabb of the swept world AABB) -> gs3d/integration.py:47-55; called from aerial3d/api.py:417-423,UNKNOWN:shared_replay_failed,PASS,stored_route_uv_0.1mm,1.512,True,UNKNOWN:shared_replay_failed,0.01,8352bdd37aab07a2,9.688,6.719,0.513,0.513,"A* route lateral clearance (row robot, chassis +3 mm, margin 0)",True,,,,,,,False,,,10,0.0,0,0.0,0,0.0,,,,
S-F4S-00319,F4,S,cylinder,F4S-00319,EXPORT-DOMAIN,REPLAY-AABB,export,,exported edge 1: its swept world AABB leaves the route prism by 48.3 mm in v although every exported pose is inside (own verifier CERTIFIED),gs3d/oracle.py:165-166 (known_space.contains_aabb of the swept world AABB) -> gs3d/integration.py:47-55; called from aerial3d/api.py:417-423,UNKNOWN:shared_replay_failed,PASS,stored_route_uv_0.1mm,1.512,True,UNKNOWN:shared_replay_failed,0.01,8352bdd37aab07a2,6.299,7.637,18.921,18.921,"A* route lateral clearance (row robot, chassis +3 mm, margin 0)",False,,,,,,,False,,,3,0.0,0,0.0,,,,,,
S-F4S-00321,F4,S,cylinder,F4S-00321,EXPORT-DOMAIN,REPLAY-AABB,export,,exported edge 1: its swept world AABB leaves the route prism by 11.6 mm in v although every exported pose is inside (own verifier CERTIFIED),gs3d/oracle.py:165-166 (known_space.contains_aabb of the swept world AABB) -> gs3d/integration.py:47-55; called from aerial3d/api.py:417-423,UNKNOWN:shared_replay_failed,PASS,stored_route_uv_0.1mm,1.512,True,UNKNOWN:shared_replay_failed,0.02,8352bdd37aab07a2,6.758,7.568,11.987,11.987,"A* route lateral clearance (row robot, chassis +3 mm, margin 0)",False,,,,,,,False,,,4,0.0,0,0.0,,,,,,
S-F4S-00323,F4,S,cylinder,F4S-00323,EXPORT-DOMAIN,REPLAY-AABB,export,,exported edge 1: its swept world AABB leaves the route prism by 24.3 mm in v although every exported pose is inside (own verifier CERTIFIED),gs3d/oracle.py:165-166 (known_space.contains_aabb of the swept world AABB) -> gs3d/integration.py:47-55; called from aerial3d/api.py:417-423,UNKNOWN:shared_replay_failed,PASS,stored_route_uv_0.1mm,1.013,True,UNKNOWN:shared_replay_failed,0.13,8352bdd37aab07a2,6.279,8.848,2.85,2.85,"A* route lateral clearance (row robot, chassis +3 mm, margin 0)",False,,,,,,,False,,,7,0.01,19,0.11,,,,,,
S-F4S-00324,F4,S,cylinder,F4S-00324,EXPORT-DOMAIN,REPLAY-AABB,export,,exported edge 16: its swept world AABB leaves the route prism by 5.7 mm in v although every exported pose is inside (own verifier CERTIFIED),gs3d/oracle.py:165-166 (known_space.contains_aabb of the swept world AABB) -> gs3d/integration.py:47-55; called from aerial3d/api.py:417-423,UNKNOWN:shared_replay_failed,PASS,stored_route_uv_0.1mm,1.512,True,UNKNOWN:shared_replay_failed,0.03,8352bdd37aab07a2,7.09,6.465,0.616,0.616,"A* route lateral clearance (row robot, chassis +3 mm, margin 0)",True,,,,,,,False,,,9,0.0,0,0.0,0,0.0,,,,
S-F4S-00329,F4,S,cylinder,F4S-00329,EXPORT-DOMAIN,REPLAY-AABB,export,,exported edge 18: its swept world AABB leaves the route prism by 9.3 mm in v although every exported pose is inside (own verifier CERTIFIED),gs3d/oracle.py:165-166 (known_space.contains_aabb of the swept world AABB) -> gs3d/integration.py:47-55; called from aerial3d/api.py:417-423,UNKNOWN:shared_replay_failed,PASS,stored_route_uv_0.1mm,1.512,True,UNKNOWN:shared_replay_failed,0.04,8352bdd37aab07a2,6.162,7.949,3.467,3.467,"A* route lateral clearance (row robot, chassis +3 mm, margin 0)",False,,,,,,,False,,,4,0.0,0,0.0,,,,,,
S-F4S-00334,F4,S,cylinder,F4S-00334,EXPORT-DOMAIN,REPLAY-AABB,export,,exported edge 1: its swept world AABB leaves the route prism by 4.1 mm in v although every exported pose is inside (own verifier CERTIFIED),gs3d/oracle.py:165-166 (known_space.contains_aabb of the swept world AABB) -> gs3d/integration.py:47-55; called from aerial3d/api.py:417-423,UNKNOWN:shared_replay_failed,PASS,stored_route_uv_0.1mm,1.512,True,UNKNOWN:shared_replay_failed,0.02,8352bdd37aab07a2,7.148,7.1,25.409,25.409,"A* route lateral clearance (row robot, chassis +3 mm, margin 0)",False,,,,,,,False,,,4,0.0,0,0.0,,,,,,
S-F4S-00335,F4,S,cylinder,F4S-00335,EXPORT-DOMAIN,REPLAY-AABB,export,,exported edge 1: its swept world AABB leaves the route prism by 53.1 mm in v although every exported pose is inside (own verifier CERTIFIED),gs3d/oracle.py:165-166 (known_space.contains_aabb of the swept world AABB) -> gs3d/integration.py:47-55; called from aerial3d/api.py:417-423,UNKNOWN:shared_replay_failed,PASS,stored_route_uv_0.1mm,1.512,True,UNKNOWN:shared_replay_failed,0.01,8352bdd37aab07a2,6.943,6.055,13.287,13.287,"A* route lateral clearance (row robot, chassis +3 mm, margin 0)",False,,,,,,,False,,,1,0.0,0,0.0,,,,,,
S-F4S-00336,F4,S,cylinder,F4S-00336,EXPORT-DOMAIN,REPLAY-AABB,export,,exported edge 1: its swept world AABB leaves the route prism by 11.9 mm in v although every exported pose is inside (own verifier CERTIFIED),gs3d/oracle.py:165-166 (known_space.contains_aabb of the swept world AABB) -> gs3d/integration.py:47-55; called from aerial3d/api.py:417-423,UNKNOWN:shared_replay_failed,PASS,stored_route_uv_0.1mm,1.512,True,UNKNOWN:shared_replay_failed,0.02,8352bdd37aab07a2,6.172,6.66,40.656,40.656,"A* route lateral clearance (row robot, chassis +3 mm, margin 0)",False,,,,,,,False,,,5,0.0,0,0.0,,,,,,
S-F4S-00338,F4,S,cylinder,F4S-00338,EXPORT-DOMAIN,REPLAY-AABB,export,,exported edge 20: its swept world AABB leaves the route prism by 3.8 mm in v although every exported pose is inside (own verifier CERTIFIED),gs3d/oracle.py:165-166 (known_space.contains_aabb of the swept world AABB) -> gs3d/integration.py:47-55; called from aerial3d/api.py:417-423,UNKNOWN:shared_replay_failed,PASS,stored_route_uv_0.1mm,1.512,True,UNKNOWN:shared_replay_failed,0.03,8352bdd37aab07a2,6.689,6.641,2.643,2.643,"A* route lateral clearance (row robot, chassis +3 mm, margin 0)",False,,,,,,,False,,,9,0.0,0,0.0,0,0.0,,,,
S-F4S-00340,F4,S,cylinder,F4S-00340,EXPORT-DOMAIN,REPLAY-AABB,export,,exported edge 1: its swept world AABB leaves the route prism by 73.2 mm in v although every exported pose is inside (own verifier CERTIFIED),gs3d/oracle.py:165-166 (known_space.contains_aabb of the swept world AABB) -> gs3d/integration.py:47-55; called from aerial3d/api.py:417-423,UNKNOWN:shared_replay_failed,PASS,stored_route_uv_0.1mm,1.512,True,UNKNOWN:shared_replay_failed,0.04,8352bdd37aab07a2,6.123,6.65,2.576,2.576,"A* route lateral clearance (row robot, chassis +3 mm, margin 0)",False,,,,,,,False,,,4,0.0,0,0.0,,,,,,
S-F4S-00341,F4,S,cylinder,F4S-00341,EXPORT-DOMAIN,REPLAY-AABB,export,,exported edge 16: its swept world AABB leaves the route prism by 7.6 mm in v although every exported pose is inside (own verifier CERTIFIED),gs3d/oracle.py:165-166 (known_space.contains_aabb of the swept world AABB) -> gs3d/integration.py:47-55; called from aerial3d/api.py:417-423,UNKNOWN:shared_replay_failed,PASS,stored_route_uv_0.1mm,1.512,True,UNKNOWN:shared_replay_failed,0.03,8352bdd37aab07a2,6.768,6.523,0.885,0.885,"A* route lateral clearance (row robot, chassis +3 mm, margin 0)",True,,,,,,,False,,,4,0.0,0,0.0,,,,,,
S-F4S-00342,F4,S,cylinder,F4S-00342,EXPORT-DOMAIN,REPLAY-AABB,export,,exported edge 1: its swept world AABB leaves the route prism by 26.8 mm in v although every exported pose is inside (own verifier CERTIFIED),gs3d/oracle.py:165-166 (known_space.contains_aabb of the swept world AABB) -> gs3d/integration.py:47-55; called from aerial3d/api.py:417-423,UNKNOWN:shared_replay_failed,PASS,stored_route_uv_0.1mm,1.512,True,UNKNOWN:shared_replay_failed,0.02,8352bdd37aab07a2,7.129,7.393,1.636,1.636,"A* route lateral clearance (row robot, chassis +3 mm, margin 0)",True,,,,,,,False,,,5,0.0,0,0.0,,,,,,
S-F4S-00343,F4,S,cylinder,F4S-00343,EXPORT-DOMAIN,REPLAY-AABB,export,,exported edge 1: its swept world AABB leaves the route prism by 50.8 mm in v although every exported pose is inside (own verifier CERTIFIED),gs3d/oracle.py:165-166 (known_space.contains_aabb of the swept world AABB) -> gs3d/integration.py:47-55; called from aerial3d/api.py:417-423,UNKNOWN:shared_replay_failed,PASS,stored_route_uv_0.1mm,1.512,True,UNKNOWN:shared_replay_failed,0.02,8352bdd37aab07a2,7.256,7.48,1.562,1.562,"A* route lateral clearance (row robot, chassis +3 mm, margin 0)",True,,,,,,,False,,,4,0.0,0,0.0,,,,,,
S-F4S-00345,F4,S,cylinder,F4S-00345,EXPORT-DOMAIN,REPLAY-AABB,export,,exported edge 1: its swept world AABB leaves the route prism by 7.4 mm in v although every exported pose is inside (own verifier CERTIFIED),gs3d/oracle.py:165-166 (known_space.contains_aabb of the swept world AABB) -> gs3d/integration.py:47-55; called from aerial3d/api.py:417-423,UNKNOWN:shared_replay_failed,PASS,stored_route_uv_0.1mm,1.512,True,UNKNOWN:shared_replay_failed,0.02,8352bdd37aab07a2,7.969,9.082,0.903,0.903,"A* route lateral clearance (row robot, chassis +3 mm, margin 0)",True,,,,,,,False,,,8,0.0,0,0.0,,,,,,
S-F4S-00348,F4,S,cylinder,F4S-00348,EXPORT-DOMAIN,REPLAY-AABB,export,,exported edge 1: its swept world AABB leaves the route prism by 18.5 mm in v although every exported pose is inside (own verifier CERTIFIED),gs3d/oracle.py:165-166 (known_space.contains_aabb of the swept world AABB) -> gs3d/integration.py:47-55; called from aerial3d/api.py:417-423,UNKNOWN:shared_replay_failed,PASS,stored_route_uv_0.1mm,1.512,True,UNKNOWN:shared_replay_failed,0.02,8352bdd37aab07a2,6.699,7.383,10.114,10.114,"A* route lateral clearance (row robot, chassis +3 mm, margin 0)",False,,,,,,,False,,,7,0.0,0,0.0,0,0.0,,,,
S-F4S-00349,F4,S,cylinder,F4S-00349,EXPORT-DOMAIN,REPLAY-AABB,export,,exported edge 1: its swept world AABB leaves the route prism by 47.4 mm in v although every exported pose is inside (own verifier CERTIFIED),gs3d/oracle.py:165-166 (known_space.contains_aabb of the swept world AABB) -> gs3d/integration.py:47-55; called from aerial3d/api.py:417-423,UNKNOWN:shared_replay_failed,PASS,stored_route_uv_0.1mm,1.512,True,UNKNOWN:shared_replay_failed,0.02,8352bdd37aab07a2,6.367,6.318,17.871,17.871,"A* route lateral clearance (row robot, chassis +3 mm, margin 0)",False,,,,,,,False,,,4,0.0,0,0.0,,,,,,
S-F4S-00352,F4,S,cylinder,F4S-00352,EXPORT-DOMAIN,REPLAY-AABB,export,,exported edge 1: its swept world AABB leaves the route prism by 17.4 mm in v although every exported pose is inside (own verifier CERTIFIED),gs3d/oracle.py:165-166 (known_space.contains_aabb of the swept world AABB) -> gs3d/integration.py:47-55; called from aerial3d/api.py:417-423,UNKNOWN:shared_replay_failed,PASS,stored_route_uv_0.1mm,1.512,True,UNKNOWN:shared_replay_failed,0.01,8352bdd37aab07a2,7.207,6.836,1.141,1.141,"A* route lateral clearance (row robot, chassis +3 mm, margin 0)",True,,,,,,,False,,,3,0.0,0,0.0,,,,,,
S-F4S-00354,F4,S,cylinder,F4S-00354,EXPORT-DOMAIN,REPLAY-AABB,export,,exported edge 1: its swept world AABB leaves the route prism by 7.2 mm in v although every exported pose is inside (own verifier CERTIFIED),gs3d/oracle.py:165-166 (known_space.contains_aabb of the swept world AABB) -> gs3d/integration.py:47-55; called from aerial3d/api.py:417-423,UNKNOWN:shared_replay_failed,PASS,stored_route_uv_0.1mm,1.044,True,UNKNOWN:shared_replay_failed,0.01,8352bdd37aab07a2,6.924,6.426,2.1,2.1,"A* route lateral clearance (row robot, chassis +3 mm, margin 0)",True,,,,,,,False,,,5,0.0,0,0.0,,,,,,
S-F4S-00357,F4,S,cylinder,F4S-00357,EXPORT-DOMAIN,REPLAY-AABB,export,,exported edge 1: its swept world AABB leaves the route prism by 43.0 mm in v although every exported pose is inside (own verifier CERTIFIED),gs3d/oracle.py:165-166 (known_space.contains_aabb of the swept world AABB) -> gs3d/integration.py:47-55; called from aerial3d/api.py:417-423,UNKNOWN:shared_replay_failed,PASS,stored_route_uv_0.1mm,1.512,True,UNKNOWN:shared_replay_failed,0.02,8352bdd37aab07a2,6.875,6.719,22.522,22.522,"A* route lateral clearance (row robot, chassis +3 mm, margin 0)",False,,,,,,,False,,,5,0.0,0,0.0,,,,,,
S-F4S-00363,F4,S,cylinder,F4S-00363,EXPORT-DOMAIN,REPLAY-AABB,export,,exported edge 1: its swept world AABB leaves the route prism by 8.4 mm in v although every exported pose is inside (own verifier CERTIFIED),gs3d/oracle.py:165-166 (known_space.contains_aabb of the swept world AABB) -> gs3d/integration.py:47-55; called from aerial3d/api.py:417-423,UNKNOWN:shared_replay_failed,PASS,stored_route_uv_0.1mm,1.453,True,UNKNOWN:shared_replay_failed,0.17,8352bdd37aab07a2,6.484,8.037,1.337,1.337,"A* route lateral clearance (row robot, chassis +3 mm, margin 0)",True,,,,,,,False,,,12,0.07,21,0.09,4,0.0,,,,
S-F4S-00365,F4,S,cylinder,F4S-00365,EXPORT-DOMAIN,REPLAY-AABB,export,,exported edge 1: its swept world AABB leaves the route prism by 38.4 mm in v although every exported pose is inside (own verifier CERTIFIED),gs3d/oracle.py:165-166 (known_space.contains_aabb of the swept world AABB) -> gs3d/integration.py:47-55; called from aerial3d/api.py:417-423,UNKNOWN:shared_replay_failed,PASS,stored_route_uv_0.1mm,1.512,True,UNKNOWN:shared_replay_failed,0.02,8352bdd37aab07a2,6.436,8.232,1.74,1.74,"A* route lateral clearance (row robot, chassis +3 mm, margin 0)",True,,,,,,,False,,,5,0.0,0,0.0,,,,,,
S-F4S-00367,F4,S,cylinder,F4S-00367,EXPORT-DOMAIN,REPLAY-AABB,export,,exported edge 15: its swept world AABB leaves the route prism by 13.7 mm in v although every exported pose is inside (own verifier CERTIFIED),gs3d/oracle.py:165-166 (known_space.contains_aabb of the swept world AABB) -> gs3d/integration.py:47-55; called from aerial3d/api.py:417-423,UNKNOWN:shared_replay_failed,PASS,stored_route_uv_0.1mm,1.512,True,UNKNOWN:shared_replay_failed,0.03,8352bdd37aab07a2,7.158,6.396,1.44,1.44,"A* route lateral clearance (row robot, chassis +3 mm, margin 0)",True,,,,,,,False,,,6,0.0,0,0.0,,,,,,
S-F4S-00373,F4,S,cylinder,F4S-00373,EXPORT-DOMAIN,REPLAY-AABB,export,,exported edge 15: its swept world AABB leaves the route prism by 7.9 mm in v although every exported pose is inside (own verifier CERTIFIED),gs3d/oracle.py:165-166 (known_space.contains_aabb of the swept world AABB) -> gs3d/integration.py:47-55; called from aerial3d/api.py:417-423,UNKNOWN:shared_replay_failed,PASS,stored_route_uv_0.1mm,1.512,True,UNKNOWN:shared_replay_failed,0.04,8352bdd37aab07a2,7.266,6.514,2.747,2.747,"A* route lateral clearance (row robot, chassis +3 mm, margin 0)",False,,,,,,,False,,,6,0.0,0,0.0,,,,,,
S-F4S-00374,F4,S,cylinder,F4S-00374,EXPORT-DOMAIN,REPLAY-AABB,export,,exported edge 3: its swept world AABB leaves the route prism by 26.1 mm in v although every exported pose is inside (own verifier CERTIFIED),gs3d/oracle.py:165-166 (known_space.contains_aabb of the swept world AABB) -> gs3d/integration.py:47-55; called from aerial3d/api.py:417-423,UNKNOWN:shared_replay_failed,PASS,stored_route_uv_0.1mm,1.512,True,UNKNOWN:shared_replay_failed,0.01,8352bdd37aab07a2,5.664,6.934,20.038,20.038,"A* route lateral clearance (row robot, chassis +3 mm, margin 0)",False,,,,,,,False,,,6,0.0,0,0.0,0,0.0,,,,
S-F4S-00375,F4,S,cylinder,F4S-00375,EXPORT-DOMAIN,REPLAY-AABB,export,,exported edge 1: its swept world AABB leaves the route prism by 19.0 mm in v although every exported pose is inside (own verifier CERTIFIED),gs3d/oracle.py:165-166 (known_space.contains_aabb of the swept world AABB) -> gs3d/integration.py:47-55; called from aerial3d/api.py:417-423,UNKNOWN:shared_replay_failed,PASS,stored_route_uv_0.1mm,1.349,True,UNKNOWN:shared_replay_failed,0.01,8352bdd37aab07a2,9.219,7.988,9.509,9.509,"A* route lateral clearance (row robot, chassis +3 mm, margin 0)",False,,,,,,,False,,,2,0.0,0,0.0,,,,,,
S-F4S-00376,F4,S,cylinder,F4S-00376,EXPORT-DOMAIN,REPLAY-AABB,export,,exported edge 1: its swept world AABB leaves the route prism by 14.6 mm in v although every exported pose is inside (own verifier CERTIFIED),gs3d/oracle.py:165-166 (known_space.contains_aabb of the swept world AABB) -> gs3d/integration.py:47-55; called from aerial3d/api.py:417-423,UNKNOWN:shared_replay_failed,PASS,stored_route_uv_0.1mm,1.512,True,UNKNOWN:shared_replay_failed,0.01,8352bdd37aab07a2,7.217,8.799,11.011,11.011,"A* route lateral clearance (row robot, chassis +3 mm, margin 0)",False,,,,,,,False,,,7,0.0,0,0.0,,,,,,
S-F4S-00379,F4,S,cylinder,F4S-00379,EXPORT-DOMAIN,REPLAY-AABB,export,,exported edge 16: its swept world AABB leaves the route prism by 21.5 mm in v although every exported pose is inside (own verifier CERTIFIED),gs3d/oracle.py:165-166 (known_space.contains_aabb of the swept world AABB) -> gs3d/integration.py:47-55; called from aerial3d/api.py:417-423,UNKNOWN:shared_replay_failed,PASS,stored_route_uv_0.1mm,1.512,True,UNKNOWN:shared_replay_failed,0.05,8352bdd37aab07a2,6.807,7.842,1.636,1.636,"A* route lateral clearance (row robot, chassis +3 mm, margin 0)",True,,,,,,,False,,,4,0.0,0,0.0,,,,,,
S-F4S-00380,F4,S,cylinder,F4S-00380,EXPORT-DOMAIN,REPLAY-AABB,export,,exported edge 1: its swept world AABB leaves the route prism by 28.8 mm in v although every exported pose is inside (own verifier CERTIFIED),gs3d/oracle.py:165-166 (known_space.contains_aabb of the swept world AABB) -> gs3d/integration.py:47-55; called from aerial3d/api.py:417-423,UNKNOWN:shared_replay_failed,PASS,stored_route_uv_0.1mm,1.512,True,UNKNOWN:shared_replay_failed,0.02,8352bdd37aab07a2,6.895,6.074,3.29,3.29,"A* route lateral clearance (row robot, chassis +3 mm, margin 0)",False,,,,,,,False,,,4,0.0,0,0.0,,,,,,
S-F4S-00383,F4,S,cylinder,F4S-00383,EXPORT-DOMAIN,REPLAY-AABB,export,,exported edge 1: its swept world AABB leaves the route prism by 54.7 mm in v although every exported pose is inside (own verifier CERTIFIED),gs3d/oracle.py:165-166 (known_space.contains_aabb of the swept world AABB) -> gs3d/integration.py:47-55; called from aerial3d/api.py:417-423,UNKNOWN:shared_replay_failed,PASS,stored_route_uv_0.1mm,1.475,True,UNKNOWN:shared_replay_failed,0.01,8352bdd37aab07a2,6.348,6.748,1.666,1.666,"A* route lateral clearance (row robot, chassis +3 mm, margin 0)",True,,,,,,,False,,,7,0.0,0,0.0,0,0.0,,,,
S-F4S-00387,F4,S,cylinder,F4S-00387,EXPORT-DOMAIN,REPLAY-AABB,export,,exported edge 20: its swept world AABB leaves the route prism by 16.6 mm in v although every exported pose is inside (own verifier CERTIFIED),gs3d/oracle.py:165-166 (known_space.contains_aabb of the swept world AABB) -> gs3d/integration.py:47-55; called from aerial3d/api.py:417-423,UNKNOWN:shared_replay_failed,PASS,stored_route_uv_0.1mm,1.512,True,UNKNOWN:shared_replay_failed,0.07,8352bdd37aab07a2,7.412,6.143,1.562,1.562,"A* route lateral clearance (row robot, chassis +3 mm, margin 0)",True,,,,,,,False,,,15,0.0,0,0.0,0,0.0,,,,
S-F4S-00389,F4,S,cylinder,F4S-00389,EXPORT-DOMAIN,REPLAY-AABB,export,,exported edge 1: its swept world AABB leaves the route prism by 46.5 mm in v although every exported pose is inside (own verifier CERTIFIED),gs3d/oracle.py:165-166 (known_space.contains_aabb of the swept world AABB) -> gs3d/integration.py:47-55; called from aerial3d/api.py:417-423,UNKNOWN:shared_replay_failed,PASS,stored_route_uv_0.1mm,1.512,True,UNKNOWN:shared_replay_failed,0.01,8352bdd37aab07a2,7.314,7.637,17.346,17.346,"A* route lateral clearance (row robot, chassis +3 mm, margin 0)",False,,,,,,,False,,,7,0.0,0,0.0,,,,,,
S-F4S-00390,F4,S,cylinder,F4S-00390,EXPORT-DOMAIN,REPLAY-AABB,export,,exported edge 1: its swept world AABB leaves the route prism by 40.8 mm in v although every exported pose is inside (own verifier CERTIFIED),gs3d/oracle.py:165-166 (known_space.contains_aabb of the swept world AABB) -> gs3d/integration.py:47-55; called from aerial3d/api.py:417-423,UNKNOWN:shared_replay_failed,PASS,stored_route_uv_0.1mm,1.512,True,UNKNOWN:shared_replay_failed,0.17,8352bdd37aab07a2,5.801,6.758,10.217,10.217,"A* route lateral clearance (row robot, chassis +3 mm, margin 0)",False,,,,,,,False,,,16,0.1,18,0.06,10,0.0,,,,
S-F4S-00391,F4,S,cylinder,F4S-00391,EXPORT-DOMAIN,REPLAY-AABB,export,,exported edge 16: its swept world AABB leaves the route prism by 1.2 mm in v although every exported pose is inside (own verifier CERTIFIED),gs3d/oracle.py:165-166 (known_space.contains_aabb of the swept world AABB) -> gs3d/integration.py:47-55; called from aerial3d/api.py:417-423,UNKNOWN:shared_replay_failed,PASS,stored_route_uv_0.1mm,1.512,True,UNKNOWN:shared_replay_failed,0.04,8352bdd37aab07a2,8.701,7.969,1.111,1.111,"A* route lateral clearance (row robot, chassis +3 mm, margin 0)",True,,,,,,,False,,,4,0.0,0,0.0,,,,,,
S-F4S-00395,F4,S,cylinder,F4S-00395,EXPORT-DOMAIN,REPLAY-AABB,export,,exported edge 1: its swept world AABB leaves the route prism by 21.2 mm in v although every exported pose is inside (own verifier CERTIFIED),gs3d/oracle.py:165-166 (known_space.contains_aabb of the swept world AABB) -> gs3d/integration.py:47-55; called from aerial3d/api.py:417-423,UNKNOWN:shared_replay_failed,PASS,stored_route_uv_0.1mm,1.512,True,UNKNOWN:shared_replay_failed,0.01,8352bdd37aab07a2,7.832,7.207,0.079,0.079,"A* route lateral clearance (row robot, chassis +3 mm, margin 0)",True,,,,,,,False,,,3,0.0,0,0.0,,,,,,
S-F4S-00396,F4,S,cylinder,F4S-00396,EXPORT-DOMAIN,REPLAY-AABB,export,,exported edge 1: its swept world AABB leaves the route prism by 14.2 mm in v although every exported pose is inside (own verifier CERTIFIED),gs3d/oracle.py:165-166 (known_space.contains_aabb of the swept world AABB) -> gs3d/integration.py:47-55; called from aerial3d/api.py:417-423,UNKNOWN:shared_replay_failed,PASS,stored_route_uv_0.1mm,1.512,True,UNKNOWN:shared_replay_failed,0.01,8352bdd37aab07a2,7.061,6.553,2.716,2.716,"A* route lateral clearance (row robot, chassis +3 mm, margin 0)",False,,,,,,,False,,,4,0.0,0,0.0,,,,,,
S-F4S-00397,F4,S,cylinder,F4S-00397,EXPORT-DOMAIN,REPLAY-AABB,export,,exported edge 1: its swept world AABB leaves the route prism by 51.9 mm in v although every exported pose is inside (own verifier CERTIFIED),gs3d/oracle.py:165-166 (known_space.contains_aabb of the swept world AABB) -> gs3d/integration.py:47-55; called from aerial3d/api.py:417-423,UNKNOWN:shared_replay_failed,PASS,stored_route_uv_0.1mm,1.494,True,UNKNOWN:shared_replay_failed,0.2,8352bdd37aab07a2,2.539,6.543,8.936,8.936,"A* route lateral clearance (row robot, chassis +3 mm, margin 0)",False,,,,,,,False,,,8,0.0,0,0.0,,,,,,
S-F4S-00399,F4,S,cylinder,F4S-00399,EXPORT-DOMAIN,REPLAY-AABB,export,,exported edge 1: its swept world AABB leaves the route prism by 23.1 mm in v although every exported pose is inside (own verifier CERTIFIED),gs3d/oracle.py:165-166 (known_space.contains_aabb of the swept world AABB) -> gs3d/integration.py:47-55; called from aerial3d/api.py:417-423,UNKNOWN:shared_replay_failed,PASS,stored_route_uv_0.1mm,1.512,True,UNKNOWN:shared_replay_failed,0.01,8352bdd37aab07a2,8.135,8.682,3.436,3.436,"A* route lateral clearance (row robot, chassis +3 mm, margin 0)",False,,,,,,,False,,,3,0.0,0,0.0,,,,,,
S-F4S-00401,F4,S,cylinder,F4S-00401,EXPORT-DOMAIN,REPLAY-AABB,export,,exported edge 1: its swept world AABB leaves the route prism by 54.7 mm in v although every exported pose is inside (own verifier CERTIFIED),gs3d/oracle.py:165-166 (known_space.contains_aabb of the swept world AABB) -> gs3d/integration.py:47-55; called from aerial3d/api.py:417-423,UNKNOWN:shared_replay_failed,PASS,stored_route_uv_0.1mm,1.512,True,UNKNOWN:shared_replay_failed,0.01,8352bdd37aab07a2,6.855,7.246,2.46,2.46,"A* route lateral clearance (row robot, chassis +3 mm, margin 0)",False,,,,,,,False,,,6,0.0,0,0.0,,,,,,
S-F4S-00403,F4,S,cylinder,F4S-00403,EXPORT-DOMAIN,REPLAY-AABB,export,,exported edge 4: its swept world AABB leaves the route prism by 14.8 mm in v although every exported pose is inside (own verifier CERTIFIED),gs3d/oracle.py:165-166 (known_space.contains_aabb of the swept world AABB) -> gs3d/integration.py:47-55; called from aerial3d/api.py:417-423,UNKNOWN:shared_replay_failed,PASS,stored_route_uv_0.1mm,1.168,True,UNKNOWN:shared_replay_failed,0.13,8352bdd37aab07a2,7.344,5.596,1.965,1.965,"A* route lateral clearance (row robot, chassis +3 mm, margin 0)",True,,,,,,,False,,,12,0.02,10,0.09,1,0.0,,,,
S-F4S-00405,F4,S,cylinder,F4S-00405,EXPORT-DOMAIN,REPLAY-AABB,export,,exported edge 1: its swept world AABB leaves the route prism by 14.6 mm in v although every exported pose is inside (own verifier CERTIFIED),gs3d/oracle.py:165-166 (known_space.contains_aabb of the swept world AABB) -> gs3d/integration.py:47-55; called from aerial3d/api.py:417-423,UNKNOWN:shared_replay_failed,PASS,stored_route_uv_0.1mm,1.512,True,UNKNOWN:shared_replay_failed,0.03,8352bdd37aab07a2,5.605,7.07,5.988,5.988,"A* route lateral clearance (row robot, chassis +3 mm, margin 0)",False,,,,,,,False,,,5,0.01,0,0.0,,,,,,
S-F4S-00408,F4,S,cylinder,F4S-00408,EXPORT-DOMAIN,REPLAY-AABB,export,,exported edge 9: its swept world AABB leaves the route prism by 0.2 mm in v although every exported pose is inside (own verifier CERTIFIED),gs3d/oracle.py:165-166 (known_space.contains_aabb of the swept world AABB) -> gs3d/integration.py:47-55; called from aerial3d/api.py:417-423,UNKNOWN:shared_replay_failed,PASS,stored_route_uv_0.1mm,1.245,True,UNKNOWN:shared_replay_failed,0.03,8352bdd37aab07a2,5.684,6.484,0.812,0.812,"A* route lateral clearance (row robot, chassis +3 mm, margin 0)",True,,,,,,,False,,,3,0.0,0,0.0,,,,,,
S-F4S-00409,F4,S,cylinder,F4S-00409,EXPORT-DOMAIN,REPLAY-AABB,export,,exported edge 19: its swept world AABB leaves the route prism by 7.8 mm in v although every exported pose is inside (own verifier CERTIFIED),gs3d/oracle.py:165-166 (known_space.contains_aabb of the swept world AABB) -> gs3d/integration.py:47-55; called from aerial3d/api.py:417-423,UNKNOWN:shared_replay_failed,PASS,stored_route_uv_0.1mm,1.512,True,UNKNOWN:shared_replay_failed,0.03,8352bdd37aab07a2,7.412,8.311,2.6,2.6,"A* route lateral clearance (row robot, chassis +3 mm, margin 0)",False,,,,,,,False,,,7,0.0,0,0.0,0,0.0,,,,
S-F4S-00410,F4,S,cylinder,F4S-00410,EXPORT-DOMAIN,REPLAY-AABB,export,,exported edge 16: its swept world AABB leaves the route prism by 10.5 mm in v although every exported pose is inside (own verifier CERTIFIED),gs3d/oracle.py:165-166 (known_space.contains_aabb of the swept world AABB) -> gs3d/integration.py:47-55; called from aerial3d/api.py:417-423,UNKNOWN:shared_replay_failed,PASS,stored_route_uv_0.1mm,1.512,True,UNKNOWN:shared_replay_failed,0.03,8352bdd37aab07a2,8.096,6.66,0.391,0.391,"A* route lateral clearance (row robot, chassis +3 mm, margin 0)",True,,,,,,,False,,,7,0.0,0,0.0,0,0.0,,,,
S-F4S-00411,F4,S,cylinder,F4S-00411,EXPORT-DOMAIN,REPLAY-AABB,export,,exported edge 19: its swept world AABB leaves the route prism by 0.8 mm in v although every exported pose is inside (own verifier CERTIFIED),gs3d/oracle.py:165-166 (known_space.contains_aabb of the swept world AABB) -> gs3d/integration.py:47-55; called from aerial3d/api.py:417-423,UNKNOWN:shared_replay_failed,PASS,stored_route_uv_0.1mm,1.16,True,UNKNOWN:shared_replay_failed,0.05,8352bdd37aab07a2,7.021,7.051,0.287,0.287,"A* route lateral clearance (row robot, chassis +3 mm, margin 0)",True,,,,,,,False,,,7,0.0,0,0.0,0,0.0,,,,
S-F4S-00412,F4,S,cylinder,F4S-00412,EXPORT-DOMAIN,REPLAY-AABB,export,,exported edge 16: its swept world AABB leaves the route prism by 8.7 mm in v although every exported pose is inside (own verifier CERTIFIED),gs3d/oracle.py:165-166 (known_space.contains_aabb of the swept world AABB) -> gs3d/integration.py:47-55; called from aerial3d/api.py:417-423,UNKNOWN:shared_replay_failed,PASS,stored_route_uv_0.1mm,1.512,True,UNKNOWN:shared_replay_failed,0.03,8352bdd37aab07a2,8.096,7.041,0.812,0.812,"A* route lateral clearance (row robot, chassis +3 mm, margin 0)",True,,,,,,,False,,,7,0.0,0,0.0,,,,,,
S-F4S-00413,F4,S,cylinder,F4S-00413,EXPORT-DOMAIN,REPLAY-AABB,export,,exported edge 1: its swept world AABB leaves the route prism by 8.7 mm in v although every exported pose is inside (own verifier CERTIFIED),gs3d/oracle.py:165-166 (known_space.contains_aabb of the swept world AABB) -> gs3d/integration.py:47-55; called from aerial3d/api.py:417-423,UNKNOWN:shared_replay_failed,PASS,stored_route_uv_0.1mm,1.349,True,UNKNOWN:shared_replay_failed,0.02,8352bdd37aab07a2,6.387,6.309,1.819,1.819,"A* route lateral clearance (row robot, chassis +3 mm, margin 0)",True,,,,,,,False,,,4,0.01,12,0.0,,,,,,
S-F4S-00415,F4,S,cylinder,F4S-00415,EXPORT-DOMAIN,REPLAY-AABB,export,,exported edge 10: its swept world AABB leaves the route prism by 1.6 mm in v although every exported pose is inside (own verifier CERTIFIED),gs3d/oracle.py:165-166 (known_space.contains_aabb of the swept world AABB) -> gs3d/integration.py:47-55; called from aerial3d/api.py:417-423,UNKNOWN:shared_replay_failed,PASS,stored_route_uv_0.1mm,1.512,True,UNKNOWN:shared_replay_failed,0.02,8352bdd37aab07a2,6.826,6.445,0.214,0.214,"A* route lateral clearance (row robot, chassis +3 mm, margin 0)",True,,,,,,,False,,,4,0.0,0,0.0,,,,,,
S-F4S-00417,F4,S,cylinder,F4S-00417,EXPORT-DOMAIN,REPLAY-AABB,export,,exported edge 13: its swept world AABB leaves the route prism by 0.0 mm in v although every exported pose is inside (own verifier CERTIFIED),gs3d/oracle.py:165-166 (known_space.contains_aabb of the swept world AABB) -> gs3d/integration.py:47-55; called from aerial3d/api.py:417-423,UNKNOWN:shared_replay_failed,PASS,stored_route_uv_0.1mm,1.266,True,UNKNOWN:shared_replay_failed,0.03,8352bdd37aab07a2,8.125,7.363,2.649,2.649,"A* route lateral clearance (row robot, chassis +3 mm, margin 0)",False,,,,,,,False,,,3,0.0,0,0.0,,,,,,
S-F4S-00418,F4,S,cylinder,F4S-00418,EXPORT-DOMAIN,REPLAY-AABB,export,,exported edge 10: its swept world AABB leaves the route prism by 0.3 mm in v although every exported pose is inside (own verifier CERTIFIED),gs3d/oracle.py:165-166 (known_space.contains_aabb of the swept world AABB) -> gs3d/integration.py:47-55; called from aerial3d/api.py:417-423,UNKNOWN:shared_replay_failed,PASS,stored_route_uv_0.1mm,1.512,True,UNKNOWN:shared_replay_failed,0.02,8352bdd37aab07a2,8.34,8.604,1.141,1.141,"A* route lateral clearance (row robot, chassis +3 mm, margin 0)",True,,,,,,,False,,,3,0.0,0,0.0,,,,,,
S-F4S-00421,F4,S,cylinder,F4S-00421,EXPORT-DOMAIN,REPLAY-AABB,export,,exported edge 1: its swept world AABB leaves the route prism by 47.9 mm in v although every exported pose is inside (own verifier CERTIFIED),gs3d/oracle.py:165-166 (known_space.contains_aabb of the swept world AABB) -> gs3d/integration.py:47-55; called from aerial3d/api.py:417-423,UNKNOWN:shared_replay_failed,PASS,stored_route_uv_0.1mm,1.512,True,UNKNOWN:shared_replay_failed,0.01,8352bdd37aab07a2,6.348,7.686,18.622,18.622,"A* route lateral clearance (row robot, chassis +3 mm, margin 0)",False,,,,,,,False,,,3,0.0,0,0.0,,,,,,
S-F4S-00423,F4,S,cylinder,F4S-00423,EXPORT-DOMAIN,REPLAY-AABB,export,,exported edge 13: its swept world AABB leaves the route prism by 1.2 mm in v although every exported pose is inside (own verifier CERTIFIED),gs3d/oracle.py:165-166 (known_space.contains_aabb of the swept world AABB) -> gs3d/integration.py:47-55; called from aerial3d/api.py:417-423,UNKNOWN:shared_replay_failed,PASS,stored_route_uv_0.1mm,1.512,True,UNKNOWN:shared_replay_failed,0.03,8352bdd37aab07a2,6.865,7.07,1.666,1.666,"A* route lateral clearance (row robot, chassis +3 mm, margin 0)",True,,,,,,,False,,,3,0.0,0,0.0,,,,,,
S-F4S-00425,F4,S,cylinder,F4S-00425,EXPORT-DOMAIN,REPLAY-AABB,export,,exported edge 15: its swept world AABB leaves the route prism by 8.7 mm in v although every exported pose is inside (own verifier CERTIFIED),gs3d/oracle.py:165-166 (known_space.contains_aabb of the swept world AABB) -> gs3d/integration.py:47-55; called from aerial3d/api.py:417-423,UNKNOWN:shared_replay_failed,PASS,stored_route_uv_0.1mm,1.512,True,UNKNOWN:shared_replay_failed,0.03,8352bdd37aab07a2,6.943,7.432,1.935,1.935,"A* route lateral clearance (row robot, chassis +3 mm, margin 0)",True,,,,,,,False,,,4,0.0,0,0.0,,,,,,
S-F4S-00426,F4,S,cylinder,F4S-00426,EXPORT-DOMAIN,REPLAY-AABB,export,,exported edge 18: its swept world AABB leaves the route prism by 7.5 mm in v although every exported pose is inside (own verifier CERTIFIED),gs3d/oracle.py:165-166 (known_space.contains_aabb of the swept world AABB) -> gs3d/integration.py:47-55; called from aerial3d/api.py:417-423,UNKNOWN:shared_replay_failed,PASS,stored_route_uv_0.1mm,1.011,True,UNKNOWN:shared_replay_failed,0.04,8352bdd37aab07a2,7.168,9.453,0.061,0.061,"A* route lateral clearance (row robot, chassis +3 mm, margin 0)",True,,,,,,,False,,,9,0.0,0,0.0,,,,,,
S-F4S-00427,F4,S,cylinder,F4S-00427,EXPORT-DOMAIN,REPLAY-AABB,export,,exported edge 18: its swept world AABB leaves the route prism by 4.3 mm in v although every exported pose is inside (own verifier CERTIFIED),gs3d/oracle.py:165-166 (known_space.contains_aabb of the swept world AABB) -> gs3d/integration.py:47-55; called from aerial3d/api.py:417-423,UNKNOWN:shared_replay_failed,PASS,stored_route_uv_0.1mm,1.349,True,UNKNOWN:shared_replay_failed,0.06,8352bdd37aab07a2,8.057,6.211,2.49,2.49,"A* route lateral clearance (row robot, chassis +3 mm, margin 0)",False,,,,,,,False,,,13,0.01,1,0.0,1,0.0,,,,
S-F4S-00429,F4,S,cylinder,F4S-00429,EXPORT-DOMAIN,REPLAY-AABB,export,,exported edge 7: its swept world AABB leaves the route prism by 0.8 mm in v although every exported pose is inside (own verifier CERTIFIED),gs3d/oracle.py:165-166 (known_space.contains_aabb of the swept world AABB) -> gs3d/integration.py:47-55; called from aerial3d/api.py:417-423,UNKNOWN:shared_replay_failed,PASS,stored_route_uv_0.1mm,1.512,True,UNKNOWN:shared_replay_failed,0.03,8352bdd37aab07a2,7.324,7.607,2.161,2.161,"A* route lateral clearance (row robot, chassis +3 mm, margin 0)",False,,,,,,,False,,,3,0.0,0,0.0,,,,,,
S-F4S-00430,F4,S,cylinder,F4S-00430,EXPORT-DOMAIN,REPLAY-AABB,export,,exported edge 19: its swept world AABB leaves the route prism by 8.8 mm in v although every exported pose is inside (own verifier CERTIFIED),gs3d/oracle.py:165-166 (known_space.contains_aabb of the swept world AABB) -> gs3d/integration.py:47-55; called from aerial3d/api.py:417-423,UNKNOWN:shared_replay_failed,PASS,stored_route_uv_0.1mm,1.507,True,UNKNOWN:shared_replay_failed,0.04,8352bdd37aab07a2,7.764,8.691,2.942,2.942,"A* route lateral clearance (row robot, chassis +3 mm, margin 0)",False,,,,,,,False,,,8,0.0,20,0.0,0,0.0,,,,
S-F4S-00432,F4,S,cylinder,F4S-00432,EXPORT-DOMAIN,REPLAY-AABB,export,,exported edge 9: its swept world AABB leaves the route prism by 0.4 mm in v although every exported pose is inside (own verifier CERTIFIED),gs3d/oracle.py:165-166 (known_space.contains_aabb of the swept world AABB) -> gs3d/integration.py:47-55; called from aerial3d/api.py:417-423,UNKNOWN:shared_replay_failed,PASS,stored_route_uv_0.1mm,1.349,True,UNKNOWN:shared_replay_failed,0.15,8352bdd37aab07a2,7.646,6.719,2.264,2.264,"A* route lateral clearance (row robot, chassis +3 mm, margin 0)",False,,,,,,,False,,,12,0.02,16,0.1,1,0.0,,,,
S-F4S-00434,F4,S,cylinder,F4S-00434,EXPORT-DOMAIN,REPLAY-AABB,export,,exported edge 1: its swept world AABB leaves the route prism by 0.5 mm in v although every exported pose is inside (own verifier CERTIFIED),gs3d/oracle.py:165-166 (known_space.contains_aabb of the swept world AABB) -> gs3d/integration.py:47-55; called from aerial3d/api.py:417-423,UNKNOWN:shared_replay_failed,PASS,stored_route_uv_0.1mm,1.512,True,UNKNOWN:shared_replay_failed,0.02,8352bdd37aab07a2,6.924,6.631,20.233,20.233,"A* route lateral clearance (row robot, chassis +3 mm, margin 0)",False,,,,,,,False,,,6,0.0,0,0.0,0,0.0,,,,
S-F4S-00435,F4,S,cylinder,F4S-00435,EXPORT-DOMAIN,REPLAY-AABB,export,,exported edge 1: its swept world AABB leaves the route prism by 33.3 mm in v although every exported pose is inside (own verifier CERTIFIED),gs3d/oracle.py:165-166 (known_space.contains_aabb of the swept world AABB) -> gs3d/integration.py:47-55; called from aerial3d/api.py:417-423,UNKNOWN:shared_replay_failed,PASS,stored_route_uv_0.1mm,1.512,True,UNKNOWN:shared_replay_failed,0.02,8352bdd37aab07a2,6.514,7.256,0.092,0.092,"A* route lateral clearance (row robot, chassis +3 mm, margin 0)",True,,,,,,,False,,,5,0.0,0,0.0,,,,,,
S-F4S-00436,F4,S,cylinder,F4S-00436,EXPORT-DOMAIN,REPLAY-AABB,export,,exported edge 1: its swept world AABB leaves the route prism by 30.3 mm in v although every exported pose is inside (own verifier CERTIFIED),gs3d/oracle.py:165-166 (known_space.contains_aabb of the swept world AABB) -> gs3d/integration.py:47-55; called from aerial3d/api.py:417-423,UNKNOWN:shared_replay_failed,PASS,stored_route_uv_0.1mm,1.512,True,UNKNOWN:shared_replay_failed,0.02,8352bdd37aab07a2,6.611,8.164,21.912,21.912,"A* route lateral clearance (row robot, chassis +3 mm, margin 0)",False,,,,,,,False,,,7,0.0,0,0.0,0,0.0,,,,
S-F4S-00438,F4,S,cylinder,F4S-00438,EXPORT-DOMAIN,REPLAY-AABB,export,,exported edge 4: its swept world AABB leaves the route prism by 6.2 mm in v although every exported pose is inside (own verifier CERTIFIED),gs3d/oracle.py:165-166 (known_space.contains_aabb of the swept world AABB) -> gs3d/integration.py:47-55; called from aerial3d/api.py:417-423,UNKNOWN:shared_replay_failed,PASS,stored_route_uv_0.1mm,1.512,True,UNKNOWN:shared_replay_failed,0.01,8352bdd37aab07a2,7.461,7.471,0.513,0.513,"A* route lateral clearance (row robot, chassis +3 mm, margin 0)",True,,,,,,,False,,,6,0.0,0,0.0,0,0.0,,,,
S-F4S-00439,F4,S,cylinder,F4S-00439,EXPORT-DOMAIN,REPLAY-AABB,export,,exported edge 19: its swept world AABB leaves the route prism by 1.6 mm in v although every exported pose is inside (own verifier CERTIFIED),gs3d/oracle.py:165-166 (known_space.contains_aabb of the swept world AABB) -> gs3d/integration.py:47-55; called from aerial3d/api.py:417-423,UNKNOWN:shared_replay_failed,PASS,stored_route_uv_0.1mm,1.269,True,UNKNOWN:shared_replay_failed,0.08,8352bdd37aab07a2,8.203,2.119,2.386,2.386,"A* route lateral clearance (row robot, chassis +3 mm, margin 0)",False,,,,,,,False,,,14,0.01,0,0.0,1,0.0,,,,
S-F4S-00444,F4,S,cylinder,F4S-00444,EXPORT-DOMAIN,REPLAY-AABB,export,,exported edge 13: its swept world AABB leaves the route prism by 10.1 mm in v although every exported pose is inside (own verifier CERTIFIED),gs3d/oracle.py:165-166 (known_space.contains_aabb of the swept world AABB) -> gs3d/integration.py:47-55; called from aerial3d/api.py:417-423,UNKNOWN:shared_replay_failed,PASS,stored_route_uv_0.1mm,1.512,True,UNKNOWN:shared_replay_failed,0.03,8352bdd37aab07a2,7.842,6.113,2.716,2.716,"A* route lateral clearance (row robot, chassis +3 mm, margin 0)",False,,,,,,,False,,,3,0.0,0,0.0,,,,,,
S-F4S-00446,F4,S,cylinder,F4S-00446,EXPORT-DOMAIN,REPLAY-AABB,export,,exported edge 16: its swept world AABB leaves the route prism by 13.8 mm in v although every exported pose is inside (own verifier CERTIFIED),gs3d/oracle.py:165-166 (known_space.contains_aabb of the swept world AABB) -> gs3d/integration.py:47-55; called from aerial3d/api.py:417-423,UNKNOWN:shared_replay_failed,PASS,stored_route_uv_0.1mm,1.349,True,UNKNOWN:shared_replay_failed,0.03,8352bdd37aab07a2,6.621,6.445,0.287,0.287,"A* route lateral clearance (row robot, chassis +3 mm, margin 0)",True,,,,,,,False,,,3,0.0,0,0.0,,,,,,
S-F4S-00449,F4,S,cylinder,F4S-00449,EXPORT-DOMAIN,REPLAY-AABB,export,,exported edge 1: its swept world AABB leaves the route prism by 3.3 mm in v although every exported pose is inside (own verifier CERTIFIED),gs3d/oracle.py:165-166 (known_space.contains_aabb of the swept world AABB) -> gs3d/integration.py:47-55; called from aerial3d/api.py:417-423,UNKNOWN:shared_replay_failed,PASS,stored_route_uv_0.1mm,1.512,True,UNKNOWN:shared_replay_failed,0.02,8352bdd37aab07a2,7.305,6.104,43.28,43.28,"A* route lateral clearance (row robot, chassis +3 mm, margin 0)",False,,,,,,,False,,,4,0.0,0,0.0,,,,,,
S-F4S-00454,F4,S,cylinder,F4S-00454,EXPORT-DOMAIN,REPLAY-AABB,export,,exported edge 1: its swept world AABB leaves the route prism by 59.9 mm in v although every exported pose is inside (own verifier CERTIFIED),gs3d/oracle.py:165-166 (known_space.contains_aabb of the swept world AABB) -> gs3d/integration.py:47-55; called from aerial3d/api.py:417-423,UNKNOWN:shared_replay_failed,PASS,stored_route_uv_0.1mm,1.512,True,UNKNOWN:shared_replay_failed,0.01,8352bdd37aab07a2,6.846,6.094,10.675,10.675,"A* route lateral clearance (row robot, chassis +3 mm, margin 0)",False,,,,,,,False,,,3,0.0,0,0.0,,,,,,
S-F4S-00455,F4,S,cylinder,F4S-00455,EXPORT-DOMAIN,REPLAY-AABB,export,,exported edge 1: its swept world AABB leaves the route prism by 40.4 mm in v although every exported pose is inside (own verifier CERTIFIED),gs3d/oracle.py:165-166 (known_space.contains_aabb of the swept world AABB) -> gs3d/integration.py:47-55; called from aerial3d/api.py:417-423,UNKNOWN:shared_replay_failed,PASS,stored_route_uv_0.1mm,1.512,True,UNKNOWN:shared_replay_failed,0.01,8352bdd37aab07a2,9.58,9.863,2.35,2.35,"A* route lateral clearance (row robot, chassis +3 mm, margin 0)",False,,,,,,,False,,,3,0.0,0,0.0,,,,,,
S-F4S-00458,F4,S,cylinder,F4S-00458,EXPORT-DOMAIN,REPLAY-AABB,export,,exported edge 13: its swept world AABB leaves the route prism by 1.8 mm in v although every exported pose is inside (own verifier CERTIFIED),gs3d/oracle.py:165-166 (known_space.contains_aabb of the swept world AABB) -> gs3d/integration.py:47-55; called from aerial3d/api.py:417-423,UNKNOWN:shared_replay_failed,PASS,stored_route_uv_0.1mm,1.512,True,UNKNOWN:shared_replay_failed,0.04,8352bdd37aab07a2,7.002,6.104,0.348,0.348,"A* route lateral clearance (row robot, chassis +3 mm, margin 0)",True,,,,,,,False,,,6,0.0,0,0.0,0,0.0,,,,
S-F4S-00460,F4,S,cylinder,F4S-00460,EXPORT-DOMAIN,REPLAY-AABB,export,,exported edge 17: its swept world AABB leaves the route prism by 1.2 mm in v although every exported pose is inside (own verifier CERTIFIED),gs3d/oracle.py:165-166 (known_space.contains_aabb of the swept world AABB) -> gs3d/integration.py:47-55; called from aerial3d/api.py:417-423,UNKNOWN:shared_replay_failed,PASS,stored_route_uv_0.1mm,1.05,True,UNKNOWN:shared_replay_failed,0.06,8352bdd37aab07a2,7.998,8.096,0.677,0.677,"A* route lateral clearance (row robot, chassis +3 mm, margin 0)",True,,,,,,,False,,,9,0.0,0,0.0,,,,,,
S-F4S-00461,F4,S,cylinder,F4S-00461,EXPORT-DOMAIN,REPLAY-AABB,export,,exported edge 1: its swept world AABB leaves the route prism by 26.6 mm in v although every exported pose is inside (own verifier CERTIFIED),gs3d/oracle.py:165-166 (known_space.contains_aabb of the swept world AABB) -> gs3d/integration.py:47-55; called from aerial3d/api.py:417-423,UNKNOWN:shared_replay_failed,PASS,stored_route_uv_0.1mm,1.026,True,UNKNOWN:shared_replay_failed,0.02,8352bdd37aab07a2,7.9,9.336,9.064,9.064,"A* route lateral clearance (row robot, chassis +3 mm, margin 0)",False,,,,,,,False,,,6,0.0,0,0.0,0,0.0,,,,
S-F4S-00463,F4,S,cylinder,F4S-00463,EXPORT-DOMAIN,REPLAY-AABB,export,,exported edge 1: its swept world AABB leaves the route prism by 2.6 mm in v although every exported pose is inside (own verifier CERTIFIED),gs3d/oracle.py:165-166 (known_space.contains_aabb of the swept world AABB) -> gs3d/integration.py:47-55; called from aerial3d/api.py:417-423,UNKNOWN:shared_replay_failed,PASS,stored_route_uv_0.1mm,1.512,True,UNKNOWN:shared_replay_failed,0.01,8352bdd37aab07a2,5.977,6.006,6.61,6.61,"A* route lateral clearance (row robot, chassis +3 mm, margin 0)",False,,,,,,,False,,,9,0.0,0,0.0,1,0.0,,,,
S-F4S-00465,F4,S,cylinder,F4S-00465,EXPORT-DOMAIN,REPLAY-AABB,export,,exported edge 1: its swept world AABB leaves the route prism by 34.8 mm in v although every exported pose is inside (own verifier CERTIFIED),gs3d/oracle.py:165-166 (known_space.contains_aabb of the swept world AABB) -> gs3d/integration.py:47-55; called from aerial3d/api.py:417-423,UNKNOWN:shared_replay_failed,PASS,stored_route_uv_0.1mm,1.512,True,UNKNOWN:shared_replay_failed,0.01,8352bdd37aab07a2,6.016,6.309,7.898,7.898,"A* route lateral clearance (row robot, chassis +3 mm, margin 0)",False,,,,,,,False,,,6,0.0,0,0.0,0,0.0,,,,
S-F4S-00467,F4,S,cylinder,F4S-00467,EXPORT-DOMAIN,REPLAY-AABB,export,,exported edge 1: its swept world AABB leaves the route prism by 36.6 mm in v although every exported pose is inside (own verifier CERTIFIED),gs3d/oracle.py:165-166 (known_space.contains_aabb of the swept world AABB) -> gs3d/integration.py:47-55; called from aerial3d/api.py:417-423,UNKNOWN:shared_replay_failed,PASS,stored_route_uv_0.1mm,1.512,True,UNKNOWN:shared_replay_failed,0.01,8352bdd37aab07a2,9.17,9.365,25.385,25.385,"A* route lateral clearance (row robot, chassis +3 mm, margin 0)",False,,,,,,,False,,,7,0.0,0,0.0,,,,,,
S-F4S-00471,F4,S,cylinder,F4S-00471,EXPORT-DOMAIN,REPLAY-AABB,export,,exported edge 1: its swept world AABB leaves the route prism by 18.8 mm in v although every exported pose is inside (own verifier CERTIFIED),gs3d/oracle.py:165-166 (known_space.contains_aabb of the swept world AABB) -> gs3d/integration.py:47-55; called from aerial3d/api.py:417-423,UNKNOWN:shared_replay_failed,PASS,stored_route_uv_0.1mm,1.512,True,UNKNOWN:shared_replay_failed,0.01,8352bdd37aab07a2,7.539,6.211,15.851,15.851,"A* route lateral clearance (row robot, chassis +3 mm, margin 0)",False,,,,,,,False,,,6,0.0,0,0.0,0,0.0,,,,
S-F4S-00472,F4,S,cylinder,F4S-00472,EXPORT-DOMAIN,REPLAY-AABB,export,,exported edge 18: its swept world AABB leaves the route prism by 14.4 mm in v although every exported pose is inside (own verifier CERTIFIED),gs3d/oracle.py:165-166 (known_space.contains_aabb of the swept world AABB) -> gs3d/integration.py:47-55; called from aerial3d/api.py:417-423,UNKNOWN:shared_replay_failed,PASS,stored_route_uv_0.1mm,1.217,True,UNKNOWN:shared_replay_failed,0.18,8352bdd37aab07a2,6.885,8.291,2.93,2.93,"A* route lateral clearance (row robot, chassis +3 mm, margin 0)",False,,,,,,,False,,,17,0.06,12,0.07,3,0.0,,,,
S-F4S-00473,F4,S,cylinder,F4S-00473,EXPORT-DOMAIN,REPLAY-AABB,export,,exported edge 15: its swept world AABB leaves the route prism by 0.3 mm in v although every exported pose is inside (own verifier CERTIFIED),gs3d/oracle.py:165-166 (known_space.contains_aabb of the swept world AABB) -> gs3d/integration.py:47-55; called from aerial3d/api.py:417-423,UNKNOWN:shared_replay_failed,PASS,astar_rerun_exact_poses,1.512,True,UNKNOWN:shared_replay_failed,0.03,8352bdd37aab07a2,6.348,6.826,0.031,0.031,"A* route lateral clearance (row robot, chassis +3 mm, margin 0)",True,,,,,,,False,,,6,0.0,0,0.0,0,0.0,,,,
S-F4S-00476,F4,S,cylinder,F4S-00476,EXPORT-DOMAIN,REPLAY-AABB,export,,exported edge 1: its swept world AABB leaves the route prism by 43.8 mm in v although every exported pose is inside (own verifier CERTIFIED),gs3d/oracle.py:165-166 (known_space.contains_aabb of the swept world AABB) -> gs3d/integration.py:47-55; called from aerial3d/api.py:417-423,UNKNOWN:shared_replay_failed,PASS,stored_route_uv_0.1mm,1.293,True,UNKNOWN:shared_replay_failed,0.13,8352bdd37aab07a2,6.016,5.996,5.164,5.164,"A* route lateral clearance (row robot, chassis +3 mm, margin 0)",False,,,,,,,False,,,17,0.01,26,0.1,10,0.0,,,,
S-F4S-00479,F4,S,cylinder,F4S-00479,EXPORT-DOMAIN,REPLAY-AABB,export,,exported edge 10: its swept world AABB leaves the route prism by 2.4 mm in v although every exported pose is inside (own verifier CERTIFIED),gs3d/oracle.py:165-166 (known_space.contains_aabb of the swept world AABB) -> gs3d/integration.py:47-55; called from aerial3d/api.py:417-423,UNKNOWN:shared_replay_failed,PASS,astar_rerun_exact_poses,1.349,True,UNKNOWN:shared_replay_failed,0.03,8352bdd37aab07a2,6.416,7.793,0.031,0.031,"A* route lateral clearance (row robot, chassis +3 mm, margin 0)",True,,,,,,,False,,,3,0.0,0,0.0,,,,,,
S-F4S-00480,F4,S,cylinder,F4S-00480,EXPORT-DOMAIN,REPLAY-AABB,export,,exported edge 1: its swept world AABB leaves the route prism by 19.7 mm in v although every exported pose is inside (own verifier CERTIFIED),gs3d/oracle.py:165-166 (known_space.contains_aabb of the swept world AABB) -> gs3d/integration.py:47-55; called from aerial3d/api.py:417-423,UNKNOWN:shared_replay_failed,PASS,stored_route_uv_0.1mm,1.512,True,UNKNOWN:shared_replay_failed,0.02,8352bdd37aab07a2,6.563,6.426,33.081,33.081,"A* route lateral clearance (row robot, chassis +3 mm, margin 0)",False,,,,,,,False,,,4,0.0,0,0.0,,,,,,
S-F4S-00481,F4,S,cylinder,F4S-00481,EXPORT-DOMAIN,REPLAY-AABB,export,,exported edge 1: its swept world AABB leaves the route prism by 36.1 mm in v although every exported pose is inside (own verifier CERTIFIED),gs3d/oracle.py:165-166 (known_space.contains_aabb of the swept world AABB) -> gs3d/integration.py:47-55; called from aerial3d/api.py:417-423,UNKNOWN:shared_replay_failed,PASS,stored_route_uv_0.1mm,1.512,True,UNKNOWN:shared_replay_failed,0.02,8352bdd37aab07a2,8.223,6.875,18.695,18.695,"A* route lateral clearance (row robot, chassis +3 mm, margin 0)",False,,,,,,,False,,,9,0.0,0,0.0,,,,,,
S-F4S-00482,F4,S,cylinder,F4S-00482,EXPORT-DOMAIN,REPLAY-AABB,export,,exported edge 1: its swept world AABB leaves the route prism by 14.1 mm in v although every exported pose is inside (own verifier CERTIFIED),gs3d/oracle.py:165-166 (known_space.contains_aabb of the swept world AABB) -> gs3d/integration.py:47-55; called from aerial3d/api.py:417-423,UNKNOWN:shared_replay_failed,PASS,stored_route_uv_0.1mm,1.512,True,UNKNOWN:shared_replay_failed,0.02,8352bdd37aab07a2,6.523,6.445,9.363,9.363,"A* route lateral clearance (row robot, chassis +3 mm, margin 0)",False,,,,,,,False,,,7,0.0,0,0.0,1,0.0,,,,
S-F4S-00484,F4,S,cylinder,F4S-00484,EXPORT-DOMAIN,REPLAY-AABB,export,,exported edge 11: its swept world AABB leaves the route prism by 2.2 mm in v although every exported pose is inside (own verifier CERTIFIED),gs3d/oracle.py:165-166 (known_space.contains_aabb of the swept world AABB) -> gs3d/integration.py:47-55; called from aerial3d/api.py:417-423,UNKNOWN:shared_replay_failed,PASS,stored_route_uv_0.1mm,1.055,True,UNKNOWN:shared_replay_failed,0.03,8352bdd37aab07a2,9.414,7.451,1.111,1.111,"A* route lateral clearance (row robot, chassis +3 mm, margin 0)",True,,,,,,,False,,,3,0.0,0,0.0,,,,,,
S-F4S-00485,F4,S,cylinder,F4S-00485,EXPORT-DOMAIN,REPLAY-AABB,export,,exported edge 18: its swept world AABB leaves the route prism by 9.9 mm in v although every exported pose is inside (own verifier CERTIFIED),gs3d/oracle.py:165-166 (known_space.contains_aabb of the swept world AABB) -> gs3d/integration.py:47-55; called from aerial3d/api.py:417-423,UNKNOWN:shared_replay_failed,PASS,stored_route_uv_0.1mm,1.297,True,UNKNOWN:shared_replay_failed,0.03,8352bdd37aab07a2,6.768,9.248,2.539,2.539,"A* route lateral clearance (row robot, chassis +3 mm, margin 0)",False,,,,,,,False,,,8,0.0,0,0.0,,,,,,
S-F4S-00486,F4,S,cylinder,F4S-00486,EXPORT-DOMAIN,REPLAY-AABB,export,,exported edge 13: its swept world AABB leaves the route prism by 1.6 mm in v although every exported pose is inside (own verifier CERTIFIED),gs3d/oracle.py:165-166 (known_space.contains_aabb of the swept world AABB) -> gs3d/integration.py:47-55; called from aerial3d/api.py:417-423,UNKNOWN:shared_replay_failed,PASS,stored_route_uv_0.1mm,1.512,True,UNKNOWN:shared_replay_failed,0.03,8352bdd37aab07a2,6.777,6.914,0.092,0.092,"A* route lateral clearance (row robot, chassis +3 mm, margin 0)",True,,,,,,,False,,,3,0.0,0,0.0,,,,,,
S-F4S-00488,F4,S,cylinder,F4S-00488,EXPORT-DOMAIN,REPLAY-AABB,export,,exported edge 1: its swept world AABB leaves the route prism by 58.7 mm in v although every exported pose is inside (own verifier CERTIFIED),gs3d/oracle.py:165-166 (known_space.contains_aabb of the swept world AABB) -> gs3d/integration.py:47-55; called from aerial3d/api.py:417-423,UNKNOWN:shared_replay_failed,PASS,stored_route_uv_0.1mm,1.512,True,UNKNOWN:shared_replay_failed,0.02,8352bdd37aab07a2,6.24,6.182,7.977,7.977,"A* route lateral clearance (row robot, chassis +3 mm, margin 0)",False,,,,,,,False,,,5,0.0,0,0.0,,,,,,
S-F4S-00489,F4,S,cylinder,F4S-00489,EXPORT-DOMAIN,REPLAY-AABB,export,,exported edge 10: its swept world AABB leaves the route prism by 0.6 mm in v although every exported pose is inside (own verifier CERTIFIED),gs3d/oracle.py:165-166 (known_space.contains_aabb of the swept world AABB) -> gs3d/integration.py:47-55; called from aerial3d/api.py:417-423,UNKNOWN:shared_replay_failed,PASS,stored_route_uv_0.1mm,1.512,True,UNKNOWN:shared_replay_failed,0.02,8352bdd37aab07a2,6.191,6.523,2.539,2.539,"A* route lateral clearance (row robot, chassis +3 mm, margin 0)",False,,,,,,,False,,,9,0.0,0,0.0,,,,,,
S-F4S-00491,F4,S,cylinder,F4S-00491,EXPORT-DOMAIN,REPLAY-AABB,export,,exported edge 4: its swept world AABB leaves the route prism by 12.0 mm in v although every exported pose is inside (own verifier CERTIFIED),gs3d/oracle.py:165-166 (known_space.contains_aabb of the swept world AABB) -> gs3d/integration.py:47-55; called from aerial3d/api.py:417-423,UNKNOWN:shared_replay_failed,PASS,stored_route_uv_0.1mm,1.512,True,UNKNOWN:shared_replay_failed,0.02,8352bdd37aab07a2,7.793,6.758,1.44,1.44,"A* route lateral clearance (row robot, chassis +3 mm, margin 0)",True,,,,,,,False,,,6,0.0,0,0.0,0,0.0,,,,
S-F4S-00492,F4,S,cylinder,F4S-00492,EXPORT-DOMAIN,REPLAY-AABB,export,,exported edge 1: its swept world AABB leaves the route prism by 4.7 mm in v although every exported pose is inside (own verifier CERTIFIED),gs3d/oracle.py:165-166 (known_space.contains_aabb of the swept world AABB) -> gs3d/integration.py:47-55; called from aerial3d/api.py:417-423,UNKNOWN:shared_replay_failed,PASS,stored_route_uv_0.1mm,1.485,True,UNKNOWN:shared_replay_failed,0.06,8352bdd37aab07a2,7.021,2.686,5.31,5.31,"A* route lateral clearance (row robot, chassis +3 mm, margin 0)",False,,,,,,,False,,,16,0.0,19,0.0,3,0.0,,,,
S-F4S-00493,F4,S,cylinder,F4S-00493,EXPORT-DOMAIN,REPLAY-AABB,export,,exported edge 1: its swept world AABB leaves the route prism by 23.2 mm in v although every exported pose is inside (own verifier CERTIFIED),gs3d/oracle.py:165-166 (known_space.contains_aabb of the swept world AABB) -> gs3d/integration.py:47-55; called from aerial3d/api.py:417-423,UNKNOWN:shared_replay_failed,PASS,stored_route_uv_0.1mm,1.349,True,UNKNOWN:shared_replay_failed,0.13,8352bdd37aab07a2,6.563,9.326,2.539,2.539,"A* route lateral clearance (row robot, chassis +3 mm, margin 0)",False,,,,,,,False,,,14,0.03,29,0.08,2,0.0,,,,
S-F4S-00501,F4,S,cylinder,F4S-00501,EXPORT-DOMAIN,REPLAY-AABB,export,,exported edge 1: its swept world AABB leaves the route prism by 45.5 mm in v although every exported pose is inside (own verifier CERTIFIED),gs3d/oracle.py:165-166 (known_space.contains_aabb of the swept world AABB) -> gs3d/integration.py:47-55; called from aerial3d/api.py:417-423,UNKNOWN:shared_replay_failed,PASS,stored_route_uv_0.1mm,1.512,True,UNKNOWN:shared_replay_failed,0.04,8352bdd37aab07a2,6.27,7.051,9.888,9.888,"A* route lateral clearance (row robot, chassis +3 mm, margin 0)",False,,,,,,,False,,,5,0.0,0,0.0,,,,,,
S-F4S-00504,F4,S,cylinder,F4S-00504,EXPORT-DOMAIN,REPLAY-AABB,export,,exported edge 1: its swept world AABB leaves the route prism by 20.3 mm in v although every exported pose is inside (own verifier CERTIFIED),gs3d/oracle.py:165-166 (known_space.contains_aabb of the swept world AABB) -> gs3d/integration.py:47-55; called from aerial3d/api.py:417-423,UNKNOWN:shared_replay_failed,PASS,stored_route_uv_0.1mm,1.512,True,UNKNOWN:shared_replay_failed,0.06,8352bdd37aab07a2,6.514,6.543,0.238,0.238,"A* route lateral clearance (row robot, chassis +3 mm, margin 0)",True,,,,,,,False,,,5,0.01,0,0.0,,,,,,
S-F4S-00505,F4,S,cylinder,F4S-00505,EXPORT-DOMAIN,REPLAY-AABB,export,,exported edge 1: its swept world AABB leaves the route prism by 11.2 mm in v although every exported pose is inside (own verifier CERTIFIED),gs3d/oracle.py:165-166 (known_space.contains_aabb of the swept world AABB) -> gs3d/integration.py:47-55; called from aerial3d/api.py:417-423,UNKNOWN:shared_replay_failed,PASS,stored_route_uv_0.1mm,1.512,True,UNKNOWN:shared_replay_failed,0.02,8352bdd37aab07a2,6.504,6.836,13.184,13.184,"A* route lateral clearance (row robot, chassis +3 mm, margin 0)",False,,,,,,,False,,,6,0.0,0,0.0,0,0.0,,,,
S-F4S-00509,F4,S,cylinder,F4S-00509,EXPORT-DOMAIN,REPLAY-AABB,export,,exported edge 1: its swept world AABB leaves the route prism by 8.6 mm in v although every exported pose is inside (own verifier CERTIFIED),gs3d/oracle.py:165-166 (known_space.contains_aabb of the swept world AABB) -> gs3d/integration.py:47-55; called from aerial3d/api.py:417-423,UNKNOWN:shared_replay_failed,PASS,stored_route_uv_0.1mm,1.512,True,UNKNOWN:shared_replay_failed,0.01,8352bdd37aab07a2,8.477,6.553,15.961,15.961,"A* route lateral clearance (row robot, chassis +3 mm, margin 0)",False,,,,,,,False,,,3,0.0,0,0.0,,,,,,
S-F4S-00515,F4,S,cylinder,F4S-00515,EXPORT-DOMAIN,REPLAY-AABB,export,,exported edge 1: its swept world AABB leaves the route prism by 45.4 mm in v although every exported pose is inside (own verifier CERTIFIED),gs3d/oracle.py:165-166 (known_space.contains_aabb of the swept world AABB) -> gs3d/integration.py:47-55; called from aerial3d/api.py:417-423,UNKNOWN:shared_replay_failed,PASS,stored_route_uv_0.1mm,1.512,True,UNKNOWN:shared_replay_failed,0.02,8352bdd37aab07a2,6.572,8.076,1.965,1.965,"A* route lateral clearance (row robot, chassis +3 mm, margin 0)",True,,,,,,,False,,,6,0.0,0,0.0,0,0.0,,,,
S-F4S-00520,F4,S,cylinder,F4S-00520,EXPORT-DOMAIN,REPLAY-AABB,export,,exported edge 1: its swept world AABB leaves the route prism by 33.8 mm in v although every exported pose is inside (own verifier CERTIFIED),gs3d/oracle.py:165-166 (known_space.contains_aabb of the swept world AABB) -> gs3d/integration.py:47-55; called from aerial3d/api.py:417-423,UNKNOWN:shared_replay_failed,PASS,stored_route_uv_0.1mm,1.512,True,UNKNOWN:shared_replay_failed,0.02,8352bdd37aab07a2,6.426,6.582,31.671,31.671,"A* route lateral clearance (row robot, chassis +3 mm, margin 0)",False,,,,,,,False,,,5,0.0,0,0.0,,,,,,
S-F4S-00521,F4,S,cylinder,F4S-00521,EXPORT-DOMAIN,REPLAY-AABB,export,,exported edge 1: its swept world AABB leaves the route prism by 55.1 mm in v although every exported pose is inside (own verifier CERTIFIED),gs3d/oracle.py:165-166 (known_space.contains_aabb of the swept world AABB) -> gs3d/integration.py:47-55; called from aerial3d/api.py:417-423,UNKNOWN:shared_replay_failed,PASS,stored_route_uv_0.1mm,1.512,True,UNKNOWN:shared_replay_failed,0.01,8352bdd37aab07a2,6.865,6.797,15.698,15.698,"A* route lateral clearance (row robot, chassis +3 mm, margin 0)",False,,,,,,,False,,,3,0.0,0,0.0,,,,,,
S-F4S-00524,F4,S,cylinder,F4S-00524,EXPORT-DOMAIN,REPLAY-AABB,export,,exported edge 18: its swept world AABB leaves the route prism by 4.0 mm in v although every exported pose is inside (own verifier CERTIFIED),gs3d/oracle.py:165-166 (known_space.contains_aabb of the swept world AABB) -> gs3d/integration.py:47-55; called from aerial3d/api.py:417-423,UNKNOWN:shared_replay_failed,PASS,stored_route_uv_0.1mm,1.512,True,UNKNOWN:shared_replay_failed,0.07,8352bdd37aab07a2,7.773,3.623,2.612,2.612,"A* route lateral clearance (row robot, chassis +3 mm, margin 0)",False,,,,,,,False,,,13,0.0,0,0.0,,,,,,
S-F4S-00525,F4,S,cylinder,F4S-00525,EXPORT-DOMAIN,REPLAY-AABB,export,,exported edge 2: its swept world AABB leaves the route prism by 1.4 mm in v although every exported pose is inside (own verifier CERTIFIED),gs3d/oracle.py:165-166 (known_space.contains_aabb of the swept world AABB) -> gs3d/integration.py:47-55; called from aerial3d/api.py:417-423,UNKNOWN:shared_replay_failed,PASS,stored_route_uv_0.1mm,1.349,True,UNKNOWN:shared_replay_failed,0.03,8352bdd37aab07a2,6.377,6.543,2.118,2.118,"A* route lateral clearance (row robot, chassis +3 mm, margin 0)",False,,,,,,,False,,,4,0.01,12,0.0,,,,,,
S-F4S-00526,F4,S,cylinder,F4S-00526,EXPORT-DOMAIN,REPLAY-AABB,export,,exported edge 15: its swept world AABB leaves the route prism by 11.5 mm in v although every exported pose is inside (own verifier CERTIFIED),gs3d/oracle.py:165-166 (known_space.contains_aabb of the swept world AABB) -> gs3d/integration.py:47-55; called from aerial3d/api.py:417-423,UNKNOWN:shared_replay_failed,PASS,stored_route_uv_0.1mm,1.512,True,UNKNOWN:shared_replay_failed,0.03,8352bdd37aab07a2,7.822,6.611,0.586,0.586,"A* route lateral clearance (row robot, chassis +3 mm, margin 0)",True,,,,,,,False,,,4,0.0,0,0.0,,,,,,
S-F4S-00528,F4,S,cylinder,F4S-00528,EXPORT-DOMAIN,REPLAY-AABB,export,,exported edge 3: its swept world AABB leaves the route prism by 24.7 mm in v although every exported pose is inside (own verifier CERTIFIED),gs3d/oracle.py:165-166 (known_space.contains_aabb of the swept world AABB) -> gs3d/integration.py:47-55; called from aerial3d/api.py:417-423,UNKNOWN:shared_replay_failed,PASS,stored_route_uv_0.1mm,1.128,True,UNKNOWN:shared_replay_failed,0.14,8352bdd37aab07a2,7.676,8.691,0.378,0.378,"A* route lateral clearance (row robot, chassis +3 mm, margin 0)",True,,,,,,,False,,,7,0.01,19,0.11,,,,,,
S-F4S-00531,F4,S,cylinder,F4S-00531,EXPORT-DOMAIN,REPLAY-AABB,export,,exported edge 11: its swept world AABB leaves the route prism by 0.8 mm in v although every exported pose is inside (own verifier CERTIFIED),gs3d/oracle.py:165-166 (known_space.contains_aabb of the swept world AABB) -> gs3d/integration.py:47-55; called from aerial3d/api.py:417-423,UNKNOWN:shared_replay_failed,PASS,stored_route_uv_0.1mm,1.512,True,UNKNOWN:shared_replay_failed,0.02,8352bdd37aab07a2,6.621,7.109,1.44,1.44,"A* route lateral clearance (row robot, chassis +3 mm, margin 0)",True,,,,,,,False,,,6,0.0,0,0.0,1,0.0,,,,
S-F4S-00534,F4,S,cylinder,F4S-00534,EXPORT-DOMAIN,REPLAY-AABB,export,,exported edge 14: its swept world AABB leaves the route prism by 9.3 mm in v although every exported pose is inside (own verifier CERTIFIED),gs3d/oracle.py:165-166 (known_space.contains_aabb of the swept world AABB) -> gs3d/integration.py:47-55; called from aerial3d/api.py:417-423,UNKNOWN:shared_replay_failed,PASS,stored_route_uv_0.1mm,1.512,True,UNKNOWN:shared_replay_failed,0.03,8352bdd37aab07a2,9.326,8.262,0.22,0.22,"A* route lateral clearance (row robot, chassis +3 mm, margin 0)",True,,,,,,,False,,,1,0.0,0,0.0,,,,,,
S-F4S-00535,F4,S,cylinder,F4S-00535,EXPORT-DOMAIN,REPLAY-AABB,export,,exported edge 2: its swept world AABB leaves the route prism by 2.7 mm in v although every exported pose is inside (own verifier CERTIFIED),gs3d/oracle.py:165-166 (known_space.contains_aabb of the swept world AABB) -> gs3d/integration.py:47-55; called from aerial3d/api.py:417-423,UNKNOWN:shared_replay_failed,PASS,stored_route_uv_0.1mm,1.512,True,UNKNOWN:shared_replay_failed,0.02,8352bdd37aab07a2,6.602,5.977,1.129,1.129,"A* route lateral clearance (row robot, chassis +3 mm, margin 0)",True,,,,,,,False,,,5,0.0,0,0.0,,,,,,
S-F4S-00537,F4,S,cylinder,F4S-00537,EXPORT-DOMAIN,REPLAY-AABB,export,,exported edge 16: its swept world AABB leaves the route prism by 4.3 mm in v although every exported pose is inside (own verifier CERTIFIED),gs3d/oracle.py:165-166 (known_space.contains_aabb of the swept world AABB) -> gs3d/integration.py:47-55; called from aerial3d/api.py:417-423,UNKNOWN:shared_replay_failed,PASS,stored_route_uv_0.1mm,1.512,True,UNKNOWN:shared_replay_failed,0.04,8352bdd37aab07a2,9.854,8.105,3.662,3.662,"A* route lateral clearance (row robot, chassis +3 mm, margin 0)",False,,,,,,,False,,,7,0.0,0,0.0,0,0.0,,,,
S-F4S-00538,F4,S,cylinder,F4S-00538,EXPORT-DOMAIN,REPLAY-AABB,export,,exported edge 17: its swept world AABB leaves the route prism by 9.1 mm in v although every exported pose is inside (own verifier CERTIFIED),gs3d/oracle.py:165-166 (known_space.contains_aabb of the swept world AABB) -> gs3d/integration.py:47-55; called from aerial3d/api.py:417-423,UNKNOWN:shared_replay_failed,PASS,stored_route_uv_0.1mm,1.512,True,UNKNOWN:shared_replay_failed,0.05,8352bdd37aab07a2,7.266,6.797,1.141,1.141,"A* route lateral clearance (row robot, chassis +3 mm, margin 0)",True,,,,,,,False,,,9,0.01,0,0.0,,,,,,
S-F4S-00541,F4,S,cylinder,F4S-00541,EXPORT-DOMAIN,REPLAY-AABB,export,,exported edge 1: its swept world AABB leaves the route prism by 19.5 mm in v although every exported pose is inside (own verifier CERTIFIED),gs3d/oracle.py:165-166 (known_space.contains_aabb of the swept world AABB) -> gs3d/integration.py:47-55; called from aerial3d/api.py:417-423,UNKNOWN:shared_replay_failed,PASS,stored_route_uv_0.1mm,1.512,True,UNKNOWN:shared_replay_failed,0.01,8352bdd37aab07a2,8.643,7.285,2.747,2.747,"A* route lateral clearance (row robot, chassis +3 mm, margin 0)",False,,,,,,,False,,,6,0.0,0,0.0,,,,,,
S-F4S-00543,F4,S,cylinder,F4S-00543,EXPORT-DOMAIN,REPLAY-AABB,export,,exported edge 1: its swept world AABB leaves the route prism by 65.8 mm in v although every exported pose is inside (own verifier CERTIFIED),gs3d/oracle.py:165-166 (known_space.contains_aabb of the swept world AABB) -> gs3d/integration.py:47-55; called from aerial3d/api.py:417-423,UNKNOWN:shared_replay_failed,PASS,stored_route_uv_0.1mm,1.512,True,UNKNOWN:shared_replay_failed,0.01,8352bdd37aab07a2,6.201,6.709,0.476,0.476,"A* route lateral clearance (row robot, chassis +3 mm, margin 0)",True,,,,,,,False,,,6,0.0,0,0.0,0,0.0,,,,
S-F4S-00547,F4,S,cylinder,F4S-00547,EXPORT-DOMAIN,REPLAY-AABB,export,,exported edge 17: its swept world AABB leaves the route prism by 5.2 mm in v although every exported pose is inside (own verifier CERTIFIED),gs3d/oracle.py:165-166 (known_space.contains_aabb of the swept world AABB) -> gs3d/integration.py:47-55; called from aerial3d/api.py:417-423,UNKNOWN:shared_replay_failed,PASS,stored_route_uv_0.1mm,1.17,True,UNKNOWN:shared_replay_failed,0.03,8352bdd37aab07a2,7.354,8.994,1.263,1.263,"A* route lateral clearance (row robot, chassis +3 mm, margin 0)",True,,,,,,,False,,,8,0.0,0,0.0,,,,,,
S-F4S-00552,F4,S,cylinder,F4S-00552,EXPORT-DOMAIN,REPLAY-AABB,export,,exported edge 1: its swept world AABB leaves the route prism by 39.6 mm in v although every exported pose is inside (own verifier CERTIFIED),gs3d/oracle.py:165-166 (known_space.contains_aabb of the swept world AABB) -> gs3d/integration.py:47-55; called from aerial3d/api.py:417-423,UNKNOWN:shared_replay_failed,PASS,stored_route_uv_0.1mm,1.349,True,UNKNOWN:shared_replay_failed,0.18,8352bdd37aab07a2,8.408,7.227,0.513,0.513,"A* route lateral clearance (row robot, chassis +3 mm, margin 0)",True,,,,,,,False,,,12,0.09,12,0.07,2,0.0,,,,
S-F4S-00553,F4,S,cylinder,F4S-00553,EXPORT-DOMAIN,REPLAY-AABB,export,,exported edge 1: its swept world AABB leaves the route prism by 15.7 mm in v although every exported pose is inside (own verifier CERTIFIED),gs3d/oracle.py:165-166 (known_space.contains_aabb of the swept world AABB) -> gs3d/integration.py:47-55; called from aerial3d/api.py:417-423,UNKNOWN:shared_replay_failed,PASS,stored_route_uv_0.1mm,1.512,True,UNKNOWN:shared_replay_failed,0.02,8352bdd37aab07a2,5.869,7.803,35.327,35.327,"A* route lateral clearance (row robot, chassis +3 mm, margin 0)",False,,,,,,,False,,,4,0.0,0,0.0,,,,,,
S-F4S-00557,F4,S,cylinder,F4S-00557,EXPORT-DOMAIN,REPLAY-AABB,export,,exported edge 19: its swept world AABB leaves the route prism by 4.6 mm in v although every exported pose is inside (own verifier CERTIFIED),gs3d/oracle.py:165-166 (known_space.contains_aabb of the swept world AABB) -> gs3d/integration.py:47-55; called from aerial3d/api.py:417-423,UNKNOWN:shared_replay_failed,PASS,astar_rerun_exact_poses,1.349,True,UNKNOWN:shared_replay_failed,0.04,8352bdd37aab07a2,7.812,6.035,0.0,0.0,"A* route lateral clearance (row robot, chassis +3 mm, margin 0)",True,,,,,,,False,,,9,0.0,0,0.0,,,,,,
S-F4S-00558,F4,S,cylinder,F4S-00558,EXPORT-DOMAIN,REPLAY-AABB,export,,exported edge 16: its swept world AABB leaves the route prism by 11.2 mm in v although every exported pose is inside (own verifier CERTIFIED),gs3d/oracle.py:165-166 (known_space.contains_aabb of the swept world AABB) -> gs3d/integration.py:47-55; called from aerial3d/api.py:417-423,UNKNOWN:shared_replay_failed,PASS,stored_route_uv_0.1mm,1.512,True,UNKNOWN:shared_replay_failed,0.03,8352bdd37aab07a2,6.699,6.475,0.275,0.275,"A* route lateral clearance (row robot, chassis +3 mm, margin 0)",True,,,,,,,False,,,9,0.0,0,0.0,1,0.0,,,,
S-F4S-00559,F4,S,cylinder,F4S-00559,EXPORT-DOMAIN,REPLAY-AABB,export,,exported edge 3: its swept world AABB leaves the route prism by 31.8 mm in v although every exported pose is inside (own verifier CERTIFIED),gs3d/oracle.py:165-166 (known_space.contains_aabb of the swept world AABB) -> gs3d/integration.py:47-55; called from aerial3d/api.py:417-423,UNKNOWN:shared_replay_failed,PASS,stored_route_uv_0.1mm,1.512,True,UNKNOWN:shared_replay_failed,0.01,8352bdd37aab07a2,6.133,7.256,3.363,3.363,"A* route lateral clearance (row robot, chassis +3 mm, margin 0)",False,,,,,,,False,,,4,0.0,0,0.0,,,,,,
S-F4S-00562,F4,S,cylinder,F4S-00562,EXPORT-DOMAIN,REPLAY-AABB,export,,exported edge 1: its swept world AABB leaves the route prism by 23.1 mm in v although every exported pose is inside (own verifier CERTIFIED),gs3d/oracle.py:165-166 (known_space.contains_aabb of the swept world AABB) -> gs3d/integration.py:47-55; called from aerial3d/api.py:417-423,UNKNOWN:shared_replay_failed,PASS,stored_route_uv_0.1mm,1.512,True,UNKNOWN:shared_replay_failed,0.01,8352bdd37aab07a2,5.947,7.285,12.622,12.622,"A* route lateral clearance (row robot, chassis +3 mm, margin 0)",False,,,,,,,False,,,6,0.0,0,0.0,1,0.0,,,,
S-F4S-00563,F4,S,cylinder,F4S-00563,EXPORT-DOMAIN,REPLAY-AABB,export,,exported edge 1: its swept world AABB leaves the route prism by 20.8 mm in v although every exported pose is inside (own verifier CERTIFIED),gs3d/oracle.py:165-166 (known_space.contains_aabb of the swept world AABB) -> gs3d/integration.py:47-55; called from aerial3d/api.py:417-423,UNKNOWN:shared_replay_failed,PASS,stored_route_uv_0.1mm,1.512,True,UNKNOWN:shared_replay_failed,0.02,8352bdd37aab07a2,6.729,6.338,32.556,32.556,"A* route lateral clearance (row robot, chassis +3 mm, margin 0)",False,,,,,,,False,,,4,0.0,0,0.0,,,,,,
S-F4S-00568,F4,S,cylinder,F4S-00568,EXPORT-DOMAIN,REPLAY-AABB,export,,exported edge 1: its swept world AABB leaves the route prism by 60.7 mm in v although every exported pose is inside (own verifier CERTIFIED),gs3d/oracle.py:165-166 (known_space.contains_aabb of the swept world AABB) -> gs3d/integration.py:47-55; called from aerial3d/api.py:417-423,UNKNOWN:shared_replay_failed,PASS,stored_route_uv_0.1mm,1.512,True,UNKNOWN:shared_replay_failed,0.02,8352bdd37aab07a2,6.885,8.32,6.134,6.134,"A* route lateral clearance (row robot, chassis +3 mm, margin 0)",False,,,,,,,False,,,4,0.0,0,0.0,,,,,,
S-F4S-00571,F4,S,cylinder,F4S-00571,EXPORT-DOMAIN,REPLAY-AABB,export,,exported edge 1: its swept world AABB leaves the route prism by 41.8 mm in v although every exported pose is inside (own verifier CERTIFIED),gs3d/oracle.py:165-166 (known_space.contains_aabb of the swept world AABB) -> gs3d/integration.py:47-55; called from aerial3d/api.py:417-423,UNKNOWN:shared_replay_failed,PASS,stored_route_uv_0.1mm,1.512,True,UNKNOWN:shared_replay_failed,0.01,8352bdd37aab07a2,7.607,6.885,1.923,1.923,"A* route lateral clearance (row robot, chassis +3 mm, margin 0)",True,,,,,,,False,,,6,0.0,0,0.0,,,,,,
S-F4S-00574,F4,S,cylinder,F4S-00574,EXPORT-DOMAIN,REPLAY-AABB,export,,exported edge 19: its swept world AABB leaves the route prism by 4.5 mm in v although every exported pose is inside (own verifier CERTIFIED),gs3d/oracle.py:165-166 (known_space.contains_aabb of the swept world AABB) -> gs3d/integration.py:47-55; called from aerial3d/api.py:417-423,UNKNOWN:shared_replay_failed,PASS,stored_route_uv_0.1mm,1.512,True,UNKNOWN:shared_replay_failed,0.03,8352bdd37aab07a2,5.879,6.465,4.218,4.218,"A* route lateral clearance (row robot, chassis +3 mm, margin 0)",False,,,,,,,False,,,9,0.0,0,0.0,0,0.0,,,,
S-F4S-00577,F4,S,cylinder,F4S-00577,EXPORT-DOMAIN,REPLAY-AABB,export,,exported edge 16: its swept world AABB leaves the route prism by 8.0 mm in v although every exported pose is inside (own verifier CERTIFIED),gs3d/oracle.py:165-166 (known_space.contains_aabb of the swept world AABB) -> gs3d/integration.py:47-55; called from aerial3d/api.py:417-423,UNKNOWN:shared_replay_failed,PASS,stored_route_uv_0.1mm,1.351,True,UNKNOWN:shared_replay_failed,0.03,8352bdd37aab07a2,7.598,8.955,0.018,0.018,"A* route lateral clearance (row robot, chassis +3 mm, margin 0)",True,,,,,,,False,,,5,0.0,0,0.0,,,,,,
S-F4S-00578,F4,S,cylinder,F4S-00578,EXPORT-DOMAIN,REPLAY-AABB,export,,exported edge 14: its swept world AABB leaves the route prism by 2.8 mm in v although every exported pose is inside (own verifier CERTIFIED),gs3d/oracle.py:165-166 (known_space.contains_aabb of the swept world AABB) -> gs3d/integration.py:47-55; called from aerial3d/api.py:417-423,UNKNOWN:shared_replay_failed,PASS,stored_route_uv_0.1mm,1.512,True,UNKNOWN:shared_replay_failed,0.03,8352bdd37aab07a2,8.252,8.115,2.24,2.24,"A* route lateral clearance (row robot, chassis +3 mm, margin 0)",False,,,,,,,False,,,1,0.0,0,0.0,,,,,,
S-F4S-00581,F4,S,cylinder,F4S-00581,EXPORT-DOMAIN,REPLAY-AABB,export,,exported edge 1: its swept world AABB leaves the route prism by 17.0 mm in v although every exported pose is inside (own verifier CERTIFIED),gs3d/oracle.py:165-166 (known_space.contains_aabb of the swept world AABB) -> gs3d/integration.py:47-55; called from aerial3d/api.py:417-423,UNKNOWN:shared_replay_failed,PASS,stored_route_uv_0.1mm,1.512,True,UNKNOWN:shared_replay_failed,0.06,8352bdd37aab07a2,6.406,5.684,1.44,1.44,"A* route lateral clearance (row robot, chassis +3 mm, margin 0)",True,,,,,,,False,,,8,0.0,34,0.0,0,0.0,,,,
S-F4S-00583,F4,S,cylinder,F4S-00583,EXPORT-DOMAIN,REPLAY-AABB,export,,exported edge 3: its swept world AABB leaves the route prism by 0.8 mm in v although every exported pose is inside (own verifier CERTIFIED),gs3d/oracle.py:165-166 (known_space.contains_aabb of the swept world AABB) -> gs3d/integration.py:47-55; called from aerial3d/api.py:417-423,UNKNOWN:shared_replay_failed,PASS,stored_route_uv_0.1mm,1.512,True,UNKNOWN:shared_replay_failed,0.01,8352bdd37aab07a2,6.436,6.006,34.277,34.277,"A* route lateral clearance (row robot, chassis +3 mm, margin 0)",False,,,,,,,False,,,9,0.0,0,0.0,0,0.0,,,,
S-F4S-00584,F4,S,cylinder,F4S-00584,EXPORT-DOMAIN,REPLAY-AABB,export,,exported edge 16: its swept world AABB leaves the route prism by 5.4 mm in v although every exported pose is inside (own verifier CERTIFIED),gs3d/oracle.py:165-166 (known_space.contains_aabb of the swept world AABB) -> gs3d/integration.py:47-55; called from aerial3d/api.py:417-423,UNKNOWN:shared_replay_failed,PASS,stored_route_uv_0.1mm,1.512,True,UNKNOWN:shared_replay_failed,0.03,8352bdd37aab07a2,6.24,6.895,0.83,0.83,"A* route lateral clearance (row robot, chassis +3 mm, margin 0)",True,,,,,,,False,,,1,0.0,0,0.0,,,,,,
S-F4S-00585,F4,S,cylinder,F4S-00585,EXPORT-DOMAIN,REPLAY-AABB,export,,exported edge 1: its swept world AABB leaves the route prism by 16.9 mm in v although every exported pose is inside (own verifier CERTIFIED),gs3d/oracle.py:165-166 (known_space.contains_aabb of the swept world AABB) -> gs3d/integration.py:47-55; called from aerial3d/api.py:417-423,UNKNOWN:shared_replay_failed,PASS,stored_route_uv_0.1mm,1.512,True,UNKNOWN:shared_replay_failed,0.01,8352bdd37aab07a2,7.939,9.854,15.308,15.308,"A* route lateral clearance (row robot, chassis +3 mm, margin 0)",False,,,,,,,False,,,11,0.0,0,0.0,0,0.0,,,,
S-F4S-00587,F4,S,cylinder,F4S-00587,EXPORT-DOMAIN,REPLAY-AABB,export,,exported edge 1: its swept world AABB leaves the route prism by 5.2 mm in v although every exported pose is inside (own verifier CERTIFIED),gs3d/oracle.py:165-166 (known_space.contains_aabb of the swept world AABB) -> gs3d/integration.py:47-55; called from aerial3d/api.py:417-423,UNKNOWN:shared_replay_failed,PASS,stored_route_uv_0.1mm,1.512,True,UNKNOWN:shared_replay_failed,0.01,8352bdd37aab07a2,5.957,6.533,0.739,0.739,"A* route lateral clearance (row robot, chassis +3 mm, margin 0)",True,,,,,,,False,,,4,0.0,0,0.0,,,,,,
S-F4S-00590,F4,S,cylinder,F4S-00590,EXPORT-DOMAIN,REPLAY-AABB,export,,exported edge 14: its swept world AABB leaves the route prism by 8.9 mm in v although every exported pose is inside (own verifier CERTIFIED),gs3d/oracle.py:165-166 (known_space.contains_aabb of the swept world AABB) -> gs3d/integration.py:47-55; called from aerial3d/api.py:417-423,UNKNOWN:shared_replay_failed,PASS,stored_route_uv_0.1mm,1.512,True,UNKNOWN:shared_replay_failed,0.03,8352bdd37aab07a2,7.979,6.738,2.838,2.838,"A* route lateral clearance (row robot, chassis +3 mm, margin 0)",False,,,,,,,False,,,5,0.0,0,0.0,,,,,,
S-F4S-00591,F4,S,cylinder,F4S-00591,EXPORT-DOMAIN,REPLAY-AABB,export,,exported edge 3: its swept world AABB leaves the route prism by 15.3 mm in v although every exported pose is inside (own verifier CERTIFIED),gs3d/oracle.py:165-166 (known_space.contains_aabb of the swept world AABB) -> gs3d/integration.py:47-55; called from aerial3d/api.py:417-423,UNKNOWN:shared_replay_failed,PASS,stored_route_uv_0.1mm,1.512,True,UNKNOWN:shared_replay_failed,0.19,8352bdd37aab07a2,7.881,6.875,12.305,12.305,"A* route lateral clearance (row robot, chassis +3 mm, margin 0)",False,,,,,,,False,,,17,0.01,36,0.15,6,0.0,,,,
S-F4S-00595,F4,S,cylinder,F4S-00595,EXPORT-DOMAIN,REPLAY-AABB,export,,exported edge 12: its swept world AABB leaves the route prism by 2.2 mm in v although every exported pose is inside (own verifier CERTIFIED),gs3d/oracle.py:165-166 (known_space.contains_aabb of the swept world AABB) -> gs3d/integration.py:47-55; called from aerial3d/api.py:417-423,UNKNOWN:shared_replay_failed,PASS,stored_route_uv_0.1mm,1.512,True,UNKNOWN:shared_replay_failed,0.03,8352bdd37aab07a2,8.057,6.533,1.575,1.575,"A* route lateral clearance (row robot, chassis +3 mm, margin 0)",True,,,,,,,False,,,9,0.0,0,0.0,1,0.0,,,,
S-F4S-00596,F4,S,cylinder,F4S-00596,EXPORT-DOMAIN,REPLAY-AABB,export,,exported edge 1: its swept world AABB leaves the route prism by 19.3 mm in v although every exported pose is inside (own verifier CERTIFIED),gs3d/oracle.py:165-166 (known_space.contains_aabb of the swept world AABB) -> gs3d/integration.py:47-55; called from aerial3d/api.py:417-423,UNKNOWN:shared_replay_failed,PASS,stored_route_uv_0.1mm,1.512,True,UNKNOWN:shared_replay_failed,0.01,8352bdd37aab07a2,9.727,7.93,2.386,2.386,"A* route lateral clearance (row robot, chassis +3 mm, margin 0)",False,,,,,,,False,,,3,0.0,0,0.0,,,,,,
S-F4S-00597,F4,S,cylinder,F4S-00597,EXPORT-DOMAIN,REPLAY-AABB,export,,exported edge 1: its swept world AABB leaves the route prism by 52.7 mm in v although every exported pose is inside (own verifier CERTIFIED),gs3d/oracle.py:165-166 (known_space.contains_aabb of the swept world AABB) -> gs3d/integration.py:47-55; called from aerial3d/api.py:417-423,UNKNOWN:shared_replay_failed,PASS,stored_route_uv_0.1mm,1.056,True,UNKNOWN:shared_replay_failed,0.02,8352bdd37aab07a2,8.623,9.199,0.323,0.323,"A* route lateral clearance (row robot, chassis +3 mm, margin 0)",True,,,,,,,False,,,6,0.01,6,0.0,0,0.0,,,,
S-F4S-00598,F4,S,cylinder,F4S-00598,EXPORT-DOMAIN,REPLAY-AABB,export,,exported edge 16: its swept world AABB leaves the route prism by 8.0 mm in v although every exported pose is inside (own verifier CERTIFIED),gs3d/oracle.py:165-166 (known_space.contains_aabb of the swept world AABB) -> gs3d/integration.py:47-55; called from aerial3d/api.py:417-423,UNKNOWN:shared_replay_failed,PASS,astar_rerun_exact_poses,1.512,True,UNKNOWN:shared_replay_failed,0.03,8352bdd37aab07a2,7.109,6.709,0.031,0.031,"A* route lateral clearance (row robot, chassis +3 mm, margin 0)",True,,,,,,,False,,,9,0.0,0,0.0,1,0.0,,,,
S-F4S-00602,F4,S,cylinder,F4S-00602,EXPORT-DOMAIN,REPLAY-AABB,export,,exported edge 1: its swept world AABB leaves the route prism by 37.5 mm in v although every exported pose is inside (own verifier CERTIFIED),gs3d/oracle.py:165-166 (known_space.contains_aabb of the swept world AABB) -> gs3d/integration.py:47-55; called from aerial3d/api.py:417-423,UNKNOWN:shared_replay_failed,PASS,stored_route_uv_0.1mm,1.512,True,UNKNOWN:shared_replay_failed,0.11,8352bdd37aab07a2,7.207,5.83,0.079,0.079,"A* route lateral clearance (row robot, chassis +3 mm, margin 0)",True,,,,,,,False,,,9,0.01,9,0.08,1,0.0,,,,
S-F4S-00603,F4,S,cylinder,F4S-00603,EXPORT-DOMAIN,REPLAY-AABB,export,,exported edge 1: its swept world AABB leaves the route prism by 32.6 mm in v although every exported pose is inside (own verifier CERTIFIED),gs3d/oracle.py:165-166 (known_space.contains_aabb of the swept world AABB) -> gs3d/integration.py:47-55; called from aerial3d/api.py:417-423,UNKNOWN:shared_replay_failed,PASS,stored_route_uv_0.1mm,1.512,True,UNKNOWN:shared_replay_failed,0.02,8352bdd37aab07a2,6.807,6.602,10.956,10.956,"A* route lateral clearance (row robot, chassis +3 mm, margin 0)",False,,,,,,,False,,,7,0.0,0,0.0,,,,,,
S-F4S-00607,F4,S,cylinder,F4S-00607,EXPORT-DOMAIN,REPLAY-AABB,export,,exported edge 20: its swept world AABB leaves the route prism by 3.4 mm in v although every exported pose is inside (own verifier CERTIFIED),gs3d/oracle.py:165-166 (known_space.contains_aabb of the swept world AABB) -> gs3d/integration.py:47-55; called from aerial3d/api.py:417-423,UNKNOWN:shared_replay_failed,PASS,stored_route_uv_0.1mm,1.512,True,UNKNOWN:shared_replay_failed,0.04,8352bdd37aab07a2,8.252,7.588,13.727,13.727,"A* route lateral clearance (row robot, chassis +3 mm, margin 0)",False,,,,,,,False,,,6,0.0,0,0.0,0,0.0,,,,
S-F4S-00608,F4,S,cylinder,F4S-00608,EXPORT-DOMAIN,REPLAY-AABB,export,,exported edge 1: its swept world AABB leaves the route prism by 35.5 mm in v although every exported pose is inside (own verifier CERTIFIED),gs3d/oracle.py:165-166 (known_space.contains_aabb of the swept world AABB) -> gs3d/integration.py:47-55; called from aerial3d/api.py:417-423,UNKNOWN:shared_replay_failed,PASS,stored_route_uv_0.1mm,1.188,True,UNKNOWN:shared_replay_failed,0.01,8352bdd37aab07a2,7.168,9.375,0.574,0.574,"A* route lateral clearance (row robot, chassis +3 mm, margin 0)",True,,,,,,,False,,,8,0.0,0,0.0,,,,,,
S-F4S-00618,F4,S,cylinder,F4S-00618,EXPORT-DOMAIN,REPLAY-AABB,export,,exported edge 1: its swept world AABB leaves the route prism by 29.9 mm in v although every exported pose is inside (own verifier CERTIFIED),gs3d/oracle.py:165-166 (known_space.contains_aabb of the swept world AABB) -> gs3d/integration.py:47-55; called from aerial3d/api.py:417-423,UNKNOWN:shared_replay_failed,PASS,stored_route_uv_0.1mm,1.512,True,UNKNOWN:shared_replay_failed,0.01,8352bdd37aab07a2,6.162,7.041,11.792,11.792,"A* route lateral clearance (row robot, chassis +3 mm, margin 0)",False,,,,,,,False,,,4,0.0,0,0.0,,,,,,
S-F4S-00619,F4,S,cylinder,F4S-00619,EXPORT-DOMAIN,REPLAY-AABB,export,,exported edge 4: its swept world AABB leaves the route prism by 5.2 mm in v although every exported pose is inside (own verifier CERTIFIED),gs3d/oracle.py:165-166 (known_space.contains_aabb of the swept world AABB) -> gs3d/integration.py:47-55; called from aerial3d/api.py:417-423,UNKNOWN:shared_replay_failed,PASS,stored_route_uv_0.1mm,1.512,True,UNKNOWN:shared_replay_failed,0.01,8352bdd37aab07a2,7.451,7.51,16.785,16.785,"A* route lateral clearance (row robot, chassis +3 mm, margin 0)",False,,,,,,,False,,,4,0.0,0,0.0,,,,,,
S-F4S-00623,F4,S,cylinder,F4S-00623,EXPORT-DOMAIN,REPLAY-AABB,export,,exported edge 1: its swept world AABB leaves the route prism by 17.8 mm in v although every exported pose is inside (own verifier CERTIFIED),gs3d/oracle.py:165-166 (known_space.contains_aabb of the swept world AABB) -> gs3d/integration.py:47-55; called from aerial3d/api.py:417-423,UNKNOWN:shared_replay_failed,PASS,stored_route_uv_0.1mm,1.349,True,UNKNOWN:shared_replay_failed,0.01,8352bdd37aab07a2,5.879,7.871,29.26,29.26,"A* route lateral clearance (row robot, chassis +3 mm, margin 0)",False,,,,,,,False,,,4,0.0,0,0.0,,,,,,
S-F4S-00624,F4,S,cylinder,F4S-00624,EXPORT-DOMAIN,REPLAY-AABB,export,,exported edge 3: its swept world AABB leaves the route prism by 8.6 mm in v although every exported pose is inside (own verifier CERTIFIED),gs3d/oracle.py:165-166 (known_space.contains_aabb of the swept world AABB) -> gs3d/integration.py:47-55; called from aerial3d/api.py:417-423,UNKNOWN:shared_replay_failed,PASS,stored_route_uv_0.1mm,1.512,True,UNKNOWN:shared_replay_failed,0.01,8352bdd37aab07a2,2.246,7.129,11.383,11.383,"A* route lateral clearance (row robot, chassis +3 mm, margin 0)",False,,,,,,,False,,,4,0.0,0,0.0,,,,,,
S-F4S-00625,F4,S,cylinder,F4S-00625,EXPORT-DOMAIN,REPLAY-AABB,export,,exported edge 1: its swept world AABB leaves the route prism by 21.7 mm in v although every exported pose is inside (own verifier CERTIFIED),gs3d/oracle.py:165-166 (known_space.contains_aabb of the swept world AABB) -> gs3d/integration.py:47-55; called from aerial3d/api.py:417-423,UNKNOWN:shared_replay_failed,PASS,stored_route_uv_0.1mm,1.512,True,UNKNOWN:shared_replay_failed,0.13,8352bdd37aab07a2,7.275,7.432,8.63,8.63,"A* route lateral clearance (row robot, chassis +3 mm, margin 0)",False,,,,,,,False,,,16,0.02,28,0.09,6,0.0,,,,
S-F4S-00629,F4,S,cylinder,F4S-00629,EXPORT-DOMAIN,REPLAY-AABB,export,,exported edge 1: its swept world AABB leaves the route prism by 29.0 mm in v although every exported pose is inside (own verifier CERTIFIED),gs3d/oracle.py:165-166 (known_space.contains_aabb of the swept world AABB) -> gs3d/integration.py:47-55; called from aerial3d/api.py:417-423,UNKNOWN:shared_replay_failed,PASS,stored_route_uv_0.1mm,1.197,True,UNKNOWN:shared_replay_failed,0.02,8352bdd37aab07a2,7.725,6.953,3.766,3.766,"A* route lateral clearance (row robot, chassis +3 mm, margin 0)",False,,,,,,,False,,,8,0.0,0,0.0,,,,,,
S-F4S-00631,F4,S,cylinder,F4S-00631,EXPORT-DOMAIN,REPLAY-AABB,export,,exported edge 10: its swept world AABB leaves the route prism by 1.3 mm in v although every exported pose is inside (own verifier CERTIFIED),gs3d/oracle.py:165-166 (known_space.contains_aabb of the swept world AABB) -> gs3d/integration.py:47-55; called from aerial3d/api.py:417-423,UNKNOWN:shared_replay_failed,PASS,stored_route_uv_0.1mm,1.512,True,UNKNOWN:shared_replay_failed,0.03,8352bdd37aab07a2,7.832,7.187,2.386,2.386,"A* route lateral clearance (row robot, chassis +3 mm, margin 0)",False,,,,,,,False,,,3,0.0,0,0.0,,,,,,
S-F4S-00635,F4,S,cylinder,F4S-00635,EXPORT-DOMAIN,REPLAY-AABB,export,,exported edge 16: its swept world AABB leaves the route prism by 14.0 mm in v although every exported pose is inside (own verifier CERTIFIED),gs3d/oracle.py:165-166 (known_space.contains_aabb of the swept world AABB) -> gs3d/integration.py:47-55; called from aerial3d/api.py:417-423,UNKNOWN:shared_replay_failed,PASS,stored_route_uv_0.1mm,1.512,True,UNKNOWN:shared_replay_failed,0.07,8352bdd37aab07a2,7.559,6.074,2.563,2.563,"A* route lateral clearance (row robot, chassis +3 mm, margin 0)",False,,,,,,,False,,,7,0.0,0,0.0,,,,,,
S-F4S-00637,F4,S,cylinder,F4S-00637,EXPORT-DOMAIN,REPLAY-AABB,export,,exported edge 1: its swept world AABB leaves the route prism by 51.0 mm in v although every exported pose is inside (own verifier CERTIFIED),gs3d/oracle.py:165-166 (known_space.contains_aabb of the swept world AABB) -> gs3d/integration.py:47-55; called from aerial3d/api.py:417-423,UNKNOWN:shared_replay_failed,PASS,stored_route_uv_0.1mm,1.177,True,UNKNOWN:shared_replay_failed,0.02,8352bdd37aab07a2,6.699,3.174,3.18,3.18,"A* route lateral clearance (row robot, chassis +3 mm, margin 0)",False,,,,,,,False,,,8,0.0,0,0.0,,,,,,
S-F4S-00638,F4,S,cylinder,F4S-00638,EXPORT-DOMAIN,REPLAY-AABB,export,,exported edge 1: its swept world AABB leaves the route prism by 0.4 mm in v although every exported pose is inside (own verifier CERTIFIED),gs3d/oracle.py:165-166 (known_space.contains_aabb of the swept world AABB) -> gs3d/integration.py:47-55; called from aerial3d/api.py:417-423,UNKNOWN:shared_replay_failed,PASS,stored_route_uv_0.1mm,1.512,True,UNKNOWN:shared_replay_failed,0.01,8352bdd37aab07a2,7.305,6.182,21.362,21.362,"A* route lateral clearance (row robot, chassis +3 mm, margin 0)",False,,,,,,,False,,,3,0.0,0,0.0,,,,,,
S-F4S-00640,F4,S,cylinder,F4S-00640,EXPORT-DOMAIN,REPLAY-AABB,export,,exported edge 1: its swept world AABB leaves the route prism by 51.3 mm in v although every exported pose is inside (own verifier CERTIFIED),gs3d/oracle.py:165-166 (known_space.contains_aabb of the swept world AABB) -> gs3d/integration.py:47-55; called from aerial3d/api.py:417-423,UNKNOWN:shared_replay_failed,PASS,stored_route_uv_0.1mm,1.512,True,UNKNOWN:shared_replay_failed,0.01,8352bdd37aab07a2,7.393,7.295,15.399,15.399,"A* route lateral clearance (row robot, chassis +3 mm, margin 0)",False,,,,,,,False,,,3,0.0,0,0.0,,,,,,
S-F4S-00641,F4,S,cylinder,F4S-00641,EXPORT-DOMAIN,REPLAY-AABB,export,,exported edge 1: its swept world AABB leaves the route prism by 55.4 mm in v although every exported pose is inside (own verifier CERTIFIED),gs3d/oracle.py:165-166 (known_space.contains_aabb of the swept world AABB) -> gs3d/integration.py:47-55; called from aerial3d/api.py:417-423,UNKNOWN:shared_replay_failed,PASS,stored_route_uv_0.1mm,1.512,True,UNKNOWN:shared_replay_failed,0.01,8352bdd37aab07a2,7.266,7.041,0.464,0.464,"A* route lateral clearance (row robot, chassis +3 mm, margin 0)",True,,,,,,,False,,,7,0.0,0,0.0,0,0.0,,,,
S-F4S-00646,F4,S,cylinder,F4S-00646,EXPORT-DOMAIN,REPLAY-AABB,export,,exported edge 16: its swept world AABB leaves the route prism by 4.0 mm in v although every exported pose is inside (own verifier CERTIFIED),gs3d/oracle.py:165-166 (known_space.contains_aabb of the swept world AABB) -> gs3d/integration.py:47-55; called from aerial3d/api.py:417-423,UNKNOWN:shared_replay_failed,PASS,stored_route_uv_0.1mm,1.512,True,UNKNOWN:shared_replay_failed,0.05,8352bdd37aab07a2,6.729,7.295,1.215,1.215,"A* route lateral clearance (row robot, chassis +3 mm, margin 0)",True,,,,,,,False,,,11,0.0,0,0.0,,,,,,
S-F4S-00647,F4,S,cylinder,F4S-00647,EXPORT-DOMAIN,REPLAY-AABB,export,,exported edge 1: its swept world AABB leaves the route prism by 17.9 mm in v although every exported pose is inside (own verifier CERTIFIED),gs3d/oracle.py:165-166 (known_space.contains_aabb of the swept world AABB) -> gs3d/integration.py:47-55; called from aerial3d/api.py:417-423,UNKNOWN:shared_replay_failed,PASS,stored_route_uv_0.1mm,1.512,True,UNKNOWN:shared_replay_failed,0.01,8352bdd37aab07a2,8.428,9.082,4.114,4.114,"A* route lateral clearance (row robot, chassis +3 mm, margin 0)",False,,,,,,,False,,,7,0.0,0,0.0,,,,,,
S-F4S-00650,F4,S,cylinder,F4S-00650,EXPORT-DOMAIN,REPLAY-AABB,export,,exported edge 1: its swept world AABB leaves the route prism by 45.3 mm in v although every exported pose is inside (own verifier CERTIFIED),gs3d/oracle.py:165-166 (known_space.contains_aabb of the swept world AABB) -> gs3d/integration.py:47-55; called from aerial3d/api.py:417-423,UNKNOWN:shared_replay_failed,PASS,stored_route_uv_0.1mm,1.512,True,UNKNOWN:shared_replay_failed,0.01,8352bdd37aab07a2,6.367,6.211,1.593,1.593,"A* route lateral clearance (row robot, chassis +3 mm, margin 0)",True,,,,,,,False,,,4,0.0,0,0.0,,,,,,
S-F4S-00652,F4,S,cylinder,F4S-00652,EXPORT-DOMAIN,REPLAY-AABB,export,,exported edge 3: its swept world AABB leaves the route prism by 9.1 mm in v although every exported pose is inside (own verifier CERTIFIED),gs3d/oracle.py:165-166 (known_space.contains_aabb of the swept world AABB) -> gs3d/integration.py:47-55; called from aerial3d/api.py:417-423,UNKNOWN:shared_replay_failed,PASS,stored_route_uv_0.1mm,1.512,True,UNKNOWN:shared_replay_failed,0.06,8352bdd37aab07a2,5.996,3.545,16.071,16.071,"A* route lateral clearance (row robot, chassis +3 mm, margin 0)",False,,,,,,,False,,,32,0.0,164,0.01,2,0.0,,,,
S-F4S-00657,F4,S,cylinder,F4S-00657,EXPORT-DOMAIN,REPLAY-AABB,export,,exported edge 1: its swept world AABB leaves the route prism by 36.8 mm in v although every exported pose is inside (own verifier CERTIFIED),gs3d/oracle.py:165-166 (known_space.contains_aabb of the swept world AABB) -> gs3d/integration.py:47-55; called from aerial3d/api.py:417-423,UNKNOWN:shared_replay_failed,PASS,stored_route_uv_0.1mm,1.512,True,UNKNOWN:shared_replay_failed,0.01,8352bdd37aab07a2,9.121,7.539,0.69,0.69,"A* route lateral clearance (row robot, chassis +3 mm, margin 0)",True,,,,,,,False,,,10,0.0,0,0.0,0,0.0,,,,
S-F4S-00659,F4,S,cylinder,F4S-00659,EXPORT-DOMAIN,REPLAY-AABB,export,,exported edge 1: its swept world AABB leaves the route prism by 33.9 mm in v although every exported pose is inside (own verifier CERTIFIED),gs3d/oracle.py:165-166 (known_space.contains_aabb of the swept world AABB) -> gs3d/integration.py:47-55; called from aerial3d/api.py:417-423,UNKNOWN:shared_replay_failed,PASS,stored_route_uv_0.1mm,1.512,True,UNKNOWN:shared_replay_failed,0.02,8352bdd37aab07a2,6.514,8.115,26.752,26.752,"A* route lateral clearance (row robot, chassis +3 mm, margin 0)",False,,,,,,,False,,,4,0.0,0,0.0,,,,,,
S-F4S-00664,F4,S,cylinder,F4S-00664,EXPORT-DOMAIN,REPLAY-AABB,export,,exported edge 17: its swept world AABB leaves the route prism by 5.9 mm in v although every exported pose is inside (own verifier CERTIFIED),gs3d/oracle.py:165-166 (known_space.contains_aabb of the swept world AABB) -> gs3d/integration.py:47-55; called from aerial3d/api.py:417-423,UNKNOWN:shared_replay_failed,PASS,stored_route_uv_0.1mm,1.512,True,UNKNOWN:shared_replay_failed,0.05,8352bdd37aab07a2,7.812,8.701,3.137,3.137,"A* route lateral clearance (row robot, chassis +3 mm, margin 0)",False,,,,,,,False,,,9,0.0,0,0.0,0,0.0,,,,
S-F4S-00665,F4,S,cylinder,F4S-00665,EXPORT-DOMAIN,REPLAY-AABB,export,,exported edge 1: its swept world AABB leaves the route prism by 34.2 mm in v although every exported pose is inside (own verifier CERTIFIED),gs3d/oracle.py:165-166 (known_space.contains_aabb of the swept world AABB) -> gs3d/integration.py:47-55; called from aerial3d/api.py:417-423,UNKNOWN:shared_replay_failed,PASS,stored_route_uv_0.1mm,1.512,True,UNKNOWN:shared_replay_failed,0.03,8352bdd37aab07a2,6.504,7.363,25.281,25.281,"A* route lateral clearance (row robot, chassis +3 mm, margin 0)",False,,,,,,,False,,,5,0.0,0,0.0,,,,,,
S-F4S-00666,F4,S,cylinder,F4S-00666,EXPORT-DOMAIN,REPLAY-AABB,export,,exported edge 3: its swept world AABB leaves the route prism by 29.6 mm in v although every exported pose is inside (own verifier CERTIFIED),gs3d/oracle.py:165-166 (known_space.contains_aabb of the swept world AABB) -> gs3d/integration.py:47-55; called from aerial3d/api.py:417-423,UNKNOWN:shared_replay_failed,PASS,stored_route_uv_0.1mm,1.512,True,UNKNOWN:shared_replay_failed,0.01,8352bdd37aab07a2,6.26,6.279,25.128,25.128,"A* route lateral clearance (row robot, chassis +3 mm, margin 0)",False,,,,,,,False,,,4,0.0,0,0.0,,,,,,
S-F4S-00668,F4,S,cylinder,F4S-00668,EXPORT-DOMAIN,REPLAY-AABB,export,,exported edge 1: its swept world AABB leaves the route prism by 30.8 mm in v although every exported pose is inside (own verifier CERTIFIED),gs3d/oracle.py:165-166 (known_space.contains_aabb of the swept world AABB) -> gs3d/integration.py:47-55; called from aerial3d/api.py:417-423,UNKNOWN:shared_replay_failed,PASS,stored_route_uv_0.1mm,1.512,True,UNKNOWN:shared_replay_failed,0.06,8352bdd37aab07a2,5.586,6.074,24.304,24.304,"A* route lateral clearance (row robot, chassis +3 mm, margin 0)",False,,,,,,,False,,,5,0.01,0,0.0,,,,,,
S-F4S-00671,F4,S,cylinder,F4S-00671,EXPORT-DOMAIN,REPLAY-AABB,export,,exported edge 1: its swept world AABB leaves the route prism by 3.5 mm in v although every exported pose is inside (own verifier CERTIFIED),gs3d/oracle.py:165-166 (known_space.contains_aabb of the swept world AABB) -> gs3d/integration.py:47-55; called from aerial3d/api.py:417-423,UNKNOWN:shared_replay_failed,PASS,stored_route_uv_0.1mm,1.512,True,UNKNOWN:shared_replay_failed,0.02,8352bdd37aab07a2,6.875,7.559,0.751,0.751,"A* route lateral clearance (row robot, chassis +3 mm, margin 0)",True,,,,,,,False,,,4,0.0,0,0.0,,,,,,
S-F4S-00672,F4,S,cylinder,F4S-00672,EXPORT-DOMAIN,REPLAY-AABB,export,,exported edge 10: its swept world AABB leaves the route prism by 7.1 mm in v although every exported pose is inside (own verifier CERTIFIED),gs3d/oracle.py:165-166 (known_space.contains_aabb of the swept world AABB) -> gs3d/integration.py:47-55; called from aerial3d/api.py:417-423,UNKNOWN:shared_replay_failed,PASS,stored_route_uv_0.1mm,1.512,True,UNKNOWN:shared_replay_failed,0.04,8352bdd37aab07a2,4.893,7.119,1.453,1.453,"A* route lateral clearance (row robot, chassis +3 mm, margin 0)",True,,,,,,,False,,,7,0.0,0,0.0,0,0.0,,,,
S-F4S-00674,F4,S,cylinder,F4S-00674,EXPORT-DOMAIN,REPLAY-AABB,export,,exported edge 17: its swept world AABB leaves the route prism by 2.1 mm in v although every exported pose is inside (own verifier CERTIFIED),gs3d/oracle.py:165-166 (known_space.contains_aabb of the swept world AABB) -> gs3d/integration.py:47-55; called from aerial3d/api.py:417-423,UNKNOWN:shared_replay_failed,PASS,stored_route_uv_0.1mm,1.04,True,UNKNOWN:shared_replay_failed,0.03,8352bdd37aab07a2,6.797,6.23,2.179,2.179,"A* route lateral clearance (row robot, chassis +3 mm, margin 0)",False,,,,,,,False,,,6,0.0,0,0.0,0,0.0,,,,
S-F4S-00677,F4,S,cylinder,F4S-00677,EXPORT-DOMAIN,REPLAY-AABB,export,,exported edge 2: its swept world AABB leaves the route prism by 2.5 mm in v although every exported pose is inside (own verifier CERTIFIED),gs3d/oracle.py:165-166 (known_space.contains_aabb of the swept world AABB) -> gs3d/integration.py:47-55; called from aerial3d/api.py:417-423,UNKNOWN:shared_replay_failed,PASS,stored_route_uv_0.1mm,1.512,True,UNKNOWN:shared_replay_failed,0.02,8352bdd37aab07a2,7.48,6.221,1.038,1.038,"A* route lateral clearance (row robot, chassis +3 mm, margin 0)",True,,,,,,,False,,,7,0.0,0,0.0,,,,,,
S-F4S-00678,F4,S,cylinder,F4S-00678,EXPORT-DOMAIN,REPLAY-AABB,export,,exported edge 19: its swept world AABB leaves the route prism by 5.6 mm in v although every exported pose is inside (own verifier CERTIFIED),gs3d/oracle.py:165-166 (known_space.contains_aabb of the swept world AABB) -> gs3d/integration.py:47-55; called from aerial3d/api.py:417-423,UNKNOWN:shared_replay_failed,PASS,stored_route_uv_0.1mm,1.512,True,UNKNOWN:shared_replay_failed,0.05,8352bdd37aab07a2,5.723,6.602,1.19,1.19,"A* route lateral clearance (row robot, chassis +3 mm, margin 0)",True,,,,,,,False,,,5,0.0,0,0.0,,,,,,
S-F4S-00684,F4,S,cylinder,F4S-00684,EXPORT-DOMAIN,REPLAY-AABB,export,,exported edge 1: its swept world AABB leaves the route prism by 60.9 mm in v although every exported pose is inside (own verifier CERTIFIED),gs3d/oracle.py:165-166 (known_space.contains_aabb of the swept world AABB) -> gs3d/integration.py:47-55; called from aerial3d/api.py:417-423,UNKNOWN:shared_replay_failed,PASS,stored_route_uv_0.1mm,1.512,True,UNKNOWN:shared_replay_failed,0.01,8352bdd37aab07a2,7.07,7.744,2.014,2.014,"A* route lateral clearance (row robot, chassis +3 mm, margin 0)",True,,,,,,,False,,,3,0.0,0,0.0,,,,,,
S-F4S-00685,F4,S,cylinder,F4S-00685,EXPORT-DOMAIN,REPLAY-AABB,export,,exported edge 1: its swept world AABB leaves the route prism by 53.9 mm in v although every exported pose is inside (own verifier CERTIFIED),gs3d/oracle.py:165-166 (known_space.contains_aabb of the swept world AABB) -> gs3d/integration.py:47-55; called from aerial3d/api.py:417-423,UNKNOWN:shared_replay_failed,PASS,stored_route_uv_0.1mm,1.512,True,UNKNOWN:shared_replay_failed,0.02,8352bdd37aab07a2,8.008,10.146,0.214,0.214,"A* route lateral clearance (row robot, chassis +3 mm, margin 0)",True,,,,,,,False,,,6,0.0,0,0.0,,,,,,
S-F4S-00688,F4,S,cylinder,F4S-00688,EXPORT-DOMAIN,REPLAY-AABB,export,,exported edge 1: its swept world AABB leaves the route prism by 7.4 mm in v although every exported pose is inside (own verifier CERTIFIED),gs3d/oracle.py:165-166 (known_space.contains_aabb of the swept world AABB) -> gs3d/integration.py:47-55; called from aerial3d/api.py:417-423,UNKNOWN:shared_replay_failed,PASS,stored_route_uv_0.1mm,1.512,True,UNKNOWN:shared_replay_failed,0.01,8352bdd37aab07a2,6.514,6.484,1.489,1.489,"A* route lateral clearance (row robot, chassis +3 mm, margin 0)",True,,,,,,,False,,,4,0.0,0,0.0,,,,,,
S-F4S-00689,F4,S,cylinder,F4S-00689,EXPORT-DOMAIN,REPLAY-AABB,export,,exported edge 15: its swept world AABB leaves the route prism by 8.4 mm in v although every exported pose is inside (own verifier CERTIFIED),gs3d/oracle.py:165-166 (known_space.contains_aabb of the swept world AABB) -> gs3d/integration.py:47-55; called from aerial3d/api.py:417-423,UNKNOWN:shared_replay_failed,PASS,stored_route_uv_0.1mm,1.512,True,UNKNOWN:shared_replay_failed,0.03,8352bdd37aab07a2,8.408,7.412,0.5,0.5,"A* route lateral clearance (row robot, chassis +3 mm, margin 0)",True,,,,,,,False,,,3,0.0,0,0.0,,,,,,
S-F4S-00693,F4,S,cylinder,F4S-00693,EXPORT-DOMAIN,REPLAY-AABB,export,,exported edge 3: its swept world AABB leaves the route prism by 51.2 mm in v although every exported pose is inside (own verifier CERTIFIED),gs3d/oracle.py:165-166 (known_space.contains_aabb of the swept world AABB) -> gs3d/integration.py:47-55; called from aerial3d/api.py:417-423,UNKNOWN:shared_replay_failed,PASS,stored_route_uv_0.1mm,1.512,True,UNKNOWN:shared_replay_failed,0.01,8352bdd37aab07a2,2.988,7.187,2.46,2.46,"A* route lateral clearance (row robot, chassis +3 mm, margin 0)",False,,,,,,,False,,,9,0.0,0,0.0,1,0.0,,,,
S-F4S-00695,F4,S,cylinder,F4S-00695,EXPORT-DOMAIN,REPLAY-AABB,export,,exported edge 1: its swept world AABB leaves the route prism by 14.9 mm in v although every exported pose is inside (own verifier CERTIFIED),gs3d/oracle.py:165-166 (known_space.contains_aabb of the swept world AABB) -> gs3d/integration.py:47-55; called from aerial3d/api.py:417-423,UNKNOWN:shared_replay_failed,PASS,stored_route_uv_0.1mm,1.129,True,UNKNOWN:shared_replay_failed,0.02,8352bdd37aab07a2,6.201,6.27,34.631,34.631,"A* route lateral clearance (row robot, chassis +3 mm, margin 0)",False,,,,,,,False,,,4,0.0,0,0.0,,,,,,
S-F4S-00697,F4,S,cylinder,F4S-00697,EXPORT-DOMAIN,REPLAY-AABB,export,,exported edge 1: its swept world AABB leaves the route prism by 3.4 mm in v although every exported pose is inside (own verifier CERTIFIED),gs3d/oracle.py:165-166 (known_space.contains_aabb of the swept world AABB) -> gs3d/integration.py:47-55; called from aerial3d/api.py:417-423,UNKNOWN:shared_replay_failed,PASS,stored_route_uv_0.1mm,1.349,True,UNKNOWN:shared_replay_failed,0.02,8352bdd37aab07a2,9.6,9.17,7.263,7.263,"A* route lateral clearance (row robot, chassis +3 mm, margin 0)",False,,,,,,,False,,,7,0.0,0,0.0,0,0.0,,,,
S-F4S-00698,F4,S,cylinder,F4S-00698,EXPORT-DOMAIN,REPLAY-AABB,export,,exported edge 1: its swept world AABB leaves the route prism by 22.0 mm in v although every exported pose is inside (own verifier CERTIFIED),gs3d/oracle.py:165-166 (known_space.contains_aabb of the swept world AABB) -> gs3d/integration.py:47-55; called from aerial3d/api.py:417-423,UNKNOWN:shared_replay_failed,PASS,stored_route_uv_0.1mm,1.512,True,UNKNOWN:shared_replay_failed,0.03,8352bdd37aab07a2,7.217,6.455,8.234,8.234,"A* route lateral clearance (row robot, chassis +3 mm, margin 0)",False,,,,,,,False,,,5,0.01,0,0.0,,,,,,
S-F4S-00703,F4,S,cylinder,F4S-00703,EXPORT-DOMAIN,REPLAY-AABB,export,,exported edge 1: its swept world AABB leaves the route prism by 48.6 mm in v although every exported pose is inside (own verifier CERTIFIED),gs3d/oracle.py:165-166 (known_space.contains_aabb of the swept world AABB) -> gs3d/integration.py:47-55; called from aerial3d/api.py:417-423,UNKNOWN:shared_replay_failed,PASS,stored_route_uv_0.1mm,1.349,True,UNKNOWN:shared_replay_failed,0.01,8352bdd37aab07a2,6.289,8.77,0.842,0.842,"A* route lateral clearance (row robot, chassis +3 mm, margin 0)",True,,,,,,,False,,,4,0.0,0,0.0,,,,,,
S-F4S-00705,F4,S,cylinder,F4S-00705,EXPORT-DOMAIN,REPLAY-AABB,export,,exported edge 1: its swept world AABB leaves the route prism by 32.0 mm in v although every exported pose is inside (own verifier CERTIFIED),gs3d/oracle.py:165-166 (known_space.contains_aabb of the swept world AABB) -> gs3d/integration.py:47-55; called from aerial3d/api.py:417-423,UNKNOWN:shared_replay_failed,PASS,stored_route_uv_0.1mm,1.512,True,UNKNOWN:shared_replay_failed,0.01,8352bdd37aab07a2,7.246,8.711,30.243,30.243,"A* route lateral clearance (row robot, chassis +3 mm, margin 0)",False,,,,,,,False,,,3,0.0,0,0.0,,,,,,
S-F4S-00707,F4,S,cylinder,F4S-00707,EXPORT-DOMAIN,REPLAY-AABB,export,,exported edge 1: its swept world AABB leaves the route prism by 29.2 mm in v although every exported pose is inside (own verifier CERTIFIED),gs3d/oracle.py:165-166 (known_space.contains_aabb of the swept world AABB) -> gs3d/integration.py:47-55; called from aerial3d/api.py:417-423,UNKNOWN:shared_replay_failed,PASS,stored_route_uv_0.1mm,1.512,True,UNKNOWN:shared_replay_failed,0.01,8352bdd37aab07a2,9.16,6.982,0.287,0.287,"A* route lateral clearance (row robot, chassis +3 mm, margin 0)",True,,,,,,,False,,,3,0.0,0,0.0,,,,,,
S-F4S-00711,F4,S,cylinder,F4S-00711,EXPORT-DOMAIN,REPLAY-AABB,export,,exported edge 12: its swept world AABB leaves the route prism by 0.2 mm in v although every exported pose is inside (own verifier CERTIFIED),gs3d/oracle.py:165-166 (known_space.contains_aabb of the swept world AABB) -> gs3d/integration.py:47-55; called from aerial3d/api.py:417-423,UNKNOWN:shared_replay_failed,PASS,stored_route_uv_0.1mm,1.512,True,UNKNOWN:shared_replay_failed,0.03,8352bdd37aab07a2,6.621,6.855,1.111,1.111,"A* route lateral clearance (row robot, chassis +3 mm, margin 0)",True,,,,,,,False,,,3,0.0,0,0.0,,,,,,
S-F4S-00715,F4,S,cylinder,F4S-00715,EXPORT-DOMAIN,REPLAY-AABB,export,,exported edge 1: its swept world AABB leaves the route prism by 48.8 mm in v although every exported pose is inside (own verifier CERTIFIED),gs3d/oracle.py:165-166 (known_space.contains_aabb of the swept world AABB) -> gs3d/integration.py:47-55; called from aerial3d/api.py:417-423,UNKNOWN:shared_replay_failed,PASS,stored_route_uv_0.1mm,1.512,True,UNKNOWN:shared_replay_failed,0.02,8352bdd37aab07a2,6.357,7.363,1.068,1.068,"A* route lateral clearance (row robot, chassis +3 mm, margin 0)",True,,,,,,,False,,,4,0.0,0,0.0,,,,,,
S-F4S-00716,F4,S,cylinder,F4S-00716,EXPORT-DOMAIN,REPLAY-AABB,export,,exported edge 1: its swept world AABB leaves the route prism by 32.6 mm in v although every exported pose is inside (own verifier CERTIFIED),gs3d/oracle.py:165-166 (known_space.contains_aabb of the swept world AABB) -> gs3d/integration.py:47-55; called from aerial3d/api.py:417-423,UNKNOWN:shared_replay_failed,PASS,stored_route_uv_0.1mm,1.512,True,UNKNOWN:shared_replay_failed,0.02,8352bdd37aab07a2,5.869,7.051,24.231,24.231,"A* route lateral clearance (row robot, chassis +3 mm, margin 0)",False,,,,,,,False,,,4,0.0,0,0.0,,,,,,
S-F4S-00717,F4,S,cylinder,F4S-00717,EXPORT-DOMAIN,REPLAY-AABB,export,,exported edge 15: its swept world AABB leaves the route prism by 17.9 mm in v although every exported pose is inside (own verifier CERTIFIED),gs3d/oracle.py:165-166 (known_space.contains_aabb of the swept world AABB) -> gs3d/integration.py:47-55; called from aerial3d/api.py:417-423,UNKNOWN:shared_replay_failed,PASS,stored_route_uv_0.1mm,1.512,True,UNKNOWN:shared_replay_failed,0.04,8352bdd37aab07a2,5.928,2.9,2.313,2.313,"A* route lateral clearance (row robot, chassis +3 mm, margin 0)",False,,,,,,,False,,,5,0.0,0,0.0,,,,,,
S-F4S-00719,F4,S,cylinder,F4S-00719,EXPORT-DOMAIN,REPLAY-AABB,export,,exported edge 16: its swept world AABB leaves the route prism by 17.7 mm in v although every exported pose is inside (own verifier CERTIFIED),gs3d/oracle.py:165-166 (known_space.contains_aabb of the swept world AABB) -> gs3d/integration.py:47-55; called from aerial3d/api.py:417-423,UNKNOWN:shared_replay_failed,PASS,stored_route_uv_0.1mm,1.512,True,UNKNOWN:shared_replay_failed,0.03,8352bdd37aab07a2,7.002,6.992,1.636,1.636,"A* route lateral clearance (row robot, chassis +3 mm, margin 0)",True,,,,,,,False,,,5,0.0,0,0.0,,,,,,
S-F4S-00720,F4,S,cylinder,F4S-00720,EXPORT-DOMAIN,REPLAY-AABB,export,,exported edge 1: its swept world AABB leaves the route prism by 28.3 mm in v although every exported pose is inside (own verifier CERTIFIED),gs3d/oracle.py:165-166 (known_space.contains_aabb of the swept world AABB) -> gs3d/integration.py:47-55; called from aerial3d/api.py:417-423,UNKNOWN:shared_replay_failed,PASS,stored_route_uv_0.1mm,1.512,True,UNKNOWN:shared_replay_failed,0.02,8352bdd37aab07a2,6.396,6.66,0.812,0.812,"A* route lateral clearance (row robot, chassis +3 mm, margin 0)",True,,,,,,,False,,,4,0.0,0,0.0,,,,,,
S-F4S-00723,F4,S,cylinder,F4S-00723,EXPORT-DOMAIN,REPLAY-AABB,export,,exported edge 1: its swept world AABB leaves the route prism by 56.7 mm in v although every exported pose is inside (own verifier CERTIFIED),gs3d/oracle.py:165-166 (known_space.contains_aabb of the swept world AABB) -> gs3d/integration.py:47-55; called from aerial3d/api.py:417-423,UNKNOWN:shared_replay_failed,PASS,stored_route_uv_0.1mm,1.512,True,UNKNOWN:shared_replay_failed,0.01,8352bdd37aab07a2,6.885,8.018,11.951,11.951,"A* route lateral clearance (row robot, chassis +3 mm, margin 0)",False,,,,,,,False,,,3,0.0,0,0.0,,,,,,
S-F4S-00725,F4,S,cylinder,F4S-00725,EXPORT-DOMAIN,REPLAY-AABB,export,,exported edge 8: its swept world AABB leaves the route prism by 0.4 mm in v although every exported pose is inside (own verifier CERTIFIED),gs3d/oracle.py:165-166 (known_space.contains_aabb of the swept world AABB) -> gs3d/integration.py:47-55; called from aerial3d/api.py:417-423,UNKNOWN:shared_replay_failed,PASS,stored_route_uv_0.1mm,1.512,True,UNKNOWN:shared_replay_failed,0.02,8352bdd37aab07a2,6.836,6.592,2.838,2.838,"A* route lateral clearance (row robot, chassis +3 mm, margin 0)",False,,,,,,,False,,,11,0.0,0,0.0,0,0.0,,,,
S-F4S-00726,F4,S,cylinder,F4S-00726,EXPORT-DOMAIN,REPLAY-AABB,export,,exported edge 1: its swept world AABB leaves the route prism by 19.0 mm in v although every exported pose is inside (own verifier CERTIFIED),gs3d/oracle.py:165-166 (known_space.contains_aabb of the swept world AABB) -> gs3d/integration.py:47-55; called from aerial3d/api.py:417-423,UNKNOWN:shared_replay_failed,PASS,stored_route_uv_0.1mm,1.512,True,UNKNOWN:shared_replay_failed,0.01,8352bdd37aab07a2,8.887,8.896,5.389,5.389,"A* route lateral clearance (row robot, chassis +3 mm, margin 0)",False,,,,,,,False,,,9,0.0,0,0.0,1,0.0,,,,
S-F4S-00729,F4,S,cylinder,F4S-00729,EXPORT-DOMAIN,REPLAY-AABB,export,,exported edge 1: its swept world AABB leaves the route prism by 23.7 mm in v although every exported pose is inside (own verifier CERTIFIED),gs3d/oracle.py:165-166 (known_space.contains_aabb of the swept world AABB) -> gs3d/integration.py:47-55; called from aerial3d/api.py:417-423,UNKNOWN:shared_replay_failed,PASS,stored_route_uv_0.1mm,1.137,True,UNKNOWN:shared_replay_failed,0.13,8352bdd37aab07a2,6.104,8.047,0.439,0.439,"A* route lateral clearance (row robot, chassis +3 mm, margin 0)",True,,,,,,,False,,,9,0.04,19,0.08,2,0.0,,,,
S-F4S-00730,F4,S,cylinder,F4S-00730,EXPORT-DOMAIN,REPLAY-AABB,export,,exported edge 16: its swept world AABB leaves the route prism by 1.1 mm in v although every exported pose is inside (own verifier CERTIFIED),gs3d/oracle.py:165-166 (known_space.contains_aabb of the swept world AABB) -> gs3d/integration.py:47-55; called from aerial3d/api.py:417-423,UNKNOWN:shared_replay_failed,PASS,stored_route_uv_0.1mm,1.512,True,UNKNOWN:shared_replay_failed,0.03,8352bdd37aab07a2,8.867,8.418,1.776,1.776,"A* route lateral clearance (row robot, chassis +3 mm, margin 0)",True,,,,,,,False,,,7,0.0,0,0.0,,,,,,
S-F4S-00732,F4,S,cylinder,F4S-00732,EXPORT-DOMAIN,REPLAY-AABB,export,,exported edge 10: its swept world AABB leaves the route prism by 2.6 mm in v although every exported pose is inside (own verifier CERTIFIED),gs3d/oracle.py:165-166 (known_space.contains_aabb of the swept world AABB) -> gs3d/integration.py:47-55; called from aerial3d/api.py:417-423,UNKNOWN:shared_replay_failed,PASS,stored_route_uv_0.1mm,1.217,True,UNKNOWN:shared_replay_failed,0.04,8352bdd37aab07a2,8.477,8.848,0.079,0.079,"A* route lateral clearance (row robot, chassis +3 mm, margin 0)",True,,,,,,,False,,,1,0.0,0,0.0,,,,,,
S-F4S-00733,F4,S,cylinder,F4S-00733,EXPORT-DOMAIN,REPLAY-AABB,export,,exported edge 16: its swept world AABB leaves the route prism by 13.4 mm in v although every exported pose is inside (own verifier CERTIFIED),gs3d/oracle.py:165-166 (known_space.contains_aabb of the swept world AABB) -> gs3d/integration.py:47-55; called from aerial3d/api.py:417-423,UNKNOWN:shared_replay_failed,PASS,stored_route_uv_0.1mm,1.512,True,UNKNOWN:shared_replay_failed,0.03,8352bdd37aab07a2,7.861,7.549,1.41,1.41,"A* route lateral clearance (row robot, chassis +3 mm, margin 0)",True,,,,,,,False,,,3,0.0,0,0.0,,,,,,
S-F4S-00735,F4,S,cylinder,F4S-00735,EXPORT-DOMAIN,REPLAY-AABB,export,,exported edge 1: its swept world AABB leaves the route prism by 7.8 mm in v although every exported pose is inside (own verifier CERTIFIED),gs3d/oracle.py:165-166 (known_space.contains_aabb of the swept world AABB) -> gs3d/integration.py:47-55; called from aerial3d/api.py:417-423,UNKNOWN:shared_replay_failed,PASS,stored_route_uv_0.1mm,1.512,True,UNKNOWN:shared_replay_failed,0.02,8352bdd37aab07a2,7.021,7.656,14.459,14.459,"A* route lateral clearance (row robot, chassis +3 mm, margin 0)",False,,,,,,,False,,,6,0.0,0,0.0,0,0.0,,,,
S-F4S-00736,F4,S,cylinder,F4S-00736,EXPORT-DOMAIN,REPLAY-AABB,export,,exported edge 1: its swept world AABB leaves the route prism by 46.0 mm in v although every exported pose is inside (own verifier CERTIFIED),gs3d/oracle.py:165-166 (known_space.contains_aabb of the swept world AABB) -> gs3d/integration.py:47-55; called from aerial3d/api.py:417-423,UNKNOWN:shared_replay_failed,PASS,stored_route_uv_0.1mm,1.512,True,UNKNOWN:shared_replay_failed,0.01,8352bdd37aab07a2,7.412,6.26,19.0,19.0,"A* route lateral clearance (row robot, chassis +3 mm, margin 0)",False,,,,,,,False,,,3,0.0,0,0.0,,,,,,
S-F4S-00737,F4,S,cylinder,F4S-00737,EXPORT-DOMAIN,REPLAY-AABB,export,,exported edge 1: its swept world AABB leaves the route prism by 33.9 mm in v although every exported pose is inside (own verifier CERTIFIED),gs3d/oracle.py:165-166 (known_space.contains_aabb of the swept world AABB) -> gs3d/integration.py:47-55; called from aerial3d/api.py:417-423,UNKNOWN:shared_replay_failed,PASS,stored_route_uv_0.1mm,1.512,True,UNKNOWN:shared_replay_failed,0.02,8352bdd37aab07a2,6.455,8.086,13.525,13.525,"A* route lateral clearance (row robot, chassis +3 mm, margin 0)",False,,,,,,,False,,,7,0.0,0,0.0,0,0.0,,,,
S-F4S-00739,F4,S,cylinder,F4S-00739,EXPORT-DOMAIN,REPLAY-AABB,export,,exported edge 1: its swept world AABB leaves the route prism by 57.3 mm in v although every exported pose is inside (own verifier CERTIFIED),gs3d/oracle.py:165-166 (known_space.contains_aabb of the swept world AABB) -> gs3d/integration.py:47-55; called from aerial3d/api.py:417-423,UNKNOWN:shared_replay_failed,PASS,stored_route_uv_0.1mm,1.14,True,UNKNOWN:shared_replay_failed,0.01,8352bdd37aab07a2,9.678,7.305,2.924,2.924,"A* route lateral clearance (row robot, chassis +3 mm, margin 0)",False,,,,,,,False,,,,,,,,,,,,
S-F4S-00742,F4,S,cylinder,F4S-00742,EXPORT-DOMAIN,REPLAY-AABB,export,,exported edge 1: its swept world AABB leaves the route prism by 21.7 mm in v although every exported pose is inside (own verifier CERTIFIED),gs3d/oracle.py:165-166 (known_space.contains_aabb of the swept world AABB) -> gs3d/integration.py:47-55; called from aerial3d/api.py:417-423,UNKNOWN:shared_replay_failed,PASS,stored_route_uv_0.1mm,1.512,True,UNKNOWN:shared_replay_failed,0.01,8352bdd37aab07a2,9.033,8.262,6.659,6.659,"A* route lateral clearance (row robot, chassis +3 mm, margin 0)",False,,,,,,,False,,,4,0.0,0,0.0,,,,,,
S-F4S-00743,F4,S,cylinder,F4S-00743,EXPORT-DOMAIN,REPLAY-AABB,export,,exported edge 1: its swept world AABB leaves the route prism by 34.0 mm in v although every exported pose is inside (own verifier CERTIFIED),gs3d/oracle.py:165-166 (known_space.contains_aabb of the swept world AABB) -> gs3d/integration.py:47-55; called from aerial3d/api.py:417-423,UNKNOWN:shared_replay_failed,PASS,stored_route_uv_0.1mm,1.371,True,UNKNOWN:shared_replay_failed,0.02,8352bdd37aab07a2,7.168,7.578,29.572,29.572,"A* route lateral clearance (row robot, chassis +3 mm, margin 0)",False,,,,,,,False,,,4,0.0,0,0.0,,,,,,
S-F4S-00744,F4,S,cylinder,F4S-00744,EXPORT-DOMAIN,REPLAY-AABB,export,,exported edge 1: its swept world AABB leaves the route prism by 22.8 mm in v although every exported pose is inside (own verifier CERTIFIED),gs3d/oracle.py:165-166 (known_space.contains_aabb of the swept world AABB) -> gs3d/integration.py:47-55; called from aerial3d/api.py:417-423,UNKNOWN:shared_replay_failed,PASS,stored_route_uv_0.1mm,1.512,True,UNKNOWN:shared_replay_failed,0.04,8352bdd37aab07a2,7.793,6.328,0.153,0.153,"A* route lateral clearance (row robot, chassis +3 mm, margin 0)",True,,,,,,,False,,,9,0.0,0,0.0,0,0.0,,,,
S-F4S-00748,F4,S,cylinder,F4S-00748,EXPORT-DOMAIN,REPLAY-AABB,export,,exported edge 1: its swept world AABB leaves the route prism by 35.2 mm in v although every exported pose is inside (own verifier CERTIFIED),gs3d/oracle.py:165-166 (known_space.contains_aabb of the swept world AABB) -> gs3d/integration.py:47-55; called from aerial3d/api.py:417-423,UNKNOWN:shared_replay_failed,PASS,stored_route_uv_0.1mm,1.512,True,UNKNOWN:shared_replay_failed,0.02,8352bdd37aab07a2,7.676,7.822,28.668,28.668,"A* route lateral clearance (row robot, chassis +3 mm, margin 0)",False,,,,,,,False,,,5,0.0,0,0.0,,,,,,
S-F4S-00751,F4,S,cylinder,F4S-00751,EXPORT-DOMAIN,REPLAY-AABB,export,,exported edge 18: its swept world AABB leaves the route prism by 0.5 mm in v although every exported pose is inside (own verifier CERTIFIED),gs3d/oracle.py:165-166 (known_space.contains_aabb of the swept world AABB) -> gs3d/integration.py:47-55; called from aerial3d/api.py:417-423,UNKNOWN:shared_replay_failed,PASS,stored_route_uv_0.1mm,1.508,True,UNKNOWN:shared_replay_failed,0.08,8352bdd37aab07a2,6.523,5.547,2.24,2.24,"A* route lateral clearance (row robot, chassis +3 mm, margin 0)",False,,,,,,,False,,,13,0.01,0,0.0,0,0.0,,,,
S-F4S-00752,F4,S,cylinder,F4S-00752,EXPORT-DOMAIN,REPLAY-AABB,export,,exported edge 1: its swept world AABB leaves the route prism by 48.3 mm in v although every exported pose is inside (own verifier CERTIFIED),gs3d/oracle.py:165-166 (known_space.contains_aabb of the swept world AABB) -> gs3d/integration.py:47-55; called from aerial3d/api.py:417-423,UNKNOWN:shared_replay_failed,PASS,stored_route_uv_0.1mm,1.512,True,UNKNOWN:shared_replay_failed,0.06,8352bdd37aab07a2,6.338,3.506,1.294,1.294,"A* route lateral clearance (row robot, chassis +3 mm, margin 0)",True,,,,,,,False,,,13,0.0,0,0.0,0,0.0,,,,
S-F4S-00753,F4,S,cylinder,F4S-00753,EXPORT-DOMAIN,REPLAY-AABB,export,,exported edge 1: its swept world AABB leaves the route prism by 42.0 mm in v although every exported pose is inside (own verifier CERTIFIED),gs3d/oracle.py:165-166 (known_space.contains_aabb of the swept world AABB) -> gs3d/integration.py:47-55; called from aerial3d/api.py:417-423,UNKNOWN:shared_replay_failed,PASS,stored_route_uv_0.1mm,1.074,True,UNKNOWN:shared_replay_failed,0.12,8352bdd37aab07a2,8.643,7.197,1.636,1.636,"A* route lateral clearance (row robot, chassis +3 mm, margin 0)",True,,,,,,,False,,,12,0.07,9,0.03,2,0.0,,,,
S-F4S-00757,F4,S,cylinder,F4S-00757,EXPORT-DOMAIN,REPLAY-AABB,export,,exported edge 1: its swept world AABB leaves the route prism by 34.0 mm in v although every exported pose is inside (own verifier CERTIFIED),gs3d/oracle.py:165-166 (known_space.contains_aabb of the swept world AABB) -> gs3d/integration.py:47-55; called from aerial3d/api.py:417-423,UNKNOWN:shared_replay_failed,PASS,stored_route_uv_0.1mm,1.512,True,UNKNOWN:shared_replay_failed,0.01,8352bdd37aab07a2,7.461,9.434,15.155,15.155,"A* route lateral clearance (row robot, chassis +3 mm, margin 0)",False,,,,,,,False,,,7,0.0,0,0.0,,,,,,
S-F4S-00760,F4,S,cylinder,F4S-00760,EXPORT-DOMAIN,REPLAY-AABB,export,,exported edge 16: its swept world AABB leaves the route prism by 12.0 mm in v although every exported pose is inside (own verifier CERTIFIED),gs3d/oracle.py:165-166 (known_space.contains_aabb of the swept world AABB) -> gs3d/integration.py:47-55; called from aerial3d/api.py:417-423,UNKNOWN:shared_replay_failed,PASS,stored_route_uv_0.1mm,1.512,True,UNKNOWN:shared_replay_failed,0.03,8352bdd37aab07a2,6.445,6.377,0.543,0.543,"A* route lateral clearance (row robot, chassis +3 mm, margin 0)",True,,,,,,,False,,,6,0.0,0,0.0,,,,,,
S-F4S-00762,F4,S,cylinder,F4S-00762,EXPORT-DOMAIN,REPLAY-AABB,export,,exported edge 1: its swept world AABB leaves the route prism by 18.8 mm in v although every exported pose is inside (own verifier CERTIFIED),gs3d/oracle.py:165-166 (known_space.contains_aabb of the swept world AABB) -> gs3d/integration.py:47-55; called from aerial3d/api.py:417-423,UNKNOWN:shared_replay_failed,PASS,stored_route_uv_0.1mm,1.349,True,UNKNOWN:shared_replay_failed,0.13,8352bdd37aab07a2,5.654,7.334,11.029,11.029,"A* route lateral clearance (row robot, chassis +3 mm, margin 0)",False,,,,,,,False,,,9,0.08,6,0.03,2,0.0,,,,
S-F4S-00763,F4,S,cylinder,F4S-00763,EXPORT-DOMAIN,REPLAY-AABB,export,,exported edge 1: its swept world AABB leaves the route prism by 46.1 mm in v although every exported pose is inside (own verifier CERTIFIED),gs3d/oracle.py:165-166 (known_space.contains_aabb of the swept world AABB) -> gs3d/integration.py:47-55; called from aerial3d/api.py:417-423,UNKNOWN:shared_replay_failed,PASS,stored_route_uv_0.1mm,1.512,True,UNKNOWN:shared_replay_failed,0.02,8352bdd37aab07a2,6.865,7.969,1.593,1.593,"A* route lateral clearance (row robot, chassis +3 mm, margin 0)",True,,,,,,,False,,,6,0.0,0,0.0,0,0.0,,,,
S-F4S-00765,F4,S,cylinder,F4S-00765,EXPORT-DOMAIN,REPLAY-AABB,export,,exported edge 17: its swept world AABB leaves the route prism by 10.4 mm in v although every exported pose is inside (own verifier CERTIFIED),gs3d/oracle.py:165-166 (known_space.contains_aabb of the swept world AABB) -> gs3d/integration.py:47-55; called from aerial3d/api.py:417-423,UNKNOWN:shared_replay_failed,PASS,stored_route_uv_0.1mm,1.512,True,UNKNOWN:shared_replay_failed,0.04,8352bdd37aab07a2,7.51,6.729,1.41,1.41,"A* route lateral clearance (row robot, chassis +3 mm, margin 0)",True,,,,,,,False,,,7,0.0,0,0.0,,,,,,
S-F4S-00767,F4,S,cylinder,F4S-00767,EXPORT-DOMAIN,REPLAY-AABB,export,,exported edge 3: its swept world AABB leaves the route prism by 11.7 mm in v although every exported pose is inside (own verifier CERTIFIED),gs3d/oracle.py:165-166 (known_space.contains_aabb of the swept world AABB) -> gs3d/integration.py:47-55; called from aerial3d/api.py:417-423,UNKNOWN:shared_replay_failed,PASS,stored_route_uv_0.1mm,1.512,True,UNKNOWN:shared_replay_failed,0.01,8352bdd37aab07a2,5.908,6.465,3.51,3.51,"A* route lateral clearance (row robot, chassis +3 mm, margin 0)",False,,,,,,,False,,,9,0.0,0,0.0,1,0.0,,,,
S-F4S-00768,F4,S,cylinder,F4S-00768,EXPORT-DOMAIN,REPLAY-AABB,export,,exported edge 1: its swept world AABB leaves the route prism by 57.7 mm in v although every exported pose is inside (own verifier CERTIFIED),gs3d/oracle.py:165-166 (known_space.contains_aabb of the swept world AABB) -> gs3d/integration.py:47-55; called from aerial3d/api.py:417-423,UNKNOWN:shared_replay_failed,PASS,stored_route_uv_0.1mm,1.512,True,UNKNOWN:shared_replay_failed,0.01,8352bdd37aab07a2,6.807,6.23,1.141,1.141,"A* route lateral clearance (row robot, chassis +3 mm, margin 0)",True,,,,,,,False,,,7,0.0,0,0.0,0,0.0,,,,
S-F4S-00770,F4,S,cylinder,F4S-00770,EXPORT-DOMAIN,REPLAY-AABB,export,,exported edge 1: its swept world AABB leaves the route prism by 49.1 mm in v although every exported pose is inside (own verifier CERTIFIED),gs3d/oracle.py:165-166 (known_space.contains_aabb of the swept world AABB) -> gs3d/integration.py:47-55; called from aerial3d/api.py:417-423,UNKNOWN:shared_replay_failed,PASS,stored_route_uv_0.1mm,1.349,True,UNKNOWN:shared_replay_failed,0.24,8352bdd37aab07a2,6.309,6.289,1.41,1.41,"A* route lateral clearance (row robot, chassis +3 mm, margin 0)",True,,,,,,,False,,,12,0.06,27,0.16,5,0.0,,,,
S-F4S-00773,F4,S,cylinder,F4S-00773,EXPORT-DOMAIN,REPLAY-AABB,export,,exported edge 1: its swept world AABB leaves the route prism by 32.6 mm in v although every exported pose is inside (own verifier CERTIFIED),gs3d/oracle.py:165-166 (known_space.contains_aabb of the swept world AABB) -> gs3d/integration.py:47-55; called from aerial3d/api.py:417-423,UNKNOWN:shared_replay_failed,PASS,stored_route_uv_0.1mm,1.512,True,UNKNOWN:shared_replay_failed,0.02,8352bdd37aab07a2,7.1,8.555,5.389,5.389,"A* route lateral clearance (row robot, chassis +3 mm, margin 0)",False,,,,,,,False,,,4,0.0,0,0.0,,,,,,
S-F4S-00774,F4,S,cylinder,F4S-00774,EXPORT-DOMAIN,REPLAY-AABB,export,,exported edge 1: its swept world AABB leaves the route prism by 1.2 mm in v although every exported pose is inside (own verifier CERTIFIED),gs3d/oracle.py:165-166 (known_space.contains_aabb of the swept world AABB) -> gs3d/integration.py:47-55; called from aerial3d/api.py:417-423,UNKNOWN:shared_replay_failed,PASS,stored_route_uv_0.1mm,1.512,True,UNKNOWN:shared_replay_failed,0.01,8352bdd37aab07a2,6.67,7.314,2.49,2.49,"A* route lateral clearance (row robot, chassis +3 mm, margin 0)",False,,,,,,,False,,,7,0.0,0,0.0,,,,,,
S-F4S-00775,F4,S,cylinder,F4S-00775,EXPORT-DOMAIN,REPLAY-AABB,export,,exported edge 12: its swept world AABB leaves the route prism by 2.5 mm in v although every exported pose is inside (own verifier CERTIFIED),gs3d/oracle.py:165-166 (known_space.contains_aabb of the swept world AABB) -> gs3d/integration.py:47-55; called from aerial3d/api.py:417-423,UNKNOWN:shared_replay_failed,PASS,stored_route_uv_0.1mm,1.512,True,UNKNOWN:shared_replay_failed,0.03,8352bdd37aab07a2,6.699,6.27,2.161,2.161,"A* route lateral clearance (row robot, chassis +3 mm, margin 0)",False,,,,,,,False,,,5,0.0,0,0.0,,,,,,
S-F4S-00776,F4,S,cylinder,F4S-00776,EXPORT-DOMAIN,REPLAY-AABB,export,,exported edge 15: its swept world AABB leaves the route prism by 21.7 mm in v although every exported pose is inside (own verifier CERTIFIED),gs3d/oracle.py:165-166 (known_space.contains_aabb of the swept world AABB) -> gs3d/integration.py:47-55; called from aerial3d/api.py:417-423,UNKNOWN:shared_replay_failed,PASS,stored_route_uv_0.1mm,1.512,True,UNKNOWN:shared_replay_failed,0.03,8352bdd37aab07a2,6.992,8.174,0.69,0.69,"A* route lateral clearance (row robot, chassis +3 mm, margin 0)",True,,,,,,,False,,,3,0.0,0,0.0,,,,,,
S-F4S-00777,F4,S,cylinder,F4S-00777,EXPORT-DOMAIN,REPLAY-AABB,export,,exported edge 13: its swept world AABB leaves the route prism by 10.3 mm in v although every exported pose is inside (own verifier CERTIFIED),gs3d/oracle.py:165-166 (known_space.contains_aabb of the swept world AABB) -> gs3d/integration.py:47-55; called from aerial3d/api.py:417-423,UNKNOWN:shared_replay_failed,PASS,stored_route_uv_0.1mm,1.512,True,UNKNOWN:shared_replay_failed,0.03,8352bdd37aab07a2,7.422,5.977,2.942,2.942,"A* route lateral clearance (row robot, chassis +3 mm, margin 0)",False,,,,,,,False,,,4,0.0,0,0.0,,,,,,
S-F4S-00778,F4,S,cylinder,F4S-00778,EXPORT-DOMAIN,REPLAY-AABB,export,,exported edge 1: its swept world AABB leaves the route prism by 5.0 mm in v although every exported pose is inside (own verifier CERTIFIED),gs3d/oracle.py:165-166 (known_space.contains_aabb of the swept world AABB) -> gs3d/integration.py:47-55; called from aerial3d/api.py:417-423,UNKNOWN:shared_replay_failed,PASS,stored_route_uv_0.1mm,1.512,True,UNKNOWN:shared_replay_failed,0.01,8352bdd37aab07a2,7.451,6.133,0.439,0.439,"A* route lateral clearance (row robot, chassis +3 mm, margin 0)",True,,,,,,,False,,,6,0.01,0,0.0,1,0.0,,,,
S-F4S-00779,F4,S,cylinder,F4S-00779,EXPORT-DOMAIN,REPLAY-AABB,export,,exported edge 1: its swept world AABB leaves the route prism by 38.2 mm in v although every exported pose is inside (own verifier CERTIFIED),gs3d/oracle.py:165-166 (known_space.contains_aabb of the swept world AABB) -> gs3d/integration.py:47-55; called from aerial3d/api.py:417-423,UNKNOWN:shared_replay_failed,PASS,stored_route_uv_0.1mm,1.512,True,UNKNOWN:shared_replay_failed,0.01,8352bdd37aab07a2,9.58,7.812,5.243,5.243,"A* route lateral clearance (row robot, chassis +3 mm, margin 0)",False,,,,,,,False,,,10,0.0,0,0.0,0,0.0,,,,
S-F4S-00782,F4,S,cylinder,F4S-00782,EXPORT-DOMAIN,REPLAY-AABB,export,,exported edge 1: its swept world AABB leaves the route prism by 62.9 mm in v although every exported pose is inside (own verifier CERTIFIED),gs3d/oracle.py:165-166 (known_space.contains_aabb of the swept world AABB) -> gs3d/integration.py:47-55; called from aerial3d/api.py:417-423,UNKNOWN:shared_replay_failed,PASS,stored_route_uv_0.1mm,1.432,True,UNKNOWN:shared_replay_failed,0.01,8352bdd37aab07a2,6.504,7.197,2.417,2.417,"A* route lateral clearance (row robot, chassis +3 mm, margin 0)",False,,,,,,,False,,,7,0.0,0,0.0,0,0.0,,,,
S-F4S-00783,F4,S,cylinder,F4S-00783,EXPORT-DOMAIN,REPLAY-AABB,export,,exported edge 1: its swept world AABB leaves the route prism by 55.3 mm in v although every exported pose is inside (own verifier CERTIFIED),gs3d/oracle.py:165-166 (known_space.contains_aabb of the swept world AABB) -> gs3d/integration.py:47-55; called from aerial3d/api.py:417-423,UNKNOWN:shared_replay_failed,PASS,stored_route_uv_0.1mm,1.512,True,UNKNOWN:shared_replay_failed,0.01,8352bdd37aab07a2,9.629,7.861,1.19,1.19,"A* route lateral clearance (row robot, chassis +3 mm, margin 0)",True,,,,,,,False,,,8,0.0,0,0.0,,,,,,
S-F4S-00786,F4,S,cylinder,F4S-00786,EXPORT-DOMAIN,REPLAY-AABB,export,,exported edge 17: its swept world AABB leaves the route prism by 22.9 mm in v although every exported pose is inside (own verifier CERTIFIED),gs3d/oracle.py:165-166 (known_space.contains_aabb of the swept world AABB) -> gs3d/integration.py:47-55; called from aerial3d/api.py:417-423,UNKNOWN:shared_replay_failed,PASS,stored_route_uv_0.1mm,1.512,True,UNKNOWN:shared_replay_failed,0.05,8352bdd37aab07a2,7.021,6.885,2.838,2.838,"A* route lateral clearance (row robot, chassis +3 mm, margin 0)",False,,,,,,,False,,,7,0.0,0,0.0,1,0.0,,,,
S-F4S-00787,F4,S,cylinder,F4S-00787,EXPORT-DOMAIN,REPLAY-AABB,export,,exported edge 1: its swept world AABB leaves the route prism by 15.8 mm in v although every exported pose is inside (own verifier CERTIFIED),gs3d/oracle.py:165-166 (known_space.contains_aabb of the swept world AABB) -> gs3d/integration.py:47-55; called from aerial3d/api.py:417-423,UNKNOWN:shared_replay_failed,PASS,stored_route_uv_0.1mm,1.512,True,UNKNOWN:shared_replay_failed,0.12,8352bdd37aab07a2,6.152,6.748,2.014,2.014,"A* route lateral clearance (row robot, chassis +3 mm, margin 0)",True,,,,,,,False,,,12,0.01,13,0.09,2,0.0,,,,
S-F4S-00800,F4,S,cylinder,F4S-00800,EXPORT-DOMAIN,REPLAY-AABB,export,,exported edge 16: its swept world AABB leaves the route prism by 7.5 mm in v although every exported pose is inside (own verifier CERTIFIED),gs3d/oracle.py:165-166 (known_space.contains_aabb of the swept world AABB) -> gs3d/integration.py:47-55; called from aerial3d/api.py:417-423,UNKNOWN:shared_replay_failed,PASS,stored_route_uv_0.1mm,1.512,True,UNKNOWN:shared_replay_failed,0.04,8352bdd37aab07a2,8.545,6.641,0.464,0.464,"A* route lateral clearance (row robot, chassis +3 mm, margin 0)",True,,,,,,,False,,,6,0.0,0,0.0,0,0.0,,,,
S-F4S-00806,F4,S,cylinder,F4S-00806,EXPORT-DOMAIN,REPLAY-AABB,export,,exported edge 14: its swept world AABB leaves the route prism by 2.1 mm in v although every exported pose is inside (own verifier CERTIFIED),gs3d/oracle.py:165-166 (known_space.contains_aabb of the swept world AABB) -> gs3d/integration.py:47-55; called from aerial3d/api.py:417-423,UNKNOWN:shared_replay_failed,PASS,stored_route_uv_0.1mm,1.512,True,UNKNOWN:shared_replay_failed,0.02,8352bdd37aab07a2,8.496,7.012,0.513,0.513,"A* route lateral clearance (row robot, chassis +3 mm, margin 0)",True,,,,,,,False,,,3,0.0,0,0.0,,,,,,
S-F4S-00807,F4,S,cylinder,F4S-00807,EXPORT-DOMAIN,REPLAY-AABB,export,,exported edge 1: its swept world AABB leaves the route prism by 55.5 mm in v although every exported pose is inside (own verifier CERTIFIED),gs3d/oracle.py:165-166 (known_space.contains_aabb of the swept world AABB) -> gs3d/integration.py:47-55; called from aerial3d/api.py:417-423,UNKNOWN:shared_replay_failed,PASS,stored_route_uv_0.1mm,1.512,True,UNKNOWN:shared_replay_failed,0.01,8352bdd37aab07a2,8.643,9.365,12.097,12.097,"A* route lateral clearance (row robot, chassis +3 mm, margin 0)",False,,,,,,,False,,,1,0.0,0,0.0,,,,,,
S-F4S-00808,F4,S,cylinder,F4S-00808,EXPORT-DOMAIN,REPLAY-AABB,export,,exported edge 1: its swept world AABB leaves the route prism by 58.6 mm in v although every exported pose is inside (own verifier CERTIFIED),gs3d/oracle.py:165-166 (known_space.contains_aabb of the swept world AABB) -> gs3d/integration.py:47-55; called from aerial3d/api.py:417-423,UNKNOWN:shared_replay_failed,PASS,stored_route_uv_0.1mm,1.512,True,UNKNOWN:shared_replay_failed,0.02,8352bdd37aab07a2,6.455,9.395,0.092,0.092,"A* route lateral clearance (row robot, chassis +3 mm, margin 0)",True,,,,,,,False,,,10,0.0,0,0.0,0,0.0,,,,
S-F4S-00811,F4,S,cylinder,F4S-00811,EXPORT-DOMAIN,REPLAY-AABB,export,,exported edge 3: its swept world AABB leaves the route prism by 26.5 mm in v although every exported pose is inside (own verifier CERTIFIED),gs3d/oracle.py:165-166 (known_space.contains_aabb of the swept world AABB) -> gs3d/integration.py:47-55; called from aerial3d/api.py:417-423,UNKNOWN:shared_replay_failed,PASS,stored_route_uv_0.1mm,1.085,True,UNKNOWN:shared_replay_failed,0.02,8352bdd37aab07a2,6.152,7.012,9.808,9.808,"A* route lateral clearance (row robot, chassis +3 mm, margin 0)",False,,,,,,,False,,,9,0.0,0,0.0,,,,,,
S-F4S-00812,F4,S,cylinder,F4S-00812,EXPORT-DOMAIN,REPLAY-AABB,export,,exported edge 16: its swept world AABB leaves the route prism by 7.5 mm in v although every exported pose is inside (own verifier CERTIFIED),gs3d/oracle.py:165-166 (known_space.contains_aabb of the swept world AABB) -> gs3d/integration.py:47-55; called from aerial3d/api.py:417-423,UNKNOWN:shared_replay_failed,PASS,stored_route_uv_0.1mm,1.512,True,UNKNOWN:shared_replay_failed,0.03,8352bdd37aab07a2,9.551,8.828,0.214,0.214,"A* route lateral clearance (row robot, chassis +3 mm, margin 0)",True,,,,,,,False,,,3,0.0,0,0.0,,,,,,
S-F4S-00816,F4,S,cylinder,F4S-00816,EXPORT-DOMAIN,REPLAY-AABB,export,,exported edge 1: its swept world AABB leaves the route prism by 7.3 mm in v although every exported pose is inside (own verifier CERTIFIED),gs3d/oracle.py:165-166 (known_space.contains_aabb of the swept world AABB) -> gs3d/integration.py:47-55; called from aerial3d/api.py:417-423,UNKNOWN:shared_replay_failed,PASS,stored_route_uv_0.1mm,1.512,True,UNKNOWN:shared_replay_failed,0.01,8352bdd37aab07a2,7.119,6.504,39.679,39.679,"A* route lateral clearance (row robot, chassis +3 mm, margin 0)",False,,,,,,,False,,,6,0.0,0,0.0,0,0.0,,,,
S-F4S-00817,F4,S,cylinder,F4S-00817,EXPORT-DOMAIN,REPLAY-AABB,export,,exported edge 1: its swept world AABB leaves the route prism by 4.2 mm in v although every exported pose is inside (own verifier CERTIFIED),gs3d/oracle.py:165-166 (known_space.contains_aabb of the swept world AABB) -> gs3d/integration.py:47-55; called from aerial3d/api.py:417-423,UNKNOWN:shared_replay_failed,PASS,stored_route_uv_0.1mm,1.474,True,UNKNOWN:shared_replay_failed,0.01,8352bdd37aab07a2,9.854,9.365,2.087,2.087,"A* route lateral clearance (row robot, chassis +3 mm, margin 0)",True,,,,,,,False,,,3,0.0,0,0.0,,,,,,
S-F4S-00819,F4,S,cylinder,F4S-00819,EXPORT-DOMAIN,REPLAY-AABB,export,,exported edge 1: its swept world AABB leaves the route prism by 31.4 mm in v although every exported pose is inside (own verifier CERTIFIED),gs3d/oracle.py:165-166 (known_space.contains_aabb of the swept world AABB) -> gs3d/integration.py:47-55; called from aerial3d/api.py:417-423,UNKNOWN:shared_replay_failed,PASS,stored_route_uv_0.1mm,1.512,True,UNKNOWN:shared_replay_failed,0.01,8352bdd37aab07a2,7.148,7.334,0.885,0.885,"A* route lateral clearance (row robot, chassis +3 mm, margin 0)",True,,,,,,,False,,,3,0.0,0,0.0,,,,,,
S-F4S-00820,F4,S,cylinder,F4S-00820,EXPORT-DOMAIN,REPLAY-AABB,export,,exported edge 1: its swept world AABB leaves the route prism by 52.1 mm in v although every exported pose is inside (own verifier CERTIFIED),gs3d/oracle.py:165-166 (known_space.contains_aabb of the swept world AABB) -> gs3d/integration.py:47-55; called from aerial3d/api.py:417-423,UNKNOWN:shared_replay_failed,PASS,stored_route_uv_0.1mm,1.349,True,UNKNOWN:shared_replay_failed,0.02,8352bdd37aab07a2,6.787,6.27,7.526,7.526,"A* route lateral clearance (row robot, chassis +3 mm, margin 0)",False,,,,,,,False,,,6,0.01,3,0.0,0,0.0,,,,
S-F4S-00823,F4,S,cylinder,F4S-00823,EXPORT-DOMAIN,REPLAY-AABB,export,,exported edge 1: its swept world AABB leaves the route prism by 14.9 mm in v although every exported pose is inside (own verifier CERTIFIED),gs3d/oracle.py:165-166 (known_space.contains_aabb of the swept world AABB) -> gs3d/integration.py:47-55; called from aerial3d/api.py:417-423,UNKNOWN:shared_replay_failed,PASS,stored_route_uv_0.1mm,1.512,True,UNKNOWN:shared_replay_failed,0.03,8352bdd37aab07a2,6.025,5.947,40.051,40.051,"A* route lateral clearance (row robot, chassis +3 mm, margin 0)",False,,,,,,,False,,,8,0.0,0,0.0,,,,,,
S-F4S-00825,F4,S,cylinder,F4S-00825,EXPORT-DOMAIN,REPLAY-AABB,export,,exported edge 1: its swept world AABB leaves the route prism by 20.9 mm in v although every exported pose is inside (own verifier CERTIFIED),gs3d/oracle.py:165-166 (known_space.contains_aabb of the swept world AABB) -> gs3d/integration.py:47-55; called from aerial3d/api.py:417-423,UNKNOWN:shared_replay_failed,PASS,stored_route_uv_0.1mm,1.512,True,UNKNOWN:shared_replay_failed,0.02,8352bdd37aab07a2,7.52,6.025,8.484,8.484,"A* route lateral clearance (row robot, chassis +3 mm, margin 0)",False,,,,,,,False,,,11,0.0,0,0.0,0,0.0,,,,
S-F4S-00827,F4,S,cylinder,F4S-00827,EXPORT-DOMAIN,REPLAY-AABB,export,,exported edge 17: its swept world AABB leaves the route prism by 6.9 mm in v although every exported pose is inside (own verifier CERTIFIED),gs3d/oracle.py:165-166 (known_space.contains_aabb of the swept world AABB) -> gs3d/integration.py:47-55; called from aerial3d/api.py:417-423,UNKNOWN:shared_replay_failed,PASS,stored_route_uv_0.1mm,1.349,True,UNKNOWN:shared_replay_failed,0.03,8352bdd37aab07a2,8.389,7.842,0.36,0.36,"A* route lateral clearance (row robot, chassis +3 mm, margin 0)",True,,,,,,,False,,,3,0.0,0,0.0,,,,,,
S-F4S-00828,F4,S,cylinder,F4S-00828,EXPORT-DOMAIN,REPLAY-AABB,export,,exported edge 1: its swept world AABB leaves the route prism by 4.6 mm in v although every exported pose is inside (own verifier CERTIFIED),gs3d/oracle.py:165-166 (known_space.contains_aabb of the swept world AABB) -> gs3d/integration.py:47-55; called from aerial3d/api.py:417-423,UNKNOWN:shared_replay_failed,PASS,stored_route_uv_0.1mm,1.512,True,UNKNOWN:shared_replay_failed,0.02,8352bdd37aab07a2,6.641,6.963,42.151,42.151,"A* route lateral clearance (row robot, chassis +3 mm, margin 0)",False,,,,,,,False,,,4,0.0,0,0.0,,,,,,
S-F4S-00829,F4,S,cylinder,F4S-00829,EXPORT-DOMAIN,REPLAY-AABB,export,,exported edge 19: its swept world AABB leaves the route prism by 1.5 mm in v although every exported pose is inside (own verifier CERTIFIED),gs3d/oracle.py:165-166 (known_space.contains_aabb of the swept world AABB) -> gs3d/integration.py:47-55; called from aerial3d/api.py:417-423,UNKNOWN:shared_replay_failed,PASS,stored_route_uv_0.1mm,1.349,True,UNKNOWN:shared_replay_failed,0.04,8352bdd37aab07a2,9.854,8.369,0.726,0.726,"A* route lateral clearance (row robot, chassis +3 mm, margin 0)",True,,,,,,,False,,,6,0.0,0,0.0,0,0.0,,,,
S-F4S-00831,F4,S,cylinder,F4S-00831,EXPORT-DOMAIN,REPLAY-AABB,export,,exported edge 15: its swept world AABB leaves the route prism by 2.9 mm in v although every exported pose is inside (own verifier CERTIFIED),gs3d/oracle.py:165-166 (known_space.contains_aabb of the swept world AABB) -> gs3d/integration.py:47-55; called from aerial3d/api.py:417-423,UNKNOWN:shared_replay_failed,PASS,stored_route_uv_0.1mm,1.512,True,UNKNOWN:shared_replay_failed,0.03,8352bdd37aab07a2,7.109,6.992,0.439,0.439,"A* route lateral clearance (row robot, chassis +3 mm, margin 0)",True,,,,,,,False,,,4,0.0,0,0.0,,,,,,
S-F4S-00834,F4,S,cylinder,F4S-00834,EXPORT-DOMAIN,REPLAY-AABB,export,,exported edge 1: its swept world AABB leaves the route prism by 42.2 mm in v although every exported pose is inside (own verifier CERTIFIED),gs3d/oracle.py:165-166 (known_space.contains_aabb of the swept world AABB) -> gs3d/integration.py:47-55; called from aerial3d/api.py:417-423,UNKNOWN:shared_replay_failed,PASS,stored_route_uv_0.1mm,1.512,True,UNKNOWN:shared_replay_failed,0.01,8352bdd37aab07a2,7.646,6.709,21.771,21.771,"A* route lateral clearance (row robot, chassis +3 mm, margin 0)",False,,,,,,,False,,,4,0.0,0,0.0,,,,,,
S-F4S-00835,F4,S,cylinder,F4S-00835,EXPORT-DOMAIN,REPLAY-AABB,export,,exported edge 1: its swept world AABB leaves the route prism by 7.1 mm in v although every exported pose is inside (own verifier CERTIFIED),gs3d/oracle.py:165-166 (known_space.contains_aabb of the swept world AABB) -> gs3d/integration.py:47-55; called from aerial3d/api.py:417-423,UNKNOWN:shared_replay_failed,PASS,stored_route_uv_0.1mm,1.349,True,UNKNOWN:shared_replay_failed,0.01,8352bdd37aab07a2,8.867,7.9,2.24,2.24,"A* route lateral clearance (row robot, chassis +3 mm, margin 0)",False,,,,,,,False,,,4,0.0,0,0.0,,,,,,
S-F4S-00837,F4,S,cylinder,F4S-00837,EXPORT-DOMAIN,REPLAY-AABB,export,,exported edge 18: its swept world AABB leaves the route prism by 12.8 mm in v although every exported pose is inside (own verifier CERTIFIED),gs3d/oracle.py:165-166 (known_space.contains_aabb of the swept world AABB) -> gs3d/integration.py:47-55; called from aerial3d/api.py:417-423,UNKNOWN:shared_replay_failed,PASS,stored_route_uv_0.1mm,1.512,True,UNKNOWN:shared_replay_failed,0.03,8352bdd37aab07a2,7.568,7.393,2.643,2.643,"A* route lateral clearance (row robot, chassis +3 mm, margin 0)",False,,,,,,,False,,,4,0.0,0,0.0,,,,,,
S-F4S-00838,F4,S,cylinder,F4S-00838,EXPORT-DOMAIN,REPLAY-AABB,export,,exported edge 15: its swept world AABB leaves the route prism by 8.0 mm in v although every exported pose is inside (own verifier CERTIFIED),gs3d/oracle.py:165-166 (known_space.contains_aabb of the swept world AABB) -> gs3d/integration.py:47-55; called from aerial3d/api.py:417-423,UNKNOWN:shared_replay_failed,PASS,stored_route_uv_0.1mm,1.512,True,UNKNOWN:shared_replay_failed,0.03,8352bdd37aab07a2,6.689,7.295,2.85,2.85,"A* route lateral clearance (row robot, chassis +3 mm, margin 0)",False,,,,,,,False,,,7,0.0,0,0.0,,,,,,
S-F4S-00841,F4,S,cylinder,F4S-00841,EXPORT-DOMAIN,REPLAY-AABB,export,,exported edge 14: its swept world AABB leaves the route prism by 2.8 mm in v although every exported pose is inside (own verifier CERTIFIED),gs3d/oracle.py:165-166 (known_space.contains_aabb of the swept world AABB) -> gs3d/integration.py:47-55; called from aerial3d/api.py:417-423,UNKNOWN:shared_replay_failed,PASS,stored_route_uv_0.1mm,1.512,True,UNKNOWN:shared_replay_failed,0.03,8352bdd37aab07a2,6.221,6.768,0.586,0.586,"A* route lateral clearance (row robot, chassis +3 mm, margin 0)",True,,,,,,,False,,,4,0.0,0,0.0,,,,,,
S-F4S-00847,F4,S,cylinder,F4S-00847,EXPORT-DOMAIN,REPLAY-AABB,export,,exported edge 10: its swept world AABB leaves the route prism by 2.3 mm in v although every exported pose is inside (own verifier CERTIFIED),gs3d/oracle.py:165-166 (known_space.contains_aabb of the swept world AABB) -> gs3d/integration.py:47-55; called from aerial3d/api.py:417-423,UNKNOWN:shared_replay_failed,PASS,stored_route_uv_0.1mm,1.512,True,UNKNOWN:shared_replay_failed,0.04,8352bdd37aab07a2,6.836,6.357,2.191,2.191,"A* route lateral clearance (row robot, chassis +3 mm, margin 0)",False,,,,,,,False,,,3,0.0,0,0.0,,,,,,
S-F4S-00853,F4,S,cylinder,F4S-00853,EXPORT-DOMAIN,REPLAY-AABB,export,,exported edge 1: its swept world AABB leaves the route prism by 53.6 mm in v although every exported pose is inside (own verifier CERTIFIED),gs3d/oracle.py:165-166 (known_space.contains_aabb of the swept world AABB) -> gs3d/integration.py:47-55; called from aerial3d/api.py:417-423,UNKNOWN:shared_replay_failed,PASS,stored_route_uv_0.1mm,1.512,True,UNKNOWN:shared_replay_failed,0.01,8352bdd37aab07a2,7.891,8.457,7.135,7.135,"A* route lateral clearance (row robot, chassis +3 mm, margin 0)",False,,,,,,,False,,,7,0.0,0,0.0,,,,,,
S-F4S-00855,F4,S,cylinder,F4S-00855,EXPORT-DOMAIN,REPLAY-AABB,export,,exported edge 1: its swept world AABB leaves the route prism by 15.0 mm in v although every exported pose is inside (own verifier CERTIFIED),gs3d/oracle.py:165-166 (known_space.contains_aabb of the swept world AABB) -> gs3d/integration.py:47-55; called from aerial3d/api.py:417-423,UNKNOWN:shared_replay_failed,PASS,stored_route_uv_0.1mm,1.512,True,UNKNOWN:shared_replay_failed,0.01,8352bdd37aab07a2,6.523,7.656,1.697,1.697,"A* route lateral clearance (row robot, chassis +3 mm, margin 0)",True,,,,,,,False,,,4,0.0,0,0.0,,,,,,
S-F4S-00859,F4,S,cylinder,F4S-00859,EXPORT-DOMAIN,REPLAY-AABB,export,,exported edge 17: its swept world AABB leaves the route prism by 3.3 mm in v although every exported pose is inside (own verifier CERTIFIED),gs3d/oracle.py:165-166 (known_space.contains_aabb of the swept world AABB) -> gs3d/integration.py:47-55; called from aerial3d/api.py:417-423,UNKNOWN:shared_replay_failed,PASS,stored_route_uv_0.1mm,1.1,True,UNKNOWN:shared_replay_failed,0.04,8352bdd37aab07a2,7.656,9.414,4.816,4.816,"A* route lateral clearance (row robot, chassis +3 mm, margin 0)",False,,,,,,,False,,,4,0.0,0,0.0,,,,,,
S-F4S-00863,F4,S,cylinder,F4S-00863,EXPORT-DOMAIN,REPLAY-AABB,export,,exported edge 18: its swept world AABB leaves the route prism by 7.7 mm in v although every exported pose is inside (own verifier CERTIFIED),gs3d/oracle.py:165-166 (known_space.contains_aabb of the swept world AABB) -> gs3d/integration.py:47-55; called from aerial3d/api.py:417-423,UNKNOWN:shared_replay_failed,PASS,stored_route_uv_0.1mm,1.512,True,UNKNOWN:shared_replay_failed,0.05,8352bdd37aab07a2,6.377,5.84,0.092,0.092,"A* route lateral clearance (row robot, chassis +3 mm, margin 0)",True,,,,,,,False,,,13,0.01,0,0.0,0,0.0,,,,
S-F4S-00864,F4,S,cylinder,F4S-00864,EXPORT-DOMAIN,REPLAY-AABB,export,,exported edge 3: its swept world AABB leaves the route prism by 18.8 mm in v although every exported pose is inside (own verifier CERTIFIED),gs3d/oracle.py:165-166 (known_space.contains_aabb of the swept world AABB) -> gs3d/integration.py:47-55; called from aerial3d/api.py:417-423,UNKNOWN:shared_replay_failed,PASS,stored_route_uv_0.1mm,1.512,True,UNKNOWN:shared_replay_failed,0.01,8352bdd37aab07a2,6.406,6.25,2.539,2.539,"A* route lateral clearance (row robot, chassis +3 mm, margin 0)",False,,,,,,,False,,,9,0.0,0,0.0,0,0.0,,,,
S-F4S-00865,F4,S,cylinder,F4S-00865,EXPORT-DOMAIN,REPLAY-AABB,export,,exported edge 18: its swept world AABB leaves the route prism by 4.2 mm in v although every exported pose is inside (own verifier CERTIFIED),gs3d/oracle.py:165-166 (known_space.contains_aabb of the swept world AABB) -> gs3d/integration.py:47-55; called from aerial3d/api.py:417-423,UNKNOWN:shared_replay_failed,PASS,stored_route_uv_0.1mm,1.512,True,UNKNOWN:shared_replay_failed,0.04,8352bdd37aab07a2,5.918,7.471,0.244,0.244,"A* route lateral clearance (row robot, chassis +3 mm, margin 0)",True,,,,,,,False,,,4,0.0,0,0.0,,,,,,
S-F4S-00866,F4,S,cylinder,F4S-00866,EXPORT-DOMAIN,REPLAY-AABB,export,,exported edge 1: its swept world AABB leaves the route prism by 23.0 mm in v although every exported pose is inside (own verifier CERTIFIED),gs3d/oracle.py:165-166 (known_space.contains_aabb of the swept world AABB) -> gs3d/integration.py:47-55; called from aerial3d/api.py:417-423,UNKNOWN:shared_replay_failed,PASS,stored_route_uv_0.1mm,1.512,True,UNKNOWN:shared_replay_failed,0.03,8352bdd37aab07a2,7.969,7.148,11.835,11.835,"A* route lateral clearance (row robot, chassis +3 mm, margin 0)",False,,,,,,,False,,,5,0.01,0,0.0,,,,,,
S-F4S-00869,F4,S,cylinder,F4S-00869,EXPORT-DOMAIN,REPLAY-AABB,export,,exported edge 12: its swept world AABB leaves the route prism by 3.1 mm in v although every exported pose is inside (own verifier CERTIFIED),gs3d/oracle.py:165-166 (known_space.contains_aabb of the swept world AABB) -> gs3d/integration.py:47-55; called from aerial3d/api.py:417-423,UNKNOWN:shared_replay_failed,PASS,stored_route_uv_0.1mm,1.512,True,UNKNOWN:shared_replay_failed,0.03,8352bdd37aab07a2,7.568,7.012,0.439,0.439,"A* route lateral clearance (row robot, chassis +3 mm, margin 0)",True,,,,,,,False,,,3,0.0,0,0.0,,,,,,
S-F4S-00870,F4,S,cylinder,F4S-00870,EXPORT-DOMAIN,REPLAY-AABB,export,,exported edge 1: its swept world AABB leaves the route prism by 9.6 mm in v although every exported pose is inside (own verifier CERTIFIED),gs3d/oracle.py:165-166 (known_space.contains_aabb of the swept world AABB) -> gs3d/integration.py:47-55; called from aerial3d/api.py:417-423,UNKNOWN:shared_replay_failed,PASS,stored_route_uv_0.1mm,1.432,True,UNKNOWN:shared_replay_failed,0.02,8352bdd37aab07a2,7.119,7.266,0.439,0.439,"A* route lateral clearance (row robot, chassis +3 mm, margin 0)",True,,,,,,,False,,,6,0.0,0,0.0,1,0.0,,,,
S-F4S-00878,F4,S,cylinder,F4S-00878,EXPORT-DOMAIN,REPLAY-AABB,export,,exported edge 1: its swept world AABB leaves the route prism by 55.6 mm in v although every exported pose is inside (own verifier CERTIFIED),gs3d/oracle.py:165-166 (known_space.contains_aabb of the swept world AABB) -> gs3d/integration.py:47-55; called from aerial3d/api.py:417-423,UNKNOWN:shared_replay_failed,PASS,stored_route_uv_0.1mm,1.512,True,UNKNOWN:shared_replay_failed,0.01,8352bdd37aab07a2,7.871,7.92,10.449,10.449,"A* route lateral clearance (row robot, chassis +3 mm, margin 0)",False,,,,,,,False,,,3,0.0,0,0.0,,,,,,
S-F4S-00879,F4,S,cylinder,F4S-00879,EXPORT-DOMAIN,REPLAY-AABB,export,,exported edge 1: its swept world AABB leaves the route prism by 66.2 mm in v although every exported pose is inside (own verifier CERTIFIED),gs3d/oracle.py:165-166 (known_space.contains_aabb of the swept world AABB) -> gs3d/integration.py:47-55; called from aerial3d/api.py:417-423,UNKNOWN:shared_replay_failed,PASS,stored_route_uv_0.1mm,1.512,True,UNKNOWN:shared_replay_failed,0.01,8352bdd37aab07a2,6.68,6.416,2.722,2.722,"A* route lateral clearance (row robot, chassis +3 mm, margin 0)",False,,,,,,,False,,,7,0.0,0,0.0,0,0.0,,,,
S-F4S-00881,F4,S,cylinder,F4S-00881,EXPORT-DOMAIN,REPLAY-AABB,export,,exported edge 14: its swept world AABB leaves the route prism by 0.8 mm in v although every exported pose is inside (own verifier CERTIFIED),gs3d/oracle.py:165-166 (known_space.contains_aabb of the swept world AABB) -> gs3d/integration.py:47-55; called from aerial3d/api.py:417-423,UNKNOWN:shared_replay_failed,PASS,stored_route_uv_0.1mm,1.512,True,UNKNOWN:shared_replay_failed,0.16,8352bdd37aab07a2,7.676,6.797,0.885,0.885,"A* route lateral clearance (row robot, chassis +3 mm, margin 0)",True,,,,,,,False,,,9,0.04,10,0.08,1,0.0,,,,
S-F4S-00882,F4,S,cylinder,F4S-00882,EXPORT-DOMAIN,REPLAY-AABB,export,,exported edge 15: its swept world AABB leaves the route prism by 1.9 mm in v although every exported pose is inside (own verifier CERTIFIED),gs3d/oracle.py:165-166 (known_space.contains_aabb of the swept world AABB) -> gs3d/integration.py:47-55; called from aerial3d/api.py:417-423,UNKNOWN:shared_replay_failed,PASS,stored_route_uv_0.1mm,1.512,True,UNKNOWN:shared_replay_failed,0.21,8352bdd37aab07a2,7.275,7.91,0.36,0.36,"A* route lateral clearance (row robot, chassis +3 mm, margin 0)",True,,,,,,,False,,,12,0.02,15,0.15,3,0.0,,,,
S-F4S-00884,F4,S,cylinder,F4S-00884,EXPORT-DOMAIN,REPLAY-AABB,export,,exported edge 1: its swept world AABB leaves the route prism by 6.1 mm in v although every exported pose is inside (own verifier CERTIFIED),gs3d/oracle.py:165-166 (known_space.contains_aabb of the swept world AABB) -> gs3d/integration.py:47-55; called from aerial3d/api.py:417-423,UNKNOWN:shared_replay_failed,PASS,stored_route_uv_0.1mm,1.349,True,UNKNOWN:shared_replay_failed,0.01,8352bdd37aab07a2,6.338,5.898,1.562,1.562,"A* route lateral clearance (row robot, chassis +3 mm, margin 0)",True,,,,,,,False,,,6,0.0,0,0.0,0,0.0,,,,
S-F4S-00885,F4,S,cylinder,F4S-00885,EXPORT-DOMAIN,REPLAY-AABB,export,,exported edge 1: its swept world AABB leaves the route prism by 65.6 mm in v although every exported pose is inside (own verifier CERTIFIED),gs3d/oracle.py:165-166 (known_space.contains_aabb of the swept world AABB) -> gs3d/integration.py:47-55; called from aerial3d/api.py:417-423,UNKNOWN:shared_replay_failed,PASS,stored_route_uv_0.1mm,1.512,True,UNKNOWN:shared_replay_failed,0.34,8352bdd37aab07a2,8.496,5.078,2.448,2.448,"A* route lateral clearance (row robot, chassis +3 mm, margin 0)",False,,,,,,,False,,,12,0.07,17,0.07,5,0.0,,,,
S-F4S-00886,F4,S,cylinder,F4S-00886,EXPORT-DOMAIN,REPLAY-AABB,export,,exported edge 1: its swept world AABB leaves the route prism by 12.3 mm in v although every exported pose is inside (own verifier CERTIFIED),gs3d/oracle.py:165-166 (known_space.contains_aabb of the swept world AABB) -> gs3d/integration.py:47-55; called from aerial3d/api.py:417-423,UNKNOWN:shared_replay_failed,PASS,stored_route_uv_0.1mm,1.512,True,UNKNOWN:shared_replay_failed,0.2,8352bdd37aab07a2,7.725,7.461,7.208,7.208,"A* route lateral clearance (row robot, chassis +3 mm, margin 0)",False,,,,,,,False,,,16,0.01,37,0.17,6,0.0,,,,
S-F4S-00889,F4,S,cylinder,F4S-00889,EXPORT-DOMAIN,REPLAY-AABB,export,,exported edge 15: its swept world AABB leaves the route prism by 17.3 mm in v although every exported pose is inside (own verifier CERTIFIED),gs3d/oracle.py:165-166 (known_space.contains_aabb of the swept world AABB) -> gs3d/integration.py:47-55; called from aerial3d/api.py:417-423,UNKNOWN:shared_replay_failed,PASS,stored_route_uv_0.1mm,1.512,True,UNKNOWN:shared_replay_failed,0.03,8352bdd37aab07a2,8.584,6.787,2.716,2.716,"A* route lateral clearance (row robot, chassis +3 mm, margin 0)",False,,,,,,,False,,,6,0.0,0,0.0,,,,,,
S-F4S-00893,F4,S,cylinder,F4S-00893,EXPORT-DOMAIN,REPLAY-AABB,export,,exported edge 16: its swept world AABB leaves the route prism by 14.5 mm in v although every exported pose is inside (own verifier CERTIFIED),gs3d/oracle.py:165-166 (known_space.contains_aabb of the swept world AABB) -> gs3d/integration.py:47-55; called from aerial3d/api.py:417-423,UNKNOWN:shared_replay_failed,PASS,stored_route_uv_0.1mm,1.512,True,UNKNOWN:shared_replay_failed,0.03,8352bdd37aab07a2,6.787,6.445,0.69,0.69,"A* route lateral clearance (row robot, chassis +3 mm, margin 0)",True,,,,,,,False,,,7,0.0,0,0.0,,,,,,
S-F4S-00895,F4,S,cylinder,F4S-00895,EXPORT-DOMAIN,REPLAY-AABB,export,,exported edge 1: its swept world AABB leaves the route prism by 18.4 mm in v although every exported pose is inside (own verifier CERTIFIED),gs3d/oracle.py:165-166 (known_space.contains_aabb of the swept world AABB) -> gs3d/integration.py:47-55; called from aerial3d/api.py:417-423,UNKNOWN:shared_replay_failed,PASS,stored_route_uv_0.1mm,1.512,True,UNKNOWN:shared_replay_failed,0.02,8352bdd37aab07a2,7.852,6.27,18.61,18.61,"A* route lateral clearance (row robot, chassis +3 mm, margin 0)",False,,,,,,,False,,,13,0.0,0,0.0,,,,,,
S-F4S-00896,F4,S,cylinder,F4S-00896,EXPORT-DOMAIN,REPLAY-AABB,export,,exported edge 4: its swept world AABB leaves the route prism by 19.2 mm in v although every exported pose is inside (own verifier CERTIFIED),gs3d/oracle.py:165-166 (known_space.contains_aabb of the swept world AABB) -> gs3d/integration.py:47-55; called from aerial3d/api.py:417-423,UNKNOWN:shared_replay_failed,PASS,stored_route_uv_0.1mm,1.512,True,UNKNOWN:shared_replay_failed,0.02,8352bdd37aab07a2,7.529,6.934,17.102,17.102,"A* route lateral clearance (row robot, chassis +3 mm, margin 0)",False,,,,,,,False,,,7,0.0,0,0.0,,,,,,
S-F4S-00904,F4,S,cylinder,F4S-00904,EXPORT-DOMAIN,REPLAY-AABB,export,,exported edge 1: its swept world AABB leaves the route prism by 67.7 mm in v although every exported pose is inside (own verifier CERTIFIED),gs3d/oracle.py:165-166 (known_space.contains_aabb of the swept world AABB) -> gs3d/integration.py:47-55; called from aerial3d/api.py:417-423,UNKNOWN:shared_replay_failed,PASS,stored_route_uv_0.1mm,1.267,True,UNKNOWN:shared_replay_failed,0.02,8352bdd37aab07a2,7.852,7.295,1.227,1.227,"A* route lateral clearance (row robot, chassis +3 mm, margin 0)",True,,,,,,,False,,,6,0.01,11,0.0,,,,,,
S-F4S-00905,F4,S,cylinder,F4S-00905,EXPORT-DOMAIN,REPLAY-AABB,export,,exported edge 1: its swept world AABB leaves the route prism by 20.6 mm in v although every exported pose is inside (own verifier CERTIFIED),gs3d/oracle.py:165-166 (known_space.contains_aabb of the swept world AABB) -> gs3d/integration.py:47-55; called from aerial3d/api.py:417-423,UNKNOWN:shared_replay_failed,PASS,stored_route_uv_0.1mm,1.512,True,UNKNOWN:shared_replay_failed,0.01,8352bdd37aab07a2,7.334,6.934,5.835,5.835,"A* route lateral clearance (row robot, chassis +3 mm, margin 0)",False,,,,,,,False,,,4,0.0,0,0.0,,,,,,
S-F4S-00909,F4,S,cylinder,F4S-00909,EXPORT-DOMAIN,REPLAY-AABB,export,,exported edge 1: its swept world AABB leaves the route prism by 29.1 mm in v although every exported pose is inside (own verifier CERTIFIED),gs3d/oracle.py:165-166 (known_space.contains_aabb of the swept world AABB) -> gs3d/integration.py:47-55; called from aerial3d/api.py:417-423,UNKNOWN:shared_replay_failed,PASS,stored_route_uv_0.1mm,1.512,True,UNKNOWN:shared_replay_failed,0.01,8352bdd37aab07a2,8.174,7.764,2.722,2.722,"A* route lateral clearance (row robot, chassis +3 mm, margin 0)",False,,,,,,,False,,,3,0.0,0,0.0,,,,,,
S-F4S-00911,F4,S,cylinder,F4S-00911,EXPORT-DOMAIN,REPLAY-AABB,export,,exported edge 17: its swept world AABB leaves the route prism by 7.2 mm in v although every exported pose is inside (own verifier CERTIFIED),gs3d/oracle.py:165-166 (known_space.contains_aabb of the swept world AABB) -> gs3d/integration.py:47-55; called from aerial3d/api.py:417-423,UNKNOWN:shared_replay_failed,PASS,stored_route_uv_0.1mm,1.512,True,UNKNOWN:shared_replay_failed,0.03,8352bdd37aab07a2,7.812,8.213,1.038,1.038,"A* route lateral clearance (row robot, chassis +3 mm, margin 0)",True,,,,,,,False,,,5,0.0,0,0.0,,,,,,
S-F4S-00914,F4,S,cylinder,F4S-00914,EXPORT-DOMAIN,REPLAY-AABB,export,,exported edge 4: its swept world AABB leaves the route prism by 4.0 mm in v although every exported pose is inside (own verifier CERTIFIED),gs3d/oracle.py:165-166 (known_space.contains_aabb of the swept world AABB) -> gs3d/integration.py:47-55; called from aerial3d/api.py:417-423,UNKNOWN:shared_replay_failed,PASS,stored_route_uv_0.1mm,1.512,True,UNKNOWN:shared_replay_failed,0.01,8352bdd37aab07a2,6.621,6.504,0.916,0.916,"A* route lateral clearance (row robot, chassis +3 mm, margin 0)",True,,,,,,,False,,,4,0.0,0,0.0,,,,,,
S-F4S-00916,F4,S,cylinder,F4S-00916,EXPORT-DOMAIN,REPLAY-AABB,export,,exported edge 8: its swept world AABB leaves the route prism by 1.8 mm in v although every exported pose is inside (own verifier CERTIFIED),gs3d/oracle.py:165-166 (known_space.contains_aabb of the swept world AABB) -> gs3d/integration.py:47-55; called from aerial3d/api.py:417-423,UNKNOWN:shared_replay_failed,PASS,stored_route_uv_0.1mm,1.329,True,UNKNOWN:shared_replay_failed,0.07,8352bdd37aab07a2,5.928,6.68,1.697,1.697,"A* route lateral clearance (row robot, chassis +3 mm, margin 0)",True,,,,,,,False,,,9,0.01,6,0.04,1,0.0,,,,
S-F4S-00924,F4,S,cylinder,F4S-00924,EXPORT-DOMAIN,REPLAY-AABB,export,,exported edge 1: its swept world AABB leaves the route prism by 34.5 mm in v although every exported pose is inside (own verifier CERTIFIED),gs3d/oracle.py:165-166 (known_space.contains_aabb of the swept world AABB) -> gs3d/integration.py:47-55; called from aerial3d/api.py:417-423,UNKNOWN:shared_replay_failed,PASS,stored_route_uv_0.1mm,1.349,True,UNKNOWN:shared_replay_failed,0.1,8352bdd37aab07a2,5.938,7.227,0.751,0.751,"A* route lateral clearance (row robot, chassis +3 mm, margin 0)",True,,,,,,,False,,,9,0.01,20,0.07,2,0.0,,,,
S-F4S-00925,F4,S,cylinder,F4S-00925,EXPORT-DOMAIN,REPLAY-AABB,export,,exported edge 1: its swept world AABB leaves the route prism by 35.3 mm in v although every exported pose is inside (own verifier CERTIFIED),gs3d/oracle.py:165-166 (known_space.contains_aabb of the swept world AABB) -> gs3d/integration.py:47-55; called from aerial3d/api.py:417-423,UNKNOWN:shared_replay_failed,PASS,stored_route_uv_0.1mm,1.512,True,UNKNOWN:shared_replay_failed,0.01,8352bdd37aab07a2,7.637,7.744,23.553,23.553,"A* route lateral clearance (row robot, chassis +3 mm, margin 0)",False,,,,,,,False,,,6,0.0,0,0.0,,,,,,
S-F4S-00926,F4,S,cylinder,F4S-00926,EXPORT-DOMAIN,REPLAY-AABB,export,,exported edge 1: its swept world AABB leaves the route prism by 48.6 mm in v although every exported pose is inside (own verifier CERTIFIED),gs3d/oracle.py:165-166 (known_space.contains_aabb of the swept world AABB) -> gs3d/integration.py:47-55; called from aerial3d/api.py:417-423,UNKNOWN:shared_replay_failed,PASS,stored_route_uv_0.1mm,1.512,True,UNKNOWN:shared_replay_failed,0.01,8352bdd37aab07a2,7.129,6.777,0.549,0.549,"A* route lateral clearance (row robot, chassis +3 mm, margin 0)",True,,,,,,,False,,,9,0.0,0,0.0,1,0.0,,,,
S-F4S-00927,F4,S,cylinder,F4S-00927,EXPORT-DOMAIN,REPLAY-AABB,export,,exported edge 1: its swept world AABB leaves the route prism by 72.5 mm in v although every exported pose is inside (own verifier CERTIFIED),gs3d/oracle.py:165-166 (known_space.contains_aabb of the swept world AABB) -> gs3d/integration.py:47-55; called from aerial3d/api.py:417-423,UNKNOWN:shared_replay_failed,PASS,stored_route_uv_0.1mm,1.512,True,UNKNOWN:shared_replay_failed,0.01,8352bdd37aab07a2,7.998,6.904,1.898,1.898,"A* route lateral clearance (row robot, chassis +3 mm, margin 0)",True,,,,,,,False,,,3,0.0,0,0.0,,,,,,
S-F4S-00928,F4,S,cylinder,F4S-00928,EXPORT-DOMAIN,REPLAY-AABB,export,,exported edge 18: its swept world AABB leaves the route prism by 10.4 mm in v although every exported pose is inside (own verifier CERTIFIED),gs3d/oracle.py:165-166 (known_space.contains_aabb of the swept world AABB) -> gs3d/integration.py:47-55; called from aerial3d/api.py:417-423,UNKNOWN:shared_replay_failed,PASS,stored_route_uv_0.1mm,1.328,True,UNKNOWN:shared_replay_failed,0.19,8352bdd37aab07a2,7.705,7.07,0.739,0.739,"A* route lateral clearance (row robot, chassis +3 mm, margin 0)",True,,,,,,,False,,,21,0.06,16,0.08,10,0.0,,,,
S-F4S-00929,F4,S,cylinder,F4S-00929,EXPORT-DOMAIN,REPLAY-AABB,export,,exported edge 1: its swept world AABB leaves the route prism by 7.9 mm in v although every exported pose is inside (own verifier CERTIFIED),gs3d/oracle.py:165-166 (known_space.contains_aabb of the swept world AABB) -> gs3d/integration.py:47-55; called from aerial3d/api.py:417-423,UNKNOWN:shared_replay_failed,PASS,stored_route_uv_0.1mm,1.512,True,UNKNOWN:shared_replay_failed,0.01,8352bdd37aab07a2,7.031,6.914,13.037,13.037,"A* route lateral clearance (row robot, chassis +3 mm, margin 0)",False,,,,,,,False,,,7,0.0,0,0.0,,,,,,
S-F4S-00932,F4,S,cylinder,F4S-00932,EXPORT-DOMAIN,REPLAY-AABB,export,,exported edge 1: its swept world AABB leaves the route prism by 39.1 mm in v although every exported pose is inside (own verifier CERTIFIED),gs3d/oracle.py:165-166 (known_space.contains_aabb of the swept world AABB) -> gs3d/integration.py:47-55; called from aerial3d/api.py:417-423,UNKNOWN:shared_replay_failed,PASS,stored_route_uv_0.1mm,1.512,True,UNKNOWN:shared_replay_failed,0.05,8352bdd37aab07a2,6.65,5.977,10.583,10.583,"A* route lateral clearance (row robot, chassis +3 mm, margin 0)",False,,,,,,,False,,,7,0.01,0,0.0,2,0.0,,,,
S-F4S-00938,F4,S,cylinder,F4S-00938,EXPORT-DOMAIN,REPLAY-AABB,export,,exported edge 1: its swept world AABB leaves the route prism by 48.7 mm in v although every exported pose is inside (own verifier CERTIFIED),gs3d/oracle.py:165-166 (known_space.contains_aabb of the swept world AABB) -> gs3d/integration.py:47-55; called from aerial3d/api.py:417-423,UNKNOWN:shared_replay_failed,PASS,stored_route_uv_0.1mm,1.259,True,UNKNOWN:shared_replay_failed,0.04,8352bdd37aab07a2,6.25,8.115,10.901,10.901,"A* route lateral clearance (row robot, chassis +3 mm, margin 0)",False,,,,,,,False,,,5,0.0,0,0.0,,,,,,
S-F4S-00940,F4,S,cylinder,F4S-00940,EXPORT-DOMAIN,REPLAY-AABB,export,,exported edge 12: its swept world AABB leaves the route prism by 7.9 mm in v although every exported pose is inside (own verifier CERTIFIED),gs3d/oracle.py:165-166 (known_space.contains_aabb of the swept world AABB) -> gs3d/integration.py:47-55; called from aerial3d/api.py:417-423,UNKNOWN:shared_replay_failed,PASS,stored_route_uv_0.1mm,1.512,True,UNKNOWN:shared_replay_failed,0.03,8352bdd37aab07a2,6.348,6.396,2.46,2.46,"A* route lateral clearance (row robot, chassis +3 mm, margin 0)",False,,,,,,,False,,,7,0.0,0,0.0,0,0.0,,,,
S-F4S-00941,F4,S,cylinder,F4S-00941,EXPORT-DOMAIN,REPLAY-AABB,export,,exported edge 1: its swept world AABB leaves the route prism by 26.3 mm in v although every exported pose is inside (own verifier CERTIFIED),gs3d/oracle.py:165-166 (known_space.contains_aabb of the swept world AABB) -> gs3d/integration.py:47-55; called from aerial3d/api.py:417-423,UNKNOWN:shared_replay_failed,PASS,stored_route_uv_0.1mm,1.512,True,UNKNOWN:shared_replay_failed,0.01,8352bdd37aab07a2,7.295,6.602,3.436,3.436,"A* route lateral clearance (row robot, chassis +3 mm, margin 0)",False,,,,,,,False,,,3,0.0,0,0.0,,,,,,
S-F4S-00946,F4,S,cylinder,F4S-00946,EXPORT-DOMAIN,REPLAY-AABB,export,,exported edge 1: its swept world AABB leaves the route prism by 18.8 mm in v although every exported pose is inside (own verifier CERTIFIED),gs3d/oracle.py:165-166 (known_space.contains_aabb of the swept world AABB) -> gs3d/integration.py:47-55; called from aerial3d/api.py:417-423,UNKNOWN:shared_replay_failed,PASS,stored_route_uv_0.1mm,1.512,True,UNKNOWN:shared_replay_failed,0.01,8352bdd37aab07a2,6.504,7.227,1.038,1.038,"A* route lateral clearance (row robot, chassis +3 mm, margin 0)",True,,,,,,,False,,,7,0.0,0,0.0,,,,,,
S-F4S-00949,F4,S,cylinder,F4S-00949,EXPORT-DOMAIN,REPLAY-AABB,export,,exported edge 1: its swept world AABB leaves the route prism by 53.0 mm in v although every exported pose is inside (own verifier CERTIFIED),gs3d/oracle.py:165-166 (known_space.contains_aabb of the swept world AABB) -> gs3d/integration.py:47-55; called from aerial3d/api.py:417-423,UNKNOWN:shared_replay_failed,PASS,stored_route_uv_0.1mm,1.512,True,UNKNOWN:shared_replay_failed,0.17,8352bdd37aab07a2,7.148,5.586,2.24,2.24,"A* route lateral clearance (row robot, chassis +3 mm, margin 0)",False,,,,,,,False,,,9,0.05,16,0.09,1,0.0,,,,
S-F4S-00951,F4,S,cylinder,F4S-00951,EXPORT-DOMAIN,REPLAY-AABB,export,,exported edge 17: its swept world AABB leaves the route prism by 2.8 mm in v although every exported pose is inside (own verifier CERTIFIED),gs3d/oracle.py:165-166 (known_space.contains_aabb of the swept world AABB) -> gs3d/integration.py:47-55; called from aerial3d/api.py:417-423,UNKNOWN:shared_replay_failed,PASS,stored_route_uv_0.1mm,1.011,True,UNKNOWN:shared_replay_failed,0.03,8352bdd37aab07a2,9.854,8.467,0.079,0.079,"A* route lateral clearance (row robot, chassis +3 mm, margin 0)",True,,,,,,,False,,,4,0.0,0,0.0,,,,,,
S-F4S-00952,F4,S,cylinder,F4S-00952,EXPORT-DOMAIN,REPLAY-AABB,export,,exported edge 18: its swept world AABB leaves the route prism by 11.1 mm in v although every exported pose is inside (own verifier CERTIFIED),gs3d/oracle.py:165-166 (known_space.contains_aabb of the swept world AABB) -> gs3d/integration.py:47-55; called from aerial3d/api.py:417-423,UNKNOWN:shared_replay_failed,PASS,stored_route_uv_0.1mm,1.349,True,UNKNOWN:shared_replay_failed,0.04,8352bdd37aab07a2,7.129,7.793,2.673,2.673,"A* route lateral clearance (row robot, chassis +3 mm, margin 0)",False,,,,,,,False,,,5,0.0,0,0.0,,,,,,
S-F4S-00956,F4,S,cylinder,F4S-00956,EXPORT-DOMAIN,REPLAY-AABB,export,,exported edge 15: its swept world AABB leaves the route prism by 15.6 mm in v although every exported pose is inside (own verifier CERTIFIED),gs3d/oracle.py:165-166 (known_space.contains_aabb of the swept world AABB) -> gs3d/integration.py:47-55; called from aerial3d/api.py:417-423,UNKNOWN:shared_replay_failed,PASS,stored_route_uv_0.1mm,1.512,True,UNKNOWN:shared_replay_failed,0.03,8352bdd37aab07a2,7.578,7.861,1.788,1.788,"A* route lateral clearance (row robot, chassis +3 mm, margin 0)",True,,,,,,,False,,,3,0.0,0,0.0,,,,,,
S-F4S-00960,F4,S,cylinder,F4S-00960,EXPORT-DOMAIN,REPLAY-AABB,export,,exported edge 1: its swept world AABB leaves the route prism by 32.1 mm in v although every exported pose is inside (own verifier CERTIFIED),gs3d/oracle.py:165-166 (known_space.contains_aabb of the swept world AABB) -> gs3d/integration.py:47-55; called from aerial3d/api.py:417-423,UNKNOWN:shared_replay_failed,PASS,stored_route_uv_0.1mm,1.512,True,UNKNOWN:shared_replay_failed,0.01,8352bdd37aab07a2,7.734,7.744,20.563,20.563,"A* route lateral clearance (row robot, chassis +3 mm, margin 0)",False,,,,,,,False,,,3,0.0,0,0.0,,,,,,
S-F4S-00961,F4,S,cylinder,F4S-00961,EXPORT-DOMAIN,REPLAY-AABB,export,,exported edge 3: its swept world AABB leaves the route prism by 11.7 mm in v although every exported pose is inside (own verifier CERTIFIED),gs3d/oracle.py:165-166 (known_space.contains_aabb of the swept world AABB) -> gs3d/integration.py:47-55; called from aerial3d/api.py:417-423,UNKNOWN:shared_replay_failed,PASS,stored_route_uv_0.1mm,1.512,True,UNKNOWN:shared_replay_failed,0.03,8352bdd37aab07a2,6.143,7.754,31.653,31.653,"A* route lateral clearance (row robot, chassis +3 mm, margin 0)",False,,,,,,,False,,,9,0.0,0,0.0,0,0.0,,,,
S-F4S-00962,F4,S,cylinder,F4S-00962,EXPORT-DOMAIN,REPLAY-AABB,export,,exported edge 19: its swept world AABB leaves the route prism by 10.5 mm in v although every exported pose is inside (own verifier CERTIFIED),gs3d/oracle.py:165-166 (known_space.contains_aabb of the swept world AABB) -> gs3d/integration.py:47-55; called from aerial3d/api.py:417-423,UNKNOWN:shared_replay_failed,PASS,stored_route_uv_0.1mm,1.512,True,UNKNOWN:shared_replay_failed,0.29,8352bdd37aab07a2,2.041,6.387,2.869,2.869,"A* route lateral clearance (row robot, chassis +3 mm, margin 0)",False,,,,,,,False,,,6,0.01,20,0.01,,,,,,
S-F4S-00963,F4,S,cylinder,F4S-00963,EXPORT-DOMAIN,REPLAY-AABB,export,,exported edge 1: its swept world AABB leaves the route prism by 69.1 mm in v although every exported pose is inside (own verifier CERTIFIED),gs3d/oracle.py:165-166 (known_space.contains_aabb of the swept world AABB) -> gs3d/integration.py:47-55; called from aerial3d/api.py:417-423,UNKNOWN:shared_replay_failed,PASS,stored_route_uv_0.1mm,1.512,True,UNKNOWN:shared_replay_failed,0.01,8352bdd37aab07a2,7.695,8.271,3.027,3.027,"A* route lateral clearance (row robot, chassis +3 mm, margin 0)",False,,,,,,,False,,,7,0.0,0,0.0,,,,,,
S-F4S-00964,F4,S,cylinder,F4S-00964,EXPORT-DOMAIN,REPLAY-AABB,export,,exported edge 1: its swept world AABB leaves the route prism by 30.6 mm in v although every exported pose is inside (own verifier CERTIFIED),gs3d/oracle.py:165-166 (known_space.contains_aabb of the swept world AABB) -> gs3d/integration.py:47-55; called from aerial3d/api.py:417-423,UNKNOWN:shared_replay_failed,PASS,stored_route_uv_0.1mm,1.512,True,UNKNOWN:shared_replay_failed,0.02,8352bdd37aab07a2,7.471,6.592,2.942,2.942,"A* route lateral clearance (row robot, chassis +3 mm, margin 0)",False,,,,,,,False,,,9,0.0,0,0.0,,,,,,
S-F4S-00965,F4,S,cylinder,F4S-00965,EXPORT-DOMAIN,REPLAY-AABB,export,,exported edge 1: its swept world AABB leaves the route prism by 43.9 mm in v although every exported pose is inside (own verifier CERTIFIED),gs3d/oracle.py:165-166 (known_space.contains_aabb of the swept world AABB) -> gs3d/integration.py:47-55; called from aerial3d/api.py:417-423,UNKNOWN:shared_replay_failed,PASS,stored_route_uv_0.1mm,1.512,True,UNKNOWN:shared_replay_failed,0.02,8352bdd37aab07a2,6.582,6.621,24.097,24.097,"A* route lateral clearance (row robot, chassis +3 mm, margin 0)",False,,,,,,,False,,,7,0.0,0,0.0,0,0.0,,,,
S-F4S-00968,F4,S,cylinder,F4S-00968,EXPORT-DOMAIN,REPLAY-AABB,export,,exported edge 16: its swept world AABB leaves the route prism by 4.4 mm in v although every exported pose is inside (own verifier CERTIFIED),gs3d/oracle.py:165-166 (known_space.contains_aabb of the swept world AABB) -> gs3d/integration.py:47-55; called from aerial3d/api.py:417-423,UNKNOWN:shared_replay_failed,PASS,stored_route_uv_0.1mm,1.349,True,UNKNOWN:shared_replay_failed,0.12,8352bdd37aab07a2,6.523,5.615,1.862,1.862,"A* route lateral clearance (row robot, chassis +3 mm, margin 0)",True,,,,,,,False,,,12,0.07,4,0.0,2,0.0,,,,
S-F4S-00969,F4,S,cylinder,F4S-00969,EXPORT-DOMAIN,REPLAY-AABB,export,,exported edge 8: its swept world AABB leaves the route prism by 0.2 mm in v although every exported pose is inside (own verifier CERTIFIED),gs3d/oracle.py:165-166 (known_space.contains_aabb of the swept world AABB) -> gs3d/integration.py:47-55; called from aerial3d/api.py:417-423,UNKNOWN:shared_replay_failed,PASS,stored_route_uv_0.1mm,1.349,True,UNKNOWN:shared_replay_failed,0.04,8352bdd37aab07a2,6.279,6.758,1.74,1.74,"A* route lateral clearance (row robot, chassis +3 mm, margin 0)",True,,,,,,,False,,,3,0.0,0,0.0,,,,,,
S-F4S-00971,F4,S,cylinder,F4S-00971,EXPORT-DOMAIN,REPLAY-AABB,export,,exported edge 11: its swept world AABB leaves the route prism by 3.2 mm in v although every exported pose is inside (own verifier CERTIFIED),gs3d/oracle.py:165-166 (known_space.contains_aabb of the swept world AABB) -> gs3d/integration.py:47-55; called from aerial3d/api.py:417-423,UNKNOWN:shared_replay_failed,PASS,stored_route_uv_0.1mm,1.512,True,UNKNOWN:shared_replay_failed,0.04,8352bdd37aab07a2,7.314,6.621,0.165,0.165,"A* route lateral clearance (row robot, chassis +3 mm, margin 0)",True,,,,,,,False,,,7,0.0,0,0.0,0,0.0,,,,
S-F4S-00972,F4,S,cylinder,F4S-00972,EXPORT-DOMAIN,REPLAY-AABB,export,,exported edge 1: its swept world AABB leaves the route prism by 43.4 mm in v although every exported pose is inside (own verifier CERTIFIED),gs3d/oracle.py:165-166 (known_space.contains_aabb of the swept world AABB) -> gs3d/integration.py:47-55; called from aerial3d/api.py:417-423,UNKNOWN:shared_replay_failed,PASS,stored_route_uv_0.1mm,1.512,True,UNKNOWN:shared_replay_failed,0.01,8352bdd37aab07a2,7.939,6.758,1.593,1.593,"A* route lateral clearance (row robot, chassis +3 mm, margin 0)",True,,,,,,,False,,,9,0.0,0,0.0,0,0.0,,,,
S-F4S-00976,F4,S,cylinder,F4S-00976,EXPORT-DOMAIN,REPLAY-AABB,export,,exported edge 1: its swept world AABB leaves the route prism by 26.7 mm in v although every exported pose is inside (own verifier CERTIFIED),gs3d/oracle.py:165-166 (known_space.contains_aabb of the swept world AABB) -> gs3d/integration.py:47-55; called from aerial3d/api.py:417-423,UNKNOWN:shared_replay_failed,PASS,stored_route_uv_0.1mm,1.512,True,UNKNOWN:shared_replay_failed,0.02,8352bdd37aab07a2,7.822,6.133,2.539,2.539,"A* route lateral clearance (row robot, chassis +3 mm, margin 0)",False,,,,,,,False,,,12,0.0,0,0.0,,,,,,
S-F4S-00980,F4,S,cylinder,F4S-00980,EXPORT-DOMAIN,REPLAY-AABB,export,,exported edge 1: its swept world AABB leaves the route prism by 39.4 mm in v although every exported pose is inside (own verifier CERTIFIED),gs3d/oracle.py:165-166 (known_space.contains_aabb of the swept world AABB) -> gs3d/integration.py:47-55; called from aerial3d/api.py:417-423,UNKNOWN:shared_replay_failed,PASS,stored_route_uv_0.1mm,1.512,True,UNKNOWN:shared_replay_failed,0.02,8352bdd37aab07a2,7.334,7.061,24.17,24.17,"A* route lateral clearance (row robot, chassis +3 mm, margin 0)",False,,,,,,,False,,,3,0.0,0,0.0,,,,,,
S-F4S-00981,F4,S,cylinder,F4S-00981,EXPORT-DOMAIN,REPLAY-AABB,export,,exported edge 3: its swept world AABB leaves the route prism by 44.2 mm in v although every exported pose is inside (own verifier CERTIFIED),gs3d/oracle.py:165-166 (known_space.contains_aabb of the swept world AABB) -> gs3d/integration.py:47-55; called from aerial3d/api.py:417-423,UNKNOWN:shared_replay_failed,PASS,stored_route_uv_0.1mm,1.512,True,UNKNOWN:shared_replay_failed,0.01,8352bdd37aab07a2,5.625,6.68,16.376,16.376,"A* route lateral clearance (row robot, chassis +3 mm, margin 0)",False,,,,,,,False,,,6,0.0,0,0.0,0,0.0,,,,
S-F4S-00982,F4,S,cylinder,F4S-00982,EXPORT-DOMAIN,REPLAY-AABB,export,,exported edge 3: its swept world AABB leaves the route prism by 18.1 mm in v although every exported pose is inside (own verifier CERTIFIED),gs3d/oracle.py:165-166 (known_space.contains_aabb of the swept world AABB) -> gs3d/integration.py:47-55; called from aerial3d/api.py:417-423,UNKNOWN:shared_replay_failed,PASS,stored_route_uv_0.1mm,1.512,True,UNKNOWN:shared_replay_failed,0.02,8352bdd37aab07a2,6.211,6.299,2.087,2.087,"A* route lateral clearance (row robot, chassis +3 mm, margin 0)",True,,,,,,,False,,,9,0.0,0,0.0,,,,,,
S-F4S-00986,F4,S,cylinder,F4S-00986,EXPORT-DOMAIN,REPLAY-AABB,export,,exported edge 1: its swept world AABB leaves the route prism by 48.6 mm in v although every exported pose is inside (own verifier CERTIFIED),gs3d/oracle.py:165-166 (known_space.contains_aabb of the swept world AABB) -> gs3d/integration.py:47-55; called from aerial3d/api.py:417-423,UNKNOWN:shared_replay_failed,PASS,stored_route_uv_0.1mm,1.512,True,UNKNOWN:shared_replay_failed,0.02,8352bdd37aab07a2,6.279,6.074,17.798,17.798,"A* route lateral clearance (row robot, chassis +3 mm, margin 0)",False,,,,,,,False,,,4,0.0,0,0.0,,,,,,
S-F4S-00992,F4,S,cylinder,F4S-00992,EXPORT-DOMAIN,REPLAY-AABB,export,,exported edge 9: its swept world AABB leaves the route prism by 1.5 mm in v although every exported pose is inside (own verifier CERTIFIED),gs3d/oracle.py:165-166 (known_space.contains_aabb of the swept world AABB) -> gs3d/integration.py:47-55; called from aerial3d/api.py:417-423,UNKNOWN:shared_replay_failed,PASS,stored_route_uv_0.1mm,1.512,True,UNKNOWN:shared_replay_failed,0.03,8352bdd37aab07a2,7.822,8.174,0.604,0.604,"A* route lateral clearance (row robot, chassis +3 mm, margin 0)",True,,,,,,,False,,,3,0.0,0,0.0,,,,,,
S-F4S-00998,F4,S,cylinder,F4S-00998,EXPORT-DOMAIN,REPLAY-AABB,export,,exported edge 1: its swept world AABB leaves the route prism by 24.0 mm in v although every exported pose is inside (own verifier CERTIFIED),gs3d/oracle.py:165-166 (known_space.contains_aabb of the swept world AABB) -> gs3d/integration.py:47-55; called from aerial3d/api.py:417-423,UNKNOWN:shared_replay_failed,PASS,stored_route_uv_0.1mm,1.512,True,UNKNOWN:shared_replay_failed,0.01,8352bdd37aab07a2,8.33,7.021,3.137,3.137,"A* route lateral clearance (row robot, chassis +3 mm, margin 0)",False,,,,,,,False,,,1,0.0,0,0.0,,,,,,
WWEST-F4X-00055,F4,WWEST,cylinder,F4X-00055,EXPORT-DOMAIN,REPLAY-AABB,export,,exported edge 1: its swept world AABB leaves the route prism by 29.7 mm in v although every exported pose is inside (own verifier CERTIFIED),gs3d/oracle.py:165-166 (known_space.contains_aabb of the swept world AABB) -> gs3d/integration.py:47-55; called from aerial3d/api.py:417-423,UNKNOWN:shared_replay_failed,PASS,stored_route_uv_0.1mm,1.962,True,UNKNOWN:shared_replay_failed,2.24,549453247f5cf37a,3.057,19.668,0.25,0.25,"A* route lateral clearance (row robot, chassis +3 mm, margin 0)",True,,,,,,,False,,,36,1.29,80,0.65,1,0.04,,,,
WWEST-F4X-00252,F4,WWEST,cylinder,F4X-00252,EXPORT-DOMAIN,REPLAY-AABB,export,,exported edge 1: its swept world AABB leaves the route prism by 26.5 mm in v although every exported pose is inside (own verifier CERTIFIED),gs3d/oracle.py:165-166 (known_space.contains_aabb of the swept world AABB) -> gs3d/integration.py:47-55; called from aerial3d/api.py:417-423,UNKNOWN:shared_replay_failed,PASS,stored_route_uv_0.1mm,1.004,True,UNKNOWN:shared_replay_failed,0.96,549453247f5cf37a,13.965,2.988,2.802,2.802,"A* route lateral clearance (row robot, chassis +3 mm, margin 0)",False,,,,,,,False,,,18,0.53,18,0.29,1,0.01,,,,
WWEST-F4X-00291,F4,WWEST,cylinder,F4X-00291,EXPORT-DOMAIN,REPLAY-AABB,export,,exported edge 1: its swept world AABB leaves the route prism by 18.0 mm in v although every exported pose is inside (own verifier CERTIFIED),gs3d/oracle.py:165-166 (known_space.contains_aabb of the swept world AABB) -> gs3d/integration.py:47-55; called from aerial3d/api.py:417-423,UNKNOWN:shared_replay_failed,PASS,stored_route_uv_0.1mm,1.024,True,UNKNOWN:shared_replay_failed,18.35,549453247f5cf37a,7.822,12.207,6.476,6.476,"A* route lateral clearance (row robot, chassis +3 mm, margin 0)",False,,,,,,,False,,,126,14.91,278,2.52,13,0.58,,,,
WWEST-F4X-00333,F4,WWEST,cylinder,F4X-00333,EXPORT-DOMAIN,REPLAY-AABB,export,,exported edge 29: its swept world AABB leaves the route prism by 43.5 mm in v although every exported pose is inside (own verifier CERTIFIED),gs3d/oracle.py:165-166 (known_space.contains_aabb of the swept world AABB) -> gs3d/integration.py:47-55; called from aerial3d/api.py:417-423,UNKNOWN:shared_replay_failed,PASS,stored_route_uv_0.1mm,1.011,True,UNKNOWN:shared_replay_failed,28.69,549453247f5cf37a,19.99,19.99,3.772,3.772,"A* route lateral clearance (row robot, chassis +3 mm, margin 0)",False,,,,,,,False,,,9,17.56,84,10.49,2,0.03,,,,
WWEST-F4X-00469,F4,WWEST,cylinder,F4X-00469,EXPORT-DOMAIN,REPLAY-AABB,export,,exported edge 27: its swept world AABB leaves the route prism by 2.3 mm in v although every exported pose is inside (own verifier CERTIFIED),gs3d/oracle.py:165-166 (known_space.contains_aabb of the swept world AABB) -> gs3d/integration.py:47-55; called from aerial3d/api.py:417-423,UNKNOWN:shared_replay_failed,PASS,stored_route_uv_0.1mm,1.05,True,UNKNOWN:shared_replay_failed,8.4,549453247f5cf37a,16.836,12.754,7.074,7.074,"A* route lateral clearance (row robot, chassis +3 mm, margin 0)",False,,,,,,,False,,,22,7.24,69,0.98,1,0.01,,,,
WWEST-F4X-00546,F4,WWEST,cylinder,F4X-00546,EXPORT-DOMAIN,REPLAY-AABB,export,,exported edge 1: its swept world AABB leaves the route prism by 46.2 mm in v although every exported pose is inside (own verifier CERTIFIED),gs3d/oracle.py:165-166 (known_space.contains_aabb of the swept world AABB) -> gs3d/integration.py:47-55; called from aerial3d/api.py:417-423,UNKNOWN:shared_replay_failed,PASS,stored_route_uv_0.1mm,1.126,True,UNKNOWN:shared_replay_failed,0.9,549453247f5cf37a,9.229,2.305,4.901,4.901,"A* route lateral clearance (row robot, chassis +3 mm, margin 0)",False,,,,,,,False,,,7,0.09,10,0.08,2,0.02,,,,
WWEST-F4X-00600,F4,WWEST,cylinder,F4X-00600,EXPORT-DOMAIN,REPLAY-AABB,export,,exported edge 1: its swept world AABB leaves the route prism by 2.4 mm in v although every exported pose is inside (own verifier CERTIFIED),gs3d/oracle.py:165-166 (known_space.contains_aabb of the swept world AABB) -> gs3d/integration.py:47-55; called from aerial3d/api.py:417-423,UNKNOWN:shared_replay_failed,PASS,stored_route_uv_0.1mm,1.008,True,UNKNOWN:shared_replay_failed,55.91,549453247f5cf37a,11.641,7.48,4.602,4.602,"A* route lateral clearance (row robot, chassis +3 mm, margin 0)",False,,,,,,,False,,,43,52.78,83,1.24,8,1.77,,,,
WWEST-F4X-00614,F4,WWEST,cylinder,F4X-00614,EXPORT-DOMAIN,REPLAY-AABB,export,,exported edge 19: its swept world AABB leaves the route prism by 32.2 mm in v although every exported pose is inside (own verifier CERTIFIED),gs3d/oracle.py:165-166 (known_space.contains_aabb of the swept world AABB) -> gs3d/integration.py:47-55; called from aerial3d/api.py:417-423,UNKNOWN:shared_replay_failed,PASS,stored_route_uv_0.1mm,1.008,True,UNKNOWN:shared_replay_failed,1.85,549453247f5cf37a,5.43,19.99,9.552,9.552,"A* route lateral clearance (row robot, chassis +3 mm, margin 0)",False,,,,,,,False,,,16,0.48,116,1.22,2,0.02,,,,
WWEST-F4X-00646,F4,WWEST,cylinder,F4X-00646,EXPORT-DOMAIN,REPLAY-AABB,export,,exported edge 38: its swept world AABB leaves the route prism by 0.3 mm in v although every exported pose is inside (own verifier CERTIFIED),gs3d/oracle.py:165-166 (known_space.contains_aabb of the swept world AABB) -> gs3d/integration.py:47-55; called from aerial3d/api.py:417-423,UNKNOWN:shared_replay_failed,PASS,stored_route_uv_0.1mm,1.077,True,UNKNOWN:shared_replay_failed,54.02,549453247f5cf37a,19.99,2.988,6.104,6.104,"A* route lateral clearance (row robot, chassis +3 mm, margin 0)",False,,,,,,,False,,,110,49.75,348,3.64,8,0.09,,,,
WWEST-F4X-00665,F4,WWEST,cylinder,F4X-00665,EXPORT-DOMAIN,REPLAY-AABB,export,,exported edge 40: its swept world AABB leaves the route prism by 5.6 mm in v although every exported pose is inside (own verifier CERTIFIED),gs3d/oracle.py:165-166 (known_space.contains_aabb of the swept world AABB) -> gs3d/integration.py:47-55; called from aerial3d/api.py:417-423,UNKNOWN:shared_replay_failed,PASS,stored_route_uv_0.1mm,1.077,True,UNKNOWN:shared_replay_failed,73.84,549453247f5cf37a,14.355,2.988,8.276,8.276,"A* route lateral clearance (row robot, chassis +3 mm, margin 0)",False,,,,,,,False,,,108,69.51,368,3.63,6,0.15,,,,
WWEST-F4X-00671,F4,WWEST,cylinder,F4X-00671,EXPORT-DOMAIN,REPLAY-AABB,export,,exported edge 1: its swept world AABB leaves the route prism by 8.7 mm in v although every exported pose is inside (own verifier CERTIFIED),gs3d/oracle.py:165-166 (known_space.contains_aabb of the swept world AABB) -> gs3d/integration.py:47-55; called from aerial3d/api.py:417-423,UNKNOWN:shared_replay_failed,PASS,stored_route_uv_0.1mm,1.185,True,UNKNOWN:shared_replay_failed,10.29,549453247f5cf37a,19.453,7.705,12.549,12.549,"A* route lateral clearance (row robot, chassis +3 mm, margin 0)",False,,,,,,,False,,,42,8.27,160,1.51,6,0.19,,,,
WWEST-F4X-00690,F4,WWEST,cylinder,F4X-00690,EXPORT-DOMAIN,REPLAY-AABB,export,,exported edge 1: its swept world AABB leaves the route prism by 37.8 mm in v although every exported pose is inside (own verifier CERTIFIED),gs3d/oracle.py:165-166 (known_space.contains_aabb of the swept world AABB) -> gs3d/integration.py:47-55; called from aerial3d/api.py:417-423,UNKNOWN:shared_replay_failed,PASS,stored_route_uv_0.1mm,3.292,True,UNKNOWN:shared_replay_failed,1.31,549453247f5cf37a,19.99,5.43,5.273,5.273,"A* route lateral clearance (row robot, chassis +3 mm, margin 0)",False,,,,,,,False,,,13,0.53,65,0.71,,,,,,
WWEST-F4X-00782,F4,WWEST,cylinder,F4X-00782,EXPORT-DOMAIN,REPLAY-AABB,export,,exported edge 20: its swept world AABB leaves the route prism by 2.8 mm in v although every exported pose is inside (own verifier CERTIFIED),gs3d/oracle.py:165-166 (known_space.contains_aabb of the swept world AABB) -> gs3d/integration.py:47-55; called from aerial3d/api.py:417-423,UNKNOWN:shared_replay_failed,PASS,stored_route_uv_0.1mm,1.045,True,UNKNOWN:shared_replay_failed,4.97,549453247f5cf37a,19.99,2.148,1.038,1.038,"A* route lateral clearance (row robot, chassis +3 mm, margin 0)",True,,,,,,,False,,,102,1.96,265,2.53,8,0.06,,,,
WWEST-F4X-00794,F4,WWEST,cylinder,F4X-00794,EXPORT-DOMAIN,REPLAY-AABB,export,,exported edge 25: its swept world AABB leaves the route prism by 7.7 mm in v although every exported pose is inside (own verifier CERTIFIED),gs3d/oracle.py:165-166 (known_space.contains_aabb of the swept world AABB) -> gs3d/integration.py:47-55; called from aerial3d/api.py:417-423,UNKNOWN:shared_replay_failed,PASS,stored_route_uv_0.1mm,1.023,True,UNKNOWN:shared_replay_failed,66.21,549453247f5cf37a,10.186,13.965,21.637,21.637,"A* route lateral clearance (row robot, chassis +3 mm, margin 0)",False,,,,,,,False,,,50,60.21,71,0.87,9,2.04,,,,
WWEST-F4X-00879,F4,WWEST,cylinder,F4X-00879,EXPORT-DOMAIN,REPLAY-AABB,export,,exported edge 29: its swept world AABB leaves the route prism by 3.1 mm in v although every exported pose is inside (own verifier CERTIFIED),gs3d/oracle.py:165-166 (known_space.contains_aabb of the swept world AABB) -> gs3d/integration.py:47-55; called from aerial3d/api.py:417-423,UNKNOWN:shared_replay_failed,PASS,stored_route_uv_0.1mm,3.292,True,UNKNOWN:shared_replay_failed,18.41,549453247f5cf37a,14.355,19.99,1.05,1.05,"A* route lateral clearance (row robot, chassis +3 mm, margin 0)",True,,,,,,,False,,,14,10.56,116,7.49,2,0.03,,,,
WWEST-F4X-00941,F4,WWEST,cylinder,F4X-00941,EXPORT-DOMAIN,REPLAY-AABB,export,,exported edge 25: its swept world AABB leaves the route prism by 0.3 mm in v although every exported pose is inside (own verifier CERTIFIED),gs3d/oracle.py:165-166 (known_space.contains_aabb of the swept world AABB) -> gs3d/integration.py:47-55; called from aerial3d/api.py:417-423,UNKNOWN:shared_replay_failed,PASS,stored_route_uv_0.1mm,1.618,True,UNKNOWN:shared_replay_failed,3.4,549453247f5cf37a,4.941,5.586,17.871,17.871,"A* route lateral clearance (row robot, chassis +3 mm, margin 0)",False,,,,,,,False,,,17,3.28,0,0.0,0,0.0,,,,
WWEST-F4X-00945,F4,WWEST,cylinder,F4X-00945,EXPORT-DOMAIN,REPLAY-AABB,export,,exported edge 23: its swept world AABB leaves the route prism by 17.0 mm in v although every exported pose is inside (own verifier CERTIFIED),gs3d/oracle.py:165-166 (known_space.contains_aabb of the swept world AABB) -> gs3d/integration.py:47-55; called from aerial3d/api.py:417-423,UNKNOWN:shared_replay_failed,PASS,stored_route_uv_0.1mm,1.002,True,UNKNOWN:shared_replay_failed,4.65,549453247f5cf37a,6.865,19.99,13.8,13.8,"A* route lateral clearance (row robot, chassis +3 mm, margin 0)",False,,,,,,,False,,,9,3.17,74,1.12,2,0.02,,,,
WWEST-F4X-01072,F4,WWEST,cylinder,F4X-01072,EXPORT-DOMAIN,REPLAY-AABB,export,,exported edge 22: its swept world AABB leaves the route prism by 14.0 mm in v although every exported pose is inside (own verifier CERTIFIED),gs3d/oracle.py:165-166 (known_space.contains_aabb of the swept world AABB) -> gs3d/integration.py:47-55; called from aerial3d/api.py:417-423,UNKNOWN:shared_replay_failed,PASS,stored_route_uv_0.1mm,1.962,True,UNKNOWN:shared_replay_failed,0.31,549453247f5cf37a,10.166,11.924,15.625,15.625,"A* route lateral clearance (row robot, chassis +3 mm, margin 0)",False,,,,,,,False,,,23,0.2,0,0.0,,,,,,
WWEST-F4X-01089,F4,WWEST,cylinder,F4X-01089,EXPORT-DOMAIN,REPLAY-AABB,export,,exported edge 32: its swept world AABB leaves the route prism by 13.8 mm in v although every exported pose is inside (own verifier CERTIFIED),gs3d/oracle.py:165-166 (known_space.contains_aabb of the swept world AABB) -> gs3d/integration.py:47-55; called from aerial3d/api.py:417-423,UNKNOWN:shared_replay_failed,PASS,stored_route_uv_0.1mm,1.058,True,UNKNOWN:shared_replay_failed,8.47,549453247f5cf37a,10.938,15.732,7.672,7.672,"A* route lateral clearance (row robot, chassis +3 mm, margin 0)",False,,,,,,,False,,,121,6.36,203,1.53,24,0.39,,,,
WWEST-F4X-01090,F4,WWEST,cylinder,F4X-01090,EXPORT-DOMAIN,REPLAY-AABB,export,,exported edge 1: its swept world AABB leaves the route prism by 3.3 mm in v although every exported pose is inside (own verifier CERTIFIED),gs3d/oracle.py:165-166 (known_space.contains_aabb of the swept world AABB) -> gs3d/integration.py:47-55; called from aerial3d/api.py:417-423,UNKNOWN:shared_replay_failed,PASS,stored_route_uv_0.1mm,1.011,True,UNKNOWN:shared_replay_failed,77.85,549453247f5cf37a,3.291,7.617,31.97,31.97,"A* route lateral clearance (row robot, chassis +3 mm, margin 0)",False,,,,,,,False,,,49,75.28,79,0.94,6,1.51,,,,
WWEST-F4X-01131,F4,WWEST,cylinder,F4X-01131,EXPORT-DOMAIN,REPLAY-AABB,export,,exported edge 1: its swept world AABB leaves the route prism by 28.3 mm in v although every exported pose is inside (own verifier CERTIFIED),gs3d/oracle.py:165-166 (known_space.contains_aabb of the swept world AABB) -> gs3d/integration.py:47-55; called from aerial3d/api.py:417-423,UNKNOWN:shared_replay_failed,PASS,stored_route_uv_0.1mm,1.005,True,UNKNOWN:shared_replay_failed,26.46,549453247f5cf37a,19.99,12.363,14.722,14.722,"A* route lateral clearance (row robot, chassis +3 mm, margin 0)",False,,,,,,,False,,,19,20.39,44,5.79,2,0.03,,,,
WWEST-F4X-01216,F4,WWEST,cylinder,F4X-01216,EXPORT-DOMAIN,REPLAY-AABB,export,,exported edge 1: its swept world AABB leaves the route prism by 20.6 mm in v although every exported pose is inside (own verifier CERTIFIED),gs3d/oracle.py:165-166 (known_space.contains_aabb of the swept world AABB) -> gs3d/integration.py:47-55; called from aerial3d/api.py:417-423,UNKNOWN:shared_replay_failed,PASS,stored_route_uv_0.1mm,1.025,True,UNKNOWN:shared_replay_failed,23.72,549453247f5cf37a,4.297,7.432,22.675,22.675,"A* route lateral clearance (row robot, chassis +3 mm, margin 0)",False,,,,,,,False,,,51,21.75,159,1.61,9,0.14,,,,
WWEST-F4X-01233,F4,WWEST,cylinder,F4X-01233,EXPORT-DOMAIN,REPLAY-AABB,export,,exported edge 29: its swept world AABB leaves the route prism by 29.2 mm in v although every exported pose is inside (own verifier CERTIFIED),gs3d/oracle.py:165-166 (known_space.contains_aabb of the swept world AABB) -> gs3d/integration.py:47-55; called from aerial3d/api.py:417-423,UNKNOWN:shared_replay_failed,PASS,stored_route_uv_0.1mm,1.011,True,UNKNOWN:shared_replay_failed,2.57,549453247f5cf37a,6.826,17.686,1.367,1.367,"A* route lateral clearance (row robot, chassis +3 mm, margin 0)",True,,,,,,,False,,,3,0.3,37,1.63,,,,,,
WWEST-F4X-01250,F4,WWEST,cylinder,F4X-01250,EXPORT-DOMAIN,REPLAY-AABB,export,,exported edge 18: its swept world AABB leaves the route prism by 9.1 mm in v although every exported pose is inside (own verifier CERTIFIED),gs3d/oracle.py:165-166 (known_space.contains_aabb of the swept world AABB) -> gs3d/integration.py:47-55; called from aerial3d/api.py:417-423,UNKNOWN:shared_replay_failed,PASS,stored_route_uv_0.1mm,1.962,True,UNKNOWN:shared_replay_failed,0.18,549453247f5cf37a,3.359,3.291,23.273,23.273,"A* route lateral clearance (row robot, chassis +3 mm, margin 0)",False,,,,,,,False,,,11,0.11,0,0.0,,,,,,
WWEST-F4X-01344,F4,WWEST,cylinder,F4X-01344,EXPORT-DOMAIN,REPLAY-AABB,export,,exported edge 1: its swept world AABB leaves the route prism by 17.6 mm in v although every exported pose is inside (own verifier CERTIFIED),gs3d/oracle.py:165-166 (known_space.contains_aabb of the swept world AABB) -> gs3d/integration.py:47-55; called from aerial3d/api.py:417-423,UNKNOWN:shared_replay_failed,PASS,stored_route_uv_0.1mm,1.021,True,UNKNOWN:shared_replay_failed,38.09,549453247f5cf37a,15.234,19.99,4.224,4.224,"A* route lateral clearance (row robot, chassis +3 mm, margin 0)",False,,,,,,,False,,,146,33.25,312,3.02,65,1.37,,,,
WWEST-F4X-01370,F4,WWEST,cylinder,F4X-01370,EXPORT-DOMAIN,REPLAY-AABB,export,,exported edge 18: its swept world AABB leaves the route prism by 16.8 mm in v although every exported pose is inside (own verifier CERTIFIED),gs3d/oracle.py:165-166 (known_space.contains_aabb of the swept world AABB) -> gs3d/integration.py:47-55; called from aerial3d/api.py:417-423,UNKNOWN:shared_replay_failed,PASS,stored_route_uv_0.1mm,1.003,True,UNKNOWN:shared_replay_failed,46.78,549453247f5cf37a,19.99,19.99,4.675,4.675,"A* route lateral clearance (row robot, chassis +3 mm, margin 0)",False,,,,,,,False,,,2,4.81,39,41.11,,,,,,
WWEST-F4X-01436,F4,WWEST,cylinder,F4X-01436,EXPORT-DOMAIN,REPLAY-AABB,export,,exported edge 1: its swept world AABB leaves the route prism by 15.0 mm in u although every exported pose is inside (own verifier CERTIFIED),gs3d/oracle.py:165-166 (known_space.contains_aabb of the swept world AABB) -> gs3d/integration.py:47-55; called from aerial3d/api.py:417-423,UNKNOWN:shared_replay_failed,PASS,stored_route_uv_0.1mm,1.023,True,UNKNOWN:shared_replay_failed,43.71,549453247f5cf37a,2.764,7.852,3.204,3.204,"A* route lateral clearance (row robot, chassis +3 mm, margin 0)",False,,,,,,,False,,,153,28.92,403,14.14,30,0.42,,,,
WWEST-F4X-01472,F4,WWEST,cylinder,F4X-01472,EXPORT-DOMAIN,REPLAY-AABB,export,,exported edge 1: its swept world AABB leaves the route prism by 10.4 mm in v although every exported pose is inside (own verifier CERTIFIED),gs3d/oracle.py:165-166 (known_space.contains_aabb of the swept world AABB) -> gs3d/integration.py:47-55; called from aerial3d/api.py:417-423,UNKNOWN:shared_replay_failed,PASS,stored_route_uv_0.1mm,1.019,True,UNKNOWN:shared_replay_failed,91.4,549453247f5cf37a,8.428,7.48,8.423,8.423,"A* route lateral clearance (row robot, chassis +3 mm, margin 0)",False,,,,,,,False,,,58,86.25,133,1.72,18,3.31,,,,
WWEST-F4X-01568,F4,WWEST,cylinder,F4X-01568,EXPORT-DOMAIN,REPLAY-AABB,export,,exported edge 1: its swept world AABB leaves the route prism by 44.2 mm in v although every exported pose is inside (own verifier CERTIFIED),gs3d/oracle.py:165-166 (known_space.contains_aabb of the swept world AABB) -> gs3d/integration.py:47-55; called from aerial3d/api.py:417-423,UNKNOWN:shared_replay_failed,PASS,stored_route_uv_0.1mm,1.039,True,UNKNOWN:shared_replay_failed,8.78,549453247f5cf37a,19.99,3.359,4.443,4.443,"A* route lateral clearance (row robot, chassis +3 mm, margin 0)",False,,,,,,,False,,,18,6.11,24,0.2,6,2.3,,,,
WWEST-F4X-01569,F4,WWEST,cylinder,F4X-01569,EXPORT-DOMAIN,REPLAY-AABB,export,,exported edge 40: its swept world AABB leaves the route prism by 1.8 mm in v although every exported pose is inside (own verifier CERTIFIED),gs3d/oracle.py:165-166 (known_space.contains_aabb of the swept world AABB) -> gs3d/integration.py:47-55; called from aerial3d/api.py:417-423,UNKNOWN:shared_replay_failed,PASS,stored_route_uv_0.1mm,1.962,True,UNKNOWN:shared_replay_failed,62.67,549453247f5cf37a,19.99,2.871,14.282,14.282,"A* route lateral clearance (row robot, chassis +3 mm, margin 0)",False,,,,,,,False,,,207,59.67,272,2.48,12,0.21,,,,
WWEST-F4X-01693,F4,WWEST,cylinder,F4X-01693,EXPORT-DOMAIN,REPLAY-AABB,export,,exported edge 1: its swept world AABB leaves the route prism by 25.1 mm in v although every exported pose is inside (own verifier CERTIFIED),gs3d/oracle.py:165-166 (known_space.contains_aabb of the swept world AABB) -> gs3d/integration.py:47-55; called from aerial3d/api.py:417-423,UNKNOWN:shared_replay_failed,PASS,stored_route_uv_0.1mm,1.664,True,UNKNOWN:shared_replay_failed,0.94,549453247f5cf37a,19.99,6.211,8.649,8.649,"A* route lateral clearance (row robot, chassis +3 mm, margin 0)",False,,,,,,,False,,,25,0.46,26,0.35,2,0.03,,,,
WWEST-F4X-01777,F4,WWEST,cylinder,F4X-01777,EXPORT-DOMAIN,REPLAY-AABB,export,,exported edge 1: its swept world AABB leaves the route prism by 8.1 mm in v although every exported pose is inside (own verifier CERTIFIED),gs3d/oracle.py:165-166 (known_space.contains_aabb of the swept world AABB) -> gs3d/integration.py:47-55; called from aerial3d/api.py:417-423,UNKNOWN:shared_replay_failed,PASS,stored_route_uv_0.1mm,1.03,True,UNKNOWN:shared_replay_failed,28.36,549453247f5cf37a,8.213,12.207,6.927,6.927,"A* route lateral clearance (row robot, chassis +3 mm, margin 0)",False,,,,,,,False,,,76,25.94,152,1.33,22,0.51,,,,
WWEST-F4X-01831,F4,WWEST,cylinder,F4X-01831,EXPORT-DOMAIN,REPLAY-AABB,export,,exported edge 21: its swept world AABB leaves the route prism by 9.6 mm in v although every exported pose is inside (own verifier CERTIFIED),gs3d/oracle.py:165-166 (known_space.contains_aabb of the swept world AABB) -> gs3d/integration.py:47-55; called from aerial3d/api.py:417-423,UNKNOWN:shared_replay_failed,PASS,stored_route_uv_0.1mm,1.117,True,UNKNOWN:shared_replay_failed,0.23,549453247f5cf37a,19.99,7.432,6.659,6.659,"A* route lateral clearance (row robot, chassis +3 mm, margin 0)",False,,,,,,,False,,,13,0.13,0,0.0,1,0.01,,,,
WWEST-F4X-01872,F4,WWEST,cylinder,F4X-01872,EXPORT-DOMAIN,REPLAY-AABB,export,,exported edge 41: its swept world AABB leaves the route prism by 10.0 mm in v although every exported pose is inside (own verifier CERTIFIED),gs3d/oracle.py:165-166 (known_space.contains_aabb of the swept world AABB) -> gs3d/integration.py:47-55; called from aerial3d/api.py:417-423,UNKNOWN:shared_replay_failed,PASS,stored_route_uv_0.1mm,1.962,True,UNKNOWN:shared_replay_failed,48.11,549453247f5cf37a,19.99,6.484,3.247,3.247,"A* route lateral clearance (row robot, chassis +3 mm, margin 0)",False,,,,,,,False,,,116,44.94,297,2.51,26,0.33,,,,
WWEST-F4X-01897,F4,WWEST,cylinder,F4X-01897,EXPORT-DOMAIN,REPLAY-AABB,export,,exported edge 1: its swept world AABB leaves the route prism by 10.2 mm in v although every exported pose is inside (own verifier CERTIFIED),gs3d/oracle.py:165-166 (known_space.contains_aabb of the swept world AABB) -> gs3d/integration.py:47-55; called from aerial3d/api.py:417-423,UNKNOWN:shared_replay_failed,PASS,stored_route_uv_0.1mm,1.077,True,UNKNOWN:shared_replay_failed,81.9,549453247f5cf37a,5.586,14.355,17.499,17.499,"A* route lateral clearance (row robot, chassis +3 mm, margin 0)",False,,,,,,,False,,,152,73.44,336,3.17,40,4.51,,,,
WWEST-F4X-01913,F4,WWEST,cylinder,F4X-01913,EXPORT-DOMAIN,REPLAY-AABB,export,,exported edge 1: its swept world AABB leaves the route prism by 14.0 mm in v although every exported pose is inside (own verifier CERTIFIED),gs3d/oracle.py:165-166 (known_space.contains_aabb of the swept world AABB) -> gs3d/integration.py:47-55; called from aerial3d/api.py:417-423,UNKNOWN:shared_replay_failed,PASS,stored_route_uv_0.1mm,1.962,True,UNKNOWN:shared_replay_failed,0.14,549453247f5cf37a,3.291,5.352,15.625,15.625,"A* route lateral clearance (row robot, chassis +3 mm, margin 0)",False,,,,,,,False,,,5,0.07,0,0.0,,,,,,
WWEST-F4X-01950,F4,WWEST,cylinder,F4X-01950,EXPORT-DOMAIN,REPLAY-AABB,export,,exported edge 29: its swept world AABB leaves the route prism by 22.3 mm in v although every exported pose is inside (own verifier CERTIFIED),gs3d/oracle.py:165-166 (known_space.contains_aabb of the swept world AABB) -> gs3d/integration.py:47-55; called from aerial3d/api.py:417-423,UNKNOWN:shared_replay_failed,PASS,stored_route_uv_0.1mm,1.962,True,UNKNOWN:shared_replay_failed,0.45,549453247f5cf37a,6.777,3.291,1.147,1.147,"A* route lateral clearance (row robot, chassis +3 mm, margin 0)",True,,,,,,,False,,,14,0.26,0,0.0,,,,,,
WWEST-F4X-02145,F4,WWEST,cylinder,F4X-02145,EXPORT-DOMAIN,REPLAY-AABB,export,,exported edge 1: its swept world AABB leaves the route prism by 48.6 mm in v although every exported pose is inside (own verifier CERTIFIED),gs3d/oracle.py:165-166 (known_space.contains_aabb of the swept world AABB) -> gs3d/integration.py:47-55; called from aerial3d/api.py:417-423,UNKNOWN:shared_replay_failed,PASS,stored_route_uv_0.1mm,1.002,True,UNKNOWN:shared_replay_failed,131.4,549453247f5cf37a,19.99,8.174,1.63,1.63,"A* route lateral clearance (row robot, chassis +3 mm, margin 0)",True,,,,,,,False,,,65,128.39,77,0.86,7,1.85,,,,
WWEST-F4X-02231,F4,WWEST,cylinder,F4X-02231,EXPORT-DOMAIN,REPLAY-AABB,export,,exported edge 31: its swept world AABB leaves the route prism by 3.4 mm in v although every exported pose is inside (own verifier CERTIFIED),gs3d/oracle.py:165-166 (known_space.contains_aabb of the swept world AABB) -> gs3d/integration.py:47-55; called from aerial3d/api.py:417-423,UNKNOWN:shared_replay_failed,PASS,stored_route_uv_0.1mm,1.011,True,UNKNOWN:shared_replay_failed,68.23,549453247f5cf37a,19.99,12.754,5.499,5.499,"A* route lateral clearance (row robot, chassis +3 mm, margin 0)",False,,,,,,,False,,,124,64.3,327,3.5,4,0.06,,,,
WWEST-F4X-02391,F4,WWEST,cylinder,F4X-02391,EXPORT-DOMAIN,REPLAY-AABB,export,,exported edge 1: its swept world AABB leaves the route prism by 10.9 mm in v although every exported pose is inside (own verifier CERTIFIED),gs3d/oracle.py:165-166 (known_space.contains_aabb of the swept world AABB) -> gs3d/integration.py:47-55; called from aerial3d/api.py:417-423,UNKNOWN:shared_replay_failed,PASS,stored_route_uv_0.1mm,1.062,True,UNKNOWN:shared_replay_failed,0.08,549453247f5cf37a,3.291,5.625,2.576,2.576,"A* route lateral clearance (row robot, chassis +3 mm, margin 0)",False,,,,,,,False,,,1,0.01,,,,,,,,
WWEST-F4X-02461,F4,WWEST,cylinder,F4X-02461,EXPORT-DOMAIN,REPLAY-AABB,export,,exported edge 23: its swept world AABB leaves the route prism by 15.2 mm in v although every exported pose is inside (own verifier CERTIFIED),gs3d/oracle.py:165-166 (known_space.contains_aabb of the swept world AABB) -> gs3d/integration.py:47-55; called from aerial3d/api.py:417-423,UNKNOWN:shared_replay_failed,PASS,stored_route_uv_0.1mm,1.078,True,UNKNOWN:shared_replay_failed,3.11,549453247f5cf37a,19.99,17.686,6.848,6.848,"A* route lateral clearance (row robot, chassis +3 mm, margin 0)",False,,,,,,,False,,,55,1.03,198,1.75,12,0.12,,,,
S-F4S-00790,F4,S,cylinder,F4S-00790,EXPORT-KIN,REPLAY-RATE,export,,in-place turn of 0.82 µrad at export step 12: rate over the limit by 1.1e-09 (> 1e-9) from float round-off; geometry passed; 1 ms floors pass,gs3d/validation.py:90-93 (speed / yaw-rate <= limit + 1e-9) on planner._linear_trajectory times; aerial3d/api.py:417-423,UNKNOWN:shared_replay_failed,PASS,stored_route_uv_0.1mm,1.349,True,UNKNOWN:shared_replay_failed,0.05,8352bdd37aab07a2,2.52,7.295,0.739,0.739,"A* route lateral clearance (row robot, chassis +3 mm, margin 0)",True,,,,,,,True,,,5,0.0,0,0.0,,,,,,
WWEST-F4X-00153,F4,WWEST,cylinder,F4X-00153,EXPORT-KIN,REPLAY-RATE,export,,in-place turn of 0.86 µrad at export step 30: rate over the limit by 1.5e-09 (> 1e-9) from float round-off; geometry passed; 1 ms floors pass,gs3d/validation.py:90-93 (speed / yaw-rate <= limit + 1e-9) on planner._linear_trajectory times; aerial3d/api.py:417-423,UNKNOWN:shared_replay_failed,PASS,stored_route_uv_0.1mm,1.06,True,UNKNOWN:shared_replay_failed,45.19,549453247f5cf37a,19.99,15.82,85.834,85.834,"A* route lateral clearance (row robot, chassis +3 mm, margin 0)",False,,,,,,,True,,,222,42.47,233,2.19,12,0.19,,,,
WWEST-F4X-00288,F4,WWEST,cylinder,F4X-00288,EXPORT-KIN,REPLAY-RATE,export,,in-place turn of 1.04 µrad at export step 29: rate over the limit by 1.3e-09 (> 1e-9) from float round-off; geometry passed; 1 ms floors pass,gs3d/validation.py:90-93 (speed / yaw-rate <= limit + 1e-9) on planner._linear_trajectory times; aerial3d/api.py:417-423,UNKNOWN:shared_replay_failed,PASS,stored_route_uv_0.1mm,1.171,True,UNKNOWN:shared_replay_failed,64.23,549453247f5cf37a,19.99,12.832,10.504,10.504,"A* route lateral clearance (row robot, chassis +3 mm, margin 0)",False,,,,,,,True,,,179,60.81,289,2.65,30,0.42,,,,
WWEST-F4X-00404,F4,WWEST,cylinder,F4X-00404,EXPORT-KIN,REPLAY-RATE,export,,in-place turn of 0.48 µrad at export step 28: rate over the limit by 1.9e-09 (> 1e-9) from float round-off; geometry passed; 1 ms floors pass,gs3d/validation.py:90-93 (speed / yaw-rate <= limit + 1e-9) on planner._linear_trajectory times; aerial3d/api.py:417-423,UNKNOWN:shared_replay_failed,PASS,stored_route_uv_0.1mm,1.255,True,UNKNOWN:shared_replay_failed,37.94,549453247f5cf37a,8.35,13.604,100.0,100.0,"A* route lateral clearance (row robot, chassis +3 mm, margin 0)",False,,,,,,,True,,,223,34.28,284,2.73,31,0.53,,,,
WWEST-F4X-01394,F4,WWEST,cylinder,F4X-01394,EXPORT-KIN,REPLAY-RATE,export,,in-place turn of 1.29 µrad at export step 27: rate over the limit by 1.0e-09 (> 1e-9) from float round-off; geometry passed; 1 ms floors pass,gs3d/validation.py:90-93 (speed / yaw-rate <= limit + 1e-9) on planner._linear_trajectory times; aerial3d/api.py:417-423,UNKNOWN:shared_replay_failed,PASS,stored_route_uv_0.1mm,1.01,True,UNKNOWN:shared_replay_failed,17.78,549453247f5cf37a,14.355,11.553,100.0,100.0,"A* route lateral clearance (row robot, chassis +3 mm, margin 0)",False,,,,,,,True,,,159,14.68,278,2.58,7,0.14,,,,
WWEST-F4X-01533,F4,WWEST,cylinder,F4X-01533,EXPORT-KIN,REPLAY-RATE,export,,in-place turn of 1.43 µrad at export step 29: rate over the limit by 1.2e-09 (> 1e-9) from float round-off; geometry passed; 1 ms floors pass,gs3d/validation.py:90-93 (speed / yaw-rate <= limit + 1e-9) on planner._linear_trajectory times; aerial3d/api.py:417-423,UNKNOWN:shared_replay_failed,PASS,stored_route_uv_0.1mm,1.039,True,UNKNOWN:shared_replay_failed,18.15,549453247f5cf37a,19.99,15.82,100.0,100.0,"A* route lateral clearance (row robot, chassis +3 mm, margin 0)",False,,,,,,,True,,,203,15.25,252,2.24,29,0.33,,,,
WWEST-F4X-01742,F4,WWEST,cylinder,F4X-01742,EXPORT-KIN,REPLAY-RATE,export,,in-place turn of 0.87 µrad at export step 33: rate over the limit by 1.5e-09 (> 1e-9) from float round-off; geometry passed; 1 ms floors pass,gs3d/validation.py:90-93 (speed / yaw-rate <= limit + 1e-9) on planner._linear_trajectory times; aerial3d/api.py:417-423,UNKNOWN:shared_replay_failed,PASS,stored_route_uv_0.1mm,1.06,True,UNKNOWN:shared_replay_failed,19.86,549453247f5cf37a,19.99,19.99,35.974,35.974,"A* route lateral clearance (row robot, chassis +3 mm, margin 0)",False,,,,,,,True,,,168,16.7,271,2.61,14,0.21,,,,
WWEST-F4X-01787,F4,WWEST,cylinder,F4X-01787,EXPORT-KIN,REPLAY-RATE,export,,in-place turn of 0.99 µrad at export step 35: rate over the limit by 1.3e-09 (> 1e-9) from float round-off; geometry passed; 1 ms floors pass,gs3d/validation.py:90-93 (speed / yaw-rate <= limit + 1e-9) on planner._linear_trajectory times; aerial3d/api.py:417-423,UNKNOWN:shared_replay_failed,PASS,stored_route_uv_0.1mm,1.054,True,UNKNOWN:shared_replay_failed,48.45,549453247f5cf37a,19.99,14.189,18.433,18.433,"A* route lateral clearance (row robot, chassis +3 mm, margin 0)",False,,,,,,,True,,,148,35.19,404,7.86,20,4.59,,,,
WWEST-F4X-01931,F4,WWEST,cylinder,F4X-01931,EXPORT-KIN,REPLAY-RATE,export,,in-place turn of 1.20 µrad at export step 30: rate over the limit by 1.1e-09 (> 1e-9) from float round-off; geometry passed; 1 ms floors pass,gs3d/validation.py:90-93 (speed / yaw-rate <= limit + 1e-9) on planner._linear_trajectory times; aerial3d/api.py:417-423,UNKNOWN:shared_replay_failed,PASS,stored_route_uv_0.1mm,1.001,True,UNKNOWN:shared_replay_failed,14.17,549453247f5cf37a,5.166,11.553,100.0,100.0,"A* route lateral clearance (row robot, chassis +3 mm, margin 0)",False,,,,,,,True,,,184,11.16,267,2.53,19,0.18,,,,
WWEST-F4X-02177,F4,WWEST,cylinder,F4X-02177,EXPORT-KIN,REPLAY-RATE,export,,in-place turn of 1.75 µrad at export step 33: rate over the limit by 1.0e-09 (> 1e-9) from float round-off; geometry passed; 1 ms floors pass,gs3d/validation.py:90-93 (speed / yaw-rate <= limit + 1e-9) on planner._linear_trajectory times; aerial3d/api.py:417-423,UNKNOWN:shared_replay_failed,PASS,stored_route_uv_0.1mm,1.004,True,UNKNOWN:shared_replay_failed,16.14,549453247f5cf37a,19.99,7.432,100.0,100.0,"A* route lateral clearance (row robot, chassis +3 mm, margin 0)",False,,,,,,,True,,,183,13.45,249,2.32,8,0.06,,,,
S-F4S-00029,F4,S,sweeper,F4S-00029,EXPORT-KIN,REPLAY-RATE,export,,in-place turn of 0.34 µrad at export step 10: rate over the limit by 1.3e-09 (> 1e-9) from float round-off; geometry passed; 1 ms floors pass,gs3d/validation.py:90-93 (speed / yaw-rate <= limit + 1e-9) on planner._linear_trajectory times; aerial3d/api.py:417-423,UNKNOWN:shared_replay_failed,PASS,stored_route_uv_0.1mm,1.512,True,UNKNOWN:shared_replay_failed,0.04,a17c75430cd3fec4,9.854,9.814,100.0,100.0,"A* route lateral clearance (row robot, chassis +3 mm, margin 0)",False,,,,,,,True,,,4,0.0,0,0.0,,,,,,
S-F4S-00090,F4,S,sweeper,F4S-00090,EXPORT-KIN,REPLAY-RATE,export,,in-place turn of 0.45 µrad at export step 15: rate over the limit by 2.0e-09 (> 1e-9) from float round-off; geometry passed; 1 ms floors pass,gs3d/validation.py:90-93 (speed / yaw-rate <= limit + 1e-9) on planner._linear_trajectory times; aerial3d/api.py:417-423,UNKNOWN:shared_replay_failed,PASS,stored_route_uv_0.1mm,1.512,True,UNKNOWN:shared_replay_failed,0.03,a17c75430cd3fec4,6.455,8.037,100.0,100.0,"A* route lateral clearance (row robot, chassis +3 mm, margin 0)",False,,,,,,,True,,,4,0.0,0,0.0,,,,,,
WWEST-F4X-00150,F4,WWEST,sweeper,F4X-00150,EXPORT-KIN,REPLAY-RATE,export,,in-place turn of 0.23 µrad at export step 11: rate over the limit by 1.9e-09 (> 1e-9) from float round-off; geometry passed; 1 ms floors pass,gs3d/validation.py:90-93 (speed / yaw-rate <= limit + 1e-9) on planner._linear_trajectory times; aerial3d/api.py:417-423,UNKNOWN:shared_replay_failed,PASS,stored_route_uv_0.1mm,1.581,True,UNKNOWN:shared_replay_failed,0.14,29e3d020cb81ffa1,3.818,19.99,100.0,100.0,"A* route lateral clearance (row robot, chassis +3 mm, margin 0)",False,,,,,,,True,,,10,0.01,0,0.0,,,,,,
WWEST-F4X-00844,F4,WWEST,sweeper,F4X-00844,EXPORT-KIN,REPLAY-RATE,export,,in-place turn of 1.01 µrad at export step 32: rate over the limit by 1.3e-09 (> 1e-9) from float round-off; geometry passed; 1 ms floors pass,gs3d/validation.py:90-93 (speed / yaw-rate <= limit + 1e-9) on planner._linear_trajectory times; aerial3d/api.py:417-423,UNKNOWN:shared_replay_failed,PASS,stored_route_uv_0.1mm,1.07,True,UNKNOWN:shared_replay_failed,4.2,29e3d020cb81ffa1,19.99,14.355,100.0,100.0,"A* route lateral clearance (row robot, chassis +3 mm, margin 0)",False,,,,,,,True,,,64,3.14,112,0.48,26,0.08,,,,
WWEST-pilot-F3X-00001,F3-targeted,WWEST,cylinder,F3X-00001,METHOD-TIMEOUT,POST-TIMEOUT,genuine,,"120 s alarm inside shortcut (post-processing: shortcut 81 accepts 113 s, tighten 568 accepts 6 s); verdict-only REACHABLE in 0.5 s; 60 s post budget -> REACHABLE","aerial3d/api.py:374-392 (shortcut / tighten / merge_corners -> query.py:225-326, each accept() = verify_segment) under G2's 120 s alarm (aerial3dg_batch._alarm)",TIMEOUT:query_exceeded_120s,PASS,stored_route_uv_0.1mm,1.063,True,TIMEOUT:query_exceeded_120s,120.0,549453247f5cf37a,19.99,7.441,4.169,4.169,"A* route lateral clearance (row robot, chassis +3 mm, margin 0)",False,REACHABLE,0.5319501820486039,REACHABLE,62.72275315900333,,,,,,81,113.3,568,6.32,,,shortcut,17,18,
WWEST-pilot-F3X-00019,F3-targeted,WWEST,cylinder,F3X-00019,METHOD-TIMEOUT,POST-TIMEOUT,genuine,,120 s alarm inside shortcut (post-processing: shortcut 38 accepts 119 s); verdict-only REACHABLE in 1.6 s; 60 s post budget -> REACHABLE,"aerial3d/api.py:374-392 (shortcut / tighten / merge_corners -> query.py:225-326, each accept() = verify_segment) under G2's 120 s alarm (aerial3dg_batch._alarm)",TIMEOUT:query_exceeded_120s,PASS,stored_route_uv_0.1mm,1.006,True,TIMEOUT:query_exceeded_120s,120.0,549453247f5cf37a,4.297,3.818,22.046,22.046,"A* route lateral clearance (row robot, chassis +3 mm, margin 0)",False,REACHABLE,1.5507408450357616,REACHABLE,62.161996425827965,,,,,,38,118.77,,,,,shortcut,21,22,
WWEST-pilot-F3X-00027,F3-targeted,WWEST,cylinder,F3X-00027,METHOD-TIMEOUT,POST-TIMEOUT,genuine,,120 s alarm inside shortcut (post-processing: shortcut 91 accepts 119 s); verdict-only UNKNOWN in 1.2 s; 60 s post budget -> REACHABLE,"aerial3d/api.py:374-392 (shortcut / tighten / merge_corners -> query.py:225-326, each accept() = verify_segment) under G2's 120 s alarm (aerial3dg_batch._alarm)",TIMEOUT:query_exceeded_120s,PASS,stored_route_uv_0.1mm,1.077,True,TIMEOUT:query_exceeded_120s,120.0,549453247f5cf37a,6.631,14.18,9.839,9.839,"A* route lateral clearance (row robot, chassis +3 mm, margin 0)",False,UNKNOWN,1.2089148319792002,REACHABLE,62.04940715292469,,,,,,91,118.88,,,,,shortcut,21,22,True
WWEST-pilot-F3X-00037,F3-targeted,WWEST,cylinder,F3X-00037,METHOD-TIMEOUT,POST-TIMEOUT,genuine,,"120 s alarm inside shortcut (post-processing: shortcut 88 accepts 114 s, tighten 401 accepts 5 s); verdict-only REACHABLE in 1.8 s; 60 s post budget -> REACHABLE","aerial3d/api.py:374-392 (shortcut / tighten / merge_corners -> query.py:225-326, each accept() = verify_segment) under G2's 120 s alarm (aerial3dg_batch._alarm)",TIMEOUT:query_exceeded_120s,PASS,stored_route_uv_0.1mm,1.016,True,TIMEOUT:query_exceeded_120s,120.0,549453247f5cf37a,14.355,19.99,3.448,3.448,"A* route lateral clearance (row robot, chassis +3 mm, margin 0)",False,REACHABLE,1.846356799127534,REACHABLE,63.201277452055365,,,,,,88,113.5,401,4.89,,,shortcut,26,27,
WWEST-pilot-F3X-00056,F3-targeted,WWEST,cylinder,F3X-00056,METHOD-TIMEOUT,POST-TIMEOUT,genuine,,120 s alarm inside shortcut (post-processing: shortcut 84 accepts 119 s); verdict-only REACHABLE in 1.1 s; 60 s post budget -> REACHABLE,"aerial3d/api.py:374-392 (shortcut / tighten / merge_corners -> query.py:225-326, each accept() = verify_segment) under G2's 120 s alarm (aerial3dg_batch._alarm)",TIMEOUT:query_exceeded_120s,PASS,stored_route_uv_0.1mm,1.015,True,TIMEOUT:query_exceeded_120s,120.0,549453247f5cf37a,12.598,19.99,15.527,15.527,"A* route lateral clearance (row robot, chassis +3 mm, margin 0)",False,REACHABLE,1.1416477169841528,REACHABLE,63.81795066804625,,,,,,84,119.12,,,,,shortcut,20,21,
WWEST-pilot-F3X-00059,F3-targeted,WWEST,cylinder,F3X-00059,METHOD-TIMEOUT,POST-TIMEOUT,genuine,,"120 s alarm inside shortcut (post-processing: shortcut 58 accepts 114 s, tighten 471 accepts 5 s); verdict-only UNKNOWN in 1.1 s; 60 s post budget -> UNKNOWN","aerial3d/api.py:374-392 (shortcut / tighten / merge_corners -> query.py:225-326, each accept() = verify_segment) under G2's 120 s alarm (aerial3dg_batch._alarm)",TIMEOUT:query_exceeded_120s,PASS,stored_route_uv_0.1mm,1.077,True,TIMEOUT:query_exceeded_120s,120.0,549453247f5cf37a,19.99,3.73,20.374,20.374,"A* route lateral clearance (row robot, chassis +3 mm, margin 0)",False,UNKNOWN,1.1171820969320834,UNKNOWN,61.24665607511997,,,,,,58,114.38,471,4.7,,,shortcut,21,22,True
WWEST-pilot-F3X-00082,F3-targeted,WWEST,cylinder,F3X-00082,METHOD-TIMEOUT,POST-TIMEOUT,genuine,,"120 s alarm inside tighten (post-processing: shortcut 89 accepts 116 s, tighten 277 accepts 4 s); verdict-only UNKNOWN in 0.5 s; 60 s post budget -> REACHABLE","aerial3d/api.py:374-392 (shortcut / tighten / merge_corners -> query.py:225-326, each accept() = verify_segment) under G2's 120 s alarm (aerial3dg_batch._alarm)",TIMEOUT:query_exceeded_120s,PASS,stored_route_uv_0.1mm,1.069,True,TIMEOUT:query_exceeded_120s,120.0,549453247f5cf37a,19.99,19.99,15.558,15.558,"A* route lateral clearance (row robot, chassis +3 mm, margin 0)",False,UNKNOWN,0.4589854399673641,REACHABLE,67.60445000603795,,,,,,89,116.13,277,3.58,,,tighten,18,18,True
WWEST-pilot-F3X-00088,F3-targeted,WWEST,cylinder,F3X-00088,METHOD-TIMEOUT,POST-TIMEOUT,genuine,,120 s alarm inside shortcut (post-processing: shortcut 48 accepts 119 s); verdict-only REACHABLE in 0.7 s; 60 s post budget -> REACHABLE,"aerial3d/api.py:374-392 (shortcut / tighten / merge_corners -> query.py:225-326, each accept() = verify_segment) under G2's 120 s alarm (aerial3dg_batch._alarm)",TIMEOUT:query_exceeded_120s,PASS,stored_route_uv_0.1mm,1.013,True,TIMEOUT:query_exceeded_120s,120.0,549453247f5cf37a,19.99,10.713,1.721,1.721,"A* route lateral clearance (row robot, chassis +3 mm, margin 0)",True,REACHABLE,0.6746014198288321,REACHABLE,60.91900973813608,,,,,,48,119.48,,,,,shortcut,21,22,
WWEST-pilot-F3X-00093,F3-targeted,WWEST,cylinder,F3X-00093,METHOD-TIMEOUT,POST-TIMEOUT,genuine,,"120 s alarm inside shortcut (post-processing: shortcut 83 accepts 114 s, tighten 495 accepts 5 s); verdict-only REACHABLE in 1.1 s; 60 s post budget -> REACHABLE","aerial3d/api.py:374-392 (shortcut / tighten / merge_corners -> query.py:225-326, each accept() = verify_segment) under G2's 120 s alarm (aerial3dg_batch._alarm)",TIMEOUT:query_exceeded_120s,PASS,stored_route_uv_0.1mm,1.116,True,TIMEOUT:query_exceeded_120s,120.0,549453247f5cf37a,3.359,15.684,8.478,8.478,"A* route lateral clearance (row robot, chassis +3 mm, margin 0)",False,REACHABLE,1.0805936991237104,REACHABLE,61.07691871491261,,,,,,83,113.69,495,5.37,,,shortcut,19,20,
WWEST-pilot-F3X-00107,F3-targeted,WWEST,cylinder,F3X-00107,METHOD-TIMEOUT,POST-TIMEOUT,genuine,,"120 s alarm inside tighten (post-processing: shortcut 72 accepts 117 s, tighten 283 accepts 3 s); verdict-only UNKNOWN in 1.9 s; 60 s post budget -> REACHABLE","aerial3d/api.py:374-392 (shortcut / tighten / merge_corners -> query.py:225-326, each accept() = verify_segment) under G2's 120 s alarm (aerial3dg_batch._alarm)",TIMEOUT:query_exceeded_120s,PASS,stored_route_uv_0.1mm,1.019,True,TIMEOUT:query_exceeded_120s,120.0,549453247f5cf37a,2.764,19.99,63.464,63.464,"A* route lateral clearance (row robot, chassis +3 mm, margin 0)",False,UNKNOWN,1.894460310926661,REACHABLE,62.061851882142946,,,,,,72,116.56,283,3.16,,,tighten,18,19,True
WWEST-pilot-F3X-00126,F3-targeted,WWEST,cylinder,F3X-00126,METHOD-TIMEOUT,POST-TIMEOUT,genuine,,"120 s alarm inside shortcut (post-processing: shortcut 87 accepts 116 s, tighten 378 accepts 3 s); verdict-only UNKNOWN in 2.6 s; 60 s post budget -> REACHABLE","aerial3d/api.py:374-392 (shortcut / tighten / merge_corners -> query.py:225-326, each accept() = verify_segment) under G2's 120 s alarm (aerial3dg_batch._alarm)",TIMEOUT:query_exceeded_120s,PASS,stored_route_uv_0.1mm,1.043,True,TIMEOUT:query_exceeded_120s,120.0,549453247f5cf37a,4.688,19.424,8.258,8.258,"A* route lateral clearance (row robot, chassis +3 mm, margin 0)",False,UNKNOWN,2.6294987278524786,REACHABLE,64.3266621271614,,,,,,87,116.23,378,3.46,,,shortcut,16,17,True
WWEST-pilot-F3X-00147,F3-targeted,WWEST,cylinder,F3X-00147,METHOD-TIMEOUT,POST-TIMEOUT,genuine,,120 s alarm inside shortcut (post-processing: shortcut 26 accepts 119 s); verdict-only REACHABLE in 1.6 s; 60 s post budget -> REACHABLE,"aerial3d/api.py:374-392 (shortcut / tighten / merge_corners -> query.py:225-326, each accept() = verify_segment) under G2's 120 s alarm (aerial3dg_batch._alarm)",TIMEOUT:query_exceeded_120s,PASS,stored_route_uv_0.1mm,1.001,True,TIMEOUT:query_exceeded_120s,120.0,549453247f5cf37a,11.377,19.99,17.23,17.23,"A* route lateral clearance (row robot, chassis +3 mm, margin 0)",False,REACHABLE,1.6338155639823526,REACHABLE,63.088622744893655,,,,,,26,118.66,,,,,shortcut,23,24,
WWEST-pilot-F3X-00155,F3-targeted,WWEST,cylinder,F3X-00155,METHOD-TIMEOUT,POST-TIMEOUT,genuine,,120 s alarm inside shortcut (post-processing: shortcut 55 accepts 119 s); verdict-only REACHABLE in 1.2 s; 60 s post budget -> REACHABLE,"aerial3d/api.py:374-392 (shortcut / tighten / merge_corners -> query.py:225-326, each accept() = verify_segment) under G2's 120 s alarm (aerial3dg_batch._alarm)",TIMEOUT:query_exceeded_120s,PASS,stored_route_uv_0.1mm,1.0,True,TIMEOUT:query_exceeded_120s,120.0,549453247f5cf37a,12.598,14.355,24.164,24.164,"A* route lateral clearance (row robot, chassis +3 mm, margin 0)",False,REACHABLE,1.1768787738401443,REACHABLE,64.29120516520925,,,,,,55,118.99,,,,,shortcut,20,21,
WWEST-pilot-F3X-00160,F3-targeted,WWEST,cylinder,F3X-00160,METHOD-TIMEOUT,POST-TIMEOUT,genuine,,120 s alarm inside shortcut (post-processing: shortcut 29 accepts 118 s); verdict-only REACHABLE in 2.3 s; 60 s post budget -> REACHABLE,"aerial3d/api.py:374-392 (shortcut / tighten / merge_corners -> query.py:225-326, each accept() = verify_segment) under G2's 120 s alarm (aerial3dg_batch._alarm)",TIMEOUT:query_exceeded_120s,PASS,stored_route_uv_0.1mm,1.003,True,TIMEOUT:query_exceeded_120s,120.0,549453247f5cf37a,6.641,8.096,9.216,9.216,"A* route lateral clearance (row robot, chassis +3 mm, margin 0)",False,REACHABLE,2.2980352519080043,REACHABLE,68.79793708422221,,,,,,29,118.0,,,,,shortcut,26,27,
WWEST-pilot-F3X-00169,F3-targeted,WWEST,cylinder,F3X-00169,METHOD-TIMEOUT,POST-TIMEOUT,genuine,,120 s alarm inside shortcut (post-processing: shortcut 47 accepts 119 s); verdict-only REACHABLE in 2.5 s; 60 s post budget -> REACHABLE,"aerial3d/api.py:374-392 (shortcut / tighten / merge_corners -> query.py:225-326, each accept() = verify_segment) under G2's 120 s alarm (aerial3dg_batch._alarm)",TIMEOUT:query_exceeded_120s,PASS,stored_route_uv_0.1mm,1.01,True,TIMEOUT:query_exceeded_120s,120.0,549453247f5cf37a,3.154,19.99,36.353,36.353,"A* route lateral clearance (row robot, chassis +3 mm, margin 0)",False,REACHABLE,2.5052380710840225,REACHABLE,62.86389494105242,,,,,,47,119.12,,,,,shortcut,19,20,
WWEST-pilot-F3X-00181,F3-targeted,WWEST,cylinder,F3X-00181,METHOD-TIMEOUT,POST-TIMEOUT,genuine,,"120 s alarm inside shortcut (post-processing: shortcut 87 accepts 113 s, tighten 482 accepts 6 s); verdict-only REACHABLE in 0.9 s; 60 s post budget -> REACHABLE","aerial3d/api.py:374-392 (shortcut / tighten / merge_corners -> query.py:225-326, each accept() = verify_segment) under G2's 120 s alarm (aerial3dg_batch._alarm)",TIMEOUT:query_exceeded_120s,PASS,stored_route_uv_0.1mm,1.806,True,TIMEOUT:query_exceeded_120s,120.0,549453247f5cf37a,2.021,16.24,4.84,4.84,"A* route lateral clearance (row robot, chassis +3 mm, margin 0)",False,REACHABLE,0.9177451010327786,REACHABLE,63.37122558616102,,,,,,87,113.4,482,5.67,,,shortcut,17,18,
WWEST-pilot-F3X-00183,F3-targeted,WWEST,cylinder,F3X-00183,METHOD-TIMEOUT,POST-TIMEOUT,genuine,,"120 s alarm inside shortcut (post-processing: shortcut 160 accepts 114 s, tighten 589 accepts 5 s); verdict-only UNKNOWN in 0.4 s; 60 s post budget -> REACHABLE","aerial3d/api.py:374-392 (shortcut / tighten / merge_corners -> query.py:225-326, each accept() = verify_segment) under G2's 120 s alarm (aerial3dg_batch._alarm)",TIMEOUT:query_exceeded_120s,PASS,stored_route_uv_0.1mm,1.133,True,TIMEOUT:query_exceeded_120s,120.0,549453247f5cf37a,6.592,7.959,10.028,10.028,"A* route lateral clearance (row robot, chassis +3 mm, margin 0)",False,UNKNOWN,0.4076492409221828,REACHABLE,65.39163368102163,,,,,,160,114.37,589,5.35,,,shortcut,18,19,True
WWEST-pilot-F3X-00192,F3-targeted,WWEST,cylinder,F3X-00192,METHOD-TIMEOUT,POST-TIMEOUT,genuine,,"120 s alarm inside shortcut (post-processing: shortcut 62 accepts 104 s, tighten 480 accepts 16 s); verdict-only UNKNOWN in 1.7 s; 60 s post budget -> REACHABLE","aerial3d/api.py:374-392 (shortcut / tighten / merge_corners -> query.py:225-326, each accept() = verify_segment) under G2's 120 s alarm (aerial3dg_batch._alarm)",TIMEOUT:query_exceeded_120s,PASS,stored_route_uv_0.1mm,1.07,True,TIMEOUT:query_exceeded_120s,120.0,549453247f5cf37a,15.215,19.99,44.324,44.324,"A* route lateral clearance (row robot, chassis +3 mm, margin 0)",False,UNKNOWN,1.7310490019153804,REACHABLE,69.99821153306402,,,,,,62,103.64,480,15.97,,,shortcut,15,15,True
WWEST-pilot-F3X-00195,F3-targeted,WWEST,cylinder,F3X-00195,METHOD-TIMEOUT,POST-TIMEOUT,genuine,,"120 s alarm inside shortcut (post-processing: shortcut 105 accepts 116 s, tighten 385 accepts 3 s); verdict-only REACHABLE in 1.1 s; 60 s post budget -> REACHABLE","aerial3d/api.py:374-392 (shortcut / tighten / merge_corners -> query.py:225-326, each accept() = verify_segment) under G2's 120 s alarm (aerial3dg_batch._alarm)",TIMEOUT:query_exceeded_120s,PASS,stored_route_uv_0.1mm,1.015,True,TIMEOUT:query_exceeded_120s,120.0,549453247f5cf37a,2.139,19.99,17.322,17.322,"A* route lateral clearance (row robot, chassis +3 mm, margin 0)",False,REACHABLE,1.1316677539143711,REACHABLE,63.28575543896295,,,,,,105,115.73,385,3.24,,,shortcut,22,23,
WWEST-pilot-F3X-00197,F3-targeted,WWEST,cylinder,F3X-00197,METHOD-TIMEOUT,POST-TIMEOUT,genuine,,"120 s alarm inside shortcut (post-processing: shortcut 68 accepts 116 s, tighten 357 accepts 3 s); verdict-only REACHABLE in 1.3 s; 60 s post budget -> REACHABLE","aerial3d/api.py:374-392 (shortcut / tighten / merge_corners -> query.py:225-326, each accept() = verify_segment) under G2's 120 s alarm (aerial3dg_batch._alarm)",TIMEOUT:query_exceeded_120s,PASS,stored_route_uv_0.1mm,1.077,True,TIMEOUT:query_exceeded_120s,120.0,549453247f5cf37a,19.99,3.73,91.931,91.931,"A* route lateral clearance (row robot, chassis +3 mm, margin 0)",False,REACHABLE,1.2636388968676329,REACHABLE,61.302158043021336,,,,,,68,115.78,357,3.22,,,shortcut,19,20,
WWEST-targeted-F3Xt-00001,F3-targeted,WWEST,cylinder,F3Xt-00001,METHOD-TIMEOUT,POST-TIMEOUT,genuine,,"120 s alarm inside shortcut (post-processing: shortcut 123 accepts 117 s, tighten 209 accepts 2 s); verdict-only UNKNOWN in 0.7 s; 60 s post budget -> REACHABLE","aerial3d/api.py:374-392 (shortcut / tighten / merge_corners -> query.py:225-326, each accept() = verify_segment) under G2's 120 s alarm (aerial3dg_batch._alarm)",TIMEOUT:query_exceeded_120s,PASS,stored_route_uv_0.1mm,1.013,True,TIMEOUT:query_exceeded_120s,120.0,549453247f5cf37a,3.73,19.99,28.259,28.259,"A* route lateral clearance (row robot, chassis +3 mm, margin 0)",False,UNKNOWN,0.7131168569903821,REACHABLE,62.48944179690443,,,,,,123,117.32,209,2.03,,,shortcut,17,18,True
WWEST-targeted-F3Xt-00002,F3-targeted,WWEST,cylinder,F3Xt-00002,METHOD-TIMEOUT,POST-TIMEOUT,genuine,,"120 s alarm inside shortcut (post-processing: shortcut 123 accepts 116 s, tighten 277 accepts 3 s); verdict-only REACHABLE in 1.2 s; 60 s post budget -> REACHABLE","aerial3d/api.py:374-392 (shortcut / tighten / merge_corners -> query.py:225-326, each accept() = verify_segment) under G2's 120 s alarm (aerial3dg_batch._alarm)",TIMEOUT:query_exceeded_120s,PASS,stored_route_uv_0.1mm,1.041,True,TIMEOUT:query_exceeded_120s,120.0,549453247f5cf37a,3.73,12.207,80.682,80.682,"A* route lateral clearance (row robot, chassis +3 mm, margin 0)",False,REACHABLE,1.1848101301584393,REACHABLE,62.00089978915639,,,,,,123,115.66,277,3.35,,,shortcut,19,20,
WWEST-targeted-F3Xt-00009,F3-targeted,WWEST,cylinder,F3Xt-00009,METHOD-TIMEOUT,POST-TIMEOUT,genuine,,"120 s alarm inside shortcut (post-processing: shortcut 66 accepts 115 s, tighten 422 accepts 5 s); verdict-only REACHABLE in 0.5 s; 60 s post budget -> REACHABLE","aerial3d/api.py:374-392 (shortcut / tighten / merge_corners -> query.py:225-326, each accept() = verify_segment) under G2's 120 s alarm (aerial3dg_batch._alarm)",TIMEOUT:query_exceeded_120s,PASS,stored_route_uv_0.1mm,1.004,True,TIMEOUT:query_exceeded_120s,120.0,549453247f5cf37a,7.959,19.99,13.342,13.342,"A* route lateral clearance (row robot, chassis +3 mm, margin 0)",False,REACHABLE,0.5420206720009446,REACHABLE,61.48094838508405,,,,,,66,114.51,422,5.17,,,shortcut,14,15,
WWEST-targeted-F3Xt-00010,F3-targeted,WWEST,cylinder,F3Xt-00010,METHOD-TIMEOUT,POST-TIMEOUT,genuine,,"120 s alarm inside shortcut (post-processing: shortcut 96 accepts 114 s, tighten 263 accepts 5 s); verdict-only REACHABLE in 0.9 s; 60 s post budget -> REACHABLE","aerial3d/api.py:374-392 (shortcut / tighten / merge_corners -> query.py:225-326, each accept() = verify_segment) under G2's 120 s alarm (aerial3dg_batch._alarm)",TIMEOUT:query_exceeded_120s,PASS,stored_route_uv_0.1mm,1.004,True,TIMEOUT:query_exceeded_120s (alarm surfaced as TypeError),120.0,549453247f5cf37a,3.359,19.99,50.848,50.848,"A* route lateral clearance (row robot, chassis +3 mm, margin 0)",False,REACHABLE,0.9189508140552789,REACHABLE,62.671656185993925,,,,,,96,114.38,263,4.93,,,shortcut,17,18,
WWEST-targeted-F3Xt-00013,F3-targeted,WWEST,cylinder,F3Xt-00013,METHOD-TIMEOUT,POST-TIMEOUT,genuine,,"120 s alarm inside shortcut (post-processing: shortcut 89 accepts 110 s, tighten 391 accepts 9 s); verdict-only REACHABLE in 1.7 s; 60 s post budget -> REACHABLE","aerial3d/api.py:374-392 (shortcut / tighten / merge_corners -> query.py:225-326, each accept() = verify_segment) under G2's 120 s alarm (aerial3dg_batch._alarm)",TIMEOUT:query_exceeded_120s,PASS,stored_route_uv_0.1mm,1.036,True,TIMEOUT:query_exceeded_120s,120.0,549453247f5cf37a,19.99,6.436,67.792,67.792,"A* route lateral clearance (row robot, chassis +3 mm, margin 0)",False,REACHABLE,1.675337920896709,REACHABLE,65.9786896968726,,,,,,89,110.09,391,8.63,,,shortcut,22,23,
WWEST-targeted-F3Xt-00018,F3-targeted,WWEST,cylinder,F3Xt-00018,METHOD-TIMEOUT,POST-TIMEOUT,genuine,,120 s alarm inside shortcut (post-processing: shortcut 58 accepts 120 s); verdict-only REACHABLE in 0.6 s; 60 s post budget -> REACHABLE,"aerial3d/api.py:374-392 (shortcut / tighten / merge_corners -> query.py:225-326, each accept() = verify_segment) under G2's 120 s alarm (aerial3dg_batch._alarm)",TIMEOUT:query_exceeded_120s,PASS,stored_route_uv_0.1mm,1.255,True,TIMEOUT:query_exceeded_120s,120.0,549453247f5cf37a,19.99,11.123,16.632,16.632,"A* route lateral clearance (row robot, chassis +3 mm, margin 0)",False,REACHABLE,0.6266512479633093,REACHABLE,62.197170841973275,,,,,,58,119.59,,,,,shortcut,20,21,
WWEST-targeted-F3Xt-00030,F3-targeted,WWEST,cylinder,F3Xt-00030,METHOD-TIMEOUT,POST-TIMEOUT,genuine,,120 s alarm inside shortcut (post-processing: shortcut 48 accepts 119 s); verdict-only UNKNOWN in 1.0 s; 60 s post budget -> REACHABLE,"aerial3d/api.py:374-392 (shortcut / tighten / merge_corners -> query.py:225-326, each accept() = verify_segment) under G2's 120 s alarm (aerial3dg_batch._alarm)",TIMEOUT:query_exceeded_120s,PASS,stored_route_uv_0.1mm,1.003,True,TIMEOUT:query_exceeded_120s,120.0,549453247f5cf37a,11.377,19.99,5.469,5.469,"A* route lateral clearance (row robot, chassis +3 mm, margin 0)",False,UNKNOWN,1.0465079478453845,REACHABLE,61.161275770980865,,,,,,48,119.16,,,,,shortcut,20,20,True
WWEST-targeted-F3Xt-00036,F3-targeted,WWEST,cylinder,F3Xt-00036,METHOD-TIMEOUT,POST-TIMEOUT,genuine,,"120 s alarm inside shortcut (post-processing: shortcut 35 accepts 116 s, tighten 218 accepts 4 s); verdict-only UNKNOWN in 2.9 s; 60 s post budget -> REACHABLE","aerial3d/api.py:374-392 (shortcut / tighten / merge_corners -> query.py:225-326, each accept() = verify_segment) under G2's 120 s alarm (aerial3dg_batch._alarm)",TIMEOUT:query_exceeded_120s,PASS,stored_route_uv_0.1mm,1.009,True,TIMEOUT:query_exceeded_120s,120.0,549453247f5cf37a,11.641,2.764,10.565,10.565,"A* route lateral clearance (row robot, chassis +3 mm, margin 0)",False,UNKNOWN,2.8768776890356094,REACHABLE,64.58179510990158,,,,,,35,115.95,218,3.93,,,shortcut,13,13,True
WWEST-targeted-F3Xt-00045,F3-targeted,WWEST,cylinder,F3Xt-00045,METHOD-TIMEOUT,POST-TIMEOUT,genuine,,"120 s alarm inside shortcut (post-processing: shortcut 112 accepts 113 s, tighten 644 accepts 6 s); verdict-only REACHABLE in 3.2 s; 60 s post budget -> REACHABLE","aerial3d/api.py:374-392 (shortcut / tighten / merge_corners -> query.py:225-326, each accept() = verify_segment) under G2's 120 s alarm (aerial3dg_batch._alarm)",TIMEOUT:query_exceeded_120s,PASS,stored_route_uv_0.1mm,1.017,True,TIMEOUT:query_exceeded_120s,120.0,549453247f5cf37a,19.99,6.621,3.65,3.65,"A* route lateral clearance (row robot, chassis +3 mm, margin 0)",False,REACHABLE,3.1537582338787615,REACHABLE,70.9064721588511,,,,,,112,112.81,644,6.03,,,shortcut,22,23,
WWEST-targeted-F3Xt-00065,F3-targeted,WWEST,cylinder,F3Xt-00065,METHOD-TIMEOUT,POST-TIMEOUT,genuine,,"120 s alarm inside shortcut (post-processing: shortcut 72 accepts 114 s, tighten 445 accepts 5 s); verdict-only UNKNOWN in 0.9 s; 60 s post budget -> REACHABLE","aerial3d/api.py:374-392 (shortcut / tighten / merge_corners -> query.py:225-326, each accept() = verify_segment) under G2's 120 s alarm (aerial3dg_batch._alarm)",TIMEOUT:query_exceeded_120s,PASS,stored_route_uv_0.1mm,1.071,True,TIMEOUT:query_exceeded_120s,120.0,549453247f5cf37a,14.678,19.99,2.344,2.344,"A* route lateral clearance (row robot, chassis +3 mm, margin 0)",False,UNKNOWN,0.8605134598910809,REACHABLE,63.24447673698887,,,,,,72,114.34,445,4.99,,,shortcut,21,21,True
WWEST-targeted-F3Xt-00073,F3-targeted,WWEST,cylinder,F3Xt-00073,METHOD-TIMEOUT,POST-TIMEOUT,genuine,,"120 s alarm inside shortcut (post-processing: shortcut 57 accepts 99 s, tighten 581 accepts 21 s); verdict-only UNKNOWN in 3.3 s; 60 s post budget -> REACHABLE","aerial3d/api.py:374-392 (shortcut / tighten / merge_corners -> query.py:225-326, each accept() = verify_segment) under G2's 120 s alarm (aerial3dg_batch._alarm)",TIMEOUT:query_exceeded_120s,PASS,stored_route_uv_0.1mm,1.003,True,TIMEOUT:query_exceeded_120s,120.0,549453247f5cf37a,3.154,19.99,20.447,20.447,"A* route lateral clearance (row robot, chassis +3 mm, margin 0)",False,UNKNOWN,3.2623673458583653,REACHABLE,69.36779180797748,,,,,,57,98.85,581,20.66,,,shortcut,18,18,True
GAPW1-pilot-F3W-00095,F3-targeted,GAPW1,cylinder,F3W-00095,EP-TOL,EP-FLOOR,by-tolerance,POST-TIMEOUT,start is 1.25 mm clear of floor splat 5371648 (2σ top 18.75 mm); GMC's refined gap 0.255 mm ≤ buffer 1 mm + slack -> no endpoint cell,aerial3d/cells.py:121-126 (grow_cell: refine_gap <= buffer + slack -> None) -> aerial3d/api.py:330-333,UNKNOWN:start_not_certified_free,PASS,stored_route_uv_0.1mm,1.046,True,UNKNOWN:start_not_certified_free,0.15,abfa278e193c88d4,1.25,19.99,13.074,1.25,"start endpoint oracle clearance (row robot, 0.01 mm bisection)",True,REACHABLE,1.2071084810886532,REACHABLE,62.217493625124916,,TIMEOUT:query_exceeded_120s,,start,,,,,,,,,16,15,
GAPW1-pilot-F3W-00142,F3-targeted,GAPW1,cylinder,F3W-00142,EP-TOL,EP-FLOOR,by-tolerance,POST-TIMEOUT,goal is 1.07 mm clear of floor splat 5371715 (2σ top 18.92 mm); GMC's refined gap 0.077 mm ≤ buffer 1 mm + slack -> no endpoint cell,aerial3d/cells.py:121-126 (grow_cell: refine_gap <= buffer + slack -> None) -> aerial3d/api.py:330-333,UNKNOWN:goal_not_certified_free,PASS,stored_route_uv_0.1mm,1.038,True,UNKNOWN:goal_not_certified_free,0.06,abfa278e193c88d4,14.932,1.074,8.722,1.074,"goal endpoint oracle clearance (row robot, 0.01 mm bisection)",True,UNKNOWN,0.7151266129221767,REACHABLE,72.41765315691009,,TIMEOUT:query_exceeded_120s,,goal,,,,,,,,,17,18,True
GAPW1-targeted-F3Wt-00000,F3-targeted,GAPW1,cylinder,F3Wt-00000,EP-TOL,EP-FLOOR,by-tolerance,,goal is 2.01 mm clear of floor splat 5337920 (2σ top 18.04 mm); GMC's refined gap 0.962 mm ≤ buffer 1 mm + slack -> no endpoint cell,aerial3d/cells.py:121-126 (grow_cell: refine_gap <= buffer + slack -> None) -> aerial3d/api.py:330-333,UNKNOWN:goal_not_certified_free,PASS,stored_route_uv_0.1mm,1.131,True,UNKNOWN:goal_not_certified_free,0.05,abfa278e193c88d4,19.99,2.012,47.107,2.012,"goal endpoint oracle clearance (row robot, 0.01 mm bisection)",True,,,,,,REACHABLE:graph_path_lifted_and_verified,,goal,,,,,,,,,,,
WWEST-pilot-F3X-00163,F3-targeted,WWEST,cylinder,F3X-00163,EP-TOL,EP-FLOOR,by-tolerance,SIMPLIFY-ZERODIV,goal is 1.95 mm clear of floor splat 5337920 (2σ top 18.04 mm); GMC's refined gap 0.962 mm ≤ buffer 1 mm + slack -> no endpoint cell,aerial3d/cells.py:121-126 (grow_cell: refine_gap <= buffer + slack -> None) -> aerial3d/api.py:330-333,UNKNOWN:goal_not_certified_free,PASS,stored_route_uv_0.1mm,1.962,True,UNKNOWN:goal_not_certified_free,0.1,549453247f5cf37a,19.99,1.953,76.416,1.953,"goal endpoint oracle clearance (row robot, 0.01 mm bisection)",True,,,,,REACHABLE,ERROR:ZeroDivisionError: float division by zero @ query.py:217,,goal,,,,,,,,,,,
